{
  "sweep_name": "pilot_multitask_narma10",
  "n_configs": 12,
  "n_seeds": 3,
  "task_name": "narma10",
  "configs": [
    {
      "config_id": "72f84ae81d5b",
      "config_point": {
        "spectral_radius": 0.7,
        "input_scaling": 0.1,
        "leak_rate": 0.6
      },
      "n_seeds": 3,
      "val_mean": {
        "nmse": 0.2193660613949581,
        "rmse": 0.050332563138255626
      },
      "val_std": {
        "nmse": 0.018224073459942418,
        "rmse": 0.004573259279092517
      },
      "test_mean": {
        "nmse": 0.22151246666529487,
        "rmse": 0.051722938896719355
      },
      "test_std": {
        "nmse": 0.011958288460023628,
        "rmse": 0.00325153845609186
      },
      "best_ridge_mode": 1e-08
    },
    {
      "config_id": "25de579150b8",
      "config_point": {
        "spectral_radius": 0.7,
        "input_scaling": 0.1,
        "leak_rate": 1.0
      },
      "n_seeds": 3,
      "val_mean": {
        "nmse": 0.15784451713516853,
        "rmse": 0.04284430876243833
      },
      "val_std": {
        "nmse": 0.01234708611938111,
        "rmse": 0.005340874338841135
      },
      "test_mean": {
        "nmse": 0.16396277445171017,
        "rmse": 0.04458064052008287
      },
      "test_std": {
        "nmse": 0.01375951128213925,
        "rmse": 0.004325707308550165
      },
      "best_ridge_mode": 1e-08
    },
    {
      "config_id": "5dacf2ac3539",
      "config_point": {
        "spectral_radius": 0.7,
        "input_scaling": 0.2,
        "leak_rate": 0.6
      },
      "n_seeds": 3,
      "val_mean": {
        "nmse": 0.19569992177816228,
        "rmse": 0.047417557517851594
      },
      "val_std": {
        "nmse": 0.021162870229146456,
        "rmse": 0.0034161037396773053
      },
      "test_mean": {
        "nmse": 0.1971133587754231,
        "rmse": 0.048744200494631816
      },
      "test_std": {
        "nmse": 0.01330603656557747,
        "rmse": 0.0026492597108885374
      },
      "best_ridge_mode": 1e-08
    },
    {
      "config_id": "aeb751998e63",
      "config_point": {
        "spectral_radius": 0.7,
        "input_scaling": 0.2,
        "leak_rate": 1.0
      },
      "n_seeds": 3,
      "val_mean": {
        "nmse": 0.1355109043818962,
        "rmse": 0.03968495795740031
      },
      "val_std": {
        "nmse": 0.01966386606695155,
        "rmse": 0.005982418852135949
      },
      "test_mean": {
        "nmse": 0.13824434498153818,
        "rmse": 0.04094148006325324
      },
      "test_std": {
        "nmse": 0.02031681121061468,
        "rmse": 0.005343898360715733
      },
      "best_ridge_mode": 1e-08
    },
    {
      "config_id": "9c67a6f86fa9",
      "config_point": {
        "spectral_radius": 0.9,
        "input_scaling": 0.1,
        "leak_rate": 0.6
      },
      "n_seeds": 3,
      "val_mean": {
        "nmse": 0.17570354852185485,
        "rmse": 0.04481811079127215
      },
      "val_std": {
        "nmse": 0.0254553247474727,
        "rmse": 0.0030355014720517648
      },
      "test_mean": {
        "nmse": 0.17494358878586894,
        "rmse": 0.04596006697895539
      },
      "test_std": {
        "nmse": 0.008482991190669944,
        "rmse": 0.0027063845663619053
      },
      "best_ridge_mode": 1e-08
    },
    {
      "config_id": "129fe242d561",
      "config_point": {
        "spectral_radius": 0.9,
        "input_scaling": 0.1,
        "leak_rate": 1.0
      },
      "n_seeds": 3,
      "val_mean": {
        "nmse": 0.1071773455488676,
        "rmse": 0.03524147810415531
      },
      "val_std": {
        "nmse": 0.008612350303871332,
        "rmse": 0.0038232904706783193
      },
      "test_mean": {
        "nmse": 0.10507145516045689,
        "rmse": 0.03559504039385102
      },
      "test_std": {
        "nmse": 0.006436832673550489,
        "rmse": 0.0019226681854321538
      },
      "best_ridge_mode": 1e-08
    },
    {
      "config_id": "bf8866ab4036",
      "config_point": {
        "spectral_radius": 0.9,
        "input_scaling": 0.2,
        "leak_rate": 0.6
      },
      "n_seeds": 3,
      "val_mean": {
        "nmse": 0.16609499395582533,
        "rmse": 0.04349930891115871
      },
      "val_std": {
        "nmse": 0.025925415621042735,
        "rmse": 0.0024239787129839486
      },
      "test_mean": {
        "nmse": 0.16481609456408744,
        "rmse": 0.04461950477853177
      },
      "test_std": {
        "nmse": 0.0033006906593674927,
        "rmse": 0.00243499435224729
      },
      "best_ridge_mode": 1e-08
    },
    {
      "config_id": "5033ae01f908",
      "config_point": {
        "spectral_radius": 0.9,
        "input_scaling": 0.2,
        "leak_rate": 1.0
      },
      "n_seeds": 3,
      "val_mean": {
        "nmse": 0.10609510238713393,
        "rmse": 0.034945306472691444
      },
      "val_std": {
        "nmse": 0.005691289536862755,
        "rmse": 0.0019447254963599302
      },
      "test_mean": {
        "nmse": 0.10448203348106185,
        "rmse": 0.03544362579496941
      },
      "test_std": {
        "nmse": 0.007553124021977322,
        "rmse": 0.0009921512775589885
      },
      "best_ridge_mode": 1e-08
    },
    {
      "config_id": "4624975b8b19",
      "config_point": {
        "spectral_radius": 1.1,
        "input_scaling": 0.1,
        "leak_rate": 0.6
      },
      "n_seeds": 3,
      "val_mean": {
        "nmse": 0.17863943078883351,
        "rmse": 0.04512092988078561
      },
      "val_std": {
        "nmse": 0.02282666127512134,
        "rmse": 0.0008787887069779406
      },
      "test_mean": {
        "nmse": 0.1820067038322329,
        "rmse": 0.046679330783102345
      },
      "test_std": {
        "nmse": 0.024518078627894523,
        "rmse": 0.0025105846222560884
      },
      "best_ridge_mode": 1e-08
    },
    {
      "config_id": "ae031b6366dd",
      "config_point": {
        "spectral_radius": 1.1,
        "input_scaling": 0.1,
        "leak_rate": 1.0
      },
      "n_seeds": 3,
      "val_mean": {
        "nmse": 0.2265606923696389,
        "rmse": 0.04989931385946412
      },
      "val_std": {
        "nmse": 0.0741003037992987,
        "rmse": 0.005109967736418941
      },
      "test_mean": {
        "nmse": 0.1972833729147717,
        "rmse": 0.04866809514971848
      },
      "test_std": {
        "nmse": 0.03348535658411516,
        "rmse": 0.005521188456894007
      },
      "best_ridge_mode": 1e-08
    },
    {
      "config_id": "10b5d24c62b0",
      "config_point": {
        "spectral_radius": 1.1,
        "input_scaling": 0.2,
        "leak_rate": 0.6
      },
      "n_seeds": 3,
      "val_mean": {
        "nmse": 0.18405557331000053,
        "rmse": 0.04573506071844727
      },
      "val_std": {
        "nmse": 0.027767470456039983,
        "rmse": 0.0013262942346572405
      },
      "test_mean": {
        "nmse": 0.17963950126836978,
        "rmse": 0.04637706223664037
      },
      "test_std": {
        "nmse": 0.020401565224809015,
        "rmse": 0.0006346715662311673
      },
      "best_ridge_mode": 1e-08
    },
    {
      "config_id": "9bba7c25d761",
      "config_point": {
        "spectral_radius": 1.1,
        "input_scaling": 0.2,
        "leak_rate": 1.0
      },
      "n_seeds": 3,
      "val_mean": {
        "nmse": 0.21246639445076143,
        "rmse": 0.04859215041127655
      },
      "val_std": {
        "nmse": 0.06265206902089633,
        "rmse": 0.004474602085426598
      },
      "test_mean": {
        "nmse": 0.20862485856015342,
        "rmse": 0.04978236890528151
      },
      "test_std": {
        "nmse": 0.04384984839440684,
        "rmse": 0.004868263550262538
      },
      "best_ridge_mode": 1e-08
    }
  ],
  "best_config_id": "5033ae01f908",
  "timestamp": "2026-04-16T17:26:32.802629+00:00"
}