{
  "sweep_name": "cycle_comparison_cycle_jump_j3_narma10",
  "config_id": "0292ac89d7b8",
  "seed": 2024,
  "config_point": {
    "spectral_radius": 0.9,
    "input_scaling": 0.2,
    "leak_rate": 0.9
  },
  "best_ridge": 1e-08,
  "val_curve": {
    "1e-10": 0.11095948503538626,
    "1e-08": 0.11073395275672819,
    "1e-06": 0.11657054580267663,
    "0.0001": 0.15269780171017397,
    "0.01": 0.22430411962322902,
    "1.0": 0.3713621096186806
  },
  "val_metrics": {
    "nmse": 0.11073395275672819,
    "rmse": 0.03494701539678985
  },
  "test_metrics": {
    "nmse": 0.12591400295847627,
    "rmse": 0.036226173215189165
  },
  "timing": {
    "train_states_s": 0.01889810001011938,
    "ridge_select_s": 0.013864300010027364,
    "total_s": 0.060918299976037815
  },
  "timestamp": "2026-05-12T10:15:25.345682+00:00",
  "reservoir_diagnostics": {
    "spectral_radius": 0.8999999999999997,
    "mean_abs_eigenvalue": 0.7079742795605938,
    "spectral_norm": 0.8999999999999994,
    "frobenius_norm": 7.227904506168839,
    "density": 0.02,
    "henrici_departure": 1.1662259365746388e-08
  }
}