{
  "sweep_name": "cycle_comparison_cycle_jump_j3_narma10",
  "config_id": "0292ac89d7b8",
  "seed": 42,
  "config_point": {
    "spectral_radius": 0.9,
    "input_scaling": 0.2,
    "leak_rate": 0.9
  },
  "best_ridge": 1e-08,
  "val_curve": {
    "1e-10": 0.1195434987694766,
    "1e-08": 0.11954293591597466,
    "1e-06": 0.132084825936736,
    "0.0001": 0.1715122938370997,
    "0.01": 0.24482350099156733,
    "1.0": 0.3449870615964115
  },
  "val_metrics": {
    "nmse": 0.11954293591597466,
    "rmse": 0.04265483416696116
  },
  "test_metrics": {
    "nmse": 0.1134064877058866,
    "rmse": 0.034215612803466876
  },
  "timing": {
    "train_states_s": 0.01889209999353625,
    "ridge_select_s": 0.012976199999684468,
    "total_s": 0.0608217999979388
  },
  "timestamp": "2026-05-12T10:15:25.040890+00:00",
  "reservoir_diagnostics": {
    "spectral_radius": 0.8999999999999997,
    "mean_abs_eigenvalue": 0.7079742795605938,
    "spectral_norm": 0.8999999999999994,
    "frobenius_norm": 7.227904506168839,
    "density": 0.02,
    "henrici_departure": 1.1662259365746388e-08
  }
}