{
  "sweep_name": "cycle_comparison_cycle_jump_j3_narma10",
  "config_id": "0292ac89d7b8",
  "seed": 456,
  "config_point": {
    "spectral_radius": 0.9,
    "input_scaling": 0.2,
    "leak_rate": 0.9
  },
  "best_ridge": 1e-10,
  "val_curve": {
    "1e-10": 0.11358563740966927,
    "1e-08": 0.11413879730749543,
    "1e-06": 0.1333163014099388,
    "0.0001": 0.16066035978549487,
    "0.01": 0.2187222478577904,
    "1.0": 0.3535138020819161
  },
  "val_metrics": {
    "nmse": 0.11358563740966927,
    "rmse": 0.03421455333048403
  },
  "test_metrics": {
    "nmse": 0.11402418644591525,
    "rmse": 0.035548472303545214
  },
  "timing": {
    "train_states_s": 0.01851550000719726,
    "ridge_select_s": 0.01323809998575598,
    "total_s": 0.0598570000147447
  },
  "timestamp": "2026-05-12T10:15:25.192799+00:00",
  "reservoir_diagnostics": {
    "spectral_radius": 0.8999999999999997,
    "mean_abs_eigenvalue": 0.7079742795605938,
    "spectral_norm": 0.8999999999999994,
    "frobenius_norm": 7.227904506168839,
    "density": 0.02,
    "henrici_departure": 1.1662259365746388e-08
  }
}