{
  "sweep_name": "cycle_comparison_cycle_jump_j3_narma10",
  "config_id": "0292ac89d7b8",
  "seed": 123,
  "config_point": {
    "spectral_radius": 0.9,
    "input_scaling": 0.2,
    "leak_rate": 0.9
  },
  "best_ridge": 1e-08,
  "val_curve": {
    "1e-10": 0.1399551311393659,
    "1e-08": 0.13910097756382941,
    "1e-06": 0.14390831064467702,
    "0.0001": 0.16666658214865837,
    "0.01": 0.23811524832178393,
    "1.0": 0.38251531665803484
  },
  "val_metrics": {
    "nmse": 0.13910097756382941,
    "rmse": 0.036465828022189256
  },
  "test_metrics": {
    "nmse": 0.12188133607520094,
    "rmse": 0.036044776937160815
  },
  "timing": {
    "train_states_s": 0.019605399982538074,
    "ridge_select_s": 0.012583000003360212,
    "total_s": 0.06099639998865314
  },
  "timestamp": "2026-05-12T10:15:25.117470+00:00",
  "reservoir_diagnostics": {
    "spectral_radius": 0.8999999999999997,
    "mean_abs_eigenvalue": 0.7079742795605938,
    "spectral_norm": 0.8999999999999994,
    "frobenius_norm": 7.227904506168839,
    "density": 0.02,
    "henrici_departure": 1.1662259365746388e-08
  }
}