{
  "sweep_name": "cycle_comparison_cycle_jump_j3_narma10",
  "config_id": "129fe242d561",
  "seed": 123,
  "config_point": {
    "spectral_radius": 0.9,
    "input_scaling": 0.1,
    "leak_rate": 1.0
  },
  "best_ridge": 1e-08,
  "val_curve": {
    "1e-10": 0.14298014782371468,
    "1e-08": 0.14193776964434682,
    "1e-06": 0.16995137894026016,
    "0.0001": 0.1822329598159517,
    "0.01": 0.21876605319594605,
    "1.0": 0.40079046891631703
  },
  "val_metrics": {
    "nmse": 0.14193776964434682,
    "rmse": 0.03683578900745144
  },
  "test_metrics": {
    "nmse": 0.12636037293216368,
    "rmse": 0.03670110908424564
  },
  "timing": {
    "train_states_s": 0.018384900002274662,
    "ridge_select_s": 0.013508700008969754,
    "total_s": 0.06080770000698976
  },
  "timestamp": "2026-05-12T10:15:23.980379+00:00",
  "reservoir_diagnostics": {
    "spectral_radius": 0.8999999999999997,
    "mean_abs_eigenvalue": 0.7079742795605938,
    "spectral_norm": 0.8999999999999994,
    "frobenius_norm": 7.227904506168839,
    "density": 0.02,
    "henrici_departure": 1.1662259365746388e-08
  }
}