{
  "sweep_name": "cycle_comparison_cycle_jump_j3_narma10",
  "config_id": "5033ae01f908",
  "seed": 2024,
  "config_point": {
    "spectral_radius": 0.9,
    "input_scaling": 0.2,
    "leak_rate": 1.0
  },
  "best_ridge": 1e-08,
  "val_curve": {
    "1e-10": 0.11508137204251227,
    "1e-08": 0.11507797709810487,
    "1e-06": 0.11785899876579949,
    "0.0001": 0.15476037288131209,
    "0.01": 0.2017027712178439,
    "1.0": 0.3216448099450756
  },
  "val_metrics": {
    "nmse": 0.11507797709810487,
    "rmse": 0.03562589630288468
  },
  "test_metrics": {
    "nmse": 0.12224120120710975,
    "rmse": 0.03569392019816563
  },
  "timing": {
    "train_states_s": 0.02000760001828894,
    "ridge_select_s": 0.014406900008907542,
    "total_s": 0.06235880000167526
  },
  "timestamp": "2026-05-12T10:15:25.730992+00:00",
  "reservoir_diagnostics": {
    "spectral_radius": 0.8999999999999997,
    "mean_abs_eigenvalue": 0.7079742795605938,
    "spectral_norm": 0.8999999999999994,
    "frobenius_norm": 7.227904506168839,
    "density": 0.02,
    "henrici_departure": 1.1662259365746388e-08
  }
}