{
  "sweep_name": "cycle_comparison_cycle_jump_j3_narma10",
  "config_id": "5033ae01f908",
  "seed": 789,
  "config_point": {
    "spectral_radius": 0.9,
    "input_scaling": 0.2,
    "leak_rate": 1.0
  },
  "best_ridge": 1e-10,
  "val_curve": {
    "1e-10": 0.15139862730679565,
    "1e-08": 0.15140824848199316,
    "1e-06": 0.1581322583719165,
    "0.0001": 0.19929928287343895,
    "0.01": 0.2335570028253863,
    "1.0": 0.3455191256320073
  },
  "val_metrics": {
    "nmse": 0.15139862730679565,
    "rmse": 0.043022575068308075
  },
  "test_metrics": {
    "nmse": 0.10817604959681391,
    "rmse": 0.0349820317465064
  },
  "timing": {
    "train_states_s": 0.020512199989752844,
    "ridge_select_s": 0.013115299982018769,
    "total_s": 0.06145390000892803
  },
  "timestamp": "2026-05-12T10:15:25.652516+00:00",
  "reservoir_diagnostics": {
    "spectral_radius": 0.8999999999999997,
    "mean_abs_eigenvalue": 0.7079742795605938,
    "spectral_norm": 0.8999999999999994,
    "frobenius_norm": 7.227904506168839,
    "density": 0.02,
    "henrici_departure": 1.1662259365746388e-08
  }
}