{
  "sweep_name": "cycle_comparison_cycle_jump_j3_narma10",
  "config_id": "5033ae01f908",
  "seed": 456,
  "config_point": {
    "spectral_radius": 0.9,
    "input_scaling": 0.2,
    "leak_rate": 1.0
  },
  "best_ridge": 1e-10,
  "val_curve": {
    "1e-10": 0.1288119413626125,
    "1e-08": 0.12882015025994947,
    "1e-06": 0.13437839761249581,
    "0.0001": 0.1586478300112207,
    "0.01": 0.18562754581144408,
    "1.0": 0.30820842687412225
  },
  "val_metrics": {
    "nmse": 0.1288119413626125,
    "rmse": 0.036435709243245316
  },
  "test_metrics": {
    "nmse": 0.13168441480256093,
    "rmse": 0.038202311332119716
  },
  "timing": {
    "train_states_s": 0.01940140000078827,
    "ridge_select_s": 0.013354800001252443,
    "total_s": 0.061358500010101125
  },
  "timestamp": "2026-05-12T10:15:25.574460+00:00",
  "reservoir_diagnostics": {
    "spectral_radius": 0.8999999999999997,
    "mean_abs_eigenvalue": 0.7079742795605938,
    "spectral_norm": 0.8999999999999994,
    "frobenius_norm": 7.227904506168839,
    "density": 0.02,
    "henrici_departure": 1.1662259365746388e-08
  }
}