{
  "sweep_name": "cycle_comparison_cycle_jump_j3_narma10",
  "config_id": "65189332b1c4",
  "seed": 123,
  "config_point": {
    "spectral_radius": 0.9,
    "input_scaling": 0.1,
    "leak_rate": 0.9
  },
  "best_ridge": 1e-10,
  "val_curve": {
    "1e-10": 0.14213019365614366,
    "1e-08": 0.14452377702441868,
    "1e-06": 0.16601140097070094,
    "0.0001": 0.1858140368697117,
    "0.01": 0.2872039324516688,
    "1.0": 0.43294392449514424
  },
  "val_metrics": {
    "nmse": 0.14213019365614366,
    "rmse": 0.036860749557504666
  },
  "test_metrics": {
    "nmse": 0.12155746129310253,
    "rmse": 0.03599685425971006
  },
  "timing": {
    "train_states_s": 0.019021599990082905,
    "ridge_select_s": 0.012778400006936863,
    "total_s": 0.06078860000707209
  },
  "timestamp": "2026-05-12T10:15:23.601001+00:00",
  "reservoir_diagnostics": {
    "spectral_radius": 0.8999999999999997,
    "mean_abs_eigenvalue": 0.7079742795605938,
    "spectral_norm": 0.8999999999999994,
    "frobenius_norm": 7.227904506168839,
    "density": 0.02,
    "henrici_departure": 1.1662259365746388e-08
  }
}