{
  "sweep_name": "cycle_comparison_cycle_jump_j3_narma10",
  "config_id": "65189332b1c4",
  "seed": 42,
  "config_point": {
    "spectral_radius": 0.9,
    "input_scaling": 0.1,
    "leak_rate": 0.9
  },
  "best_ridge": 1e-10,
  "val_curve": {
    "1e-10": 0.11961144573051825,
    "1e-08": 0.12898299323944162,
    "1e-06": 0.16690073404248135,
    "0.0001": 0.19890119965744218,
    "0.01": 0.2743218006775439,
    "1.0": 0.3945068235881645
  },
  "val_metrics": {
    "nmse": 0.11961144573051825,
    "rmse": 0.042667055115812175
  },
  "test_metrics": {
    "nmse": 0.11540109923291163,
    "rmse": 0.034515196113109915
  },
  "timing": {
    "train_states_s": 0.017768099991371855,
    "ridge_select_s": 0.0130646999750752,
    "total_s": 0.0586683000146877
  },
  "timestamp": "2026-05-12T10:15:23.524692+00:00",
  "reservoir_diagnostics": {
    "spectral_radius": 0.8999999999999997,
    "mean_abs_eigenvalue": 0.7079742795605938,
    "spectral_norm": 0.8999999999999994,
    "frobenius_norm": 7.227904506168839,
    "density": 0.02,
    "henrici_departure": 1.1662259365746388e-08
  }
}