{
  "sweep_name": "cycle_comparison_cycle_jump_j3_narma10",
  "config_id": "65189332b1c4",
  "seed": 456,
  "config_point": {
    "spectral_radius": 0.9,
    "input_scaling": 0.1,
    "leak_rate": 0.9
  },
  "best_ridge": 1e-10,
  "val_curve": {
    "1e-10": 0.11445092135497316,
    "1e-08": 0.1295059049406413,
    "1e-06": 0.1494540847240115,
    "0.0001": 0.17331761622603833,
    "0.01": 0.2616158693663702,
    "1.0": 0.438933552694182
  },
  "val_metrics": {
    "nmse": 0.11445092135497316,
    "rmse": 0.034344627587900294
  },
  "test_metrics": {
    "nmse": 0.11409218246125304,
    "rmse": 0.03555907002976207
  },
  "timing": {
    "train_states_s": 0.018762299994705245,
    "ridge_select_s": 0.01342790000489913,
    "total_s": 0.060653699998511
  },
  "timestamp": "2026-05-12T10:15:23.677094+00:00",
  "reservoir_diagnostics": {
    "spectral_radius": 0.8999999999999997,
    "mean_abs_eigenvalue": 0.7079742795605938,
    "spectral_norm": 0.8999999999999994,
    "frobenius_norm": 7.227904506168839,
    "density": 0.02,
    "henrici_departure": 1.1662259365746388e-08
  }
}