{
  "sweep_name": "cycle_comparison_cycle_jump_j3_narma10",
  "config_id": "92815a841b21",
  "seed": 456,
  "config_point": {
    "spectral_radius": 0.9,
    "input_scaling": 0.15,
    "leak_rate": 1.0
  },
  "best_ridge": 1e-10,
  "val_curve": {
    "1e-10": 0.12714868127964546,
    "1e-08": 0.1274359348145584,
    "1e-06": 0.14069684875113847,
    "0.0001": 0.16647951873055344,
    "0.01": 0.19138446204739645,
    "1.0": 0.3446382551469659
  },
  "val_metrics": {
    "nmse": 0.12714868127964546,
    "rmse": 0.03619971030704659
  },
  "test_metrics": {
    "nmse": 0.12959243713200658,
    "rmse": 0.03789764987823626
  },
  "timing": {
    "train_states_s": 0.019652600021800026,
    "ridge_select_s": 0.01390200000605546,
    "total_s": 0.06187900001532398
  },
  "timestamp": "2026-05-12T10:15:24.813200+00:00",
  "reservoir_diagnostics": {
    "spectral_radius": 0.8999999999999997,
    "mean_abs_eigenvalue": 0.7079742795605938,
    "spectral_norm": 0.8999999999999994,
    "frobenius_norm": 7.227904506168839,
    "density": 0.02,
    "henrici_departure": 1.1662259365746388e-08
  }
}