{
  "sweep_name": "cycle_comparison_cycle_jump_j3_narma10",
  "config_id": "b5cf1e3871f2",
  "seed": 42,
  "config_point": {
    "spectral_radius": 0.9,
    "input_scaling": 0.15,
    "leak_rate": 0.9
  },
  "best_ridge": 1e-10,
  "val_curve": {
    "1e-10": 0.11974624934064182,
    "1e-08": 0.12089953580744212,
    "1e-06": 0.14460744774843434,
    "0.0001": 0.18730063999046223,
    "0.01": 0.2575319171049752,
    "1.0": 0.3601002472291227
  },
  "val_metrics": {
    "nmse": 0.11974624934064182,
    "rmse": 0.042691091500408715
  },
  "test_metrics": {
    "nmse": 0.11418098489170923,
    "rmse": 0.03433224989217604
  },
  "timing": {
    "train_states_s": 0.019140099990181625,
    "ridge_select_s": 0.01286019998951815,
    "total_s": 0.059608399984426796
  },
  "timestamp": "2026-05-12T10:15:24.286837+00:00",
  "reservoir_diagnostics": {
    "spectral_radius": 0.8999999999999997,
    "mean_abs_eigenvalue": 0.7079742795605938,
    "spectral_norm": 0.8999999999999994,
    "frobenius_norm": 7.227904506168839,
    "density": 0.02,
    "henrici_departure": 1.1662259365746388e-08
  }
}