{
  "sweep_name": "cycle_comparison_cycle_jump_j3_narma10",
  "config_id": "b5cf1e3871f2",
  "seed": 789,
  "config_point": {
    "spectral_radius": 0.9,
    "input_scaling": 0.15,
    "leak_rate": 0.9
  },
  "best_ridge": 1e-10,
  "val_curve": {
    "1e-10": 0.15497037492709514,
    "1e-08": 0.1576272945922036,
    "1e-06": 0.17266708871545208,
    "0.0001": 0.20473436836731998,
    "0.01": 0.2657490260424715,
    "1.0": 0.40641557031374537
  },
  "val_metrics": {
    "nmse": 0.15497037492709514,
    "rmse": 0.043527104105463836
  },
  "test_metrics": {
    "nmse": 0.10831144461258953,
    "rmse": 0.035003916958837575
  },
  "timing": {
    "train_states_s": 0.019323599990457296,
    "ridge_select_s": 0.012954800011357293,
    "total_s": 0.061908100004075095
  },
  "timestamp": "2026-05-12T10:15:24.510506+00:00",
  "reservoir_diagnostics": {
    "spectral_radius": 0.8999999999999997,
    "mean_abs_eigenvalue": 0.7079742795605938,
    "spectral_norm": 0.8999999999999994,
    "frobenius_norm": 7.227904506168839,
    "density": 0.02,
    "henrici_departure": 1.1662259365746388e-08
  }
}