{
  "sweep_name": "cycle_comparison_cycle_narma10",
  "config_id": "0292ac89d7b8",
  "seed": 789,
  "config_point": {
    "spectral_radius": 0.9,
    "input_scaling": 0.2,
    "leak_rate": 0.9
  },
  "best_ridge": 1e-06,
  "val_curve": {
    "1e-10": 0.17120095426242846,
    "1e-08": 0.17119052332522564,
    "1e-06": 0.17059116459291523,
    "0.0001": 0.17737317465977206,
    "0.01": 0.22146207267143006,
    "1.0": 0.2828121568263524
  },
  "val_metrics": {
    "nmse": 0.17059116459291523,
    "rmse": 0.045668179490021624
  },
  "test_metrics": {
    "nmse": 0.1213826608698923,
    "rmse": 0.03705593684252791
  },
  "timing": {
    "train_states_s": 0.0189482000132557,
    "ridge_select_s": 0.013013799994951114,
    "total_s": 0.07401290000416338
  },
  "timestamp": "2026-05-12T10:15:17.956230+00:00",
  "reservoir_diagnostics": {
    "spectral_radius": 0.8999999999999959,
    "mean_abs_eigenvalue": 0.899999999999992,
    "spectral_norm": 0.8999999999999932,
    "frobenius_norm": 8.999999999999932,
    "density": 0.01,
    "henrici_departure": 5.1299510349266345e-08
  }
}