{
  "sweep_name": "cycle_comparison_cycle_narma10",
  "config_id": "0292ac89d7b8",
  "seed": 456,
  "config_point": {
    "spectral_radius": 0.9,
    "input_scaling": 0.2,
    "leak_rate": 0.9
  },
  "best_ridge": 1e-06,
  "val_curve": {
    "1e-10": 0.13972979812855857,
    "1e-08": 0.1397282896038503,
    "1e-06": 0.1396775614961703,
    "0.0001": 0.14795033226208654,
    "0.01": 0.1715136174623028,
    "1.0": 0.23883728845006502
  },
  "val_metrics": {
    "nmse": 0.1396775614961703,
    "rmse": 0.037941324454677634
  },
  "test_metrics": {
    "nmse": 0.12668079594043627,
    "rmse": 0.037469495202274
  },
  "timing": {
    "train_states_s": 0.020331200008513406,
    "ridge_select_s": 0.012423100008163601,
    "total_s": 0.07735189999220893
  },
  "timestamp": "2026-05-12T10:15:17.867450+00:00",
  "reservoir_diagnostics": {
    "spectral_radius": 0.8999999999999959,
    "mean_abs_eigenvalue": 0.899999999999992,
    "spectral_norm": 0.8999999999999932,
    "frobenius_norm": 8.999999999999932,
    "density": 0.01,
    "henrici_departure": 5.1299510349266345e-08
  }
}