{
  "sweep_name": "cycle_comparison_cycle_narma10",
  "config_id": "0292ac89d7b8",
  "seed": 42,
  "config_point": {
    "spectral_radius": 0.9,
    "input_scaling": 0.2,
    "leak_rate": 0.9
  },
  "best_ridge": 1e-10,
  "val_curve": {
    "1e-10": 0.15081088758798916,
    "1e-08": 0.1508112290332275,
    "1e-06": 0.15089178345782586,
    "0.0001": 0.16277924338209934,
    "0.01": 0.21300980574968334,
    "1.0": 0.2869257139836327
  },
  "val_metrics": {
    "nmse": 0.15081088758798916,
    "rmse": 0.04790961125948341
  },
  "test_metrics": {
    "nmse": 0.13959620653366972,
    "rmse": 0.03796139652507975
  },
  "timing": {
    "train_states_s": 0.019592399999964982,
    "ridge_select_s": 0.012698300008196384,
    "total_s": 0.07469270000001416
  },
  "timestamp": "2026-05-12T10:15:17.682913+00:00",
  "reservoir_diagnostics": {
    "spectral_radius": 0.8999999999999959,
    "mean_abs_eigenvalue": 0.899999999999992,
    "spectral_norm": 0.8999999999999932,
    "frobenius_norm": 8.999999999999932,
    "density": 0.01,
    "henrici_departure": 5.1299510349266345e-08
  }
}