{
  "sweep_name": "cycle_comparison_cycle_narma10",
  "config_id": "129fe242d561",
  "seed": 123,
  "config_point": {
    "spectral_radius": 0.9,
    "input_scaling": 0.1,
    "leak_rate": 1.0
  },
  "best_ridge": 1e-06,
  "val_curve": {
    "1e-10": 0.1614631296500982,
    "1e-08": 0.16146179625617016,
    "1e-06": 0.16141737421402966,
    "0.0001": 0.17143413380338618,
    "0.01": 0.1855215641302426,
    "1.0": 0.22738350216619396
  },
  "val_metrics": {
    "nmse": 0.16141737421402966,
    "rmse": 0.03928222940553175
  },
  "test_metrics": {
    "nmse": 0.16085991664408508,
    "rmse": 0.041409278036641975
  },
  "timing": {
    "train_states_s": 0.019072100025368854,
    "ridge_select_s": 0.012527599988970906,
    "total_s": 0.07464800000889227
  },
  "timestamp": "2026-05-12T10:15:16.425687+00:00",
  "reservoir_diagnostics": {
    "spectral_radius": 0.8999999999999959,
    "mean_abs_eigenvalue": 0.899999999999992,
    "spectral_norm": 0.8999999999999932,
    "frobenius_norm": 8.999999999999932,
    "density": 0.01,
    "henrici_departure": 5.1299510349266345e-08
  }
}