{
  "sweep_name": "cycle_comparison_cycle_narma10",
  "config_id": "129fe242d561",
  "seed": 2024,
  "config_point": {
    "spectral_radius": 0.9,
    "input_scaling": 0.1,
    "leak_rate": 1.0
  },
  "best_ridge": 1e-10,
  "val_curve": {
    "1e-10": 0.15229775700218842,
    "1e-08": 0.15230340670644824,
    "1e-06": 0.15286823215560225,
    "0.0001": 0.1690153114010506,
    "0.01": 0.18364269634527206,
    "1.0": 0.2280717031817653
  },
  "val_metrics": {
    "nmse": 0.15229775700218842,
    "rmse": 0.04098419824047495
  },
  "test_metrics": {
    "nmse": 0.16186786787093466,
    "rmse": 0.041073883505760904
  },
  "timing": {
    "train_states_s": 0.01902089998475276,
    "ridge_select_s": 0.012615200015716255,
    "total_s": 0.07443169999169186
  },
  "timestamp": "2026-05-12T10:15:16.695252+00:00",
  "reservoir_diagnostics": {
    "spectral_radius": 0.8999999999999959,
    "mean_abs_eigenvalue": 0.899999999999992,
    "spectral_norm": 0.8999999999999932,
    "frobenius_norm": 8.999999999999932,
    "density": 0.01,
    "henrici_departure": 5.1299510349266345e-08
  }
}