{
  "sweep_name": "cycle_comparison_cycle_narma10",
  "config_id": "129fe242d561",
  "seed": 456,
  "config_point": {
    "spectral_radius": 0.9,
    "input_scaling": 0.1,
    "leak_rate": 1.0
  },
  "best_ridge": 1e-06,
  "val_curve": {
    "1e-10": 0.15684963894845955,
    "1e-08": 0.15683764949558407,
    "1e-06": 0.155929222656406,
    "0.0001": 0.163791293369746,
    "0.01": 0.17718269553620095,
    "1.0": 0.23056597419604438
  },
  "val_metrics": {
    "nmse": 0.155929222656406,
    "rmse": 0.040087864504502975
  },
  "test_metrics": {
    "nmse": 0.15028387262541207,
    "rmse": 0.04081113183079959
  },
  "timing": {
    "train_states_s": 0.019713099987711757,
    "ridge_select_s": 0.01226619997760281,
    "total_s": 0.07484230000409298
  },
  "timestamp": "2026-05-12T10:15:16.515806+00:00",
  "reservoir_diagnostics": {
    "spectral_radius": 0.8999999999999959,
    "mean_abs_eigenvalue": 0.899999999999992,
    "spectral_norm": 0.8999999999999932,
    "frobenius_norm": 8.999999999999932,
    "density": 0.01,
    "henrici_departure": 5.1299510349266345e-08
  }
}