{
  "sweep_name": "cycle_comparison_cycle_narma10",
  "config_id": "129fe242d561",
  "seed": 42,
  "config_point": {
    "spectral_radius": 0.9,
    "input_scaling": 0.1,
    "leak_rate": 1.0
  },
  "best_ridge": 1e-10,
  "val_curve": {
    "1e-10": 0.1603689228038087,
    "1e-08": 0.1603835730876566,
    "1e-06": 0.1620205181323164,
    "0.0001": 0.19335110555445856,
    "0.01": 0.2252381460788697,
    "1.0": 0.2747543793593524
  },
  "val_metrics": {
    "nmse": 0.1603689228038087,
    "rmse": 0.04940448824612945
  },
  "test_metrics": {
    "nmse": 0.16073656772690526,
    "rmse": 0.040734530752852036
  },
  "timing": {
    "train_states_s": 0.019727100007003173,
    "ridge_select_s": 0.012386600021272898,
    "total_s": 0.07518159999744967
  },
  "timestamp": "2026-05-12T10:15:16.335929+00:00",
  "reservoir_diagnostics": {
    "spectral_radius": 0.8999999999999959,
    "mean_abs_eigenvalue": 0.899999999999992,
    "spectral_norm": 0.8999999999999932,
    "frobenius_norm": 8.999999999999932,
    "density": 0.01,
    "henrici_departure": 5.1299510349266345e-08
  }
}