{
  "sweep_name": "cycle_comparison_cycle_narma10",
  "config_id": "5033ae01f908",
  "seed": 456,
  "config_point": {
    "spectral_radius": 0.9,
    "input_scaling": 0.2,
    "leak_rate": 1.0
  },
  "best_ridge": 0.0001,
  "val_curve": {
    "1e-10": 0.160996613787586,
    "1e-08": 0.16099626597921182,
    "1e-06": 0.16096175207084804,
    "0.0001": 0.15911993988210388,
    "0.01": 0.17316993856593674,
    "1.0": 0.1888375256023319
  },
  "val_metrics": {
    "nmse": 0.15911993988210388,
    "rmse": 0.04049593846941146
  },
  "test_metrics": {
    "nmse": 0.1473827207416227,
    "rmse": 0.040415293335581026
  },
  "timing": {
    "train_states_s": 0.020040699979290366,
    "ridge_select_s": 0.012728300003800541,
    "total_s": 0.07621100000687875
  },
  "timestamp": "2026-05-12T10:15:18.321358+00:00",
  "reservoir_diagnostics": {
    "spectral_radius": 0.8999999999999959,
    "mean_abs_eigenvalue": 0.899999999999992,
    "spectral_norm": 0.8999999999999932,
    "frobenius_norm": 8.999999999999932,
    "density": 0.01,
    "henrici_departure": 5.1299510349266345e-08
  }
}