{
  "sweep_name": "cycle_comparison_cycle_narma10",
  "config_id": "5033ae01f908",
  "seed": 42,
  "config_point": {
    "spectral_radius": 0.9,
    "input_scaling": 0.2,
    "leak_rate": 1.0
  },
  "best_ridge": 1e-10,
  "val_curve": {
    "1e-10": 0.1662970302716064,
    "1e-08": 0.16629725022699657,
    "1e-06": 0.16631943385935585,
    "0.0001": 0.16934430794265012,
    "0.01": 0.21757613804943052,
    "1.0": 0.24982811978855768
  },
  "val_metrics": {
    "nmse": 0.1662970302716064,
    "rmse": 0.0503093314178497
  },
  "test_metrics": {
    "nmse": 0.15999584498787434,
    "rmse": 0.040640563849372945
  },
  "timing": {
    "train_states_s": 0.01961630000732839,
    "ridge_select_s": 0.013384199992287904,
    "total_s": 0.07697779999580234
  },
  "timestamp": "2026-05-12T10:15:18.138126+00:00",
  "reservoir_diagnostics": {
    "spectral_radius": 0.8999999999999959,
    "mean_abs_eigenvalue": 0.899999999999992,
    "spectral_norm": 0.8999999999999932,
    "frobenius_norm": 8.999999999999932,
    "density": 0.01,
    "henrici_departure": 5.1299510349266345e-08
  }
}