{
  "sweep_name": "cycle_comparison_cycle_narma10",
  "config_id": "5033ae01f908",
  "seed": 2024,
  "config_point": {
    "spectral_radius": 0.9,
    "input_scaling": 0.2,
    "leak_rate": 1.0
  },
  "best_ridge": 0.0001,
  "val_curve": {
    "1e-10": 0.14893821208456093,
    "1e-08": 0.1489381283292098,
    "1e-06": 0.14892979626627526,
    "0.0001": 0.14842545660611806,
    "0.01": 0.17086180526071723,
    "1.0": 0.20760611400207696
  },
  "val_metrics": {
    "nmse": 0.14842545660611806,
    "rmse": 0.04045981445111548
  },
  "test_metrics": {
    "nmse": 0.16552107016072343,
    "rmse": 0.04153479647281623
  },
  "timing": {
    "train_states_s": 0.019260499975644052,
    "ridge_select_s": 0.012942400004249066,
    "total_s": 0.07523889999720268
  },
  "timestamp": "2026-05-12T10:15:18.502404+00:00",
  "reservoir_diagnostics": {
    "spectral_radius": 0.8999999999999959,
    "mean_abs_eigenvalue": 0.899999999999992,
    "spectral_norm": 0.8999999999999932,
    "frobenius_norm": 8.999999999999932,
    "density": 0.01,
    "henrici_departure": 5.1299510349266345e-08
  }
}