{
  "sweep_name": "cycle_comparison_cycle_narma10",
  "config_id": "5033ae01f908",
  "seed": 123,
  "config_point": {
    "spectral_radius": 0.9,
    "input_scaling": 0.2,
    "leak_rate": 1.0
  },
  "best_ridge": 0.0001,
  "val_curve": {
    "1e-10": 0.15184339099884947,
    "1e-08": 0.15184326783532465,
    "1e-06": 0.1518310941633738,
    "0.0001": 0.1515443276630091,
    "0.01": 0.17671930747476342,
    "1.0": 0.20088255511777944
  },
  "val_metrics": {
    "nmse": 0.1515443276630091,
    "rmse": 0.03806193217547981
  },
  "test_metrics": {
    "nmse": 0.1561657962794175,
    "rmse": 0.04080061402857915
  },
  "timing": {
    "train_states_s": 0.0194813999987673,
    "ridge_select_s": 0.01261299999896437,
    "total_s": 0.07580819999566302
  },
  "timestamp": "2026-05-12T10:15:18.229716+00:00",
  "reservoir_diagnostics": {
    "spectral_radius": 0.8999999999999959,
    "mean_abs_eigenvalue": 0.899999999999992,
    "spectral_norm": 0.8999999999999932,
    "frobenius_norm": 8.999999999999932,
    "density": 0.01,
    "henrici_departure": 5.1299510349266345e-08
  }
}