{
  "sweep_name": "cycle_comparison_cycle_narma10",
  "config_id": "92815a841b21",
  "seed": 456,
  "config_point": {
    "spectral_radius": 0.9,
    "input_scaling": 0.15,
    "leak_rate": 1.0
  },
  "best_ridge": 0.0001,
  "val_curve": {
    "1e-10": 0.15853279972954648,
    "1e-08": 0.15853146737192617,
    "1e-06": 0.15840250580401596,
    "0.0001": 0.15725811966388092,
    "0.01": 0.17613573321991166,
    "1.0": 0.195844410457441
  },
  "val_metrics": {
    "nmse": 0.15725811966388092,
    "rmse": 0.0402583252436205
  },
  "test_metrics": {
    "nmse": 0.15230435709338863,
    "rmse": 0.041084557556963636
  },
  "timing": {
    "train_states_s": 0.019275099999504164,
    "ridge_select_s": 0.01232390000950545,
    "total_s": 0.07400199997937307
  },
  "timestamp": "2026-05-12T10:15:17.414926+00:00",
  "reservoir_diagnostics": {
    "spectral_radius": 0.8999999999999959,
    "mean_abs_eigenvalue": 0.899999999999992,
    "spectral_norm": 0.8999999999999932,
    "frobenius_norm": 8.999999999999932,
    "density": 0.01,
    "henrici_departure": 5.1299510349266345e-08
  }
}