{
  "sweep_name": "cycle_comparison_cycle_narma10",
  "config_id": "92815a841b21",
  "seed": 42,
  "config_point": {
    "spectral_radius": 0.9,
    "input_scaling": 0.15,
    "leak_rate": 1.0
  },
  "best_ridge": 1e-10,
  "val_curve": {
    "1e-10": 0.16306455663033473,
    "1e-08": 0.16306594861099377,
    "1e-06": 0.16320834858792188,
    "0.0001": 0.17613136343946065,
    "0.01": 0.22227071671300824,
    "1.0": 0.25351134936957953
  },
  "val_metrics": {
    "nmse": 0.16306455663033473,
    "rmse": 0.04981797679173577
  },
  "test_metrics": {
    "nmse": 0.15999729444596272,
    "rmse": 0.040640747937467796
  },
  "timing": {
    "train_states_s": 0.01959559999522753,
    "ridge_select_s": 0.013134000007994473,
    "total_s": 0.07578120002290234
  },
  "timestamp": "2026-05-12T10:15:17.235867+00:00",
  "reservoir_diagnostics": {
    "spectral_radius": 0.8999999999999959,
    "mean_abs_eigenvalue": 0.899999999999992,
    "spectral_norm": 0.8999999999999932,
    "frobenius_norm": 8.999999999999932,
    "density": 0.01,
    "henrici_departure": 5.1299510349266345e-08
  }
}