{
  "sweep_name": "cycle_comparison_cycle_narma10",
  "config_id": "b5cf1e3871f2",
  "seed": 123,
  "config_point": {
    "spectral_radius": 0.9,
    "input_scaling": 0.15,
    "leak_rate": 0.9
  },
  "best_ridge": 1e-06,
  "val_curve": {
    "1e-10": 0.14444536913519862,
    "1e-08": 0.14443409198006693,
    "1e-06": 0.14437391574559258,
    "0.0001": 0.15549156250071036,
    "0.01": 0.18622602134441085,
    "1.0": 0.2886189327666595
  },
  "val_metrics": {
    "nmse": 0.14437391574559258,
    "rmse": 0.03715055928324901
  },
  "test_metrics": {
    "nmse": 0.1355366265536864,
    "rmse": 0.038010368070674615
  },
  "timing": {
    "train_states_s": 0.019489700003759935,
    "ridge_select_s": 0.012158800003817305,
    "total_s": 0.07463789999019355
  },
  "timestamp": "2026-05-12T10:15:16.873980+00:00",
  "reservoir_diagnostics": {
    "spectral_radius": 0.8999999999999959,
    "mean_abs_eigenvalue": 0.899999999999992,
    "spectral_norm": 0.8999999999999932,
    "frobenius_norm": 8.999999999999932,
    "density": 0.01,
    "henrici_departure": 5.1299510349266345e-08
  }
}