{
  "sweep_name": "cycle_comparison_cycle_narma10",
  "config_id": "b5cf1e3871f2",
  "seed": 42,
  "config_point": {
    "spectral_radius": 0.9,
    "input_scaling": 0.15,
    "leak_rate": 0.9
  },
  "best_ridge": 1e-10,
  "val_curve": {
    "1e-10": 0.15016381492409372,
    "1e-08": 0.15017066656477993,
    "1e-06": 0.15108542032837421,
    "0.0001": 0.17529050932343257,
    "0.01": 0.2181682940284018,
    "1.0": 0.2975451164020637
  },
  "val_metrics": {
    "nmse": 0.15016381492409372,
    "rmse": 0.04780671973350764
  },
  "test_metrics": {
    "nmse": 0.14361042076860778,
    "rmse": 0.038503335172110645
  },
  "timing": {
    "train_states_s": 0.018763700005365536,
    "ridge_select_s": 0.01252099999692291,
    "total_s": 0.07437859999481589
  },
  "timestamp": "2026-05-12T10:15:16.784511+00:00",
  "reservoir_diagnostics": {
    "spectral_radius": 0.8999999999999959,
    "mean_abs_eigenvalue": 0.899999999999992,
    "spectral_norm": 0.8999999999999932,
    "frobenius_norm": 8.999999999999932,
    "density": 0.01,
    "henrici_departure": 5.1299510349266345e-08
  }
}