{
  "sweep_name": "cycle_comparison_cycle_narma10",
  "config_id": "b5cf1e3871f2",
  "seed": 789,
  "config_point": {
    "spectral_radius": 0.9,
    "input_scaling": 0.15,
    "leak_rate": 0.9
  },
  "best_ridge": 1e-06,
  "val_curve": {
    "1e-10": 0.17119230282339415,
    "1e-08": 0.1711413479784957,
    "1e-06": 0.1706062170867554,
    "0.0001": 0.1905747204367368,
    "0.01": 0.22458893623959902,
    "1.0": 0.2977725191258314
  },
  "val_metrics": {
    "nmse": 0.1706062170867554,
    "rmse": 0.04567019426267636
  },
  "test_metrics": {
    "nmse": 0.12659584093987897,
    "rmse": 0.03784331648048432
  },
  "timing": {
    "train_states_s": 0.019557899999199435,
    "ridge_select_s": 0.012684699991950765,
    "total_s": 0.07543120000627823
  },
  "timestamp": "2026-05-12T10:15:17.054753+00:00",
  "reservoir_diagnostics": {
    "spectral_radius": 0.8999999999999959,
    "mean_abs_eigenvalue": 0.899999999999992,
    "spectral_norm": 0.8999999999999932,
    "frobenius_norm": 8.999999999999932,
    "density": 0.01,
    "henrici_departure": 5.1299510349266345e-08
  }
}