{
  "sweep_name": "cycle_comparison_cycle_narma10",
  "config_id": "b5cf1e3871f2",
  "seed": 2024,
  "config_point": {
    "spectral_radius": 0.9,
    "input_scaling": 0.15,
    "leak_rate": 0.9
  },
  "best_ridge": 1e-06,
  "val_curve": {
    "1e-10": 0.1364925044821312,
    "1e-08": 0.13648284765170032,
    "1e-06": 0.13631126716693112,
    "0.0001": 0.14468762263673798,
    "0.01": 0.17961764073915265,
    "1.0": 0.2759604079473932
  },
  "val_metrics": {
    "nmse": 0.13631126716693112,
    "rmse": 0.038773550164433165
  },
  "test_metrics": {
    "nmse": 0.1470421070578091,
    "rmse": 0.03914770460256475
  },
  "timing": {
    "train_states_s": 0.019313400000100955,
    "ridge_select_s": 0.012631899997359142,
    "total_s": 0.07536450002226047
  },
  "timestamp": "2026-05-12T10:15:17.145162+00:00",
  "reservoir_diagnostics": {
    "spectral_radius": 0.8999999999999959,
    "mean_abs_eigenvalue": 0.899999999999992,
    "spectral_norm": 0.8999999999999932,
    "frobenius_norm": 8.999999999999932,
    "density": 0.01,
    "henrici_departure": 5.1299510349266345e-08
  }
}