{
  "sweep_name": "pilot_multitask_mackey_glass",
  "config_id": "10b5d24c62b0",
  "seed": 42,
  "config_point": {
    "spectral_radius": 1.1,
    "input_scaling": 0.2,
    "leak_rate": 0.6
  },
  "best_ridge": 1e-08,
  "val_curve": {
    "1e-08": 3.1687556367252477e-10,
    "1e-06": 1.2977581358481963e-08,
    "0.0001": 6.616834416355958e-07,
    "0.01": 2.9856013644108948e-05,
    "0.1": 9.038008886656607e-05,
    "1.0": 0.0005068905730013102
  },
  "val_metrics": {
    "nmse": 3.1687556367252477e-10,
    "rmse": 3.7004079251464084e-06
  },
  "test_metrics": {
    "nmse": 3.851802466785723e-10,
    "rmse": 4.371702315667193e-06
  },
  "timing": {
    "train_states_s": 0.014303500000096392,
    "ridge_select_s": 0.010910400000284426,
    "total_s": 0.04936449999877368
  },
  "timestamp": "2026-04-16T17:26:34.503310+00:00"
}