{
  "sweep_name": "pilot_multitask_mackey_glass",
  "config_id": "10b5d24c62b0",
  "seed": 123,
  "config_point": {
    "spectral_radius": 1.1,
    "input_scaling": 0.2,
    "leak_rate": 0.6
  },
  "best_ridge": 1e-08,
  "val_curve": {
    "1e-08": 2.698015624408185e-10,
    "1e-06": 4.646446431850608e-09,
    "0.0001": 3.1091546637592767e-07,
    "0.01": 2.2595335505766527e-05,
    "0.1": 5.4248879037501514e-05,
    "1.0": 0.0003790034449619458
  },
  "val_metrics": {
    "nmse": 2.698015624408185e-10,
    "rmse": 3.414502680485438e-06
  },
  "test_metrics": {
    "nmse": 1.9019444218396635e-10,
    "rmse": 3.0719736709775836e-06
  },
  "timing": {
    "train_states_s": 0.013519199999791454,
    "ridge_select_s": 0.010898800001086784,
    "total_s": 0.04342689999975846
  },
  "timestamp": "2026-04-16T17:26:34.559712+00:00"
}