{
  "sweep_name": "pilot_multitask_mackey_glass",
  "config_id": "10b5d24c62b0",
  "seed": 456,
  "config_point": {
    "spectral_radius": 1.1,
    "input_scaling": 0.2,
    "leak_rate": 0.6
  },
  "best_ridge": 1e-08,
  "val_curve": {
    "1e-08": 2.4191566199281454e-07,
    "1e-06": 7.869916385823607e-06,
    "0.0001": 1.0821115804028229e-05,
    "0.01": 0.00027329186199606334,
    "0.1": 0.000947713793316051,
    "1.0": 0.0038120820755849927
  },
  "val_metrics": {
    "nmse": 2.4191566199281454e-07,
    "rmse": 0.00010224385620819269
  },
  "test_metrics": {
    "nmse": 1.844827562181349e-09,
    "rmse": 9.567455863625985e-06
  },
  "timing": {
    "train_states_s": 0.014145999999527703,
    "ridge_select_s": 0.010860000000320724,
    "total_s": 0.04562009999972361
  },
  "timestamp": "2026-04-16T17:26:34.613248+00:00"
}