{
  "sweep_name": "pilot_multitask_mackey_glass",
  "config_id": "129fe242d561",
  "seed": 456,
  "config_point": {
    "spectral_radius": 0.9,
    "input_scaling": 0.1,
    "leak_rate": 1.0
  },
  "best_ridge": 1e-08,
  "val_curve": {
    "1e-08": 1.28238152694124e-10,
    "1e-06": 1.3306258482591746e-08,
    "0.0001": 7.269248749907949e-07,
    "0.01": 1.6074197899061846e-05,
    "0.1": 0.00031374688800196065,
    "1.0": 0.0014262040053671504
  },
  "val_metrics": {
    "nmse": 1.28238152694124e-10,
    "rmse": 2.354040088357508e-06
  },
  "test_metrics": {
    "nmse": 1.1995271475355268e-10,
    "rmse": 2.4396280542836767e-06
  },
  "timing": {
    "train_states_s": 0.01394090000030701,
    "ridge_select_s": 0.010654300000169314,
    "total_s": 0.04546510000000126
  },
  "timestamp": "2026-04-16T17:26:33.766093+00:00"
}