{
  "sweep_name": "pilot_multitask_mackey_glass",
  "config_id": "129fe242d561",
  "seed": 42,
  "config_point": {
    "spectral_radius": 0.9,
    "input_scaling": 0.1,
    "leak_rate": 1.0
  },
  "best_ridge": 1e-08,
  "val_curve": {
    "1e-08": 3.5281278570294604e-10,
    "1e-06": 1.741423527087669e-08,
    "0.0001": 1.0902996279477216e-06,
    "0.01": 3.131050186709354e-05,
    "0.1": 0.00011886760006006632,
    "1.0": 0.0011338113884784224
  },
  "val_metrics": {
    "nmse": 3.5281278570294604e-10,
    "rmse": 3.904607511736618e-06
  },
  "test_metrics": {
    "nmse": 3.1332968077575626e-10,
    "rmse": 3.942932535975818e-06
  },
  "timing": {
    "train_states_s": 0.013809600000968203,
    "ridge_select_s": 0.010791200000312529,
    "total_s": 0.044681999999738764
  },
  "timestamp": "2026-04-16T17:26:33.656128+00:00"
}