{
  "sweep_name": "pilot_multitask_mackey_glass",
  "config_id": "129fe242d561",
  "seed": 123,
  "config_point": {
    "spectral_radius": 0.9,
    "input_scaling": 0.1,
    "leak_rate": 1.0
  },
  "best_ridge": 1e-08,
  "val_curve": {
    "1e-08": 3.277674878320075e-10,
    "1e-06": 1.4343839752580092e-08,
    "0.0001": 6.460776351417886e-07,
    "0.01": 3.274975991443169e-05,
    "0.1": 0.00023996686116430606,
    "1.0": 0.0018961021466001283
  },
  "val_metrics": {
    "nmse": 3.277674878320075e-10,
    "rmse": 3.763467448685258e-06
  },
  "test_metrics": {
    "nmse": 2.746702572609787e-10,
    "rmse": 3.691682946230363e-06
  },
  "timing": {
    "train_states_s": 0.014072099998884369,
    "ridge_select_s": 0.010402500000054715,
    "total_s": 0.04238400000031106
  },
  "timestamp": "2026-04-16T17:26:33.706309+00:00"
}