{
  "sweep_name": "pilot_multitask_mackey_glass",
  "config_id": "25de579150b8",
  "seed": 456,
  "config_point": {
    "spectral_radius": 0.7,
    "input_scaling": 0.1,
    "leak_rate": 1.0
  },
  "best_ridge": 1e-08,
  "val_curve": {
    "1e-08": 7.780552752057239e-10,
    "1e-06": 1.6286005722774672e-08,
    "0.0001": 7.23008135988447e-07,
    "0.01": 6.701205489143698e-05,
    "0.1": 0.000493812383972009,
    "1.0": 0.0009821594282989126
  },
  "val_metrics": {
    "nmse": 7.780552752057239e-10,
    "rmse": 5.7984304667789785e-06
  },
  "test_metrics": {
    "nmse": 6.077036688281325e-10,
    "rmse": 5.491165172291891e-06
  },
  "timing": {
    "train_states_s": 0.014114000001427485,
    "ridge_select_s": 0.010933100000329432,
    "total_s": 0.04401309999957448
  },
  "timestamp": "2026-04-16T17:26:33.125143+00:00"
}