{
  "sweep_name": "pilot_multitask_mackey_glass",
  "config_id": "25de579150b8",
  "seed": 42,
  "config_point": {
    "spectral_radius": 0.7,
    "input_scaling": 0.1,
    "leak_rate": 1.0
  },
  "best_ridge": 1e-08,
  "val_curve": {
    "1e-08": 1.1555710810776623e-09,
    "1e-06": 1.9910055895645953e-08,
    "0.0001": 1.5476616484211812e-06,
    "0.01": 9.581008337339314e-05,
    "0.1": 0.0005567115838879253,
    "1.0": 0.0007774827586866125
  },
  "val_metrics": {
    "nmse": 1.1555710810776623e-09,
    "rmse": 7.066486932753621e-06
  },
  "test_metrics": {
    "nmse": 9.870989550246113e-10,
    "rmse": 6.998402625162678e-06
  },
  "timing": {
    "train_states_s": 0.01327800000035495,
    "ridge_select_s": 0.010660699999789358,
    "total_s": 0.05145199999969918
  },
  "timestamp": "2026-04-16T17:26:33.024345+00:00"
}