{
  "sweep_name": "pilot_multitask_mackey_glass",
  "config_id": "4624975b8b19",
  "seed": 456,
  "config_point": {
    "spectral_radius": 1.1,
    "input_scaling": 0.1,
    "leak_rate": 0.6
  },
  "best_ridge": 1e-08,
  "val_curve": {
    "1e-08": 3.513399544847165e-09,
    "1e-06": 5.5173042381211665e-08,
    "0.0001": 1.741849965682119e-06,
    "0.01": 6.941208218175518e-05,
    "0.1": 0.0002885005339727988,
    "1.0": 0.0017219302835051107
  },
  "val_metrics": {
    "nmse": 3.513399544847165e-09,
    "rmse": 1.2321653681996019e-05
  },
  "test_metrics": {
    "nmse": 5.19604837265292e-09,
    "rmse": 1.6056658508440935e-05
  },
  "timing": {
    "train_states_s": 0.013595899999927497,
    "ridge_select_s": 0.010487000001376146,
    "total_s": 0.04340289999890956
  },
  "timestamp": "2026-04-16T17:26:34.287159+00:00"
}