{
  "sweep_name": "pilot_multitask_mackey_glass",
  "config_id": "4624975b8b19",
  "seed": 123,
  "config_point": {
    "spectral_radius": 1.1,
    "input_scaling": 0.1,
    "leak_rate": 0.6
  },
  "best_ridge": 1e-08,
  "val_curve": {
    "1e-08": 4.70504265713146e-10,
    "1e-06": 1.7072835936451867e-08,
    "0.0001": 1.4637216667824241e-06,
    "0.01": 2.933124876059448e-05,
    "0.1": 0.00011353722735204875,
    "1.0": 0.001983594641079023
  },
  "val_metrics": {
    "nmse": 4.70504265713146e-10,
    "rmse": 4.50907034203098e-06
  },
  "test_metrics": {
    "nmse": 3.961898103182532e-10,
    "rmse": 4.4337400719998485e-06
  },
  "timing": {
    "train_states_s": 0.013167200000680168,
    "ridge_select_s": 0.010384100000010221,
    "total_s": 0.04086439999991853
  },
  "timestamp": "2026-04-16T17:26:34.235891+00:00"
}