{
  "sweep_name": "pilot_multitask_mackey_glass",
  "config_id": "5033ae01f908",
  "seed": 456,
  "config_point": {
    "spectral_radius": 0.9,
    "input_scaling": 0.2,
    "leak_rate": 1.0
  },
  "best_ridge": 1e-08,
  "val_curve": {
    "1e-08": 1.212054664483272e-10,
    "1e-06": 4.9709949142777374e-09,
    "0.0001": 1.4563974336388683e-07,
    "0.01": 5.611898124172787e-06,
    "0.1": 6.695749768026003e-05,
    "1.0": 0.0006188175920398759
  },
  "val_metrics": {
    "nmse": 1.212054664483272e-10,
    "rmse": 2.2885812284732967e-06
  },
  "test_metrics": {
    "nmse": 8.013876257446178e-11,
    "rmse": 1.9940676791421807e-06
  },
  "timing": {
    "train_states_s": 0.014616799999203067,
    "ridge_select_s": 0.009680000001026201,
    "total_s": 0.04807480000090436
  },
  "timestamp": "2026-04-16T17:26:34.131406+00:00"
}