{
  "sweep_name": "pilot_multitask_mackey_glass",
  "config_id": "5033ae01f908",
  "seed": 123,
  "config_point": {
    "spectral_radius": 0.9,
    "input_scaling": 0.2,
    "leak_rate": 1.0
  },
  "best_ridge": 1e-08,
  "val_curve": {
    "1e-08": 1.29744314677416e-10,
    "1e-06": 2.656599893578584e-09,
    "0.0001": 2.1501092851090303e-07,
    "0.01": 1.078035652279615e-05,
    "0.1": 0.00010948915584765334,
    "1.0": 0.0004056436235662903
  },
  "val_metrics": {
    "nmse": 1.29744314677416e-10,
    "rmse": 2.3678238789256355e-06
  },
  "test_metrics": {
    "nmse": 1.1553735951275147e-10,
    "rmse": 2.3943067901679962e-06
  },
  "timing": {
    "train_states_s": 0.01345229999969888,
    "ridge_select_s": 0.01067950000106066,
    "total_s": 0.04216660000020056
  },
  "timestamp": "2026-04-16T17:26:34.075700+00:00"
}