{
  "sweep_name": "pilot_multitask_mackey_glass",
  "config_id": "5033ae01f908",
  "seed": 42,
  "config_point": {
    "spectral_radius": 0.9,
    "input_scaling": 0.2,
    "leak_rate": 1.0
  },
  "best_ridge": 1e-08,
  "val_curve": {
    "1e-08": 1.914739697119507e-10,
    "1e-06": 4.620646039819051e-09,
    "0.0001": 2.8342512048750576e-07,
    "0.01": 1.6283965154264706e-05,
    "0.1": 8.738570812569991e-05,
    "1.0": 0.00042772870120592855
  },
  "val_metrics": {
    "nmse": 1.914739697119507e-10,
    "rmse": 2.876471652771956e-06
  },
  "test_metrics": {
    "nmse": 1.627739553238248e-10,
    "rmse": 2.841914687657689e-06
  },
  "timing": {
    "train_states_s": 0.013717799998630653,
    "ridge_select_s": 0.011128699999972014,
    "total_s": 0.09683539999969071
  },
  "timestamp": "2026-04-16T17:26:34.025583+00:00"
}