{
  "sweep_name": "pilot_multitask_mackey_glass",
  "config_id": "5dacf2ac3539",
  "seed": 123,
  "config_point": {
    "spectral_radius": 0.7,
    "input_scaling": 0.2,
    "leak_rate": 0.6
  },
  "best_ridge": 1e-08,
  "val_curve": {
    "1e-08": 4.877305456960944e-10,
    "1e-06": 2.7497300354652524e-08,
    "0.0001": 7.852594870312318e-07,
    "0.01": 1.6963214786324184e-05,
    "0.1": 0.00021886336040367784,
    "1.0": 0.0015202830692046267
  },
  "val_metrics": {
    "nmse": 4.877305456960944e-10,
    "rmse": 4.590872225976677e-06
  },
  "test_metrics": {
    "nmse": 4.1702352187918234e-10,
    "rmse": 4.54882107052207e-06
  },
  "timing": {
    "train_states_s": 0.013466000000335043,
    "ridge_select_s": 0.010448200000610086,
    "total_s": 0.04222719999961555
  },
  "timestamp": "2026-04-16T17:26:33.239732+00:00"
}