{
  "sweep_name": "pilot_multitask_mackey_glass",
  "config_id": "72f84ae81d5b",
  "seed": 123,
  "config_point": {
    "spectral_radius": 0.7,
    "input_scaling": 0.1,
    "leak_rate": 0.6
  },
  "best_ridge": 1e-08,
  "val_curve": {
    "1e-08": 1.025901057782699e-09,
    "1e-06": 6.611014700033252e-08,
    "0.0001": 2.781778888687982e-06,
    "0.01": 8.043224791529363e-05,
    "0.1": 0.0008953499726678059,
    "1.0": 0.0016621481540628593
  },
  "val_metrics": {
    "nmse": 1.025901057782699e-09,
    "rmse": 6.658217326986976e-06
  },
  "test_metrics": {
    "nmse": 8.945023423353106e-10,
    "rmse": 6.662071958071604e-06
  },
  "timing": {
    "train_states_s": 0.014075099999899976,
    "ridge_select_s": 0.011145100001158426,
    "total_s": 0.04749240000091959
  },
  "timestamp": "2026-04-16T17:26:32.914211+00:00"
}