{
  "sweep_name": "pilot_multitask_mackey_glass",
  "config_id": "72f84ae81d5b",
  "seed": 456,
  "config_point": {
    "spectral_radius": 0.7,
    "input_scaling": 0.1,
    "leak_rate": 0.6
  },
  "best_ridge": 1e-08,
  "val_curve": {
    "1e-08": 5.403681306593392e-10,
    "1e-06": 4.5055381703521334e-08,
    "0.0001": 2.5099855546820098e-06,
    "0.01": 5.1324947857985784e-05,
    "0.1": 0.000736127766826743,
    "1.0": 0.002036100050708384
  },
  "val_metrics": {
    "nmse": 5.403681306593392e-10,
    "rmse": 4.83225775421504e-06
  },
  "test_metrics": {
    "nmse": 4.908592255618905e-10,
    "rmse": 4.935112498781123e-06
  },
  "timing": {
    "train_states_s": 0.012712900001133676,
    "ridge_select_s": 0.009626300001400523,
    "total_s": 0.04050160000042524
  },
  "timestamp": "2026-04-16T17:26:32.962507+00:00"
}