{
  "sweep_name": "pilot_multitask_mackey_glass",
  "config_id": "9bba7c25d761",
  "seed": 456,
  "config_point": {
    "spectral_radius": 1.1,
    "input_scaling": 0.2,
    "leak_rate": 1.0
  },
  "best_ridge": 1e-08,
  "val_curve": {
    "1e-08": 1.3938170780097163e-07,
    "1e-06": 2.3695882487434592e-07,
    "0.0001": 1.6463165581747276e-06,
    "0.01": 2.1479324632842003e-05,
    "0.1": 6.121338373865659e-05,
    "1.0": 0.0005843105022618823
  },
  "val_metrics": {
    "nmse": 1.3938170780097163e-07,
    "rmse": 7.760829073849322e-05
  },
  "test_metrics": {
    "nmse": 3.230677766784629e-07,
    "rmse": 0.0001266092393593444
  },
  "timing": {
    "train_states_s": 0.013321899999937159,
    "ridge_select_s": 0.010189699998591095,
    "total_s": 0.04452029999993101
  },
  "timestamp": "2026-04-16T17:26:34.769461+00:00"
}