{
  "sweep_name": "pilot_multitask_mackey_glass",
  "config_id": "9bba7c25d761",
  "seed": 123,
  "config_point": {
    "spectral_radius": 1.1,
    "input_scaling": 0.2,
    "leak_rate": 1.0
  },
  "best_ridge": 1e-08,
  "val_curve": {
    "1e-08": 1.054853974284814e-10,
    "1e-06": 5.327267734829278e-09,
    "0.0001": 2.8436647307872294e-07,
    "0.01": 8.61307558355396e-06,
    "0.1": 5.996688381388289e-05,
    "1.0": 0.0005078585453920225
  },
  "val_metrics": {
    "nmse": 1.054853974284814e-10,
    "rmse": 2.135017305321233e-06
  },
  "test_metrics": {
    "nmse": 8.690332606246134e-11,
    "rmse": 2.0765231514275354e-06
  },
  "timing": {
    "train_states_s": 0.013485299999956624,
    "ridge_select_s": 0.009819799999604584,
    "total_s": 0.041001999999934924
  },
  "timestamp": "2026-04-16T17:26:34.716550+00:00"
}