{
  "sweep_name": "pilot_multitask_mackey_glass",
  "config_id": "9c67a6f86fa9",
  "seed": 456,
  "config_point": {
    "spectral_radius": 0.9,
    "input_scaling": 0.1,
    "leak_rate": 0.6
  },
  "best_ridge": 1e-08,
  "val_curve": {
    "1e-08": 3.9676017663832327e-10,
    "1e-06": 1.6933449933776146e-08,
    "0.0001": 6.234457237894909e-07,
    "0.01": 2.5782074159909196e-05,
    "0.1": 0.00030700955103721896,
    "1.0": 0.0024185221359543443
  },
  "val_metrics": {
    "nmse": 3.9676017663832327e-10,
    "rmse": 4.140657085537153e-06
  },
  "test_metrics": {
    "nmse": 3.6988166418355437e-10,
    "rmse": 4.284005104834182e-06
  },
  "timing": {
    "train_states_s": 0.013671400000021094,
    "ridge_select_s": 0.010402400001112255,
    "total_s": 0.043600599999990663
  },
  "timestamp": "2026-04-16T17:26:33.603389+00:00"
}