{
  "sweep_name": "pilot_multitask_mackey_glass",
  "config_id": "9c67a6f86fa9",
  "seed": 42,
  "config_point": {
    "spectral_radius": 0.9,
    "input_scaling": 0.1,
    "leak_rate": 0.6
  },
  "best_ridge": 1e-08,
  "val_curve": {
    "1e-08": 5.991348582712391e-10,
    "1e-06": 2.7645758460059176e-08,
    "0.0001": 1.5885414279878748e-06,
    "0.01": 0.0001084803525532084,
    "0.1": 0.00026477892200019686,
    "1.0": 0.0014211582920615543
  },
  "val_metrics": {
    "nmse": 5.991348582712391e-10,
    "rmse": 5.08823922748424e-06
  },
  "test_metrics": {
    "nmse": 5.083738942962667e-10,
    "rmse": 5.02238728195382e-06
  },
  "timing": {
    "train_states_s": 0.013765100000455277,
    "ridge_select_s": 0.010858999999982188,
    "total_s": 0.043312300000252435
  },
  "timestamp": "2026-04-16T17:26:33.499230+00:00"
}