{
  "sweep_name": "pilot_multitask_mackey_glass",
  "config_id": "9c67a6f86fa9",
  "seed": 123,
  "config_point": {
    "spectral_radius": 0.9,
    "input_scaling": 0.1,
    "leak_rate": 0.6
  },
  "best_ridge": 1e-08,
  "val_curve": {
    "1e-08": 5.303825006132984e-10,
    "1e-06": 2.6133220096985918e-08,
    "0.0001": 1.2052898796244235e-06,
    "0.01": 5.80414036388233e-05,
    "0.1": 0.00030819846965792245,
    "1.0": 0.0028187958159080367
  },
  "val_metrics": {
    "nmse": 5.303825006132984e-10,
    "rmse": 4.787401164367148e-06
  },
  "test_metrics": {
    "nmse": 4.579158627358048e-10,
    "rmse": 4.766629783898003e-06
  },
  "timing": {
    "train_states_s": 0.014855299999908311,
    "ridge_select_s": 0.01081750000048487,
    "total_s": 0.04465819999859377
  },
  "timestamp": "2026-04-16T17:26:33.552052+00:00"
}