{
  "sweep_name": "pilot_multitask_mackey_glass",
  "config_id": "ae031b6366dd",
  "seed": 42,
  "config_point": {
    "spectral_radius": 1.1,
    "input_scaling": 0.1,
    "leak_rate": 1.0
  },
  "best_ridge": 1e-08,
  "val_curve": {
    "1e-08": 4.371851479487179e-08,
    "1e-06": 4.3738807409466374e-07,
    "0.0001": 0.00016396771097600466,
    "0.01": 0.0006107463175777262,
    "0.1": 0.002021351045578293,
    "1.0": 0.006952348863562023
  },
  "val_metrics": {
    "nmse": 4.371851479487179e-08,
    "rmse": 4.346482422451752e-05
  },
  "test_metrics": {
    "nmse": 2.881821647097698e-09,
    "rmse": 1.1957823196529293e-05
  },
  "timing": {
    "train_states_s": 0.013494400000126916,
    "ridge_select_s": 0.010425999998915358,
    "total_s": 0.044626199998674565
  },
  "timestamp": "2026-04-16T17:26:34.339697+00:00"
}