{
  "sweep_name": "pilot_multitask_mackey_glass",
  "config_id": "ae031b6366dd",
  "seed": 123,
  "config_point": {
    "spectral_radius": 1.1,
    "input_scaling": 0.1,
    "leak_rate": 1.0
  },
  "best_ridge": 1e-08,
  "val_curve": {
    "1e-08": 2.9620353293055867e-10,
    "1e-06": 2.2432597830170808e-08,
    "0.0001": 7.589725746284742e-07,
    "0.01": 3.6503728686027594e-05,
    "0.1": 0.000163882089561141,
    "1.0": 0.0010510055943000708
  },
  "val_metrics": {
    "nmse": 2.9620353293055867e-10,
    "rmse": 3.577670540656278e-06
  },
  "test_metrics": {
    "nmse": 2.7380050998233656e-10,
    "rmse": 3.685833428619521e-06
  },
  "timing": {
    "train_states_s": 0.01392159999886644,
    "ridge_select_s": 0.011385699999664212,
    "total_s": 0.043536999999560066
  },
  "timestamp": "2026-04-16T17:26:34.391501+00:00"
}