{
  "sweep_name": "pilot_multitask_mackey_glass",
  "config_id": "ae031b6366dd",
  "seed": 456,
  "config_point": {
    "spectral_radius": 1.1,
    "input_scaling": 0.1,
    "leak_rate": 1.0
  },
  "best_ridge": 1e-08,
  "val_curve": {
    "1e-08": 4.692356303088016e-07,
    "1e-06": 6.188763169190634e-07,
    "0.0001": 2.617493060792854e-06,
    "0.01": 2.187277329236674e-05,
    "0.1": 0.00023059488201359544,
    "1.0": 0.0011162120511895625
  },
  "val_metrics": {
    "nmse": 4.692356303088016e-07,
    "rmse": 0.000142396960317923
  },
  "test_metrics": {
    "nmse": 5.313329538516975e-07,
    "rmse": 0.00016236856568548392
  },
  "timing": {
    "train_states_s": 0.013947899999038782,
    "ridge_select_s": 0.011520699999891804,
    "total_s": 0.04608670000015991
  },
  "timestamp": "2026-04-16T17:26:34.445691+00:00"
}