{
  "sweep_name": "pilot_multitask_mackey_glass",
  "config_id": "aeb751998e63",
  "seed": 123,
  "config_point": {
    "spectral_radius": 0.7,
    "input_scaling": 0.2,
    "leak_rate": 1.0
  },
  "best_ridge": 1e-08,
  "val_curve": {
    "1e-08": 2.989115248214917e-10,
    "1e-06": 1.1099785306428927e-08,
    "0.0001": 4.0483829739062945e-07,
    "0.01": 1.7045818326372875e-05,
    "0.1": 0.00018202481038888808,
    "1.0": 0.0010407921149088093
  },
  "val_metrics": {
    "nmse": 2.989115248214917e-10,
    "rmse": 3.5939874629028197e-06
  },
  "test_metrics": {
    "nmse": 2.488344596170141e-10,
    "rmse": 3.5137741193549855e-06
  },
  "timing": {
    "train_states_s": 0.013733499999943888,
    "ridge_select_s": 0.011330199999065371,
    "total_s": 0.043060300000433926
  },
  "timestamp": "2026-04-16T17:26:33.394489+00:00"
}