{
  "sweep_name": "pilot_multitask_mackey_glass",
  "config_id": "bf8866ab4036",
  "seed": 456,
  "config_point": {
    "spectral_radius": 0.9,
    "input_scaling": 0.2,
    "leak_rate": 0.6
  },
  "best_ridge": 1e-08,
  "val_curve": {
    "1e-08": 1.1911977029649145e-10,
    "1e-06": 7.57463228668613e-09,
    "0.0001": 3.987640842016713e-07,
    "0.01": 1.4052518118764698e-05,
    "0.1": 5.692277206895188e-05,
    "1.0": 0.0008892566777888418
  },
  "val_metrics": {
    "nmse": 1.1911977029649145e-10,
    "rmse": 2.2688048998858663e-06
  },
  "test_metrics": {
    "nmse": 1.1354786374530185e-10,
    "rmse": 2.3736028904211864e-06
  },
  "timing": {
    "train_states_s": 0.012897000000521075,
    "ridge_select_s": 0.010003800000049523,
    "total_s": 0.04141229999913776
  },
  "timestamp": "2026-04-16T17:26:33.921109+00:00"
}