{
  "sweep_name": "region_selection_multitask_v1",
  "config_id": "01667e5bb997",
  "seed": 456,
  "config_point": {
    "spectral_radius": 0.7,
    "input_scaling": 0.4,
    "leak_rate": 0.6
  },
  "mc_total": 10.896368792547582,
  "kmax": 200,
  "timing": {
    "mc_s": 0.04847480000171345
  },
  "timestamp": "2026-04-16T18:24:03.381792+00:00"
}