{
  "sweep_name": "region_selection_multitask_v1",
  "config_id": "01667e5bb997",
  "seed": 1024,
  "config_point": {
    "spectral_radius": 0.7,
    "input_scaling": 0.4,
    "leak_rate": 0.6
  },
  "mc_total": 10.97391564330017,
  "kmax": 200,
  "timing": {
    "mc_s": 0.061192199998913566
  },
  "timestamp": "2026-04-16T18:24:03.571336+00:00"
}