{
  "sweep_name": "region_selection_multitask_v1",
  "config_id": "0292ac89d7b8",
  "seed": 42,
  "config_point": {
    "spectral_radius": 0.9,
    "input_scaling": 0.2,
    "leak_rate": 0.9
  },
  "mc_total": 19.370081979156545,
  "kmax": 200,
  "timing": {
    "mc_s": 0.06313500000032946
  },
  "timestamp": "2026-04-16T18:24:27.191627+00:00"
}