{
  "sweep_name": "region_selection_multitask_v1",
  "config_id": "0292ac89d7b8",
  "seed": 789,
  "config_point": {
    "spectral_radius": 0.9,
    "input_scaling": 0.2,
    "leak_rate": 0.9
  },
  "mc_total": 18.90220202832339,
  "kmax": 200,
  "timing": {
    "mc_s": 0.054727399998228066
  },
  "timestamp": "2026-04-16T18:24:27.413110+00:00"
}