{
  "sweep_name": "region_selection_multitask_v1",
  "config_id": "036ddab9716a",
  "seed": 1024,
  "config_point": {
    "spectral_radius": 0.8,
    "input_scaling": 0.3,
    "leak_rate": 0.8
  },
  "mc_total": 14.435996847970603,
  "kmax": 200,
  "timing": {
    "mc_s": 0.06327819999933126
  },
  "timestamp": "2026-04-16T18:24:15.729290+00:00"
}