{
  "sweep_name": "region_selection_multitask_v1",
  "config_id": "036ddab9716a",
  "seed": 42,
  "config_point": {
    "spectral_radius": 0.8,
    "input_scaling": 0.3,
    "leak_rate": 0.8
  },
  "mc_total": 14.746712794396606,
  "kmax": 200,
  "timing": {
    "mc_s": 0.05704180000248016
  },
  "timestamp": "2026-04-16T18:24:15.441443+00:00"
}