{
  "sweep_name": "region_selection_multitask_v1",
  "config_id": "036ddab9716a",
  "seed": 123,
  "config_point": {
    "spectral_radius": 0.8,
    "input_scaling": 0.3,
    "leak_rate": 0.8
  },
  "mc_total": 14.591045384966959,
  "kmax": 200,
  "timing": {
    "mc_s": 0.08155700000133947
  },
  "timestamp": "2026-04-16T18:24:15.531104+00:00"
}