{
  "sweep_name": "region_selection_multitask_v1",
  "config_id": "0421b10f715a",
  "seed": 789,
  "config_point": {
    "spectral_radius": 1.1,
    "input_scaling": 0.3,
    "leak_rate": 0.5
  },
  "mc_total": 12.377895246257856,
  "kmax": 200,
  "timing": {
    "mc_s": 0.047514600002614316
  },
  "timestamp": "2026-04-16T18:24:55.159460+00:00"
}