{
  "sweep_name": "region_selection_multitask_v1",
  "config_id": "0421b10f715a",
  "seed": 456,
  "config_point": {
    "spectral_radius": 1.1,
    "input_scaling": 0.3,
    "leak_rate": 0.5
  },
  "mc_total": 13.495312077956152,
  "kmax": 200,
  "timing": {
    "mc_s": 0.0505857999996806
  },
  "timestamp": "2026-04-16T18:24:55.105093+00:00"
}