{
  "sweep_name": "region_selection_multitask_v1",
  "config_id": "04cd2014c754",
  "seed": 1024,
  "config_point": {
    "spectral_radius": 0.7,
    "input_scaling": 0.3,
    "leak_rate": 0.6
  },
  "mc_total": 11.375100936560784,
  "kmax": 200,
  "timing": {
    "mc_s": 0.08185810000213678
  },
  "timestamp": "2026-04-16T18:24:01.244951+00:00"
}