{
  "sweep_name": "region_selection_multitask_v1",
  "config_id": "097547e9077d",
  "seed": 42,
  "config_point": {
    "spectral_radius": 0.9,
    "input_scaling": 0.1,
    "leak_rate": 0.8
  },
  "mc_total": 20.599553798090213,
  "kmax": 200,
  "timing": {
    "mc_s": 0.06329120000009425
  },
  "timestamp": "2026-04-16T18:24:22.261140+00:00"
}