{
  "sweep_name": "region_selection_multitask_v1",
  "config_id": "097547e9077d",
  "seed": 1024,
  "config_point": {
    "spectral_radius": 0.9,
    "input_scaling": 0.1,
    "leak_rate": 0.8
  },
  "mc_total": 21.060635282783856,
  "kmax": 200,
  "timing": {
    "mc_s": 0.05231460000140942
  },
  "timestamp": "2026-04-16T18:24:22.534969+00:00"
}