{
  "sweep_name": "region_selection_multitask_v1",
  "config_id": "0a746aa19511",
  "seed": 1024,
  "config_point": {
    "spectral_radius": 0.7,
    "input_scaling": 0.15,
    "leak_rate": 0.5
  },
  "mc_total": 10.977585398714352,
  "kmax": 200,
  "timing": {
    "mc_s": 0.12498979999872972
  },
  "timestamp": "2026-04-16T18:23:56.237536+00:00"
}