{
  "sweep_name": "region_selection_multitask_v1",
  "config_id": "0ba5d3b2b52c",
  "seed": 42,
  "config_point": {
    "spectral_radius": 0.6,
    "input_scaling": 0.2,
    "leak_rate": 0.9
  },
  "mc_total": 13.213831519264975,
  "kmax": 200,
  "timing": {
    "mc_s": 0.06795839999904274
  },
  "timestamp": "2026-04-16T18:23:45.831528+00:00"
}