{
  "sweep_name": "region_selection_multitask_v1",
  "config_id": "0bc9dac62c1c",
  "seed": 456,
  "config_point": {
    "spectral_radius": 0.7,
    "input_scaling": 0.4,
    "leak_rate": 0.7
  },
  "mc_total": 11.523030220502218,
  "kmax": 200,
  "timing": {
    "mc_s": 0.0837093999980425
  },
  "timestamp": "2026-04-16T18:24:03.824528+00:00"
}