{
  "sweep_name": "region_selection_multitask_v1",
  "config_id": "0bc9dac62c1c",
  "seed": 123,
  "config_point": {
    "spectral_radius": 0.7,
    "input_scaling": 0.4,
    "leak_rate": 0.7
  },
  "mc_total": 11.79726377456853,
  "kmax": 200,
  "timing": {
    "mc_s": 0.05251990000033402
  },
  "timestamp": "2026-04-16T18:24:03.730211+00:00"
}