{
  "sweep_name": "region_selection_multitask_v1",
  "config_id": "0f39b85583a2",
  "seed": 1024,
  "config_point": {
    "spectral_radius": 0.9,
    "input_scaling": 0.1,
    "leak_rate": 0.7
  },
  "mc_total": 18.71837354404722,
  "kmax": 200,
  "timing": {
    "mc_s": 0.059029399999417365
  },
  "timestamp": "2026-04-16T18:24:22.188560+00:00"
}