{
  "sweep_name": "region_selection_multitask_v1",
  "config_id": "0f39b85583a2",
  "seed": 456,
  "config_point": {
    "spectral_radius": 0.9,
    "input_scaling": 0.1,
    "leak_rate": 0.7
  },
  "mc_total": 19.119018385821754,
  "kmax": 200,
  "timing": {
    "mc_s": 0.048734500000136904
  },
  "timestamp": "2026-04-16T18:24:22.053489+00:00"
}