{
  "sweep_name": "region_selection_multitask_v1",
  "config_id": "0f39b85583a2",
  "seed": 789,
  "config_point": {
    "spectral_radius": 0.9,
    "input_scaling": 0.1,
    "leak_rate": 0.7
  },
  "mc_total": 18.18845753760008,
  "kmax": 200,
  "timing": {
    "mc_s": 0.06524410000201897
  },
  "timestamp": "2026-04-16T18:24:22.125568+00:00"
}