{
  "sweep_name": "region_selection_multitask_v1",
  "config_id": "0f7757481bd5",
  "seed": 123,
  "config_point": {
    "spectral_radius": 0.6,
    "input_scaling": 0.1,
    "leak_rate": 0.6
  },
  "mc_total": 9.764873917747,
  "kmax": 200,
  "timing": {
    "mc_s": 0.06926210000165156
  },
  "timestamp": "2026-04-16T18:23:40.177016+00:00"
}