{
  "sweep_name": "region_selection_multitask_v1",
  "config_id": "0f7757481bd5",
  "seed": 789,
  "config_point": {
    "spectral_radius": 0.6,
    "input_scaling": 0.1,
    "leak_rate": 0.6
  },
  "mc_total": 10.048580225366136,
  "kmax": 200,
  "timing": {
    "mc_s": 0.07816259999890462
  },
  "timestamp": "2026-04-16T18:23:40.317804+00:00"
}