{
  "sweep_name": "region_selection_multitask_v1",
  "config_id": "129fe242d561",
  "seed": 789,
  "config_point": {
    "spectral_radius": 0.9,
    "input_scaling": 0.1,
    "leak_rate": 1.0
  },
  "mc_total": 25.815329809811395,
  "kmax": 200,
  "timing": {
    "mc_s": 0.08670859999983804
  },
  "timestamp": "2026-04-16T18:24:23.246341+00:00"
}