{
  "sweep_name": "region_selection_multitask_v1",
  "config_id": "129fe242d561",
  "seed": 456,
  "config_point": {
    "spectral_radius": 0.9,
    "input_scaling": 0.1,
    "leak_rate": 1.0
  },
  "mc_total": 27.091640731000442,
  "kmax": 200,
  "timing": {
    "mc_s": 0.049277299996902
  },
  "timestamp": "2026-04-16T18:24:23.151279+00:00"
}