{
  "sweep_name": "region_selection_multitask_v1",
  "config_id": "139f2a03ac16",
  "seed": 456,
  "config_point": {
    "spectral_radius": 1.0,
    "input_scaling": 0.3,
    "leak_rate": 0.5
  },
  "mc_total": 13.588842716547344,
  "kmax": 200,
  "timing": {
    "mc_s": 0.08558280000215746
  },
  "timestamp": "2026-04-16T18:24:41.571439+00:00"
}