{
  "sweep_name": "region_selection_multitask_v1",
  "config_id": "156850c8e8b6",
  "seed": 123,
  "config_point": {
    "spectral_radius": 0.7,
    "input_scaling": 0.15,
    "leak_rate": 0.6
  },
  "mc_total": 11.69057121936474,
  "kmax": 200,
  "timing": {
    "mc_s": 0.07709070000055362
  },
  "timestamp": "2026-04-16T18:23:56.379547+00:00"
}