{
  "sweep_name": "region_selection_multitask_v1",
  "config_id": "15c44783ca07",
  "seed": 42,
  "config_point": {
    "spectral_radius": 0.8,
    "input_scaling": 0.05,
    "leak_rate": 0.6
  },
  "mc_total": 14.671866533115585,
  "kmax": 200,
  "timing": {
    "mc_s": 0.10927269999956479
  },
  "timestamp": "2026-04-16T18:24:05.688686+00:00"
}