{
  "sweep_name": "region_selection_multitask_v1",
  "config_id": "15d61a684a93",
  "seed": 42,
  "config_point": {
    "spectral_radius": 0.7,
    "input_scaling": 0.2,
    "leak_rate": 0.8
  },
  "mc_total": 14.131590646760044,
  "kmax": 200,
  "timing": {
    "mc_s": 0.07449199999973644
  },
  "timestamp": "2026-04-16T18:23:59.401671+00:00"
}