{
  "sweep_name": "region_selection_multitask_v1",
  "config_id": "15d61a684a93",
  "seed": 456,
  "config_point": {
    "spectral_radius": 0.7,
    "input_scaling": 0.2,
    "leak_rate": 0.8
  },
  "mc_total": 14.234547313571108,
  "kmax": 200,
  "timing": {
    "mc_s": 0.056994499998836545
  },
  "timestamp": "2026-04-16T18:23:59.574514+00:00"
}