{
  "sweep_name": "region_selection_multitask_v1",
  "config_id": "15d61a684a93",
  "seed": 789,
  "config_point": {
    "spectral_radius": 0.7,
    "input_scaling": 0.2,
    "leak_rate": 0.8
  },
  "mc_total": 13.78232976999616,
  "kmax": 200,
  "timing": {
    "mc_s": 0.05970349999915925
  },
  "timestamp": "2026-04-16T18:23:59.638883+00:00"
}