{
  "sweep_name": "region_selection_multitask_v1",
  "config_id": "15dc672d4001",
  "seed": 42,
  "config_point": {
    "spectral_radius": 0.6,
    "input_scaling": 0.15,
    "leak_rate": 0.5
  },
  "mc_total": 10.058679313483927,
  "kmax": 200,
  "timing": {
    "mc_s": 0.06631470000138506
  },
  "timestamp": "2026-04-16T18:23:41.974008+00:00"
}