{
  "sweep_name": "region_selection_multitask_v1",
  "config_id": "15dc672d4001",
  "seed": 123,
  "config_point": {
    "spectral_radius": 0.6,
    "input_scaling": 0.15,
    "leak_rate": 0.5
  },
  "mc_total": 9.212298218777033,
  "kmax": 200,
  "timing": {
    "mc_s": 0.062154999999620486
  },
  "timestamp": "2026-04-16T18:23:42.042985+00:00"
}