{
  "sweep_name": "region_selection_multitask_v1",
  "config_id": "16217e21e3f8",
  "seed": 456,
  "config_point": {
    "spectral_radius": 0.9,
    "input_scaling": 0.05,
    "leak_rate": 0.9
  },
  "mc_total": 26.575245430053457,
  "kmax": 200,
  "timing": {
    "mc_s": 0.04698809999899822
  },
  "timestamp": "2026-04-16T18:24:20.400473+00:00"
}