{
  "sweep_name": "region_selection_multitask_v1",
  "config_id": "16407e9d8131",
  "seed": 123,
  "config_point": {
    "spectral_radius": 1.1,
    "input_scaling": 0.4,
    "leak_rate": 1.0
  },
  "mc_total": 19.859746518713198,
  "kmax": 200,
  "timing": {
    "mc_s": 0.04665979999845149
  },
  "timestamp": "2026-04-16T18:24:59.097175+00:00"
}