{
  "sweep_name": "region_selection_multitask_v1",
  "config_id": "16407e9d8131",
  "seed": 456,
  "config_point": {
    "spectral_radius": 1.1,
    "input_scaling": 0.4,
    "leak_rate": 1.0
  },
  "mc_total": 17.656654056220564,
  "kmax": 200,
  "timing": {
    "mc_s": 0.04661570000098436
  },
  "timestamp": "2026-04-16T18:24:59.153204+00:00"
}