{
  "sweep_name": "region_selection_multitask_v1",
  "config_id": "1a7e4f42f613",
  "seed": 42,
  "config_point": {
    "spectral_radius": 0.9,
    "input_scaling": 0.05,
    "leak_rate": 0.5
  },
  "mc_total": 17.419583564730726,
  "kmax": 200,
  "timing": {
    "mc_s": 0.07004629999937606
  },
  "timestamp": "2026-04-16T18:24:18.891497+00:00"
}