{
  "sweep_name": "region_selection_multitask_v1",
  "config_id": "1a7e4f42f613",
  "seed": 1024,
  "config_point": {
    "spectral_radius": 0.9,
    "input_scaling": 0.05,
    "leak_rate": 0.5
  },
  "mc_total": 15.17421232791691,
  "kmax": 200,
  "timing": {
    "mc_s": 0.050355799998214934
  },
  "timestamp": "2026-04-16T18:24:19.138961+00:00"
}