{
  "sweep_name": "region_selection_multitask_v1",
  "config_id": "1aa27eda48ff",
  "seed": 123,
  "config_point": {
    "spectral_radius": 0.7,
    "input_scaling": 0.15,
    "leak_rate": 0.8
  },
  "mc_total": 14.084507518874458,
  "kmax": 200,
  "timing": {
    "mc_s": 0.0657046000014816
  },
  "timestamp": "2026-04-16T18:23:57.154517+00:00"
}