{
  "sweep_name": "region_selection_multitask_v1",
  "config_id": "1aa27eda48ff",
  "seed": 42,
  "config_point": {
    "spectral_radius": 0.7,
    "input_scaling": 0.15,
    "leak_rate": 0.8
  },
  "mc_total": 14.400086016927714,
  "kmax": 200,
  "timing": {
    "mc_s": 0.08322359999874607
  },
  "timestamp": "2026-04-16T18:23:57.083513+00:00"
}