{
  "sweep_name": "region_selection_multitask_v1",
  "config_id": "1aa27eda48ff",
  "seed": 1024,
  "config_point": {
    "spectral_radius": 0.7,
    "input_scaling": 0.15,
    "leak_rate": 0.8
  },
  "mc_total": 14.025012560150723,
  "kmax": 200,
  "timing": {
    "mc_s": 0.07107600000017555
  },
  "timestamp": "2026-04-16T18:23:57.375393+00:00"
}