{
  "sweep_name": "region_selection_multitask_v1",
  "config_id": "1aa88b85cacc",
  "seed": 42,
  "config_point": {
    "spectral_radius": 0.6,
    "input_scaling": 0.1,
    "leak_rate": 1.0
  },
  "mc_total": 15.21656615015972,
  "kmax": 200,
  "timing": {
    "mc_s": 0.0533980000000156
  },
  "timestamp": "2026-04-16T18:23:41.615900+00:00"
}