{
  "sweep_name": "region_selection_multitask_v1",
  "config_id": "1aa88b85cacc",
  "seed": 123,
  "config_point": {
    "spectral_radius": 0.6,
    "input_scaling": 0.1,
    "leak_rate": 1.0
  },
  "mc_total": 15.31075345065178,
  "kmax": 200,
  "timing": {
    "mc_s": 0.05985350000264589
  },
  "timestamp": "2026-04-16T18:23:41.680983+00:00"
}