{
  "sweep_name": "region_selection_multitask_v1",
  "config_id": "1aa88b85cacc",
  "seed": 1024,
  "config_point": {
    "spectral_radius": 0.6,
    "input_scaling": 0.1,
    "leak_rate": 1.0
  },
  "mc_total": 14.844483147866553,
  "kmax": 200,
  "timing": {
    "mc_s": 0.07309419999728561
  },
  "timestamp": "2026-04-16T18:23:41.901081+00:00"
}