{
  "sweep_name": "region_selection_multitask_v1",
  "config_id": "1aa88b85cacc",
  "seed": 456,
  "config_point": {
    "spectral_radius": 0.6,
    "input_scaling": 0.1,
    "leak_rate": 1.0
  },
  "mc_total": 16.10025868130914,
  "kmax": 200,
  "timing": {
    "mc_s": 0.06535310000253958
  },
  "timestamp": "2026-04-16T18:23:41.759570+00:00"
}