{
  "sweep_name": "region_selection_multitask_v1",
  "config_id": "1af9a7301069",
  "seed": 789,
  "config_point": {
    "spectral_radius": 0.7,
    "input_scaling": 0.4,
    "leak_rate": 0.5
  },
  "mc_total": 10.354256888586892,
  "kmax": 200,
  "timing": {
    "mc_s": 0.07830660000036005
  },
  "timestamp": "2026-04-16T18:24:03.043059+00:00"
}