{
  "sweep_name": "region_selection_multitask_v1",
  "config_id": "1b0a13327b42",
  "seed": 789,
  "config_point": {
    "spectral_radius": 0.9,
    "input_scaling": 0.15,
    "leak_rate": 0.6
  },
  "mc_total": 16.05508667012207,
  "kmax": 200,
  "timing": {
    "mc_s": 0.048780400000396185
  },
  "timestamp": "2026-04-16T18:24:23.958399+00:00"
}