{
  "sweep_name": "region_selection_multitask_v1",
  "config_id": "1b0a13327b42",
  "seed": 1024,
  "config_point": {
    "spectral_radius": 0.9,
    "input_scaling": 0.15,
    "leak_rate": 0.6
  },
  "mc_total": 16.277579197732155,
  "kmax": 200,
  "timing": {
    "mc_s": 0.12039329999970505
  },
  "timestamp": "2026-04-16T18:24:24.086227+00:00"
}