{
  "sweep_name": "region_selection_multitask_v1",
  "config_id": "1b1ae801a319",
  "seed": 123,
  "config_point": {
    "spectral_radius": 0.8,
    "input_scaling": 0.4,
    "leak_rate": 0.6
  },
  "mc_total": 12.14900531655109,
  "kmax": 200,
  "timing": {
    "mc_s": 0.0816748999968695
  },
  "timestamp": "2026-04-16T18:24:17.006135+00:00"
}