{
  "sweep_name": "region_selection_multitask_v1",
  "config_id": "1b1ae801a319",
  "seed": 1024,
  "config_point": {
    "spectral_radius": 0.8,
    "input_scaling": 0.4,
    "leak_rate": 0.6
  },
  "mc_total": 12.069402488641725,
  "kmax": 200,
  "timing": {
    "mc_s": 0.08827549999841722
  },
  "timestamp": "2026-04-16T18:24:17.227585+00:00"
}