{
  "sweep_name": "region_selection_multitask_v1",
  "config_id": "20d37f6f5acf",
  "seed": 1024,
  "config_point": {
    "spectral_radius": 0.9,
    "input_scaling": 0.2,
    "leak_rate": 0.7
  },
  "mc_total": 16.660859478021198,
  "kmax": 200,
  "timing": {
    "mc_s": 0.08051440000053844
  },
  "timestamp": "2026-04-16T18:24:26.717133+00:00"
}