{
  "sweep_name": "region_selection_multitask_v1",
  "config_id": "228f44594510",
  "seed": 123,
  "config_point": {
    "spectral_radius": 1.1,
    "input_scaling": 0.2,
    "leak_rate": 0.5
  },
  "mc_total": 15.193826390787992,
  "kmax": 200,
  "timing": {
    "mc_s": 0.07200600000214763
  },
  "timestamp": "2026-04-16T18:24:52.884858+00:00"
}