{
  "sweep_name": "region_selection_multitask_v1",
  "config_id": "228f44594510",
  "seed": 456,
  "config_point": {
    "spectral_radius": 1.1,
    "input_scaling": 0.2,
    "leak_rate": 0.5
  },
  "mc_total": 15.025132748937995,
  "kmax": 200,
  "timing": {
    "mc_s": 0.05296579999776441
  },
  "timestamp": "2026-04-16T18:24:52.947834+00:00"
}