{
  "sweep_name": "region_selection_multitask_v1",
  "config_id": "243378fb693a",
  "seed": 789,
  "config_point": {
    "spectral_radius": 0.7,
    "input_scaling": 0.05,
    "leak_rate": 1.0
  },
  "mc_total": 19.063015024326777,
  "kmax": 200,
  "timing": {
    "mc_s": 0.05533600000126171
  },
  "timestamp": "2026-04-16T18:23:53.323966+00:00"
}