{
  "sweep_name": "region_selection_multitask_v1",
  "config_id": "243378fb693a",
  "seed": 123,
  "config_point": {
    "spectral_radius": 0.7,
    "input_scaling": 0.05,
    "leak_rate": 1.0
  },
  "mc_total": 19.135580867177204,
  "kmax": 200,
  "timing": {
    "mc_s": 0.08531369999764138
  },
  "timestamp": "2026-04-16T18:23:53.197620+00:00"
}