{
  "sweep_name": "region_selection_multitask_v1",
  "config_id": "25bd86eebe2f",
  "seed": 456,
  "config_point": {
    "spectral_radius": 0.6,
    "input_scaling": 0.1,
    "leak_rate": 0.7
  },
  "mc_total": 11.490548574567303,
  "kmax": 200,
  "timing": {
    "mc_s": 0.049644499998976244
  },
  "timestamp": "2026-04-16T18:23:40.599513+00:00"
}