{
  "sweep_name": "region_selection_multitask_v1",
  "config_id": "25bd86eebe2f",
  "seed": 123,
  "config_point": {
    "spectral_radius": 0.6,
    "input_scaling": 0.1,
    "leak_rate": 0.7
  },
  "mc_total": 10.7066121912497,
  "kmax": 200,
  "timing": {
    "mc_s": 0.06373840000014752
  },
  "timestamp": "2026-04-16T18:23:40.543797+00:00"
}