{
  "sweep_name": "region_selection_multitask_v1",
  "config_id": "25de579150b8",
  "seed": 456,
  "config_point": {
    "spectral_radius": 0.7,
    "input_scaling": 0.1,
    "leak_rate": 1.0
  },
  "mc_total": 19.777156521883914,
  "kmax": 200,
  "timing": {
    "mc_s": 0.1014988999995694
  },
  "timestamp": "2026-04-16T18:23:55.664131+00:00"
}