{
  "sweep_name": "region_selection_multitask_v1",
  "config_id": "25de579150b8",
  "seed": 1024,
  "config_point": {
    "spectral_radius": 0.7,
    "input_scaling": 0.1,
    "leak_rate": 1.0
  },
  "mc_total": 18.80958004789155,
  "kmax": 200,
  "timing": {
    "mc_s": 0.08766459999969811
  },
  "timestamp": "2026-04-16T18:23:55.824008+00:00"
}