{
  "sweep_name": "region_selection_multitask_v1",
  "config_id": "25de579150b8",
  "seed": 123,
  "config_point": {
    "spectral_radius": 0.7,
    "input_scaling": 0.1,
    "leak_rate": 1.0
  },
  "mc_total": 18.575811413263455,
  "kmax": 200,
  "timing": {
    "mc_s": 0.0568846999995003
  },
  "timestamp": "2026-04-16T18:23:55.555887+00:00"
}