{
  "sweep_name": "region_selection_multitask_v1",
  "config_id": "26e138b087c3",
  "seed": 456,
  "config_point": {
    "spectral_radius": 0.7,
    "input_scaling": 0.1,
    "leak_rate": 0.9
  },
  "mc_total": 17.126240990777255,
  "kmax": 200,
  "timing": {
    "mc_s": 0.05493149999892921
  },
  "timestamp": "2026-04-16T18:23:55.208853+00:00"
}