{
  "sweep_name": "region_selection_multitask_v1",
  "config_id": "26e138b087c3",
  "seed": 42,
  "config_point": {
    "spectral_radius": 0.7,
    "input_scaling": 0.1,
    "leak_rate": 0.9
  },
  "mc_total": 16.166619994502238,
  "kmax": 200,
  "timing": {
    "mc_s": 0.058840600002440624
  },
  "timestamp": "2026-04-16T18:23:55.052200+00:00"
}