{
  "sweep_name": "region_selection_multitask_v1",
  "config_id": "26e138b087c3",
  "seed": 789,
  "config_point": {
    "spectral_radius": 0.7,
    "input_scaling": 0.1,
    "leak_rate": 0.9
  },
  "mc_total": 16.050129229130558,
  "kmax": 200,
  "timing": {
    "mc_s": 0.05608779999965918
  },
  "timestamp": "2026-04-16T18:23:55.271770+00:00"
}