{
  "sweep_name": "region_selection_multitask_v1",
  "config_id": "26e138b087c3",
  "seed": 123,
  "config_point": {
    "spectral_radius": 0.7,
    "input_scaling": 0.1,
    "leak_rate": 0.9
  },
  "mc_total": 16.146341368682315,
  "kmax": 200,
  "timing": {
    "mc_s": 0.08472540000002482
  },
  "timestamp": "2026-04-16T18:23:55.144304+00:00"
}