{
  "sweep_name": "region_selection_multitask_v1",
  "config_id": "28ab2bffee5c",
  "seed": 1024,
  "config_point": {
    "spectral_radius": 1.0,
    "input_scaling": 0.1,
    "leak_rate": 0.5
  },
  "mc_total": 18.38217788952251,
  "kmax": 200,
  "timing": {
    "mc_s": 0.08899860000019544
  },
  "timestamp": "2026-04-16T18:24:34.971487+00:00"
}