{
  "sweep_name": "region_selection_multitask_v1",
  "config_id": "28ab2bffee5c",
  "seed": 789,
  "config_point": {
    "spectral_radius": 1.0,
    "input_scaling": 0.1,
    "leak_rate": 0.5
  },
  "mc_total": 16.9279815096576,
  "kmax": 200,
  "timing": {
    "mc_s": 0.05731519999972079
  },
  "timestamp": "2026-04-16T18:24:34.876367+00:00"
}