{
  "sweep_name": "region_selection_multitask_v1",
  "config_id": "2b6b533a6eee",
  "seed": 123,
  "config_point": {
    "spectral_radius": 0.7,
    "input_scaling": 0.05,
    "leak_rate": 0.8
  },
  "mc_total": 13.907808647816674,
  "kmax": 200,
  "timing": {
    "mc_s": 0.08054699999775039
  },
  "timestamp": "2026-04-16T18:23:52.440074+00:00"
}