{
  "sweep_name": "region_selection_multitask_v1",
  "config_id": "2b6b533a6eee",
  "seed": 789,
  "config_point": {
    "spectral_radius": 0.7,
    "input_scaling": 0.05,
    "leak_rate": 0.8
  },
  "mc_total": 13.979247443068608,
  "kmax": 200,
  "timing": {
    "mc_s": 0.07521860000269953
  },
  "timestamp": "2026-04-16T18:23:52.582971+00:00"
}