{
  "sweep_name": "region_selection_multitask_v1",
  "config_id": "2d1d46a68d05",
  "seed": 456,
  "config_point": {
    "spectral_radius": 1.1,
    "input_scaling": 0.15,
    "leak_rate": 0.5
  },
  "mc_total": 16.02184381617082,
  "kmax": 200,
  "timing": {
    "mc_s": 0.12308200000188663
  },
  "timestamp": "2026-04-16T18:24:50.764376+00:00"
}