{
  "sweep_name": "region_selection_multitask_v1",
  "config_id": "2d1d46a68d05",
  "seed": 42,
  "config_point": {
    "spectral_radius": 1.1,
    "input_scaling": 0.15,
    "leak_rate": 0.5
  },
  "mc_total": 11.923697856639556,
  "kmax": 200,
  "timing": {
    "mc_s": 0.07351659999767435
  },
  "timestamp": "2026-04-16T18:24:50.578904+00:00"
}