{
  "sweep_name": "region_selection_multitask_v1",
  "config_id": "2d382bf713db",
  "seed": 456,
  "config_point": {
    "spectral_radius": 0.7,
    "input_scaling": 0.4,
    "leak_rate": 0.8
  },
  "mc_total": 12.239352650951604,
  "kmax": 200,
  "timing": {
    "mc_s": 0.05486450000171317
  },
  "timestamp": "2026-04-16T18:24:04.202107+00:00"
}