{
  "sweep_name": "region_selection_multitask_v1",
  "config_id": "2d382bf713db",
  "seed": 42,
  "config_point": {
    "spectral_radius": 0.7,
    "input_scaling": 0.4,
    "leak_rate": 0.8
  },
  "mc_total": 12.700082444288677,
  "kmax": 200,
  "timing": {
    "mc_s": 0.06287589999919874
  },
  "timestamp": "2026-04-16T18:24:04.064553+00:00"
}