{
  "sweep_name": "region_selection_multitask_v1",
  "config_id": "2d6414c08afe",
  "seed": 42,
  "config_point": {
    "spectral_radius": 1.0,
    "input_scaling": 0.1,
    "leak_rate": 0.8
  },
  "mc_total": 20.510515539165812,
  "kmax": 200,
  "timing": {
    "mc_s": 0.08991830000013579
  },
  "timestamp": "2026-04-16T18:24:35.812322+00:00"
}