{
  "sweep_name": "region_selection_multitask_v1",
  "config_id": "2e460f1e65c7",
  "seed": 42,
  "config_point": {
    "spectral_radius": 1.0,
    "input_scaling": 0.05,
    "leak_rate": 0.9
  },
  "mc_total": 26.681627948770068,
  "kmax": 200,
  "timing": {
    "mc_s": 0.05875789999845438
  },
  "timestamp": "2026-04-16T18:24:33.869458+00:00"
}