{
  "sweep_name": "region_selection_multitask_v1",
  "config_id": "2e8562f7a417",
  "seed": 456,
  "config_point": {
    "spectral_radius": 0.8,
    "input_scaling": 0.15,
    "leak_rate": 0.7
  },
  "mc_total": 15.761867873502219,
  "kmax": 200,
  "timing": {
    "mc_s": 0.08687930000087363
  },
  "timestamp": "2026-04-16T18:24:10.754867+00:00"
}