{
  "sweep_name": "region_selection_multitask_v1",
  "config_id": "3027d42332fd",
  "seed": 123,
  "config_point": {
    "spectral_radius": 0.6,
    "input_scaling": 0.05,
    "leak_rate": 0.5
  },
  "mc_total": 8.504916286797057,
  "kmax": 200,
  "timing": {
    "mc_s": 0.12567050000143354
  },
  "timestamp": "2026-04-16T18:23:37.473825+00:00"
}