{
  "sweep_name": "region_selection_multitask_v1",
  "config_id": "3027d42332fd",
  "seed": 456,
  "config_point": {
    "spectral_radius": 0.6,
    "input_scaling": 0.05,
    "leak_rate": 0.5
  },
  "mc_total": 9.089008208928679,
  "kmax": 200,
  "timing": {
    "mc_s": 0.048318000001017936
  },
  "timestamp": "2026-04-16T18:23:37.530516+00:00"
}