{
  "sweep_name": "region_selection_multitask_v1",
  "config_id": "3027d42332fd",
  "seed": 789,
  "config_point": {
    "spectral_radius": 0.6,
    "input_scaling": 0.05,
    "leak_rate": 0.5
  },
  "mc_total": 8.981138687152681,
  "kmax": 200,
  "timing": {
    "mc_s": 0.0485039000013785
  },
  "timestamp": "2026-04-16T18:23:37.588292+00:00"
}