{
  "sweep_name": "region_selection_multitask_v1",
  "config_id": "3027d42332fd",
  "seed": 1024,
  "config_point": {
    "spectral_radius": 0.6,
    "input_scaling": 0.05,
    "leak_rate": 0.5
  },
  "mc_total": 8.463074985629026,
  "kmax": 200,
  "timing": {
    "mc_s": 0.0814146000011533
  },
  "timestamp": "2026-04-16T18:23:37.673505+00:00"
}