{
  "sweep_name": "region_selection_multitask_v1",
  "config_id": "30b7fd6f1fe3",
  "seed": 42,
  "config_point": {
    "spectral_radius": 1.0,
    "input_scaling": 0.2,
    "leak_rate": 0.5
  },
  "mc_total": 14.841301181365779,
  "kmax": 200,
  "timing": {
    "mc_s": 0.064228400002321
  },
  "timestamp": "2026-04-16T18:24:39.168674+00:00"
}