{
  "sweep_name": "region_selection_multitask_v1",
  "config_id": "30b7fd6f1fe3",
  "seed": 1024,
  "config_point": {
    "spectral_radius": 1.0,
    "input_scaling": 0.2,
    "leak_rate": 0.5
  },
  "mc_total": 16.549993206197033,
  "kmax": 200,
  "timing": {
    "mc_s": 0.08190299999841955
  },
  "timestamp": "2026-04-16T18:24:39.442510+00:00"
}