{
  "sweep_name": "region_selection_multitask_v1",
  "config_id": "31ed3fdf679f",
  "seed": 456,
  "config_point": {
    "spectral_radius": 1.0,
    "input_scaling": 0.05,
    "leak_rate": 0.8
  },
  "mc_total": 26.098237095836954,
  "kmax": 200,
  "timing": {
    "mc_s": 0.08115050000196788
  },
  "timestamp": "2026-04-16T18:24:33.658755+00:00"
}