{
  "sweep_name": "region_selection_multitask_v1",
  "config_id": "31ed3fdf679f",
  "seed": 42,
  "config_point": {
    "spectral_radius": 1.0,
    "input_scaling": 0.05,
    "leak_rate": 0.8
  },
  "mc_total": 22.824405187590326,
  "kmax": 200,
  "timing": {
    "mc_s": 0.06340350000027684
  },
  "timestamp": "2026-04-16T18:24:33.492696+00:00"
}