{
  "sweep_name": "region_selection_multitask_v1",
  "config_id": "3810619288b7",
  "seed": 123,
  "config_point": {
    "spectral_radius": 1.0,
    "input_scaling": 0.15,
    "leak_rate": 0.5
  },
  "mc_total": 16.27007554857973,
  "kmax": 200,
  "timing": {
    "mc_s": 0.06426270000156364
  },
  "timestamp": "2026-04-16T18:24:36.939874+00:00"
}