{
  "sweep_name": "region_selection_multitask_v1",
  "config_id": "3810619288b7",
  "seed": 456,
  "config_point": {
    "spectral_radius": 1.0,
    "input_scaling": 0.15,
    "leak_rate": 0.5
  },
  "mc_total": 16.432887830855023,
  "kmax": 200,
  "timing": {
    "mc_s": 0.06151080000199727
  },
  "timestamp": "2026-04-16T18:24:37.009794+00:00"
}