{
  "sweep_name": "region_selection_multitask_v1",
  "config_id": "3d29e97f411f",
  "seed": 1024,
  "config_point": {
    "spectral_radius": 0.9,
    "input_scaling": 0.05,
    "leak_rate": 1.0
  },
  "mc_total": 30.56214077386585,
  "kmax": 200,
  "timing": {
    "mc_s": 0.04804399999920861
  },
  "timestamp": "2026-04-16T18:24:20.947643+00:00"
}