{
  "sweep_name": "region_selection_multitask_v1",
  "config_id": "3d29e97f411f",
  "seed": 42,
  "config_point": {
    "spectral_radius": 0.9,
    "input_scaling": 0.05,
    "leak_rate": 1.0
  },
  "mc_total": 31.635202705380276,
  "kmax": 200,
  "timing": {
    "mc_s": 0.0624061000016809
  },
  "timestamp": "2026-04-16T18:24:20.664447+00:00"
}