{
  "sweep_name": "region_selection_multitask_v1",
  "config_id": "3d29e97f411f",
  "seed": 123,
  "config_point": {
    "spectral_radius": 0.9,
    "input_scaling": 0.05,
    "leak_rate": 1.0
  },
  "mc_total": 30.10241686168552,
  "kmax": 200,
  "timing": {
    "mc_s": 0.05390149999948335
  },
  "timestamp": "2026-04-16T18:24:20.722584+00:00"
}