{
  "sweep_name": "region_selection_multitask_v1",
  "config_id": "3d53c19c2941",
  "seed": 123,
  "config_point": {
    "spectral_radius": 0.8,
    "input_scaling": 0.1,
    "leak_rate": 0.7
  },
  "mc_total": 15.237635636596721,
  "kmax": 200,
  "timing": {
    "mc_s": 0.07552860000214423
  },
  "timestamp": "2026-04-16T18:24:08.327433+00:00"
}