{
  "sweep_name": "region_selection_multitask_v1",
  "config_id": "3d53c19c2941",
  "seed": 789,
  "config_point": {
    "spectral_radius": 0.8,
    "input_scaling": 0.1,
    "leak_rate": 0.7
  },
  "mc_total": 15.612906508213547,
  "kmax": 200,
  "timing": {
    "mc_s": 0.09196119999978691
  },
  "timestamp": "2026-04-16T18:24:08.482226+00:00"
}