{
  "sweep_name": "region_selection_multitask_v1",
  "config_id": "3ea215ff899d",
  "seed": 1024,
  "config_point": {
    "spectral_radius": 1.1,
    "input_scaling": 0.05,
    "leak_rate": 0.7
  },
  "mc_total": 24.453492075442238,
  "kmax": 200,
  "timing": {
    "mc_s": 0.1009808000017074
  },
  "timestamp": "2026-04-16T18:24:47.252623+00:00"
}