{
  "sweep_name": "region_selection_multitask_v1",
  "config_id": "3ea215ff899d",
  "seed": 789,
  "config_point": {
    "spectral_radius": 1.1,
    "input_scaling": 0.05,
    "leak_rate": 0.7
  },
  "mc_total": 20.988862766484512,
  "kmax": 200,
  "timing": {
    "mc_s": 0.04771170000094571
  },
  "timestamp": "2026-04-16T18:24:47.147599+00:00"
}