{
  "sweep_name": "region_selection_multitask_v1",
  "config_id": "3ea215ff899d",
  "seed": 456,
  "config_point": {
    "spectral_radius": 1.1,
    "input_scaling": 0.05,
    "leak_rate": 0.7
  },
  "mc_total": 18.817218990110735,
  "kmax": 200,
  "timing": {
    "mc_s": 0.0646682000005967
  },
  "timestamp": "2026-04-16T18:24:47.093027+00:00"
}