{
  "sweep_name": "region_selection_multitask_v1",
  "config_id": "40baa4e14728",
  "seed": 456,
  "config_point": {
    "spectral_radius": 0.7,
    "input_scaling": 0.2,
    "leak_rate": 0.9
  },
  "mc_total": 15.463472840921654,
  "kmax": 200,
  "timing": {
    "mc_s": 0.0936160999990534
  },
  "timestamp": "2026-04-16T18:23:59.938873+00:00"
}