{
  "sweep_name": "region_selection_multitask_v1",
  "config_id": "40baa4e14728",
  "seed": 789,
  "config_point": {
    "spectral_radius": 0.7,
    "input_scaling": 0.2,
    "leak_rate": 0.9
  },
  "mc_total": 14.775904976426165,
  "kmax": 200,
  "timing": {
    "mc_s": 0.056689900000492344
  },
  "timestamp": "2026-04-16T18:24:00.002920+00:00"
}