{
  "sweep_name": "region_selection_multitask_v1",
  "config_id": "40baa4e14728",
  "seed": 42,
  "config_point": {
    "spectral_radius": 0.7,
    "input_scaling": 0.2,
    "leak_rate": 0.9
  },
  "mc_total": 15.292304929528443,
  "kmax": 200,
  "timing": {
    "mc_s": 0.058777499998541316
  },
  "timestamp": "2026-04-16T18:23:59.780990+00:00"
}