{
  "sweep_name": "region_selection_multitask_v1",
  "config_id": "40baa4e14728",
  "seed": 123,
  "config_point": {
    "spectral_radius": 0.7,
    "input_scaling": 0.2,
    "leak_rate": 0.9
  },
  "mc_total": 15.330689648632932,
  "kmax": 200,
  "timing": {
    "mc_s": 0.05013569999937317
  },
  "timestamp": "2026-04-16T18:23:59.839147+00:00"
}