{
  "sweep_name": "region_selection_multitask_v1",
  "config_id": "428a9663f05d",
  "seed": 1024,
  "config_point": {
    "spectral_radius": 0.8,
    "input_scaling": 0.3,
    "leak_rate": 0.5
  },
  "mc_total": 12.180175406448607,
  "kmax": 200,
  "timing": {
    "mc_s": 0.09783270000116318
  },
  "timestamp": "2026-04-16T18:24:14.619699+00:00"
}