{
  "sweep_name": "region_selection_multitask_v1",
  "config_id": "428a9663f05d",
  "seed": 123,
  "config_point": {
    "spectral_radius": 0.8,
    "input_scaling": 0.3,
    "leak_rate": 0.5
  },
  "mc_total": 11.862138915493238,
  "kmax": 200,
  "timing": {
    "mc_s": 0.06373049999820068
  },
  "timestamp": "2026-04-16T18:24:14.373876+00:00"
}