{
  "sweep_name": "region_selection_multitask_v1",
  "config_id": "4301cfd62e59",
  "seed": 123,
  "config_point": {
    "spectral_radius": 0.9,
    "input_scaling": 0.2,
    "leak_rate": 0.5
  },
  "mc_total": 14.000108362111543,
  "kmax": 200,
  "timing": {
    "mc_s": 0.049687700000504265
  },
  "timestamp": "2026-04-16T18:24:25.654660+00:00"
}