{
  "sweep_name": "region_selection_multitask_v1",
  "config_id": "44690489abe6",
  "seed": 789,
  "config_point": {
    "spectral_radius": 1.1,
    "input_scaling": 0.2,
    "leak_rate": 0.9
  },
  "mc_total": 19.18288391085448,
  "kmax": 200,
  "timing": {
    "mc_s": 0.07190099999934318
  },
  "timestamp": "2026-04-16T18:24:54.495978+00:00"
}