{
  "sweep_name": "region_selection_multitask_v1",
  "config_id": "44690489abe6",
  "seed": 1024,
  "config_point": {
    "spectral_radius": 1.1,
    "input_scaling": 0.2,
    "leak_rate": 0.9
  },
  "mc_total": 26.178683595162276,
  "kmax": 200,
  "timing": {
    "mc_s": 0.06414509999740403
  },
  "timestamp": "2026-04-16T18:24:54.566361+00:00"
}