{
  "sweep_name": "region_selection_multitask_v1",
  "config_id": "4624975b8b19",
  "seed": 789,
  "config_point": {
    "spectral_radius": 1.1,
    "input_scaling": 0.1,
    "leak_rate": 0.6
  },
  "mc_total": 17.470464252988872,
  "kmax": 200,
  "timing": {
    "mc_s": 0.07749949999924866
  },
  "timestamp": "2026-04-16T18:24:48.998181+00:00"
}