{
  "sweep_name": "region_selection_multitask_v1",
  "config_id": "4624975b8b19",
  "seed": 1024,
  "config_point": {
    "spectral_radius": 1.1,
    "input_scaling": 0.1,
    "leak_rate": 0.6
  },
  "mc_total": 19.67823559864548,
  "kmax": 200,
  "timing": {
    "mc_s": 0.05275130000154604
  },
  "timestamp": "2026-04-16T18:24:49.054930+00:00"
}