{
  "sweep_name": "region_selection_multitask_v1",
  "config_id": "48d26dd61317",
  "seed": 1024,
  "config_point": {
    "spectral_radius": 1.1,
    "input_scaling": 0.4,
    "leak_rate": 0.8
  },
  "mc_total": 18.166375197767792,
  "kmax": 200,
  "timing": {
    "mc_s": 0.10390650000044843
  },
  "timestamp": "2026-04-16T18:24:58.538123+00:00"
}