{
  "sweep_name": "region_selection_multitask_v1",
  "config_id": "48d26dd61317",
  "seed": 123,
  "config_point": {
    "spectral_radius": 1.1,
    "input_scaling": 0.4,
    "leak_rate": 0.8
  },
  "mc_total": 16.600819236792788,
  "kmax": 200,
  "timing": {
    "mc_s": 0.06818849999763188
  },
  "timestamp": "2026-04-16T18:24:58.313889+00:00"
}