{
  "sweep_name": "region_selection_multitask_v1",
  "config_id": "4a5de2fdccd6",
  "seed": 123,
  "config_point": {
    "spectral_radius": 0.8,
    "input_scaling": 0.2,
    "leak_rate": 0.8
  },
  "mc_total": 15.765852561447693,
  "kmax": 200,
  "timing": {
    "mc_s": 0.04977629999848432
  },
  "timestamp": "2026-04-16T18:24:13.273874+00:00"
}