{
  "sweep_name": "region_selection_multitask_v1",
  "config_id": "4a5de2fdccd6",
  "seed": 456,
  "config_point": {
    "spectral_radius": 0.8,
    "input_scaling": 0.2,
    "leak_rate": 0.8
  },
  "mc_total": 16.129912036521798,
  "kmax": 200,
  "timing": {
    "mc_s": 0.06435559999954421
  },
  "timestamp": "2026-04-16T18:24:13.348163+00:00"
}