{
  "sweep_name": "region_selection_multitask_v1",
  "config_id": "4a5de2fdccd6",
  "seed": 789,
  "config_point": {
    "spectral_radius": 0.8,
    "input_scaling": 0.2,
    "leak_rate": 0.8
  },
  "mc_total": 15.640879700180287,
  "kmax": 200,
  "timing": {
    "mc_s": 0.04670350000014878
  },
  "timestamp": "2026-04-16T18:24:13.401468+00:00"
}