{
  "sweep_name": "region_selection_multitask_v1",
  "config_id": "4a5de2fdccd6",
  "seed": 42,
  "config_point": {
    "spectral_radius": 0.8,
    "input_scaling": 0.2,
    "leak_rate": 0.8
  },
  "mc_total": 15.90014453456739,
  "kmax": 200,
  "timing": {
    "mc_s": 0.047038300002895994
  },
  "timestamp": "2026-04-16T18:24:13.217606+00:00"
}