{
  "sweep_name": "region_selection_multitask_v1",
  "config_id": "4b181bf29230",
  "seed": 456,
  "config_point": {
    "spectral_radius": 0.8,
    "input_scaling": 0.4,
    "leak_rate": 1.0
  },
  "mc_total": 15.441264178399617,
  "kmax": 200,
  "timing": {
    "mc_s": 0.05594760000167298
  },
  "timestamp": "2026-04-16T18:24:18.617717+00:00"
}