{
  "sweep_name": "region_selection_multitask_v1",
  "config_id": "4bf4f06eba9c",
  "seed": 42,
  "config_point": {
    "spectral_radius": 0.8,
    "input_scaling": 0.2,
    "leak_rate": 1.0
  },
  "mc_total": 19.56982417679564,
  "kmax": 200,
  "timing": {
    "mc_s": 0.06274599999960628
  },
  "timestamp": "2026-04-16T18:24:13.949982+00:00"
}