{
  "sweep_name": "region_selection_multitask_v1",
  "config_id": "4bf4f06eba9c",
  "seed": 1024,
  "config_point": {
    "spectral_radius": 0.8,
    "input_scaling": 0.2,
    "leak_rate": 1.0
  },
  "mc_total": 19.625668194064048,
  "kmax": 200,
  "timing": {
    "mc_s": 0.04666680000082124
  },
  "timestamp": "2026-04-16T18:24:14.186237+00:00"
}