{
  "sweep_name": "region_selection_multitask_v1",
  "config_id": "4cf2b39e2665",
  "seed": 42,
  "config_point": {
    "spectral_radius": 0.9,
    "input_scaling": 0.3,
    "leak_rate": 0.5
  },
  "mc_total": 13.734293641627355,
  "kmax": 200,
  "timing": {
    "mc_s": 0.07272240000020247
  },
  "timestamp": "2026-04-16T18:24:27.913549+00:00"
}