{
  "sweep_name": "region_selection_multitask_v1",
  "config_id": "4cf2b39e2665",
  "seed": 789,
  "config_point": {
    "spectral_radius": 0.9,
    "input_scaling": 0.3,
    "leak_rate": 0.5
  },
  "mc_total": 13.05502422812553,
  "kmax": 200,
  "timing": {
    "mc_s": 0.056357900000875816
  },
  "timestamp": "2026-04-16T18:24:28.141403+00:00"
}