{
  "sweep_name": "region_selection_multitask_v1",
  "config_id": "4cf2b39e2665",
  "seed": 123,
  "config_point": {
    "spectral_radius": 0.9,
    "input_scaling": 0.3,
    "leak_rate": 0.5
  },
  "mc_total": 12.997488513965706,
  "kmax": 200,
  "timing": {
    "mc_s": 0.04928680000011809
  },
  "timestamp": "2026-04-16T18:24:27.967695+00:00"
}