{
  "sweep_name": "region_selection_multitask_v1",
  "config_id": "4d2160951482",
  "seed": 42,
  "config_point": {
    "spectral_radius": 1.0,
    "input_scaling": 0.2,
    "leak_rate": 0.9
  },
  "mc_total": 21.06262464375929,
  "kmax": 200,
  "timing": {
    "mc_s": 0.07923080000182381
  },
  "timestamp": "2026-04-16T18:24:40.637308+00:00"
}