{
  "sweep_name": "region_selection_multitask_v1",
  "config_id": "4d2160951482",
  "seed": 789,
  "config_point": {
    "spectral_radius": 1.0,
    "input_scaling": 0.2,
    "leak_rate": 0.9
  },
  "mc_total": 20.88761816804906,
  "kmax": 200,
  "timing": {
    "mc_s": 0.05574180000257911
  },
  "timestamp": "2026-04-16T18:24:40.857787+00:00"
}