{
  "sweep_name": "region_selection_multitask_v1",
  "config_id": "4df7ca5b3a5c",
  "seed": 1024,
  "config_point": {
    "spectral_radius": 1.0,
    "input_scaling": 0.4,
    "leak_rate": 0.5
  },
  "mc_total": 13.723528274539413,
  "kmax": 200,
  "timing": {
    "mc_s": 0.05810679999922286
  },
  "timestamp": "2026-04-16T18:24:44.239544+00:00"
}