{
  "sweep_name": "region_selection_multitask_v1",
  "config_id": "4df7ca5b3a5c",
  "seed": 123,
  "config_point": {
    "spectral_radius": 1.0,
    "input_scaling": 0.4,
    "leak_rate": 0.5
  },
  "mc_total": 12.937736510871012,
  "kmax": 200,
  "timing": {
    "mc_s": 0.05998540000291541
  },
  "timestamp": "2026-04-16T18:24:44.030976+00:00"
}