{
  "sweep_name": "region_selection_multitask_v1",
  "config_id": "4e018c35c4e2",
  "seed": 789,
  "config_point": {
    "spectral_radius": 1.0,
    "input_scaling": 0.4,
    "leak_rate": 0.9
  },
  "mc_total": 16.235382684475596,
  "kmax": 200,
  "timing": {
    "mc_s": 0.08719589999964228
  },
  "timestamp": "2026-04-16T18:24:45.735138+00:00"
}