{
  "sweep_name": "region_selection_multitask_v1",
  "config_id": "4f45ab3701e0",
  "seed": 456,
  "config_point": {
    "spectral_radius": 0.7,
    "input_scaling": 0.05,
    "leak_rate": 0.6
  },
  "mc_total": 12.097611043358027,
  "kmax": 200,
  "timing": {
    "mc_s": 0.06501999999818509
  },
  "timestamp": "2026-04-16T18:23:51.644313+00:00"
}