{
  "sweep_name": "region_selection_multitask_v1",
  "config_id": "4f45ab3701e0",
  "seed": 1024,
  "config_point": {
    "spectral_radius": 0.7,
    "input_scaling": 0.05,
    "leak_rate": 0.6
  },
  "mc_total": 11.083029389114225,
  "kmax": 200,
  "timing": {
    "mc_s": 0.08073950000107288
  },
  "timestamp": "2026-04-16T18:23:51.804115+00:00"
}