{
  "sweep_name": "region_selection_multitask_v1",
  "config_id": "5033ae01f908",
  "seed": 789,
  "config_point": {
    "spectral_radius": 0.9,
    "input_scaling": 0.2,
    "leak_rate": 1.0
  },
  "mc_total": 21.266783802757985,
  "kmax": 200,
  "timing": {
    "mc_s": 0.0570676999996067
  },
  "timestamp": "2026-04-16T18:24:27.747426+00:00"
}