{
  "sweep_name": "region_selection_multitask_v1",
  "config_id": "5033ae01f908",
  "seed": 42,
  "config_point": {
    "spectral_radius": 0.9,
    "input_scaling": 0.2,
    "leak_rate": 1.0
  },
  "mc_total": 23.208023775681074,
  "kmax": 200,
  "timing": {
    "mc_s": 0.06229270000039833
  },
  "timestamp": "2026-04-16T18:24:27.552378+00:00"
}