{
  "sweep_name": "region_selection_multitask_v1",
  "config_id": "5033ae01f908",
  "seed": 123,
  "config_point": {
    "spectral_radius": 0.9,
    "input_scaling": 0.2,
    "leak_rate": 1.0
  },
  "mc_total": 22.381769548403632,
  "kmax": 200,
  "timing": {
    "mc_s": 0.04711929999757558
  },
  "timestamp": "2026-04-16T18:24:27.604000+00:00"
}