{
  "sweep_name": "region_selection_multitask_v1",
  "config_id": "503532de740a",
  "seed": 456,
  "config_point": {
    "spectral_radius": 0.8,
    "input_scaling": 0.1,
    "leak_rate": 0.8
  },
  "mc_total": 18.3945742340157,
  "kmax": 200,
  "timing": {
    "mc_s": 0.08156679999956395
  },
  "timestamp": "2026-04-16T18:24:08.824355+00:00"
}