{
  "sweep_name": "region_selection_multitask_v1",
  "config_id": "52760813c871",
  "seed": 456,
  "config_point": {
    "spectral_radius": 0.6,
    "input_scaling": 0.3,
    "leak_rate": 0.6
  },
  "mc_total": 10.183830302745159,
  "kmax": 200,
  "timing": {
    "mc_s": 0.056055999997624895
  },
  "timestamp": "2026-04-16T18:23:47.142008+00:00"
}