{
  "sweep_name": "region_selection_multitask_v1",
  "config_id": "52760813c871",
  "seed": 123,
  "config_point": {
    "spectral_radius": 0.6,
    "input_scaling": 0.3,
    "leak_rate": 0.6
  },
  "mc_total": 9.95473048133302,
  "kmax": 200,
  "timing": {
    "mc_s": 0.09724650000134716
  },
  "timestamp": "2026-04-16T18:23:47.075634+00:00"
}