{
  "sweep_name": "region_selection_multitask_v1",
  "config_id": "52799148816a",
  "seed": 789,
  "config_point": {
    "spectral_radius": 1.0,
    "input_scaling": 0.3,
    "leak_rate": 0.7
  },
  "mc_total": 15.305906356300701,
  "kmax": 200,
  "timing": {
    "mc_s": 0.08048130000315723
  },
  "timestamp": "2026-04-16T18:24:42.509131+00:00"
}