{
  "sweep_name": "region_selection_multitask_v1",
  "config_id": "54ccd29e45ed",
  "seed": 42,
  "config_point": {
    "spectral_radius": 0.6,
    "input_scaling": 0.3,
    "leak_rate": 0.8
  },
  "mc_total": 11.757979181491812,
  "kmax": 200,
  "timing": {
    "mc_s": 0.0534866999987571
  },
  "timestamp": "2026-04-16T18:23:47.757229+00:00"
}