{
  "sweep_name": "region_selection_multitask_v1",
  "config_id": "566c972097d7",
  "seed": 456,
  "config_point": {
    "spectral_radius": 0.8,
    "input_scaling": 0.4,
    "leak_rate": 0.9
  },
  "mc_total": 14.221595990176088,
  "kmax": 200,
  "timing": {
    "mc_s": 0.0861709000018891
  },
  "timestamp": "2026-04-16T18:24:18.236782+00:00"
}