{
  "sweep_name": "region_selection_multitask_v1",
  "config_id": "5822bc309bfd",
  "seed": 1024,
  "config_point": {
    "spectral_radius": 1.1,
    "input_scaling": 0.4,
    "leak_rate": 0.5
  },
  "mc_total": 14.191485326631499,
  "kmax": 200,
  "timing": {
    "mc_s": 0.07193650000044727
  },
  "timestamp": "2026-04-16T18:24:57.443648+00:00"
}