{
  "sweep_name": "region_selection_multitask_v1",
  "config_id": "5822bc309bfd",
  "seed": 123,
  "config_point": {
    "spectral_radius": 1.1,
    "input_scaling": 0.4,
    "leak_rate": 0.5
  },
  "mc_total": 13.237858939297292,
  "kmax": 200,
  "timing": {
    "mc_s": 0.07994070000131615
  },
  "timestamp": "2026-04-16T18:24:57.198509+00:00"
}