{
  "sweep_name": "region_selection_multitask_v1",
  "config_id": "5822bc309bfd",
  "seed": 789,
  "config_point": {
    "spectral_radius": 1.1,
    "input_scaling": 0.4,
    "leak_rate": 0.5
  },
  "mc_total": 11.616544769712526,
  "kmax": 200,
  "timing": {
    "mc_s": 0.10471049999978277
  },
  "timestamp": "2026-04-16T18:24:57.365717+00:00"
}