{
  "sweep_name": "region_selection_multitask_v1",
  "config_id": "5a1306e243a3",
  "seed": 789,
  "config_point": {
    "spectral_radius": 1.0,
    "input_scaling": 0.4,
    "leak_rate": 0.7
  },
  "mc_total": 13.908237196295925,
  "kmax": 200,
  "timing": {
    "mc_s": 0.09296200000244426
  },
  "timestamp": "2026-04-16T18:24:45.013357+00:00"
}