{
  "sweep_name": "region_selection_multitask_v1",
  "config_id": "5a1306e243a3",
  "seed": 42,
  "config_point": {
    "spectral_radius": 1.0,
    "input_scaling": 0.4,
    "leak_rate": 0.7
  },
  "mc_total": 14.743397821007651,
  "kmax": 200,
  "timing": {
    "mc_s": 0.07887599999958184
  },
  "timestamp": "2026-04-16T18:24:44.801183+00:00"
}