{
  "sweep_name": "region_selection_multitask_v1",
  "config_id": "5a90ec51096c",
  "seed": 456,
  "config_point": {
    "spectral_radius": 1.0,
    "input_scaling": 0.05,
    "leak_rate": 0.6
  },
  "mc_total": 21.515598939277474,
  "kmax": 200,
  "timing": {
    "mc_s": 0.04869970000072499
  },
  "timestamp": "2026-04-16T18:24:32.872555+00:00"
}