{
  "sweep_name": "region_selection_multitask_v1",
  "config_id": "5a90ec51096c",
  "seed": 789,
  "config_point": {
    "spectral_radius": 1.0,
    "input_scaling": 0.05,
    "leak_rate": 0.6
  },
  "mc_total": 19.17286113091399,
  "kmax": 200,
  "timing": {
    "mc_s": 0.056662899998627836
  },
  "timestamp": "2026-04-16T18:24:32.936352+00:00"
}