{
  "sweep_name": "region_selection_multitask_v1",
  "config_id": "5b64961deeb5",
  "seed": 456,
  "config_point": {
    "spectral_radius": 0.7,
    "input_scaling": 0.15,
    "leak_rate": 0.7
  },
  "mc_total": 13.40689713223538,
  "kmax": 200,
  "timing": {
    "mc_s": 0.05690300000060233
  },
  "timestamp": "2026-04-16T18:23:56.821945+00:00"
}