{
  "sweep_name": "region_selection_multitask_v1",
  "config_id": "5b64961deeb5",
  "seed": 789,
  "config_point": {
    "spectral_radius": 0.7,
    "input_scaling": 0.15,
    "leak_rate": 0.7
  },
  "mc_total": 12.93966106843358,
  "kmax": 200,
  "timing": {
    "mc_s": 0.08706770000208053
  },
  "timestamp": "2026-04-16T18:23:56.916512+00:00"
}