{
  "sweep_name": "region_selection_multitask_v1",
  "config_id": "5b64961deeb5",
  "seed": 1024,
  "config_point": {
    "spectral_radius": 0.7,
    "input_scaling": 0.15,
    "leak_rate": 0.7
  },
  "mc_total": 12.71600406496549,
  "kmax": 200,
  "timing": {
    "mc_s": 0.06015990000014426
  },
  "timestamp": "2026-04-16T18:23:56.980533+00:00"
}