{
  "sweep_name": "region_selection_multitask_v1",
  "config_id": "5cdb0551167b",
  "seed": 789,
  "config_point": {
    "spectral_radius": 0.9,
    "input_scaling": 0.4,
    "leak_rate": 0.6
  },
  "mc_total": 12.538543701542153,
  "kmax": 200,
  "timing": {
    "mc_s": 0.058721900000819005
  },
  "timestamp": "2026-04-16T18:24:30.733862+00:00"
}