{
  "sweep_name": "region_selection_multitask_v1",
  "config_id": "5d7efc63ccdb",
  "seed": 42,
  "config_point": {
    "spectral_radius": 0.8,
    "input_scaling": 0.2,
    "leak_rate": 0.9
  },
  "mc_total": 17.261719667710878,
  "kmax": 200,
  "timing": {
    "mc_s": 0.04980269999941811
  },
  "timestamp": "2026-04-16T18:24:13.615483+00:00"
}