{
  "sweep_name": "region_selection_multitask_v1",
  "config_id": "5dacf2ac3539",
  "seed": 456,
  "config_point": {
    "spectral_radius": 0.7,
    "input_scaling": 0.2,
    "leak_rate": 0.6
  },
  "mc_total": 11.977220741516312,
  "kmax": 200,
  "timing": {
    "mc_s": 0.09439790000033099
  },
  "timestamp": "2026-04-16T18:23:58.751985+00:00"
}