{
  "sweep_name": "region_selection_multitask_v1",
  "config_id": "5dacf2ac3539",
  "seed": 42,
  "config_point": {
    "spectral_radius": 0.7,
    "input_scaling": 0.2,
    "leak_rate": 0.6
  },
  "mc_total": 12.400246960580617,
  "kmax": 200,
  "timing": {
    "mc_s": 0.05315590000100201
  },
  "timestamp": "2026-04-16T18:23:58.594770+00:00"
}