{
  "sweep_name": "region_selection_multitask_v1",
  "config_id": "5ec1f2c41d90",
  "seed": 1024,
  "config_point": {
    "spectral_radius": 1.1,
    "input_scaling": 0.05,
    "leak_rate": 1.0
  },
  "mc_total": 26.65211782084444,
  "kmax": 200,
  "timing": {
    "mc_s": 0.05339979999916977
  },
  "timestamp": "2026-04-16T18:24:48.298735+00:00"
}