{
  "sweep_name": "region_selection_multitask_v1",
  "config_id": "618f4403867e",
  "seed": 789,
  "config_point": {
    "spectral_radius": 1.1,
    "input_scaling": 0.3,
    "leak_rate": 0.7
  },
  "mc_total": 14.267590593872486,
  "kmax": 200,
  "timing": {
    "mc_s": 0.054998299998260336
  },
  "timestamp": "2026-04-16T18:24:55.889917+00:00"
}