{
  "sweep_name": "region_selection_multitask_v1",
  "config_id": "618f4403867e",
  "seed": 1024,
  "config_point": {
    "spectral_radius": 1.1,
    "input_scaling": 0.3,
    "leak_rate": 0.7
  },
  "mc_total": 17.80955221145822,
  "kmax": 200,
  "timing": {
    "mc_s": 0.049661000000924105
  },
  "timestamp": "2026-04-16T18:24:55.943472+00:00"
}