{
  "sweep_name": "region_selection_multitask_v1",
  "config_id": "61cb13fdaada",
  "seed": 1024,
  "config_point": {
    "spectral_radius": 0.6,
    "input_scaling": 0.05,
    "leak_rate": 1.0
  },
  "mc_total": 14.86343661860002,
  "kmax": 200,
  "timing": {
    "mc_s": 0.07594260000041686
  },
  "timestamp": "2026-04-16T18:23:39.636100+00:00"
}