{
  "sweep_name": "region_selection_multitask_v1",
  "config_id": "61cb13fdaada",
  "seed": 789,
  "config_point": {
    "spectral_radius": 0.6,
    "input_scaling": 0.05,
    "leak_rate": 1.0
  },
  "mc_total": 14.937035650951515,
  "kmax": 200,
  "timing": {
    "mc_s": 0.06147169999894686
  },
  "timestamp": "2026-04-16T18:23:39.551636+00:00"
}