{
  "sweep_name": "region_selection_multitask_v1",
  "config_id": "62d97647ac56",
  "seed": 1024,
  "config_point": {
    "spectral_radius": 0.6,
    "input_scaling": 0.3,
    "leak_rate": 0.9
  },
  "mc_total": 12.123996487170642,
  "kmax": 200,
  "timing": {
    "mc_s": 0.10342010000022128
  },
  "timestamp": "2026-04-16T18:23:48.465647+00:00"
}