{
  "sweep_name": "region_selection_multitask_v1",
  "config_id": "6394867d74a1",
  "seed": 789,
  "config_point": {
    "spectral_radius": 0.9,
    "input_scaling": 0.05,
    "leak_rate": 0.6
  },
  "mc_total": 16.98379997882814,
  "kmax": 200,
  "timing": {
    "mc_s": 0.0485039000013785
  },
  "timestamp": "2026-04-16T18:24:19.411642+00:00"
}