{
  "sweep_name": "region_selection_multitask_v1",
  "config_id": "6394867d74a1",
  "seed": 1024,
  "config_point": {
    "spectral_radius": 0.9,
    "input_scaling": 0.05,
    "leak_rate": 0.6
  },
  "mc_total": 16.9501555727103,
  "kmax": 200,
  "timing": {
    "mc_s": 0.06680960000085179
  },
  "timestamp": "2026-04-16T18:24:19.482845+00:00"
}