{
  "sweep_name": "region_selection_multitask_v1",
  "config_id": "63db3e098f17",
  "seed": 456,
  "config_point": {
    "spectral_radius": 1.1,
    "input_scaling": 0.15,
    "leak_rate": 0.6
  },
  "mc_total": 16.546294802697822,
  "kmax": 200,
  "timing": {
    "mc_s": 0.06299469999794383
  },
  "timestamp": "2026-04-16T18:24:51.134345+00:00"
}