{
  "sweep_name": "region_selection_multitask_v1",
  "config_id": "63db3e098f17",
  "seed": 1024,
  "config_point": {
    "spectral_radius": 1.1,
    "input_scaling": 0.15,
    "leak_rate": 0.6
  },
  "mc_total": 18.249333604554028,
  "kmax": 200,
  "timing": {
    "mc_s": 0.10334639999928186
  },
  "timestamp": "2026-04-16T18:24:51.302147+00:00"
}