{
  "sweep_name": "region_selection_multitask_v1",
  "config_id": "65112a445932",
  "seed": 42,
  "config_point": {
    "spectral_radius": 1.1,
    "input_scaling": 0.2,
    "leak_rate": 0.8
  },
  "mc_total": 12.06721766482574,
  "kmax": 200,
  "timing": {
    "mc_s": 0.07295460000023013
  },
  "timestamp": "2026-04-16T18:24:53.958965+00:00"
}