{
  "sweep_name": "region_selection_multitask_v1",
  "config_id": "65112a445932",
  "seed": 456,
  "config_point": {
    "spectral_radius": 1.1,
    "input_scaling": 0.2,
    "leak_rate": 0.8
  },
  "mc_total": 17.566274083045204,
  "kmax": 200,
  "timing": {
    "mc_s": 0.0821429999996326
  },
  "timestamp": "2026-04-16T18:24:54.101949+00:00"
}