{
  "sweep_name": "region_selection_multitask_v1",
  "config_id": "65112a445932",
  "seed": 789,
  "config_point": {
    "spectral_radius": 1.1,
    "input_scaling": 0.2,
    "leak_rate": 0.8
  },
  "mc_total": 17.09141739239768,
  "kmax": 200,
  "timing": {
    "mc_s": 0.05137059999833582
  },
  "timestamp": "2026-04-16T18:24:54.159761+00:00"
}