{
  "sweep_name": "region_selection_multitask_v1",
  "config_id": "65189332b1c4",
  "seed": 42,
  "config_point": {
    "spectral_radius": 0.9,
    "input_scaling": 0.1,
    "leak_rate": 0.9
  },
  "mc_total": 23.376271824794944,
  "kmax": 200,
  "timing": {
    "mc_s": 0.07547920000070008
  },
  "timestamp": "2026-04-16T18:24:22.624153+00:00"
}