{
  "sweep_name": "region_selection_multitask_v1",
  "config_id": "6741f7c852ef",
  "seed": 42,
  "config_point": {
    "spectral_radius": 0.8,
    "input_scaling": 0.4,
    "leak_rate": 0.8
  },
  "mc_total": 13.792317603295599,
  "kmax": 200,
  "timing": {
    "mc_s": 0.10086740000042482
  },
  "timestamp": "2026-04-16T18:24:17.694437+00:00"
}