{
  "sweep_name": "region_selection_multitask_v1",
  "config_id": "6741f7c852ef",
  "seed": 456,
  "config_point": {
    "spectral_radius": 0.8,
    "input_scaling": 0.4,
    "leak_rate": 0.8
  },
  "mc_total": 13.315039689769035,
  "kmax": 200,
  "timing": {
    "mc_s": 0.07043150000026799
  },
  "timestamp": "2026-04-16T18:24:17.830172+00:00"
}