{
  "sweep_name": "region_selection_multitask_v1",
  "config_id": "6741f7c852ef",
  "seed": 1024,
  "config_point": {
    "spectral_radius": 0.8,
    "input_scaling": 0.4,
    "leak_rate": 0.8
  },
  "mc_total": 13.262995895129796,
  "kmax": 200,
  "timing": {
    "mc_s": 0.048456000000442145
  },
  "timestamp": "2026-04-16T18:24:17.953667+00:00"
}