{
  "sweep_name": "region_selection_multitask_v1",
  "config_id": "67e56b279b44",
  "seed": 456,
  "config_point": {
    "spectral_radius": 1.0,
    "input_scaling": 0.2,
    "leak_rate": 1.0
  },
  "mc_total": 23.60772984449834,
  "kmax": 200,
  "timing": {
    "mc_s": 0.052859600000374485
  },
  "timestamp": "2026-04-16T18:24:41.126989+00:00"
}