{
  "sweep_name": "region_selection_multitask_v1",
  "config_id": "67e56b279b44",
  "seed": 123,
  "config_point": {
    "spectral_radius": 1.0,
    "input_scaling": 0.2,
    "leak_rate": 1.0
  },
  "mc_total": 25.281338555177054,
  "kmax": 200,
  "timing": {
    "mc_s": 0.0626057999979821
  },
  "timestamp": "2026-04-16T18:24:41.063999+00:00"
}