{
  "sweep_name": "region_selection_multitask_v1",
  "config_id": "6a0608e15b17",
  "seed": 42,
  "config_point": {
    "spectral_radius": 1.1,
    "input_scaling": 0.2,
    "leak_rate": 0.7
  },
  "mc_total": 11.310616608060169,
  "kmax": 200,
  "timing": {
    "mc_s": 0.08019700000295416
  },
  "timestamp": "2026-04-16T18:24:53.548573+00:00"
}