{
  "sweep_name": "region_selection_multitask_v1",
  "config_id": "6a0608e15b17",
  "seed": 789,
  "config_point": {
    "spectral_radius": 1.1,
    "input_scaling": 0.2,
    "leak_rate": 0.7
  },
  "mc_total": 16.073511684345505,
  "kmax": 200,
  "timing": {
    "mc_s": 0.04880559999946854
  },
  "timestamp": "2026-04-16T18:24:53.757789+00:00"
}