{
  "sweep_name": "region_selection_multitask_v1",
  "config_id": "6c14593336a9",
  "seed": 789,
  "config_point": {
    "spectral_radius": 1.0,
    "input_scaling": 0.3,
    "leak_rate": 1.0
  },
  "mc_total": 19.768194138869852,
  "kmax": 200,
  "timing": {
    "mc_s": 0.0703181000026234
  },
  "timestamp": "2026-04-16T18:24:43.765869+00:00"
}