{
  "sweep_name": "region_selection_multitask_v1",
  "config_id": "6c14593336a9",
  "seed": 1024,
  "config_point": {
    "spectral_radius": 1.0,
    "input_scaling": 0.3,
    "leak_rate": 1.0
  },
  "mc_total": 21.64062466864593,
  "kmax": 200,
  "timing": {
    "mc_s": 0.11456289999841829
  },
  "timestamp": "2026-04-16T18:24:43.888883+00:00"
}