{
  "sweep_name": "region_selection_multitask_v1",
  "config_id": "6dc78acfb100",
  "seed": 1024,
  "config_point": {
    "spectral_radius": 0.8,
    "input_scaling": 0.3,
    "leak_rate": 1.0
  },
  "mc_total": 17.16881375203931,
  "kmax": 200,
  "timing": {
    "mc_s": 0.07910980000087875
  },
  "timestamp": "2026-04-16T18:24:16.506392+00:00"
}