{
  "sweep_name": "region_selection_multitask_v1",
  "config_id": "6dc78acfb100",
  "seed": 456,
  "config_point": {
    "spectral_radius": 0.8,
    "input_scaling": 0.3,
    "leak_rate": 1.0
  },
  "mc_total": 17.212074816441866,
  "kmax": 200,
  "timing": {
    "mc_s": 0.06879190000108792
  },
  "timestamp": "2026-04-16T18:24:16.359026+00:00"
}