{
  "sweep_name": "region_selection_multitask_v1",
  "config_id": "6e9fce6c8a9f",
  "seed": 789,
  "config_point": {
    "spectral_radius": 0.7,
    "input_scaling": 0.05,
    "leak_rate": 0.9
  },
  "mc_total": 15.89572989734287,
  "kmax": 200,
  "timing": {
    "mc_s": 0.05596710000099847
  },
  "timestamp": "2026-04-16T18:23:52.961588+00:00"
}