{
  "sweep_name": "region_selection_multitask_v1",
  "config_id": "6e9fce6c8a9f",
  "seed": 123,
  "config_point": {
    "spectral_radius": 0.7,
    "input_scaling": 0.05,
    "leak_rate": 0.9
  },
  "mc_total": 15.932199338690584,
  "kmax": 200,
  "timing": {
    "mc_s": 0.05061990000103833
  },
  "timestamp": "2026-04-16T18:23:52.787463+00:00"
}