{
  "sweep_name": "region_selection_multitask_v1",
  "config_id": "71985f2b3cac",
  "seed": 123,
  "config_point": {
    "spectral_radius": 0.6,
    "input_scaling": 0.4,
    "leak_rate": 0.7
  },
  "mc_total": 10.529236673421083,
  "kmax": 200,
  "timing": {
    "mc_s": 0.061066599999321625
  },
  "timestamp": "2026-04-16T18:23:49.682884+00:00"
}