{
  "sweep_name": "region_selection_multitask_v1",
  "config_id": "71f00c7885b8",
  "seed": 1024,
  "config_point": {
    "spectral_radius": 1.1,
    "input_scaling": 0.3,
    "leak_rate": 0.9
  },
  "mc_total": 23.27046867745428,
  "kmax": 200,
  "timing": {
    "mc_s": 0.05061080000086804
  },
  "timestamp": "2026-04-16T18:24:56.660470+00:00"
}