{
  "sweep_name": "region_selection_multitask_v1",
  "config_id": "72f84ae81d5b",
  "seed": 123,
  "config_point": {
    "spectral_radius": 0.7,
    "input_scaling": 0.1,
    "leak_rate": 0.6
  },
  "mc_total": 11.654070678764185,
  "kmax": 200,
  "timing": {
    "mc_s": 0.05648300000029849
  },
  "timestamp": "2026-04-16T18:23:53.961092+00:00"
}