{
  "sweep_name": "region_selection_multitask_v1",
  "config_id": "72f84ae81d5b",
  "seed": 789,
  "config_point": {
    "spectral_radius": 0.7,
    "input_scaling": 0.1,
    "leak_rate": 0.6
  },
  "mc_total": 11.955058013806013,
  "kmax": 200,
  "timing": {
    "mc_s": 0.05095620000065537
  },
  "timestamp": "2026-04-16T18:23:54.097827+00:00"
}