{
  "sweep_name": "region_selection_multitask_v1",
  "config_id": "72f84ae81d5b",
  "seed": 1024,
  "config_point": {
    "spectral_radius": 0.7,
    "input_scaling": 0.1,
    "leak_rate": 0.6
  },
  "mc_total": 11.65132937962379,
  "kmax": 200,
  "timing": {
    "mc_s": 0.07632329999978538
  },
  "timestamp": "2026-04-16T18:23:54.180237+00:00"
}