{
  "sweep_name": "region_selection_multitask_v1",
  "config_id": "7351146d69e7",
  "seed": 123,
  "config_point": {
    "spectral_radius": 0.8,
    "input_scaling": 0.4,
    "leak_rate": 0.5
  },
  "mc_total": 11.449841889360767,
  "kmax": 200,
  "timing": {
    "mc_s": 0.0656903000017337
  },
  "timestamp": "2026-04-16T18:24:16.661448+00:00"
}