{
  "sweep_name": "region_selection_multitask_v1",
  "config_id": "7351146d69e7",
  "seed": 1024,
  "config_point": {
    "spectral_radius": 0.8,
    "input_scaling": 0.4,
    "leak_rate": 0.5
  },
  "mc_total": 11.60552217209797,
  "kmax": 200,
  "timing": {
    "mc_s": 0.0795135999978811
  },
  "timestamp": "2026-04-16T18:24:16.855773+00:00"
}