{
  "sweep_name": "region_selection_multitask_v1",
  "config_id": "7351146d69e7",
  "seed": 789,
  "config_point": {
    "spectral_radius": 0.8,
    "input_scaling": 0.4,
    "leak_rate": 0.5
  },
  "mc_total": 11.386234828883723,
  "kmax": 200,
  "timing": {
    "mc_s": 0.04786880000028759
  },
  "timestamp": "2026-04-16T18:24:16.772120+00:00"
}