{
  "sweep_name": "region_selection_multitask_v1",
  "config_id": "7351146d69e7",
  "seed": 456,
  "config_point": {
    "spectral_radius": 0.8,
    "input_scaling": 0.4,
    "leak_rate": 0.5
  },
  "mc_total": 11.071590029652887,
  "kmax": 200,
  "timing": {
    "mc_s": 0.050822299999708775
  },
  "timestamp": "2026-04-16T18:24:16.719665+00:00"
}