{
  "sweep_name": "region_selection_multitask_v1",
  "config_id": "7596c4498d94",
  "seed": 42,
  "config_point": {
    "spectral_radius": 1.0,
    "input_scaling": 0.05,
    "leak_rate": 0.5
  },
  "mc_total": 17.471149736189698,
  "kmax": 200,
  "timing": {
    "mc_s": 0.09017830000084359
  },
  "timestamp": "2026-04-16T18:24:32.367590+00:00"
}