{
  "sweep_name": "region_selection_multitask_v1",
  "config_id": "7596c4498d94",
  "seed": 789,
  "config_point": {
    "spectral_radius": 1.0,
    "input_scaling": 0.05,
    "leak_rate": 0.5
  },
  "mc_total": 17.46489406818261,
  "kmax": 200,
  "timing": {
    "mc_s": 0.06499680000342778
  },
  "timestamp": "2026-04-16T18:24:32.571814+00:00"
}