{
  "sweep_name": "region_selection_multitask_v1",
  "config_id": "7596c4498d94",
  "seed": 456,
  "config_point": {
    "spectral_radius": 1.0,
    "input_scaling": 0.05,
    "leak_rate": 0.5
  },
  "mc_total": 19.561485167602285,
  "kmax": 200,
  "timing": {
    "mc_s": 0.0609844000027806
  },
  "timestamp": "2026-04-16T18:24:32.500372+00:00"
}