{
  "sweep_name": "region_selection_multitask_v1",
  "config_id": "76d30ba9d16d",
  "seed": 123,
  "config_point": {
    "spectral_radius": 0.7,
    "input_scaling": 0.4,
    "leak_rate": 0.9
  },
  "mc_total": 13.420685773353712,
  "kmax": 200,
  "timing": {
    "mc_s": 0.05030619999888586
  },
  "timestamp": "2026-04-16T18:24:04.541645+00:00"
}