{
  "sweep_name": "region_selection_multitask_v1",
  "config_id": "7712fc84886e",
  "seed": 1024,
  "config_point": {
    "spectral_radius": 0.8,
    "input_scaling": 0.1,
    "leak_rate": 1.0
  },
  "mc_total": 22.846603727809235,
  "kmax": 200,
  "timing": {
    "mc_s": 0.04814729999998235
  },
  "timestamp": "2026-04-16T18:24:09.659813+00:00"
}