{
  "sweep_name": "region_selection_multitask_v1",
  "config_id": "786a5ebf09c1",
  "seed": 123,
  "config_point": {
    "spectral_radius": 0.6,
    "input_scaling": 0.4,
    "leak_rate": 0.5
  },
  "mc_total": 9.204416037288874,
  "kmax": 200,
  "timing": {
    "mc_s": 0.06429019999995944
  },
  "timestamp": "2026-04-16T18:23:48.949509+00:00"
}