{
  "sweep_name": "region_selection_multitask_v1",
  "config_id": "786a5ebf09c1",
  "seed": 789,
  "config_point": {
    "spectral_radius": 0.6,
    "input_scaling": 0.4,
    "leak_rate": 0.5
  },
  "mc_total": 9.313424691649338,
  "kmax": 200,
  "timing": {
    "mc_s": 0.10658589999729884
  },
  "timestamp": "2026-04-16T18:23:49.131725+00:00"
}