{
  "sweep_name": "region_selection_multitask_v1",
  "config_id": "7abf50ed0613",
  "seed": 1024,
  "config_point": {
    "spectral_radius": 1.0,
    "input_scaling": 0.1,
    "leak_rate": 0.6
  },
  "mc_total": 20.06507330327585,
  "kmax": 200,
  "timing": {
    "mc_s": 0.07451900000160094
  },
  "timestamp": "2026-04-16T18:24:35.353751+00:00"
}