{
  "sweep_name": "region_selection_multitask_v1",
  "config_id": "7abf50ed0613",
  "seed": 789,
  "config_point": {
    "spectral_radius": 1.0,
    "input_scaling": 0.1,
    "leak_rate": 0.6
  },
  "mc_total": 18.092206784525015,
  "kmax": 200,
  "timing": {
    "mc_s": 0.05544999999983702
  },
  "timestamp": "2026-04-16T18:24:35.272364+00:00"
}