{
  "sweep_name": "region_selection_multitask_v1",
  "config_id": "7cac7de131c3",
  "seed": 42,
  "config_point": {
    "spectral_radius": 1.0,
    "input_scaling": 0.15,
    "leak_rate": 0.6
  },
  "mc_total": 16.37272744278993,
  "kmax": 200,
  "timing": {
    "mc_s": 0.09321920000002137
  },
  "timestamp": "2026-04-16T18:24:37.262020+00:00"
}