{
  "sweep_name": "region_selection_multitask_v1",
  "config_id": "7cac7de131c3",
  "seed": 789,
  "config_point": {
    "spectral_radius": 1.0,
    "input_scaling": 0.15,
    "leak_rate": 0.6
  },
  "mc_total": 16.851986351796125,
  "kmax": 200,
  "timing": {
    "mc_s": 0.04716839999673539
  },
  "timestamp": "2026-04-16T18:24:37.468320+00:00"
}