{
  "sweep_name": "region_selection_multitask_v1",
  "config_id": "7cfedd757ff7",
  "seed": 789,
  "config_point": {
    "spectral_radius": 0.9,
    "input_scaling": 0.4,
    "leak_rate": 0.9
  },
  "mc_total": 14.977169163333672,
  "kmax": 200,
  "timing": {
    "mc_s": 0.05562699999791221
  },
  "timestamp": "2026-04-16T18:24:31.859288+00:00"
}