{
  "sweep_name": "region_selection_multitask_v1",
  "config_id": "7cfedd757ff7",
  "seed": 456,
  "config_point": {
    "spectral_radius": 0.9,
    "input_scaling": 0.4,
    "leak_rate": 0.9
  },
  "mc_total": 15.599835371999875,
  "kmax": 200,
  "timing": {
    "mc_s": 0.0538362999977835
  },
  "timestamp": "2026-04-16T18:24:31.796202+00:00"
}