{
  "sweep_name": "region_selection_multitask_v1",
  "config_id": "7d112613b9a7",
  "seed": 789,
  "config_point": {
    "spectral_radius": 0.8,
    "input_scaling": 0.3,
    "leak_rate": 0.7
  },
  "mc_total": 13.40628473444126,
  "kmax": 200,
  "timing": {
    "mc_s": 0.06448489999820595
  },
  "timestamp": "2026-04-16T18:24:15.287578+00:00"
}