{
  "sweep_name": "region_selection_multitask_v1",
  "config_id": "7d231a730c0b",
  "seed": 456,
  "config_point": {
    "spectral_radius": 1.0,
    "input_scaling": 0.3,
    "leak_rate": 0.6
  },
  "mc_total": 14.556493629431039,
  "kmax": 200,
  "timing": {
    "mc_s": 0.05526850000023842
  },
  "timestamp": "2026-04-16T18:24:41.982439+00:00"
}