{
  "sweep_name": "region_selection_multitask_v1",
  "config_id": "7d231a730c0b",
  "seed": 123,
  "config_point": {
    "spectral_radius": 1.0,
    "input_scaling": 0.3,
    "leak_rate": 0.6
  },
  "mc_total": 14.895580780267263,
  "kmax": 200,
  "timing": {
    "mc_s": 0.07355859999734093
  },
  "timestamp": "2026-04-16T18:24:41.919729+00:00"
}