{
  "sweep_name": "region_selection_multitask_v1",
  "config_id": "7d313d409da0",
  "seed": 42,
  "config_point": {
    "spectral_radius": 1.0,
    "input_scaling": 0.3,
    "leak_rate": 0.8
  },
  "mc_total": 16.86172807607585,
  "kmax": 200,
  "timing": {
    "mc_s": 0.08065249999708612
  },
  "timestamp": "2026-04-16T18:24:42.657507+00:00"
}