{
  "sweep_name": "region_selection_multitask_v1",
  "config_id": "7d313d409da0",
  "seed": 123,
  "config_point": {
    "spectral_radius": 1.0,
    "input_scaling": 0.3,
    "leak_rate": 0.8
  },
  "mc_total": 17.462336018205047,
  "kmax": 200,
  "timing": {
    "mc_s": 0.0626897000001918
  },
  "timestamp": "2026-04-16T18:24:42.724279+00:00"
}