{
  "sweep_name": "region_selection_multitask_v1",
  "config_id": "7d41b535bebe",
  "seed": 42,
  "config_point": {
    "spectral_radius": 0.7,
    "input_scaling": 0.2,
    "leak_rate": 0.7
  },
  "mc_total": 13.17038483789302,
  "kmax": 200,
  "timing": {
    "mc_s": 0.04900840000118478
  },
  "timestamp": "2026-04-16T18:23:58.956121+00:00"
}