{
  "sweep_name": "region_selection_multitask_v1",
  "config_id": "7e4c0ec18bd1",
  "seed": 456,
  "config_point": {
    "spectral_radius": 0.7,
    "input_scaling": 0.3,
    "leak_rate": 0.7
  },
  "mc_total": 12.351863291482065,
  "kmax": 200,
  "timing": {
    "mc_s": 0.05757849999645259
  },
  "timestamp": "2026-04-16T18:24:01.488904+00:00"
}