{
  "sweep_name": "region_selection_multitask_v1",
  "config_id": "804179bc04bd",
  "seed": 456,
  "config_point": {
    "spectral_radius": 0.9,
    "input_scaling": 0.05,
    "leak_rate": 0.8
  },
  "mc_total": 23.069400747696292,
  "kmax": 200,
  "timing": {
    "mc_s": 0.05775879999782774
  },
  "timestamp": "2026-04-16T18:24:20.037818+00:00"
}