{
  "sweep_name": "region_selection_multitask_v1",
  "config_id": "804179bc04bd",
  "seed": 789,
  "config_point": {
    "spectral_radius": 0.9,
    "input_scaling": 0.05,
    "leak_rate": 0.8
  },
  "mc_total": 21.16487996519206,
  "kmax": 200,
  "timing": {
    "mc_s": 0.0800528999970993
  },
  "timestamp": "2026-04-16T18:24:20.122460+00:00"
}