{
  "sweep_name": "region_selection_multitask_v1",
  "config_id": "8246ed9a8b68",
  "seed": 789,
  "config_point": {
    "spectral_radius": 0.9,
    "input_scaling": 0.3,
    "leak_rate": 0.9
  },
  "mc_total": 16.641885431452565,
  "kmax": 200,
  "timing": {
    "mc_s": 0.049629600001935614
  },
  "timestamp": "2026-04-16T18:24:29.642224+00:00"
}