{
  "sweep_name": "region_selection_multitask_v1",
  "config_id": "8246ed9a8b68",
  "seed": 456,
  "config_point": {
    "spectral_radius": 0.9,
    "input_scaling": 0.3,
    "leak_rate": 0.9
  },
  "mc_total": 17.420222465175957,
  "kmax": 200,
  "timing": {
    "mc_s": 0.0956938999988779
  },
  "timestamp": "2026-04-16T18:24:29.588322+00:00"
}