{
  "sweep_name": "region_selection_multitask_v1",
  "config_id": "83b90ec6a3a2",
  "seed": 789,
  "config_point": {
    "spectral_radius": 0.9,
    "input_scaling": 0.4,
    "leak_rate": 0.8
  },
  "mc_total": 14.04771824271875,
  "kmax": 200,
  "timing": {
    "mc_s": 0.049056300002121134
  },
  "timestamp": "2026-04-16T18:24:31.469966+00:00"
}