{
  "sweep_name": "region_selection_multitask_v1",
  "config_id": "8548609bc94c",
  "seed": 123,
  "config_point": {
    "spectral_radius": 0.7,
    "input_scaling": 0.3,
    "leak_rate": 0.9
  },
  "mc_total": 14.3381536546789,
  "kmax": 200,
  "timing": {
    "mc_s": 0.04730619999827468
  },
  "timestamp": "2026-04-16T18:24:02.141663+00:00"
}