{
  "sweep_name": "region_selection_multitask_v1",
  "config_id": "8548609bc94c",
  "seed": 1024,
  "config_point": {
    "spectral_radius": 0.7,
    "input_scaling": 0.3,
    "leak_rate": 0.9
  },
  "mc_total": 13.73055080806237,
  "kmax": 200,
  "timing": {
    "mc_s": 0.08063559999936842
  },
  "timestamp": "2026-04-16T18:24:02.390114+00:00"
}