{
  "sweep_name": "region_selection_multitask_v1",
  "config_id": "8a01e3c2af7d",
  "seed": 123,
  "config_point": {
    "spectral_radius": 1.0,
    "input_scaling": 0.4,
    "leak_rate": 0.6
  },
  "mc_total": 13.721869435423946,
  "kmax": 200,
  "timing": {
    "mc_s": 0.05645439999716473
  },
  "timestamp": "2026-04-16T18:24:44.487349+00:00"
}