{
  "sweep_name": "region_selection_multitask_v1",
  "config_id": "8a01e3c2af7d",
  "seed": 42,
  "config_point": {
    "spectral_radius": 1.0,
    "input_scaling": 0.4,
    "leak_rate": 0.6
  },
  "mc_total": 13.902790958825774,
  "kmax": 200,
  "timing": {
    "mc_s": 0.0758934000004956
  },
  "timestamp": "2026-04-16T18:24:44.425453+00:00"
}