{
  "sweep_name": "region_selection_multitask_v1",
  "config_id": "8a01e3c2af7d",
  "seed": 1024,
  "config_point": {
    "spectral_radius": 1.0,
    "input_scaling": 0.4,
    "leak_rate": 0.6
  },
  "mc_total": 14.458455629107128,
  "kmax": 200,
  "timing": {
    "mc_s": 0.05516820000048028
  },
  "timestamp": "2026-04-16T18:24:44.707011+00:00"
}