{
  "sweep_name": "region_selection_multitask_v1",
  "config_id": "8a878de8c02b",
  "seed": 123,
  "config_point": {
    "spectral_radius": 0.8,
    "input_scaling": 0.3,
    "leak_rate": 0.6
  },
  "mc_total": 12.758648750282887,
  "kmax": 200,
  "timing": {
    "mc_s": 0.06372030000056839
  },
  "timestamp": "2026-04-16T18:24:14.762862+00:00"
}