{
  "sweep_name": "region_selection_multitask_v1",
  "config_id": "8a878de8c02b",
  "seed": 42,
  "config_point": {
    "spectral_radius": 0.8,
    "input_scaling": 0.3,
    "leak_rate": 0.6
  },
  "mc_total": 13.291193281809843,
  "kmax": 200,
  "timing": {
    "mc_s": 0.06534549999923911
  },
  "timestamp": "2026-04-16T18:24:14.694441+00:00"
}