{
  "sweep_name": "region_selection_multitask_v1",
  "config_id": "8ae48826d829",
  "seed": 1024,
  "config_point": {
    "spectral_radius": 0.6,
    "input_scaling": 0.15,
    "leak_rate": 0.9
  },
  "mc_total": 12.864633615609273,
  "kmax": 200,
  "timing": {
    "mc_s": 0.07257570000001579
  },
  "timestamp": "2026-04-16T18:23:43.844316+00:00"
}