{
  "sweep_name": "region_selection_multitask_v1",
  "config_id": "8ae48826d829",
  "seed": 456,
  "config_point": {
    "spectral_radius": 0.6,
    "input_scaling": 0.15,
    "leak_rate": 0.9
  },
  "mc_total": 13.855148017491736,
  "kmax": 200,
  "timing": {
    "mc_s": 0.10928380000041216
  },
  "timestamp": "2026-04-16T18:23:43.703265+00:00"
}