{
  "sweep_name": "region_selection_multitask_v1",
  "config_id": "8ae48826d829",
  "seed": 123,
  "config_point": {
    "spectral_radius": 0.6,
    "input_scaling": 0.15,
    "leak_rate": 0.9
  },
  "mc_total": 13.282823081959732,
  "kmax": 200,
  "timing": {
    "mc_s": 0.051083500002278015
  },
  "timestamp": "2026-04-16T18:23:43.587206+00:00"
}