{
  "sweep_name": "region_selection_multitask_v1",
  "config_id": "8ae48826d829",
  "seed": 42,
  "config_point": {
    "spectral_radius": 0.6,
    "input_scaling": 0.15,
    "leak_rate": 0.9
  },
  "mc_total": 13.370041486825658,
  "kmax": 200,
  "timing": {
    "mc_s": 0.09069669999735197
  },
  "timestamp": "2026-04-16T18:23:43.531493+00:00"
}