{
  "sweep_name": "region_selection_multitask_v1",
  "config_id": "8baeb0c225c0",
  "seed": 456,
  "config_point": {
    "spectral_radius": 0.8,
    "input_scaling": 0.15,
    "leak_rate": 1.0
  },
  "mc_total": 21.4807521073633,
  "kmax": 200,
  "timing": {
    "mc_s": 0.04891669999778969
  },
  "timestamp": "2026-04-16T18:24:11.782467+00:00"
}