{
  "sweep_name": "region_selection_multitask_v1",
  "config_id": "8baeb0c225c0",
  "seed": 123,
  "config_point": {
    "spectral_radius": 0.8,
    "input_scaling": 0.15,
    "leak_rate": 1.0
  },
  "mc_total": 20.687702866609403,
  "kmax": 200,
  "timing": {
    "mc_s": 0.046847100002196385
  },
  "timestamp": "2026-04-16T18:24:11.723610+00:00"
}