{
  "sweep_name": "region_selection_multitask_v1",
  "config_id": "8bffc079700d",
  "seed": 789,
  "config_point": {
    "spectral_radius": 0.7,
    "input_scaling": 0.15,
    "leak_rate": 1.0
  },
  "mc_total": 17.108787195976838,
  "kmax": 200,
  "timing": {
    "mc_s": 0.05356309999842779
  },
  "timestamp": "2026-04-16T18:23:58.057342+00:00"
}