{
  "sweep_name": "region_selection_multitask_v1",
  "config_id": "8c1c233dfbb1",
  "seed": 1024,
  "config_point": {
    "spectral_radius": 0.7,
    "input_scaling": 0.3,
    "leak_rate": 1.0
  },
  "mc_total": 14.887686540758157,
  "kmax": 200,
  "timing": {
    "mc_s": 0.048986199999490054
  },
  "timestamp": "2026-04-16T18:24:02.748148+00:00"
}