{
  "sweep_name": "region_selection_multitask_v1",
  "config_id": "8c9f95aff55f",
  "seed": 789,
  "config_point": {
    "spectral_radius": 1.1,
    "input_scaling": 0.1,
    "leak_rate": 0.8
  },
  "mc_total": 20.472601466396394,
  "kmax": 200,
  "timing": {
    "mc_s": 0.06492419999995036
  },
  "timestamp": "2026-04-16T18:24:49.723674+00:00"
}