{
  "sweep_name": "region_selection_multitask_v1",
  "config_id": "8c9f95aff55f",
  "seed": 42,
  "config_point": {
    "spectral_radius": 1.1,
    "input_scaling": 0.1,
    "leak_rate": 0.8
  },
  "mc_total": 15.651407916297034,
  "kmax": 200,
  "timing": {
    "mc_s": 0.04893939999965369
  },
  "timestamp": "2026-04-16T18:24:49.500695+00:00"
}