{
  "sweep_name": "region_selection_multitask_v1",
  "config_id": "8c9f95aff55f",
  "seed": 1024,
  "config_point": {
    "spectral_radius": 1.1,
    "input_scaling": 0.1,
    "leak_rate": 0.8
  },
  "mc_total": 25.1784347866716,
  "kmax": 200,
  "timing": {
    "mc_s": 0.05516370000259485
  },
  "timestamp": "2026-04-16T18:24:49.783844+00:00"
}