{
  "sweep_name": "region_selection_multitask_v1",
  "config_id": "8c9f95aff55f",
  "seed": 456,
  "config_point": {
    "spectral_radius": 1.1,
    "input_scaling": 0.1,
    "leak_rate": 0.8
  },
  "mc_total": 18.90248787841413,
  "kmax": 200,
  "timing": {
    "mc_s": 0.052816399998846464
  },
  "timestamp": "2026-04-16T18:24:49.654714+00:00"
}