{
  "sweep_name": "region_selection_multitask_v1",
  "config_id": "8d636eb32b9d",
  "seed": 456,
  "config_point": {
    "spectral_radius": 1.0,
    "input_scaling": 0.05,
    "leak_rate": 0.7
  },
  "mc_total": 23.742186144725594,
  "kmax": 200,
  "timing": {
    "mc_s": 0.08725240000057966
  },
  "timestamp": "2026-04-16T18:24:33.255446+00:00"
}