{
  "sweep_name": "region_selection_multitask_v1",
  "config_id": "8db45fe2202f",
  "seed": 456,
  "config_point": {
    "spectral_radius": 0.6,
    "input_scaling": 0.2,
    "leak_rate": 0.6
  },
  "mc_total": 10.390648843159624,
  "kmax": 200,
  "timing": {
    "mc_s": 0.07332889999815961
  },
  "timestamp": "2026-04-16T18:23:44.844331+00:00"
}