{
  "sweep_name": "region_selection_multitask_v1",
  "config_id": "8ddabc77c0bd",
  "seed": 123,
  "config_point": {
    "spectral_radius": 1.1,
    "input_scaling": 0.15,
    "leak_rate": 0.8
  },
  "mc_total": 21.192063364519186,
  "kmax": 200,
  "timing": {
    "mc_s": 0.05818540000109351
  },
  "timestamp": "2026-04-16T18:24:51.791438+00:00"
}