{
  "sweep_name": "region_selection_multitask_v1",
  "config_id": "8ddabc77c0bd",
  "seed": 789,
  "config_point": {
    "spectral_radius": 1.1,
    "input_scaling": 0.15,
    "leak_rate": 0.8
  },
  "mc_total": 18.89126016319411,
  "kmax": 200,
  "timing": {
    "mc_s": 0.0465174000019033
  },
  "timestamp": "2026-04-16T18:24:51.919244+00:00"
}