{
  "sweep_name": "region_selection_multitask_v1",
  "config_id": "9063c377d58e",
  "seed": 456,
  "config_point": {
    "spectral_radius": 0.6,
    "input_scaling": 0.15,
    "leak_rate": 1.0
  },
  "mc_total": 15.471119929949241,
  "kmax": 200,
  "timing": {
    "mc_s": 0.06893920000220533
  },
  "timestamp": "2026-04-16T18:23:44.117400+00:00"
}