{
  "sweep_name": "region_selection_multitask_v1",
  "config_id": "90d773923187",
  "seed": 1024,
  "config_point": {
    "spectral_radius": 0.8,
    "input_scaling": 0.2,
    "leak_rate": 0.6
  },
  "mc_total": 13.550076842320513,
  "kmax": 200,
  "timing": {
    "mc_s": 0.05642649999936111
  },
  "timestamp": "2026-04-16T18:24:12.734687+00:00"
}