{
  "sweep_name": "region_selection_multitask_v1",
  "config_id": "90d773923187",
  "seed": 456,
  "config_point": {
    "spectral_radius": 0.8,
    "input_scaling": 0.2,
    "leak_rate": 0.6
  },
  "mc_total": 13.777304912496767,
  "kmax": 200,
  "timing": {
    "mc_s": 0.0818422999982431
  },
  "timestamp": "2026-04-16T18:24:12.608415+00:00"
}