{
  "sweep_name": "region_selection_multitask_v1",
  "config_id": "9143fa7774c8",
  "seed": 1024,
  "config_point": {
    "spectral_radius": 1.0,
    "input_scaling": 0.3,
    "leak_rate": 0.9
  },
  "mc_total": 20.82280502496747,
  "kmax": 200,
  "timing": {
    "mc_s": 0.09576060000108555
  },
  "timestamp": "2026-04-16T18:24:43.406438+00:00"
}