{
  "sweep_name": "region_selection_multitask_v1",
  "config_id": "9143fa7774c8",
  "seed": 123,
  "config_point": {
    "spectral_radius": 1.0,
    "input_scaling": 0.3,
    "leak_rate": 0.9
  },
  "mc_total": 19.675146045374696,
  "kmax": 200,
  "timing": {
    "mc_s": 0.07890010000119219
  },
  "timestamp": "2026-04-16T18:24:43.101531+00:00"
}