{
  "sweep_name": "region_selection_multitask_v1",
  "config_id": "92bfaaea8b8b",
  "seed": 42,
  "config_point": {
    "spectral_radius": 1.0,
    "input_scaling": 0.05,
    "leak_rate": 1.0
  },
  "mc_total": 31.583109063726127,
  "kmax": 200,
  "timing": {
    "mc_s": 0.09745029999976396
  },
  "timestamp": "2026-04-16T18:24:34.261386+00:00"
}