{
  "sweep_name": "region_selection_multitask_v1",
  "config_id": "92bfaaea8b8b",
  "seed": 789,
  "config_point": {
    "spectral_radius": 1.0,
    "input_scaling": 0.05,
    "leak_rate": 1.0
  },
  "mc_total": 32.431947099545226,
  "kmax": 200,
  "timing": {
    "mc_s": 0.04864530000122613
  },
  "timestamp": "2026-04-16T18:24:34.471680+00:00"
}