{
  "sweep_name": "region_selection_multitask_v1",
  "config_id": "96af7170b8b0",
  "seed": 1024,
  "config_point": {
    "spectral_radius": 1.0,
    "input_scaling": 0.1,
    "leak_rate": 0.9
  },
  "mc_total": 28.380657233495178,
  "kmax": 200,
  "timing": {
    "mc_s": 0.0635891999991145
  },
  "timestamp": "2026-04-16T18:24:36.428811+00:00"
}