{
  "sweep_name": "region_selection_multitask_v1",
  "config_id": "974a39a7bc80",
  "seed": 1024,
  "config_point": {
    "spectral_radius": 0.9,
    "input_scaling": 0.4,
    "leak_rate": 0.5
  },
  "mc_total": 12.622325966393364,
  "kmax": 200,
  "timing": {
    "mc_s": 0.05512269999962882
  },
  "timestamp": "2026-04-16T18:24:30.449604+00:00"
}