{
  "sweep_name": "region_selection_multitask_v1",
  "config_id": "9bba7c25d761",
  "seed": 456,
  "config_point": {
    "spectral_radius": 1.1,
    "input_scaling": 0.2,
    "leak_rate": 1.0
  },
  "mc_total": 19.470158072536567,
  "kmax": 200,
  "timing": {
    "mc_s": 0.0809817999979714
  },
  "timestamp": "2026-04-16T18:24:54.801641+00:00"
}