{
  "sweep_name": "region_selection_multitask_v1",
  "config_id": "9c545a13215e",
  "seed": 456,
  "config_point": {
    "spectral_radius": 1.1,
    "input_scaling": 0.1,
    "leak_rate": 0.5
  },
  "mc_total": 17.426921736922587,
  "kmax": 200,
  "timing": {
    "mc_s": 0.07462429999941378
  },
  "timestamp": "2026-04-16T18:24:48.569663+00:00"
}