{
  "sweep_name": "region_selection_multitask_v1",
  "config_id": "9c545a13215e",
  "seed": 789,
  "config_point": {
    "spectral_radius": 1.1,
    "input_scaling": 0.1,
    "leak_rate": 0.5
  },
  "mc_total": 16.478297257073024,
  "kmax": 200,
  "timing": {
    "mc_s": 0.05769770000188146
  },
  "timestamp": "2026-04-16T18:24:48.632047+00:00"
}