{
  "sweep_name": "region_selection_multitask_v1",
  "config_id": "9c545a13215e",
  "seed": 123,
  "config_point": {
    "spectral_radius": 1.1,
    "input_scaling": 0.1,
    "leak_rate": 0.5
  },
  "mc_total": 17.337717890198398,
  "kmax": 200,
  "timing": {
    "mc_s": 0.05384129999947618
  },
  "timestamp": "2026-04-16T18:24:48.488510+00:00"
}