{
  "sweep_name": "region_selection_multitask_v1",
  "config_id": "9c6707965944",
  "seed": 789,
  "config_point": {
    "spectral_radius": 0.8,
    "input_scaling": 0.05,
    "leak_rate": 0.7
  },
  "mc_total": 15.537729139122227,
  "kmax": 200,
  "timing": {
    "mc_s": 0.06265530000018771
  },
  "timestamp": "2026-04-16T18:24:06.246517+00:00"
}