{
  "sweep_name": "region_selection_multitask_v1",
  "config_id": "9c67a6f86fa9",
  "seed": 1024,
  "config_point": {
    "spectral_radius": 0.9,
    "input_scaling": 0.1,
    "leak_rate": 0.6
  },
  "mc_total": 16.976056692201386,
  "kmax": 200,
  "timing": {
    "mc_s": 0.047802900000533555
  },
  "timestamp": "2026-04-16T18:24:21.723874+00:00"
}