{
  "sweep_name": "region_selection_multitask_v1",
  "config_id": "9c67a6f86fa9",
  "seed": 123,
  "config_point": {
    "spectral_radius": 0.9,
    "input_scaling": 0.1,
    "leak_rate": 0.6
  },
  "mc_total": 16.281234761225107,
  "kmax": 200,
  "timing": {
    "mc_s": 0.10308609999992768
  },
  "timestamp": "2026-04-16T18:24:21.556348+00:00"
}