{
  "sweep_name": "region_selection_multitask_v1",
  "config_id": "9dee4b91ded8",
  "seed": 42,
  "config_point": {
    "spectral_radius": 0.7,
    "input_scaling": 0.4,
    "leak_rate": 1.0
  },
  "mc_total": 14.396554975173917,
  "kmax": 200,
  "timing": {
    "mc_s": 0.06310409999787225
  },
  "timestamp": "2026-04-16T18:24:04.873321+00:00"
}