{
  "sweep_name": "region_selection_multitask_v1",
  "config_id": "9f183bf72dbc",
  "seed": 789,
  "config_point": {
    "spectral_radius": 0.6,
    "input_scaling": 0.05,
    "leak_rate": 0.7
  },
  "mc_total": 10.28523183206683,
  "kmax": 200,
  "timing": {
    "mc_s": 0.0657366000014008
  },
  "timestamp": "2026-04-16T18:23:38.360341+00:00"
}