{
  "sweep_name": "region_selection_multitask_v1",
  "config_id": "9f183bf72dbc",
  "seed": 1024,
  "config_point": {
    "spectral_radius": 0.6,
    "input_scaling": 0.05,
    "leak_rate": 0.7
  },
  "mc_total": 9.895261542933456,
  "kmax": 200,
  "timing": {
    "mc_s": 0.06421279999995022
  },
  "timestamp": "2026-04-16T18:23:38.430022+00:00"
}