{
  "sweep_name": "region_selection_multitask_v1",
  "config_id": "a041111b9a85",
  "seed": 456,
  "config_point": {
    "spectral_radius": 0.8,
    "input_scaling": 0.1,
    "leak_rate": 0.9
  },
  "mc_total": 20.582488714678856,
  "kmax": 200,
  "timing": {
    "mc_s": 0.047662299999501556
  },
  "timestamp": "2026-04-16T18:24:09.152741+00:00"
}