{
  "sweep_name": "region_selection_multitask_v1",
  "config_id": "a0c95183bc66",
  "seed": 1024,
  "config_point": {
    "spectral_radius": 0.8,
    "input_scaling": 0.2,
    "leak_rate": 0.5
  },
  "mc_total": 12.76710270016959,
  "kmax": 200,
  "timing": {
    "mc_s": 0.06277469999986351
  },
  "timestamp": "2026-04-16T18:24:12.381622+00:00"
}