{
  "sweep_name": "region_selection_multitask_v1",
  "config_id": "a14dc19eb1fe",
  "seed": 1024,
  "config_point": {
    "spectral_radius": 0.6,
    "input_scaling": 0.1,
    "leak_rate": 0.9
  },
  "mc_total": 13.022470703890994,
  "kmax": 200,
  "timing": {
    "mc_s": 0.07512389999828883
  },
  "timestamp": "2026-04-16T18:23:41.552683+00:00"
}