{
  "sweep_name": "region_selection_multitask_v1",
  "config_id": "a14dc19eb1fe",
  "seed": 42,
  "config_point": {
    "spectral_radius": 0.6,
    "input_scaling": 0.1,
    "leak_rate": 0.9
  },
  "mc_total": 13.341700201470145,
  "kmax": 200,
  "timing": {
    "mc_s": 0.05509929999971064
  },
  "timestamp": "2026-04-16T18:23:41.235809+00:00"
}