{
  "sweep_name": "region_selection_multitask_v1",
  "config_id": "a47504a75fde",
  "seed": 1024,
  "config_point": {
    "spectral_radius": 0.9,
    "input_scaling": 0.3,
    "leak_rate": 0.8
  },
  "mc_total": 16.20246582799044,
  "kmax": 200,
  "timing": {
    "mc_s": 0.05650640000021667
  },
  "timestamp": "2026-04-16T18:24:29.325455+00:00"
}