{
  "sweep_name": "region_selection_multitask_v1",
  "config_id": "a47504a75fde",
  "seed": 123,
  "config_point": {
    "spectral_radius": 0.9,
    "input_scaling": 0.3,
    "leak_rate": 0.8
  },
  "mc_total": 15.919762413894825,
  "kmax": 200,
  "timing": {
    "mc_s": 0.060785200003010686
  },
  "timestamp": "2026-04-16T18:24:29.119720+00:00"
}