{
  "sweep_name": "region_selection_multitask_v1",
  "config_id": "a47504a75fde",
  "seed": 456,
  "config_point": {
    "spectral_radius": 0.9,
    "input_scaling": 0.3,
    "leak_rate": 0.8
  },
  "mc_total": 16.090668033385334,
  "kmax": 200,
  "timing": {
    "mc_s": 0.06852670000080252
  },
  "timestamp": "2026-04-16T18:24:29.196592+00:00"
}