{
  "sweep_name": "region_selection_multitask_v1",
  "config_id": "a47504a75fde",
  "seed": 42,
  "config_point": {
    "spectral_radius": 0.9,
    "input_scaling": 0.3,
    "leak_rate": 0.8
  },
  "mc_total": 15.75369535606478,
  "kmax": 200,
  "timing": {
    "mc_s": 0.0624353000021074
  },
  "timestamp": "2026-04-16T18:24:29.053823+00:00"
}