{
  "sweep_name": "region_selection_multitask_v1",
  "config_id": "a48d03fa5eb5",
  "seed": 42,
  "config_point": {
    "spectral_radius": 0.8,
    "input_scaling": 0.05,
    "leak_rate": 0.8
  },
  "mc_total": 17.57814110365134,
  "kmax": 200,
  "timing": {
    "mc_s": 0.08500640000056592
  },
  "timestamp": "2026-04-16T18:24:06.395877+00:00"
}