{
  "sweep_name": "region_selection_multitask_v1",
  "config_id": "a6e97c82bcea",
  "seed": 123,
  "config_point": {
    "spectral_radius": 0.6,
    "input_scaling": 0.05,
    "leak_rate": 0.6
  },
  "mc_total": 9.243763829032313,
  "kmax": 200,
  "timing": {
    "mc_s": 0.06999640000140062
  },
  "timestamp": "2026-04-16T18:23:37.816707+00:00"
}