{
  "sweep_name": "region_selection_multitask_v1",
  "config_id": "a6e97c82bcea",
  "seed": 789,
  "config_point": {
    "spectral_radius": 0.6,
    "input_scaling": 0.05,
    "leak_rate": 0.6
  },
  "mc_total": 9.574869977459057,
  "kmax": 200,
  "timing": {
    "mc_s": 0.048995699999068165
  },
  "timestamp": "2026-04-16T18:23:37.933860+00:00"
}