{
  "sweep_name": "region_selection_multitask_v1",
  "config_id": "a9601e3f62df",
  "seed": 1024,
  "config_point": {
    "spectral_radius": 0.8,
    "input_scaling": 0.15,
    "leak_rate": 0.9
  },
  "mc_total": 18.65547176762285,
  "kmax": 200,
  "timing": {
    "mc_s": 0.09677369999917573
  },
  "timestamp": "2026-04-16T18:24:11.598760+00:00"
}