{
  "sweep_name": "region_selection_multitask_v1",
  "config_id": "a9601e3f62df",
  "seed": 42,
  "config_point": {
    "spectral_radius": 0.8,
    "input_scaling": 0.15,
    "leak_rate": 0.9
  },
  "mc_total": 18.298476751381518,
  "kmax": 200,
  "timing": {
    "mc_s": 0.06325740000102087
  },
  "timestamp": "2026-04-16T18:24:11.329994+00:00"
}