{
  "sweep_name": "region_selection_multitask_v1",
  "config_id": "a9601e3f62df",
  "seed": 456,
  "config_point": {
    "spectral_radius": 0.8,
    "input_scaling": 0.15,
    "leak_rate": 0.9
  },
  "mc_total": 18.89689632828702,
  "kmax": 200,
  "timing": {
    "mc_s": 0.04810720000023139
  },
  "timestamp": "2026-04-16T18:24:11.444541+00:00"
}