{
  "sweep_name": "region_selection_multitask_v1",
  "config_id": "aa90423e4863",
  "seed": 123,
  "config_point": {
    "spectral_radius": 1.0,
    "input_scaling": 0.15,
    "leak_rate": 0.9
  },
  "mc_total": 24.337051941584747,
  "kmax": 200,
  "timing": {
    "mc_s": 0.059145500003069174
  },
  "timestamp": "2026-04-16T18:24:38.484773+00:00"
}