{
  "sweep_name": "region_selection_multitask_v1",
  "config_id": "aacbc395b88c",
  "seed": 123,
  "config_point": {
    "spectral_radius": 0.7,
    "input_scaling": 0.15,
    "leak_rate": 0.9
  },
  "mc_total": 15.782272828412028,
  "kmax": 200,
  "timing": {
    "mc_s": 0.07953600000109873
  },
  "timestamp": "2026-04-16T18:23:57.556074+00:00"
}