{
  "sweep_name": "region_selection_multitask_v1",
  "config_id": "aacbc395b88c",
  "seed": 789,
  "config_point": {
    "spectral_radius": 0.7,
    "input_scaling": 0.15,
    "leak_rate": 0.9
  },
  "mc_total": 15.482208739613005,
  "kmax": 200,
  "timing": {
    "mc_s": 0.05012210000131745
  },
  "timestamp": "2026-04-16T18:23:57.699753+00:00"
}