{
  "sweep_name": "region_selection_multitask_v1",
  "config_id": "aacbc395b88c",
  "seed": 456,
  "config_point": {
    "spectral_radius": 0.7,
    "input_scaling": 0.15,
    "leak_rate": 0.9
  },
  "mc_total": 16.271968797424023,
  "kmax": 200,
  "timing": {
    "mc_s": 0.08326820000002044
  },
  "timestamp": "2026-04-16T18:23:57.645185+00:00"
}