{
  "sweep_name": "region_selection_multitask_v1",
  "config_id": "ab82caf61596",
  "seed": 1024,
  "config_point": {
    "spectral_radius": 0.8,
    "input_scaling": 0.05,
    "leak_rate": 0.5
  },
  "mc_total": 12.521993993583944,
  "kmax": 200,
  "timing": {
    "mc_s": 0.04715379999834113
  },
  "timestamp": "2026-04-16T18:24:05.541195+00:00"
}