{
  "sweep_name": "region_selection_multitask_v1",
  "config_id": "ab82caf61596",
  "seed": 789,
  "config_point": {
    "spectral_radius": 0.8,
    "input_scaling": 0.05,
    "leak_rate": 0.5
  },
  "mc_total": 12.835481752137321,
  "kmax": 200,
  "timing": {
    "mc_s": 0.04799289999937173
  },
  "timestamp": "2026-04-16T18:24:05.488194+00:00"
}