{
  "sweep_name": "region_selection_multitask_v1",
  "config_id": "ab82caf61596",
  "seed": 123,
  "config_point": {
    "spectral_radius": 0.8,
    "input_scaling": 0.05,
    "leak_rate": 0.5
  },
  "mc_total": 12.224487342672726,
  "kmax": 200,
  "timing": {
    "mc_s": 0.05820229999881121
  },
  "timestamp": "2026-04-16T18:24:05.354212+00:00"
}