{
  "sweep_name": "region_selection_multitask_v1",
  "config_id": "ab82caf61596",
  "seed": 456,
  "config_point": {
    "spectral_radius": 0.8,
    "input_scaling": 0.05,
    "leak_rate": 0.5
  },
  "mc_total": 13.412357407102506,
  "kmax": 200,
  "timing": {
    "mc_s": 0.07244729999729316
  },
  "timestamp": "2026-04-16T18:24:05.436049+00:00"
}