{
  "sweep_name": "region_selection_multitask_v1",
  "config_id": "ad3d30f90afe",
  "seed": 123,
  "config_point": {
    "spectral_radius": 0.6,
    "input_scaling": 0.2,
    "leak_rate": 0.7
  },
  "mc_total": 10.850814371412032,
  "kmax": 200,
  "timing": {
    "mc_s": 0.053667200001655146
  },
  "timestamp": "2026-04-16T18:23:45.125483+00:00"
}