{
  "sweep_name": "region_selection_multitask_v1",
  "config_id": "adc4d1ebebf2",
  "seed": 1024,
  "config_point": {
    "spectral_radius": 0.7,
    "input_scaling": 0.1,
    "leak_rate": 0.5
  },
  "mc_total": 10.828330166260615,
  "kmax": 200,
  "timing": {
    "mc_s": 0.05745789999855333
  },
  "timestamp": "2026-04-16T18:23:53.769182+00:00"
}