{
  "sweep_name": "region_selection_multitask_v1",
  "config_id": "adc4d1ebebf2",
  "seed": 123,
  "config_point": {
    "spectral_radius": 0.7,
    "input_scaling": 0.1,
    "leak_rate": 0.5
  },
  "mc_total": 10.683371791549975,
  "kmax": 200,
  "timing": {
    "mc_s": 0.0630481999978656
  },
  "timestamp": "2026-04-16T18:23:53.562582+00:00"
}