{
  "sweep_name": "region_selection_multitask_v1",
  "config_id": "adc4d1ebebf2",
  "seed": 456,
  "config_point": {
    "spectral_radius": 0.7,
    "input_scaling": 0.1,
    "leak_rate": 0.5
  },
  "mc_total": 11.288009903970948,
  "kmax": 200,
  "timing": {
    "mc_s": 0.06435889999920619
  },
  "timestamp": "2026-04-16T18:23:53.635070+00:00"
}