{
  "sweep_name": "region_selection_multitask_v1",
  "config_id": "adc4d1ebebf2",
  "seed": 42,
  "config_point": {
    "spectral_radius": 0.7,
    "input_scaling": 0.1,
    "leak_rate": 0.5
  },
  "mc_total": 11.78947462169202,
  "kmax": 200,
  "timing": {
    "mc_s": 0.08570169999802602
  },
  "timestamp": "2026-04-16T18:23:53.493692+00:00"
}