{
  "sweep_name": "region_selection_multitask_v1",
  "config_id": "ae031b6366dd",
  "seed": 456,
  "config_point": {
    "spectral_radius": 1.1,
    "input_scaling": 0.1,
    "leak_rate": 1.0
  },
  "mc_total": 22.10786964498224,
  "kmax": 200,
  "timing": {
    "mc_s": 0.05173359999753302
  },
  "timestamp": "2026-04-16T18:24:50.321419+00:00"
}