{
  "sweep_name": "region_selection_multitask_v1",
  "config_id": "ae031b6366dd",
  "seed": 789,
  "config_point": {
    "spectral_radius": 1.1,
    "input_scaling": 0.1,
    "leak_rate": 1.0
  },
  "mc_total": 24.675163530910343,
  "kmax": 200,
  "timing": {
    "mc_s": 0.10680589999901713
  },
  "timestamp": "2026-04-16T18:24:50.432737+00:00"
}