{
  "sweep_name": "region_selection_multitask_v1",
  "config_id": "ae031b6366dd",
  "seed": 1024,
  "config_point": {
    "spectral_radius": 1.1,
    "input_scaling": 0.1,
    "leak_rate": 1.0
  },
  "mc_total": 22.6775836905985,
  "kmax": 200,
  "timing": {
    "mc_s": 0.058008299998618895
  },
  "timestamp": "2026-04-16T18:24:50.494671+00:00"
}