{
  "sweep_name": "region_selection_multitask_v1",
  "config_id": "aeb751998e63",
  "seed": 1024,
  "config_point": {
    "spectral_radius": 0.7,
    "input_scaling": 0.2,
    "leak_rate": 1.0
  },
  "mc_total": 16.598582494981528,
  "kmax": 200,
  "timing": {
    "mc_s": 0.04779219999909401
  },
  "timestamp": "2026-04-16T18:24:00.434120+00:00"
}