{
  "sweep_name": "region_selection_multitask_v1",
  "config_id": "aeb751998e63",
  "seed": 456,
  "config_point": {
    "spectral_radius": 0.7,
    "input_scaling": 0.2,
    "leak_rate": 1.0
  },
  "mc_total": 17.034105642608758,
  "kmax": 200,
  "timing": {
    "mc_s": 0.047430599999643164
  },
  "timestamp": "2026-04-16T18:24:00.301976+00:00"
}