{
  "sweep_name": "region_selection_multitask_v1",
  "config_id": "aeb751998e63",
  "seed": 789,
  "config_point": {
    "spectral_radius": 0.7,
    "input_scaling": 0.2,
    "leak_rate": 1.0
  },
  "mc_total": 16.122996237629934,
  "kmax": 200,
  "timing": {
    "mc_s": 0.07365080000090529
  },
  "timestamp": "2026-04-16T18:24:00.382666+00:00"
}