{
  "sweep_name": "region_selection_multitask_v1",
  "config_id": "aeb751998e63",
  "seed": 42,
  "config_point": {
    "spectral_radius": 0.7,
    "input_scaling": 0.2,
    "leak_rate": 1.0
  },
  "mc_total": 16.961174343975163,
  "kmax": 200,
  "timing": {
    "mc_s": 0.06459689999974216
  },
  "timestamp": "2026-04-16T18:24:00.176940+00:00"
}