{
  "sweep_name": "region_selection_multitask_v1",
  "config_id": "af27e14ad131",
  "seed": 123,
  "config_point": {
    "spectral_radius": 0.6,
    "input_scaling": 0.3,
    "leak_rate": 1.0
  },
  "mc_total": 13.918151680363435,
  "kmax": 200,
  "timing": {
    "mc_s": 0.058042099997692276
  },
  "timestamp": "2026-04-16T18:23:48.608279+00:00"
}