{
  "sweep_name": "region_selection_multitask_v1",
  "config_id": "af27e14ad131",
  "seed": 456,
  "config_point": {
    "spectral_radius": 0.6,
    "input_scaling": 0.3,
    "leak_rate": 1.0
  },
  "mc_total": 13.573527228885315,
  "kmax": 200,
  "timing": {
    "mc_s": 0.06379440000091563
  },
  "timestamp": "2026-04-16T18:23:48.681556+00:00"
}