{
  "sweep_name": "region_selection_multitask_v1",
  "config_id": "af27e14ad131",
  "seed": 1024,
  "config_point": {
    "spectral_radius": 0.6,
    "input_scaling": 0.3,
    "leak_rate": 1.0
  },
  "mc_total": 13.141609622795773,
  "kmax": 200,
  "timing": {
    "mc_s": 0.06379720000040834
  },
  "timestamp": "2026-04-16T18:23:48.817156+00:00"
}