{
  "sweep_name": "region_selection_multitask_v1",
  "config_id": "af3244f452ab",
  "seed": 123,
  "config_point": {
    "spectral_radius": 1.1,
    "input_scaling": 0.05,
    "leak_rate": 0.5
  },
  "mc_total": 19.430344523427387,
  "kmax": 200,
  "timing": {
    "mc_s": 0.08721750000040629
  },
  "timestamp": "2026-04-16T18:24:46.321747+00:00"
}