{
  "sweep_name": "region_selection_multitask_v1",
  "config_id": "af3244f452ab",
  "seed": 456,
  "config_point": {
    "spectral_radius": 1.1,
    "input_scaling": 0.05,
    "leak_rate": 0.5
  },
  "mc_total": 20.05612877759902,
  "kmax": 200,
  "timing": {
    "mc_s": 0.05802949999997509
  },
  "timestamp": "2026-04-16T18:24:46.386638+00:00"
}