{
  "sweep_name": "region_selection_multitask_v1",
  "config_id": "af3244f452ab",
  "seed": 1024,
  "config_point": {
    "spectral_radius": 1.1,
    "input_scaling": 0.05,
    "leak_rate": 0.5
  },
  "mc_total": 19.916766005532025,
  "kmax": 200,
  "timing": {
    "mc_s": 0.0650004999988596
  },
  "timestamp": "2026-04-16T18:24:46.524906+00:00"
}