{
  "sweep_name": "region_selection_multitask_v1",
  "config_id": "af3244f452ab",
  "seed": 789,
  "config_point": {
    "spectral_radius": 1.1,
    "input_scaling": 0.05,
    "leak_rate": 0.5
  },
  "mc_total": 17.772882574102738,
  "kmax": 200,
  "timing": {
    "mc_s": 0.06251379999957862
  },
  "timestamp": "2026-04-16T18:24:46.455924+00:00"
}