{
  "sweep_name": "region_selection_multitask_v1",
  "config_id": "b05deac84252",
  "seed": 789,
  "config_point": {
    "spectral_radius": 0.8,
    "input_scaling": 0.15,
    "leak_rate": 0.5
  },
  "mc_total": 13.127316792155636,
  "kmax": 200,
  "timing": {
    "mc_s": 0.06377430000065942
  },
  "timestamp": "2026-04-16T18:24:10.068782+00:00"
}