{
  "sweep_name": "region_selection_multitask_v1",
  "config_id": "b05deac84252",
  "seed": 42,
  "config_point": {
    "spectral_radius": 0.8,
    "input_scaling": 0.15,
    "leak_rate": 0.5
  },
  "mc_total": 13.8556787054099,
  "kmax": 200,
  "timing": {
    "mc_s": 0.14491800000178046
  },
  "timestamp": "2026-04-16T18:24:09.845111+00:00"
}