{
  "sweep_name": "region_selection_multitask_v1",
  "config_id": "b0a388a69d7d",
  "seed": 42,
  "config_point": {
    "spectral_radius": 0.6,
    "input_scaling": 0.1,
    "leak_rate": 0.5
  },
  "mc_total": 9.888392936862152,
  "kmax": 200,
  "timing": {
    "mc_s": 0.04799990000174148
  },
  "timestamp": "2026-04-16T18:23:39.692002+00:00"
}