{
  "sweep_name": "region_selection_multitask_v1",
  "config_id": "b0a388a69d7d",
  "seed": 789,
  "config_point": {
    "spectral_radius": 0.6,
    "input_scaling": 0.1,
    "leak_rate": 0.5
  },
  "mc_total": 9.478622939477132,
  "kmax": 200,
  "timing": {
    "mc_s": 0.05568479999783449
  },
  "timestamp": "2026-04-16T18:23:39.930967+00:00"
}