{
  "sweep_name": "region_selection_multitask_v1",
  "config_id": "b2c749c6874f",
  "seed": 1024,
  "config_point": {
    "spectral_radius": 0.6,
    "input_scaling": 0.1,
    "leak_rate": 0.8
  },
  "mc_total": 11.572799893258493,
  "kmax": 200,
  "timing": {
    "mc_s": 0.09195249999902444
  },
  "timestamp": "2026-04-16T18:23:41.173603+00:00"
}