{
  "sweep_name": "region_selection_multitask_v1",
  "config_id": "b2c749c6874f",
  "seed": 42,
  "config_point": {
    "spectral_radius": 0.6,
    "input_scaling": 0.1,
    "leak_rate": 0.8
  },
  "mc_total": 12.12158037878524,
  "kmax": 200,
  "timing": {
    "mc_s": 0.09149249999973108
  },
  "timestamp": "2026-04-16T18:23:40.855779+00:00"
}