{
  "sweep_name": "region_selection_multitask_v1",
  "config_id": "b4315343f14a",
  "seed": 42,
  "config_point": {
    "spectral_radius": 1.1,
    "input_scaling": 0.3,
    "leak_rate": 0.8
  },
  "mc_total": 13.046805729684587,
  "kmax": 200,
  "timing": {
    "mc_s": 0.08104540000203997
  },
  "timestamp": "2026-04-16T18:24:56.047156+00:00"
}