{
  "sweep_name": "region_selection_multitask_v1",
  "config_id": "b47cc3cca0cd",
  "seed": 789,
  "config_point": {
    "spectral_radius": 0.6,
    "input_scaling": 0.15,
    "leak_rate": 0.7
  },
  "mc_total": 10.9042607549071,
  "kmax": 200,
  "timing": {
    "mc_s": 0.08834570000180975
  },
  "timestamp": "2026-04-16T18:23:42.960385+00:00"
}