{
  "sweep_name": "region_selection_multitask_v1",
  "config_id": "b47cc3cca0cd",
  "seed": 1024,
  "config_point": {
    "spectral_radius": 0.6,
    "input_scaling": 0.15,
    "leak_rate": 0.7
  },
  "mc_total": 10.681903403280868,
  "kmax": 200,
  "timing": {
    "mc_s": 0.06548590000238619
  },
  "timestamp": "2026-04-16T18:23:43.029688+00:00"
}