{
  "sweep_name": "region_selection_multitask_v1",
  "config_id": "b5cf1e3871f2",
  "seed": 123,
  "config_point": {
    "spectral_radius": 0.9,
    "input_scaling": 0.15,
    "leak_rate": 0.9
  },
  "mc_total": 21.18266662127352,
  "kmax": 200,
  "timing": {
    "mc_s": 0.055474600001616636
  },
  "timestamp": "2026-04-16T18:24:24.973342+00:00"
}