{
  "sweep_name": "region_selection_multitask_v1",
  "config_id": "b7758828505f",
  "seed": 1024,
  "config_point": {
    "spectral_radius": 1.1,
    "input_scaling": 0.1,
    "leak_rate": 0.9
  },
  "mc_total": 29.14532176827295,
  "kmax": 200,
  "timing": {
    "mc_s": 0.0924436000022979
  },
  "timestamp": "2026-04-16T18:24:50.134211+00:00"
}