{
  "sweep_name": "region_selection_multitask_v1",
  "config_id": "b7758828505f",
  "seed": 456,
  "config_point": {
    "spectral_radius": 1.1,
    "input_scaling": 0.1,
    "leak_rate": 0.9
  },
  "mc_total": 19.68618977071794,
  "kmax": 200,
  "timing": {
    "mc_s": 0.06253350000042701
  },
  "timestamp": "2026-04-16T18:24:49.978258+00:00"
}