{
  "sweep_name": "region_selection_multitask_v1",
  "config_id": "b7758828505f",
  "seed": 789,
  "config_point": {
    "spectral_radius": 1.1,
    "input_scaling": 0.1,
    "leak_rate": 0.9
  },
  "mc_total": 22.746662352011395,
  "kmax": 200,
  "timing": {
    "mc_s": 0.053135300000576535
  },
  "timestamp": "2026-04-16T18:24:50.037925+00:00"
}