{
  "sweep_name": "region_selection_multitask_v1",
  "config_id": "b7ca5cc723dc",
  "seed": 123,
  "config_point": {
    "spectral_radius": 0.7,
    "input_scaling": 0.1,
    "leak_rate": 0.8
  },
  "mc_total": 14.229968650878474,
  "kmax": 200,
  "timing": {
    "mc_s": 0.058658800000557676
  },
  "timestamp": "2026-04-16T18:23:54.749674+00:00"
}