{
  "sweep_name": "region_selection_multitask_v1",
  "config_id": "b7ca5cc723dc",
  "seed": 42,
  "config_point": {
    "spectral_radius": 0.7,
    "input_scaling": 0.1,
    "leak_rate": 0.8
  },
  "mc_total": 14.61215909076258,
  "kmax": 200,
  "timing": {
    "mc_s": 0.10850359999676584
  },
  "timestamp": "2026-04-16T18:23:54.686009+00:00"
}