{
  "sweep_name": "region_selection_multitask_v1",
  "config_id": "b7ca5cc723dc",
  "seed": 789,
  "config_point": {
    "spectral_radius": 0.7,
    "input_scaling": 0.1,
    "leak_rate": 0.8
  },
  "mc_total": 14.306026327105274,
  "kmax": 200,
  "timing": {
    "mc_s": 0.04912239999976009
  },
  "timestamp": "2026-04-16T18:23:54.899751+00:00"
}