{
  "sweep_name": "region_selection_multitask_v1",
  "config_id": "b8198960514a",
  "seed": 42,
  "config_point": {
    "spectral_radius": 1.1,
    "input_scaling": 0.15,
    "leak_rate": 1.0
  },
  "mc_total": 16.578251759890218,
  "kmax": 200,
  "timing": {
    "mc_s": 0.055763299998943694
  },
  "timestamp": "2026-04-16T18:24:52.408148+00:00"
}