{
  "sweep_name": "region_selection_multitask_v1",
  "config_id": "b8198960514a",
  "seed": 1024,
  "config_point": {
    "spectral_radius": 1.1,
    "input_scaling": 0.15,
    "leak_rate": 1.0
  },
  "mc_total": 16.5368947202848,
  "kmax": 200,
  "timing": {
    "mc_s": 0.08015599999998813
  },
  "timestamp": "2026-04-16T18:24:52.696834+00:00"
}