{
  "sweep_name": "region_selection_multitask_v1",
  "config_id": "b91874646580",
  "seed": 123,
  "config_point": {
    "spectral_radius": 1.0,
    "input_scaling": 0.2,
    "leak_rate": 0.6
  },
  "mc_total": 16.477475734676517,
  "kmax": 200,
  "timing": {
    "mc_s": 0.08862379999845871
  },
  "timestamp": "2026-04-16T18:24:39.606379+00:00"
}