{
  "sweep_name": "region_selection_multitask_v1",
  "config_id": "b91874646580",
  "seed": 1024,
  "config_point": {
    "spectral_radius": 1.0,
    "input_scaling": 0.2,
    "leak_rate": 0.6
  },
  "mc_total": 17.59030064128655,
  "kmax": 200,
  "timing": {
    "mc_s": 0.0486079999973299
  },
  "timestamp": "2026-04-16T18:24:39.797605+00:00"
}