{
  "sweep_name": "region_selection_multitask_v1",
  "config_id": "bc1688d5c650",
  "seed": 789,
  "config_point": {
    "spectral_radius": 1.0,
    "input_scaling": 0.2,
    "leak_rate": 0.7
  },
  "mc_total": 17.037575440186707,
  "kmax": 200,
  "timing": {
    "mc_s": 0.048403299999336014
  },
  "timestamp": "2026-04-16T18:24:40.097142+00:00"
}