{
  "sweep_name": "region_selection_multitask_v1",
  "config_id": "bc1688d5c650",
  "seed": 123,
  "config_point": {
    "spectral_radius": 1.0,
    "input_scaling": 0.2,
    "leak_rate": 0.7
  },
  "mc_total": 17.64086281932516,
  "kmax": 200,
  "timing": {
    "mc_s": 0.05775849999918137
  },
  "timestamp": "2026-04-16T18:24:39.937361+00:00"
}