{
  "sweep_name": "region_selection_multitask_v1",
  "config_id": "bc1688d5c650",
  "seed": 42,
  "config_point": {
    "spectral_radius": 1.0,
    "input_scaling": 0.2,
    "leak_rate": 0.7
  },
  "mc_total": 16.722523989217084,
  "kmax": 200,
  "timing": {
    "mc_s": 0.0679167000016605
  },
  "timestamp": "2026-04-16T18:24:39.875011+00:00"
}