{
  "sweep_name": "region_selection_multitask_v1",
  "config_id": "bd5c97f318a4",
  "seed": 456,
  "config_point": {
    "spectral_radius": 0.8,
    "input_scaling": 0.2,
    "leak_rate": 0.7
  },
  "mc_total": 14.914817473809956,
  "kmax": 200,
  "timing": {
    "mc_s": 0.09496180000132881
  },
  "timestamp": "2026-04-16T18:24:12.990813+00:00"
}