{
  "sweep_name": "region_selection_multitask_v1",
  "config_id": "bf8866ab4036",
  "seed": 789,
  "config_point": {
    "spectral_radius": 0.9,
    "input_scaling": 0.2,
    "leak_rate": 0.6
  },
  "mc_total": 15.237104914635516,
  "kmax": 200,
  "timing": {
    "mc_s": 0.0791931999992812
  },
  "timestamp": "2026-04-16T18:24:26.242381+00:00"
}