{
  "sweep_name": "region_selection_multitask_v1",
  "config_id": "c80ccdb43523",
  "seed": 123,
  "config_point": {
    "spectral_radius": 0.7,
    "input_scaling": 0.3,
    "leak_rate": 0.5
  },
  "mc_total": 10.575822600534368,
  "kmax": 200,
  "timing": {
    "mc_s": 0.05273189999934402
  },
  "timestamp": "2026-04-16T18:24:00.602655+00:00"
}