{
  "sweep_name": "region_selection_multitask_v1",
  "config_id": "c80ccdb43523",
  "seed": 789,
  "config_point": {
    "spectral_radius": 0.7,
    "input_scaling": 0.3,
    "leak_rate": 0.5
  },
  "mc_total": 10.749694506460857,
  "kmax": 200,
  "timing": {
    "mc_s": 0.07436729999972158
  },
  "timestamp": "2026-04-16T18:24:00.794210+00:00"
}