{
  "sweep_name": "region_selection_multitask_v1",
  "config_id": "c82084527fd4",
  "seed": 1024,
  "config_point": {
    "spectral_radius": 0.9,
    "input_scaling": 0.15,
    "leak_rate": 0.8
  },
  "mc_total": 19.512748555890912,
  "kmax": 200,
  "timing": {
    "mc_s": 0.08435059999828809
  },
  "timestamp": "2026-04-16T18:24:24.843591+00:00"
}