{
  "sweep_name": "region_selection_multitask_v1",
  "config_id": "c8503090418a",
  "seed": 789,
  "config_point": {
    "spectral_radius": 0.6,
    "input_scaling": 0.4,
    "leak_rate": 0.9
  },
  "mc_total": 11.661049229033017,
  "kmax": 200,
  "timing": {
    "mc_s": 0.10365380000075675
  },
  "timestamp": "2026-04-16T18:23:50.650797+00:00"
}