{
  "sweep_name": "region_selection_multitask_v1",
  "config_id": "c8503090418a",
  "seed": 42,
  "config_point": {
    "spectral_radius": 0.6,
    "input_scaling": 0.4,
    "leak_rate": 0.9
  },
  "mc_total": 12.069754650458716,
  "kmax": 200,
  "timing": {
    "mc_s": 0.05313939999905415
  },
  "timestamp": "2026-04-16T18:23:50.366304+00:00"
}