{
  "sweep_name": "region_selection_multitask_v1",
  "config_id": "ce0331293b2e",
  "seed": 1024,
  "config_point": {
    "spectral_radius": 0.9,
    "input_scaling": 0.4,
    "leak_rate": 0.7
  },
  "mc_total": 13.849372607435084,
  "kmax": 200,
  "timing": {
    "mc_s": 0.04927780000070925
  },
  "timestamp": "2026-04-16T18:24:31.163099+00:00"
}