{
  "sweep_name": "region_selection_multitask_v1",
  "config_id": "ceee6b7602f2",
  "seed": 1024,
  "config_point": {
    "spectral_radius": 0.7,
    "input_scaling": 0.05,
    "leak_rate": 0.7
  },
  "mc_total": 12.310664314795945,
  "kmax": 200,
  "timing": {
    "mc_s": 0.051850699997885386
  },
  "timestamp": "2026-04-16T18:23:52.186698+00:00"
}