{
  "sweep_name": "region_selection_multitask_v1",
  "config_id": "ceee6b7602f2",
  "seed": 42,
  "config_point": {
    "spectral_radius": 0.7,
    "input_scaling": 0.05,
    "leak_rate": 0.7
  },
  "mc_total": 13.055458897780566,
  "kmax": 200,
  "timing": {
    "mc_s": 0.05240839999896707
  },
  "timestamp": "2026-04-16T18:23:51.892814+00:00"
}