{
  "sweep_name": "region_selection_multitask_v1",
  "config_id": "d1d6c7e29003",
  "seed": 42,
  "config_point": {
    "spectral_radius": 0.6,
    "input_scaling": 0.05,
    "leak_rate": 0.9
  },
  "mc_total": 12.890748345531788,
  "kmax": 200,
  "timing": {
    "mc_s": 0.08582050000040908
  },
  "timestamp": "2026-04-16T18:23:38.906729+00:00"
}