{
  "sweep_name": "region_selection_multitask_v1",
  "config_id": "d2b660b589fa",
  "seed": 123,
  "config_point": {
    "spectral_radius": 1.1,
    "input_scaling": 0.15,
    "leak_rate": 0.7
  },
  "mc_total": 18.78543589141618,
  "kmax": 200,
  "timing": {
    "mc_s": 0.06319730000177515
  },
  "timestamp": "2026-04-16T18:24:51.451783+00:00"
}