{
  "sweep_name": "region_selection_multitask_v1",
  "config_id": "d2b660b589fa",
  "seed": 42,
  "config_point": {
    "spectral_radius": 1.1,
    "input_scaling": 0.15,
    "leak_rate": 0.7
  },
  "mc_total": 12.92343969958587,
  "kmax": 200,
  "timing": {
    "mc_s": 0.06126570000196807
  },
  "timestamp": "2026-04-16T18:24:51.380491+00:00"
}