{
  "sweep_name": "region_selection_multitask_v1",
  "config_id": "d3e30772a0a7",
  "seed": 789,
  "config_point": {
    "spectral_radius": 0.6,
    "input_scaling": 0.15,
    "leak_rate": 0.8
  },
  "mc_total": 11.847283922729227,
  "kmax": 200,
  "timing": {
    "mc_s": 0.08205959999759216
  },
  "timestamp": "2026-04-16T18:23:43.363910+00:00"
}