{
  "sweep_name": "region_selection_multitask_v1",
  "config_id": "d3e30772a0a7",
  "seed": 1024,
  "config_point": {
    "spectral_radius": 0.6,
    "input_scaling": 0.15,
    "leak_rate": 0.8
  },
  "mc_total": 11.598662063712661,
  "kmax": 200,
  "timing": {
    "mc_s": 0.04855229999884614
  },
  "timestamp": "2026-04-16T18:23:43.418819+00:00"
}