{
  "sweep_name": "region_selection_multitask_v1",
  "config_id": "d60a77474b87",
  "seed": 42,
  "config_point": {
    "spectral_radius": 0.6,
    "input_scaling": 0.3,
    "leak_rate": 0.7
  },
  "mc_total": 11.05726755883746,
  "kmax": 200,
  "timing": {
    "mc_s": 0.04931179999766755
  },
  "timestamp": "2026-04-16T18:23:47.331728+00:00"
}