{
  "sweep_name": "region_selection_multitask_v1",
  "config_id": "d7a95944c457",
  "seed": 1024,
  "config_point": {
    "spectral_radius": 0.6,
    "input_scaling": 0.4,
    "leak_rate": 0.6
  },
  "mc_total": 9.774207764752768,
  "kmax": 200,
  "timing": {
    "mc_s": 0.049878400001034606
  },
  "timestamp": "2026-04-16T18:23:49.542788+00:00"
}