{
  "sweep_name": "region_selection_multitask_v1",
  "config_id": "d7a95944c457",
  "seed": 456,
  "config_point": {
    "spectral_radius": 0.6,
    "input_scaling": 0.4,
    "leak_rate": 0.6
  },
  "mc_total": 9.847342113242856,
  "kmax": 200,
  "timing": {
    "mc_s": 0.04916199999934179
  },
  "timestamp": "2026-04-16T18:23:49.369109+00:00"
}