{
  "sweep_name": "region_selection_multitask_v1",
  "config_id": "d8224f554bc3",
  "seed": 123,
  "config_point": {
    "spectral_radius": 1.1,
    "input_scaling": 0.1,
    "leak_rate": 0.7
  },
  "mc_total": 20.42009724060152,
  "kmax": 200,
  "timing": {
    "mc_s": 0.07129189999977825
  },
  "timestamp": "2026-04-16T18:24:49.232754+00:00"
}