{
  "sweep_name": "region_selection_multitask_v1",
  "config_id": "d8e9c3ab2524",
  "seed": 123,
  "config_point": {
    "spectral_radius": 0.6,
    "input_scaling": 0.4,
    "leak_rate": 0.8
  },
  "mc_total": 11.343617530535928,
  "kmax": 200,
  "timing": {
    "mc_s": 0.04911800000263611
  },
  "timestamp": "2026-04-16T18:23:50.033424+00:00"
}