{
  "sweep_name": "region_selection_multitask_v1",
  "config_id": "d8e9c3ab2524",
  "seed": 789,
  "config_point": {
    "spectral_radius": 0.6,
    "input_scaling": 0.4,
    "leak_rate": 0.8
  },
  "mc_total": 11.013546159959006,
  "kmax": 200,
  "timing": {
    "mc_s": 0.059346199999708915
  },
  "timestamp": "2026-04-16T18:23:50.191190+00:00"
}