{
  "sweep_name": "region_selection_multitask_v1",
  "config_id": "d9ecd148e6ac",
  "seed": 123,
  "config_point": {
    "spectral_radius": 0.8,
    "input_scaling": 0.3,
    "leak_rate": 0.9
  },
  "mc_total": 15.870015198902804,
  "kmax": 200,
  "timing": {
    "mc_s": 0.09956429999874672
  },
  "timestamp": "2026-04-16T18:24:15.911663+00:00"
}