{
  "sweep_name": "region_selection_multitask_v1",
  "config_id": "d9ecd148e6ac",
  "seed": 456,
  "config_point": {
    "spectral_radius": 0.8,
    "input_scaling": 0.3,
    "leak_rate": 0.9
  },
  "mc_total": 15.587294338451645,
  "kmax": 200,
  "timing": {
    "mc_s": 0.062227999998867745
  },
  "timestamp": "2026-04-16T18:24:15.980476+00:00"
}