{
  "sweep_name": "region_selection_multitask_v1",
  "config_id": "d9ecd148e6ac",
  "seed": 1024,
  "config_point": {
    "spectral_radius": 0.8,
    "input_scaling": 0.3,
    "leak_rate": 0.9
  },
  "mc_total": 15.674633311780113,
  "kmax": 200,
  "timing": {
    "mc_s": 0.0639160000027914
  },
  "timestamp": "2026-04-16T18:24:16.127875+00:00"
}