{
  "sweep_name": "region_selection_multitask_v1",
  "config_id": "da4cfa8dabb2",
  "seed": 789,
  "config_point": {
    "spectral_radius": 0.6,
    "input_scaling": 0.15,
    "leak_rate": 0.6
  },
  "mc_total": 10.159638326547292,
  "kmax": 200,
  "timing": {
    "mc_s": 0.05936859999928856
  },
  "timestamp": "2026-04-16T18:23:42.579545+00:00"
}