{
  "sweep_name": "region_selection_multitask_v1",
  "config_id": "da4cfa8dabb2",
  "seed": 123,
  "config_point": {
    "spectral_radius": 0.6,
    "input_scaling": 0.15,
    "leak_rate": 0.6
  },
  "mc_total": 9.93320937222835,
  "kmax": 200,
  "timing": {
    "mc_s": 0.05950149999989662
  },
  "timestamp": "2026-04-16T18:23:42.453052+00:00"
}