{
  "sweep_name": "region_selection_multitask_v1",
  "config_id": "da4cfa8dabb2",
  "seed": 42,
  "config_point": {
    "spectral_radius": 0.6,
    "input_scaling": 0.15,
    "leak_rate": 0.6
  },
  "mc_total": 10.636540175776478,
  "kmax": 200,
  "timing": {
    "mc_s": 0.07307399999990594
  },
  "timestamp": "2026-04-16T18:23:42.388763+00:00"
}