{
  "sweep_name": "region_selection_multitask_v1",
  "config_id": "da7e4d92e8cb",
  "seed": 123,
  "config_point": {
    "spectral_radius": 0.8,
    "input_scaling": 0.15,
    "leak_rate": 0.8
  },
  "mc_total": 16.42232902158113,
  "kmax": 200,
  "timing": {
    "mc_s": 0.06251799999881769
  },
  "timestamp": "2026-04-16T18:24:11.029052+00:00"
}