{
  "sweep_name": "region_selection_multitask_v1",
  "config_id": "da7e4d92e8cb",
  "seed": 456,
  "config_point": {
    "spectral_radius": 0.8,
    "input_scaling": 0.15,
    "leak_rate": 0.8
  },
  "mc_total": 17.208998687475447,
  "kmax": 200,
  "timing": {
    "mc_s": 0.0657455000000482
  },
  "timestamp": "2026-04-16T18:24:11.103400+00:00"
}