{
  "sweep_name": "region_selection_multitask_v1",
  "config_id": "db21d0806e31",
  "seed": 42,
  "config_point": {
    "spectral_radius": 1.1,
    "input_scaling": 0.3,
    "leak_rate": 0.6
  },
  "mc_total": 10.439620671071415,
  "kmax": 200,
  "timing": {
    "mc_s": 0.06292910000047414
  },
  "timestamp": "2026-04-16T18:24:55.368930+00:00"
}