{
  "sweep_name": "region_selection_multitask_v1",
  "config_id": "db21d0806e31",
  "seed": 1024,
  "config_point": {
    "spectral_radius": 1.1,
    "input_scaling": 0.3,
    "leak_rate": 0.6
  },
  "mc_total": 16.258130600218564,
  "kmax": 200,
  "timing": {
    "mc_s": 0.046745399999053916
  },
  "timestamp": "2026-04-16T18:24:55.627794+00:00"
}