{
  "sweep_name": "region_selection_multitask_v1",
  "config_id": "dbe2e4b383cc",
  "seed": 42,
  "config_point": {
    "spectral_radius": 1.1,
    "input_scaling": 0.05,
    "leak_rate": 0.6
  },
  "mc_total": 14.019961514723802,
  "kmax": 200,
  "timing": {
    "mc_s": 0.06419199999800185
  },
  "timestamp": "2026-04-16T18:24:46.631994+00:00"
}