{
  "sweep_name": "region_selection_multitask_v1",
  "config_id": "dc4c45de4adf",
  "seed": 123,
  "config_point": {
    "spectral_radius": 1.0,
    "input_scaling": 0.1,
    "leak_rate": 1.0
  },
  "mc_total": 30.028220021370064,
  "kmax": 200,
  "timing": {
    "mc_s": 0.0486973000006401
  },
  "timestamp": "2026-04-16T18:24:36.556649+00:00"
}