{
  "sweep_name": "region_selection_multitask_v1",
  "config_id": "dc4c45de4adf",
  "seed": 789,
  "config_point": {
    "spectral_radius": 1.0,
    "input_scaling": 0.1,
    "leak_rate": 1.0
  },
  "mc_total": 28.43145800803474,
  "kmax": 200,
  "timing": {
    "mc_s": 0.05776710000282037
  },
  "timestamp": "2026-04-16T18:24:36.693523+00:00"
}