{
  "sweep_name": "region_selection_multitask_v1",
  "config_id": "dc4c45de4adf",
  "seed": 456,
  "config_point": {
    "spectral_radius": 1.0,
    "input_scaling": 0.1,
    "leak_rate": 1.0
  },
  "mc_total": 28.09480511971088,
  "kmax": 200,
  "timing": {
    "mc_s": 0.06593699999939417
  },
  "timestamp": "2026-04-16T18:24:36.631117+00:00"
}