{
  "sweep_name": "region_selection_multitask_v1",
  "config_id": "dc67d33a6091",
  "seed": 123,
  "config_point": {
    "spectral_radius": 0.9,
    "input_scaling": 0.15,
    "leak_rate": 0.5
  },
  "mc_total": 14.548944294000167,
  "kmax": 200,
  "timing": {
    "mc_s": 0.05056799999874784
  },
  "timestamp": "2026-04-16T18:24:23.426920+00:00"
}