{
  "sweep_name": "region_selection_multitask_v1",
  "config_id": "dc67d33a6091",
  "seed": 1024,
  "config_point": {
    "spectral_radius": 0.9,
    "input_scaling": 0.15,
    "leak_rate": 0.5
  },
  "mc_total": 15.153721279567188,
  "kmax": 200,
  "timing": {
    "mc_s": 0.0520864000027359
  },
  "timestamp": "2026-04-16T18:24:23.658601+00:00"
}