{
  "sweep_name": "region_selection_multitask_v1",
  "config_id": "dc67d33a6091",
  "seed": 789,
  "config_point": {
    "spectral_radius": 0.9,
    "input_scaling": 0.15,
    "leak_rate": 0.5
  },
  "mc_total": 15.028900143098218,
  "kmax": 200,
  "timing": {
    "mc_s": 0.06425950000266312
  },
  "timestamp": "2026-04-16T18:24:23.602528+00:00"
}