{
  "sweep_name": "region_selection_multitask_v1",
  "config_id": "dc754c86358d",
  "seed": 42,
  "config_point": {
    "spectral_radius": 0.6,
    "input_scaling": 0.2,
    "leak_rate": 0.5
  },
  "mc_total": 10.096957704573564,
  "kmax": 200,
  "timing": {
    "mc_s": 0.053968200001691
  },
  "timestamp": "2026-04-16T18:23:44.323748+00:00"
}