{
  "sweep_name": "region_selection_multitask_v1",
  "config_id": "dc754c86358d",
  "seed": 1024,
  "config_point": {
    "spectral_radius": 0.6,
    "input_scaling": 0.2,
    "leak_rate": 0.5
  },
  "mc_total": 9.389330298901262,
  "kmax": 200,
  "timing": {
    "mc_s": 0.049820700001873774
  },
  "timestamp": "2026-04-16T18:23:44.583841+00:00"
}