{
  "sweep_name": "region_selection_multitask_v1",
  "config_id": "dc754c86358d",
  "seed": 123,
  "config_point": {
    "spectral_radius": 0.6,
    "input_scaling": 0.2,
    "leak_rate": 0.5
  },
  "mc_total": 9.287494450638729,
  "kmax": 200,
  "timing": {
    "mc_s": 0.07462310000119032
  },
  "timestamp": "2026-04-16T18:23:44.405914+00:00"
}