{
  "sweep_name": "region_selection_multitask_v1",
  "config_id": "dc754c86358d",
  "seed": 456,
  "config_point": {
    "spectral_radius": 0.6,
    "input_scaling": 0.2,
    "leak_rate": 0.5
  },
  "mc_total": 9.572048075004918,
  "kmax": 200,
  "timing": {
    "mc_s": 0.052186799999617506
  },
  "timestamp": "2026-04-16T18:23:44.464450+00:00"
}