{
  "sweep_name": "region_selection_multitask_v1",
  "config_id": "dceacae1b13c",
  "seed": 42,
  "config_point": {
    "spectral_radius": 1.0,
    "input_scaling": 0.15,
    "leak_rate": 0.7
  },
  "mc_total": 17.42829017163302,
  "kmax": 200,
  "timing": {
    "mc_s": 0.06010550000064541
  },
  "timestamp": "2026-04-16T18:24:37.640864+00:00"
}