{
  "sweep_name": "region_selection_multitask_v1",
  "config_id": "dceacae1b13c",
  "seed": 123,
  "config_point": {
    "spectral_radius": 1.0,
    "input_scaling": 0.15,
    "leak_rate": 0.7
  },
  "mc_total": 18.944750702168037,
  "kmax": 200,
  "timing": {
    "mc_s": 0.0883174999980838
  },
  "timestamp": "2026-04-16T18:24:37.737212+00:00"
}