{
  "sweep_name": "region_selection_multitask_v1",
  "config_id": "de029cf2303a",
  "seed": 789,
  "config_point": {
    "spectral_radius": 1.0,
    "input_scaling": 0.4,
    "leak_rate": 1.0
  },
  "mc_total": 17.25482190058474,
  "kmax": 200,
  "timing": {
    "mc_s": 0.05597710000074585
  },
  "timestamp": "2026-04-16T18:24:46.082111+00:00"
}