{
  "sweep_name": "region_selection_multitask_v1",
  "config_id": "de029cf2303a",
  "seed": 123,
  "config_point": {
    "spectral_radius": 1.0,
    "input_scaling": 0.4,
    "leak_rate": 1.0
  },
  "mc_total": 19.5198797749769,
  "kmax": 200,
  "timing": {
    "mc_s": 0.0752479000002495
  },
  "timestamp": "2026-04-16T18:24:45.957590+00:00"
}