{
  "sweep_name": "region_selection_multitask_v1",
  "config_id": "de029cf2303a",
  "seed": 42,
  "config_point": {
    "spectral_radius": 1.0,
    "input_scaling": 0.4,
    "leak_rate": 1.0
  },
  "mc_total": 20.366748926772665,
  "kmax": 200,
  "timing": {
    "mc_s": 0.06824989999950049
  },
  "timestamp": "2026-04-16T18:24:45.877669+00:00"
}