{
  "sweep_name": "region_selection_multitask_v1",
  "config_id": "de8458ccd58c",
  "seed": 789,
  "config_point": {
    "spectral_radius": 1.1,
    "input_scaling": 0.3,
    "leak_rate": 1.0
  },
  "mc_total": 19.26687103401778,
  "kmax": 200,
  "timing": {
    "mc_s": 0.050161900002422044
  },
  "timestamp": "2026-04-16T18:24:56.954152+00:00"
}