{
  "sweep_name": "region_selection_multitask_v1",
  "config_id": "de8458ccd58c",
  "seed": 42,
  "config_point": {
    "spectral_radius": 1.1,
    "input_scaling": 0.3,
    "leak_rate": 1.0
  },
  "mc_total": 18.52440145138193,
  "kmax": 200,
  "timing": {
    "mc_s": 0.04638400000112597
  },
  "timestamp": "2026-04-16T18:24:56.739935+00:00"
}