{
  "sweep_name": "region_selection_multitask_v1",
  "config_id": "de8458ccd58c",
  "seed": 1024,
  "config_point": {
    "spectral_radius": 1.1,
    "input_scaling": 0.3,
    "leak_rate": 1.0
  },
  "mc_total": 16.93652166855473,
  "kmax": 200,
  "timing": {
    "mc_s": 0.07334379999883822
  },
  "timestamp": "2026-04-16T18:24:57.034107+00:00"
}