{
  "sweep_name": "region_selection_multitask_v1",
  "config_id": "de99317441ca",
  "seed": 456,
  "config_point": {
    "spectral_radius": 0.8,
    "input_scaling": 0.15,
    "leak_rate": 0.6
  },
  "mc_total": 14.41258278663288,
  "kmax": 200,
  "timing": {
    "mc_s": 0.05241290000049048
  },
  "timestamp": "2026-04-16T18:24:10.348187+00:00"
}