{
  "sweep_name": "region_selection_multitask_v1",
  "config_id": "e02c3daaea07",
  "seed": 1024,
  "config_point": {
    "spectral_radius": 1.0,
    "input_scaling": 0.2,
    "leak_rate": 0.8
  },
  "mc_total": 20.973571972354698,
  "kmax": 200,
  "timing": {
    "mc_s": 0.07345770000029006
  },
  "timestamp": "2026-04-16T18:24:40.526253+00:00"
}