{
  "sweep_name": "region_selection_multitask_v1",
  "config_id": "e265f3cf582e",
  "seed": 42,
  "config_point": {
    "spectral_radius": 0.8,
    "input_scaling": 0.1,
    "leak_rate": 0.5
  },
  "mc_total": 14.079602258392137,
  "kmax": 200,
  "timing": {
    "mc_s": 0.058071100000233855
  },
  "timestamp": "2026-04-16T18:24:07.506493+00:00"
}