{
  "sweep_name": "region_selection_multitask_v1",
  "config_id": "e265f3cf582e",
  "seed": 123,
  "config_point": {
    "spectral_radius": 0.8,
    "input_scaling": 0.1,
    "leak_rate": 0.5
  },
  "mc_total": 12.639154060211013,
  "kmax": 200,
  "timing": {
    "mc_s": 0.04974679999941145
  },
  "timestamp": "2026-04-16T18:24:07.560952+00:00"
}