{
  "sweep_name": "region_selection_multitask_v1",
  "config_id": "e3f517fda7c3",
  "seed": 456,
  "config_point": {
    "spectral_radius": 0.9,
    "input_scaling": 0.4,
    "leak_rate": 1.0
  },
  "mc_total": 17.079369995062297,
  "kmax": 200,
  "timing": {
    "mc_s": 0.048218799998721806
  },
  "timestamp": "2026-04-16T18:24:32.135340+00:00"
}