{
  "sweep_name": "region_selection_multitask_v1",
  "config_id": "e3f517fda7c3",
  "seed": 789,
  "config_point": {
    "spectral_radius": 0.9,
    "input_scaling": 0.4,
    "leak_rate": 1.0
  },
  "mc_total": 16.137410968194118,
  "kmax": 200,
  "timing": {
    "mc_s": 0.06206380000003264
  },
  "timestamp": "2026-04-16T18:24:32.202395+00:00"
}