{
  "sweep_name": "region_selection_multitask_v1",
  "config_id": "e3f517fda7c3",
  "seed": 42,
  "config_point": {
    "spectral_radius": 0.9,
    "input_scaling": 0.4,
    "leak_rate": 1.0
  },
  "mc_total": 18.022483702428115,
  "kmax": 200,
  "timing": {
    "mc_s": 0.06324079999831156
  },
  "timestamp": "2026-04-16T18:24:32.006992+00:00"
}