{
  "sweep_name": "region_selection_multitask_v1",
  "config_id": "e3f517fda7c3",
  "seed": 123,
  "config_point": {
    "spectral_radius": 0.9,
    "input_scaling": 0.4,
    "leak_rate": 1.0
  },
  "mc_total": 17.879345892416758,
  "kmax": 200,
  "timing": {
    "mc_s": 0.06864700000005541
  },
  "timestamp": "2026-04-16T18:24:32.081029+00:00"
}