{
  "sweep_name": "region_selection_multitask_v1",
  "config_id": "e5d26cba92a0",
  "seed": 123,
  "config_point": {
    "spectral_radius": 0.6,
    "input_scaling": 0.3,
    "leak_rate": 0.5
  },
  "mc_total": 9.313683423668525,
  "kmax": 200,
  "timing": {
    "mc_s": 0.055148200000985526
  },
  "timestamp": "2026-04-16T18:23:46.667842+00:00"
}