{
  "sweep_name": "region_selection_multitask_v1",
  "config_id": "e74399494040",
  "seed": 42,
  "config_point": {
    "spectral_radius": 0.9,
    "input_scaling": 0.3,
    "leak_rate": 1.0
  },
  "mc_total": 20.17312285877625,
  "kmax": 200,
  "timing": {
    "mc_s": 0.05364740000004531
  },
  "timestamp": "2026-04-16T18:24:29.781833+00:00"
}