{
  "sweep_name": "region_selection_multitask_v1",
  "config_id": "e74399494040",
  "seed": 456,
  "config_point": {
    "spectral_radius": 0.9,
    "input_scaling": 0.3,
    "leak_rate": 1.0
  },
  "mc_total": 19.425190275175687,
  "kmax": 200,
  "timing": {
    "mc_s": 0.052813300000707386
  },
  "timestamp": "2026-04-16T18:24:29.943956+00:00"
}