{
  "sweep_name": "region_selection_multitask_v1",
  "config_id": "e7e25c68091c",
  "seed": 42,
  "config_point": {
    "spectral_radius": 0.8,
    "input_scaling": 0.1,
    "leak_rate": 0.6
  },
  "mc_total": 14.786957183711731,
  "kmax": 200,
  "timing": {
    "mc_s": 0.0643530000015744
  },
  "timestamp": "2026-04-16T18:24:07.885222+00:00"
}