{
  "sweep_name": "region_selection_multitask_v1",
  "config_id": "e7e25c68091c",
  "seed": 456,
  "config_point": {
    "spectral_radius": 0.8,
    "input_scaling": 0.1,
    "leak_rate": 0.6
  },
  "mc_total": 15.015678469450192,
  "kmax": 200,
  "timing": {
    "mc_s": 0.06373180000082357
  },
  "timestamp": "2026-04-16T18:24:08.029996+00:00"
}