{
  "sweep_name": "region_selection_multitask_v1",
  "config_id": "e7e25c68091c",
  "seed": 123,
  "config_point": {
    "spectral_radius": 0.8,
    "input_scaling": 0.1,
    "leak_rate": 0.6
  },
  "mc_total": 13.870871412862606,
  "kmax": 200,
  "timing": {
    "mc_s": 0.06547309999950812
  },
  "timestamp": "2026-04-16T18:24:07.957043+00:00"
}