{
  "sweep_name": "region_selection_multitask_v1",
  "config_id": "e8362232f904",
  "seed": 1024,
  "config_point": {
    "spectral_radius": 0.6,
    "input_scaling": 0.2,
    "leak_rate": 1.0
  },
  "mc_total": 14.010598332384436,
  "kmax": 200,
  "timing": {
    "mc_s": 0.06433480000123382
  },
  "timestamp": "2026-04-16T18:23:46.507541+00:00"
}