{
  "sweep_name": "region_selection_multitask_v1",
  "config_id": "ea93ddc121f9",
  "seed": 42,
  "config_point": {
    "spectral_radius": 0.8,
    "input_scaling": 0.05,
    "leak_rate": 1.0
  },
  "mc_total": 25.105645037654476,
  "kmax": 200,
  "timing": {
    "mc_s": 0.0773856000014348
  },
  "timestamp": "2026-04-16T18:24:07.154595+00:00"
}