{
  "sweep_name": "region_selection_multitask_v1",
  "config_id": "ea93ddc121f9",
  "seed": 456,
  "config_point": {
    "spectral_radius": 0.8,
    "input_scaling": 0.05,
    "leak_rate": 1.0
  },
  "mc_total": 26.09504405365951,
  "kmax": 200,
  "timing": {
    "mc_s": 0.09048869999969611
  },
  "timestamp": "2026-04-16T18:24:07.308131+00:00"
}