{
  "sweep_name": "region_selection_multitask_v1",
  "config_id": "ea93ddc121f9",
  "seed": 1024,
  "config_point": {
    "spectral_radius": 0.8,
    "input_scaling": 0.05,
    "leak_rate": 1.0
  },
  "mc_total": 24.430475305075053,
  "kmax": 200,
  "timing": {
    "mc_s": 0.05593010000302456
  },
  "timestamp": "2026-04-16T18:24:07.439241+00:00"
}