{
  "sweep_name": "region_selection_multitask_v1",
  "config_id": "eca525dfdc66",
  "seed": 789,
  "config_point": {
    "spectral_radius": 0.6,
    "input_scaling": 0.05,
    "leak_rate": 0.8
  },
  "mc_total": 11.348571268974162,
  "kmax": 200,
  "timing": {
    "mc_s": 0.06707850000020699
  },
  "timestamp": "2026-04-16T18:23:38.722883+00:00"
}