{
  "sweep_name": "region_selection_multitask_v1",
  "config_id": "eca525dfdc66",
  "seed": 1024,
  "config_point": {
    "spectral_radius": 0.6,
    "input_scaling": 0.05,
    "leak_rate": 0.8
  },
  "mc_total": 10.99066121181458,
  "kmax": 200,
  "timing": {
    "mc_s": 0.04820049999761977
  },
  "timestamp": "2026-04-16T18:23:38.775944+00:00"
}