{
  "sweep_name": "region_selection_multitask_v1",
  "config_id": "eca525dfdc66",
  "seed": 42,
  "config_point": {
    "spectral_radius": 0.6,
    "input_scaling": 0.05,
    "leak_rate": 0.8
  },
  "mc_total": 11.595078274937993,
  "kmax": 200,
  "timing": {
    "mc_s": 0.04877850000048056
  },
  "timestamp": "2026-04-16T18:23:38.489664+00:00"
}