{
  "sweep_name": "region_selection_multitask_v1",
  "config_id": "eca525dfdc66",
  "seed": 456,
  "config_point": {
    "spectral_radius": 0.6,
    "input_scaling": 0.05,
    "leak_rate": 0.8
  },
  "mc_total": 12.396529426042902,
  "kmax": 200,
  "timing": {
    "mc_s": 0.04918729999917559
  },
  "timestamp": "2026-04-16T18:23:38.649171+00:00"
}