{
  "sweep_name": "region_selection_multitask_v1",
  "config_id": "ed9cbcae5f86",
  "seed": 1024,
  "config_point": {
    "spectral_radius": 0.9,
    "input_scaling": 0.2,
    "leak_rate": 0.8
  },
  "mc_total": 18.202719903967377,
  "kmax": 200,
  "timing": {
    "mc_s": 0.05933350000123028
  },
  "timestamp": "2026-04-16T18:24:27.098709+00:00"
}