{
  "sweep_name": "region_selection_multitask_v1",
  "config_id": "ed9cbcae5f86",
  "seed": 456,
  "config_point": {
    "spectral_radius": 0.9,
    "input_scaling": 0.2,
    "leak_rate": 0.8
  },
  "mc_total": 18.045758019534166,
  "kmax": 200,
  "timing": {
    "mc_s": 0.04827819999991334
  },
  "timestamp": "2026-04-16T18:24:26.932531+00:00"
}