{
  "sweep_name": "region_selection_multitask_v1",
  "config_id": "f1c1d748b2e2",
  "seed": 789,
  "config_point": {
    "spectral_radius": 1.1,
    "input_scaling": 0.4,
    "leak_rate": 0.9
  },
  "mc_total": 16.688622412300244,
  "kmax": 200,
  "timing": {
    "mc_s": 0.06278689999817288
  },
  "timestamp": "2026-04-16T18:24:58.917622+00:00"
}