{
  "sweep_name": "region_selection_multitask_v1",
  "config_id": "f669676d58af",
  "seed": 123,
  "config_point": {
    "spectral_radius": 0.9,
    "input_scaling": 0.3,
    "leak_rate": 0.7
  },
  "mc_total": 14.768823747611455,
  "kmax": 200,
  "timing": {
    "mc_s": 0.05542549999881885
  },
  "timestamp": "2026-04-16T18:24:28.755801+00:00"
}