{
  "sweep_name": "region_selection_multitask_v1",
  "config_id": "f669676d58af",
  "seed": 456,
  "config_point": {
    "spectral_radius": 0.9,
    "input_scaling": 0.3,
    "leak_rate": 0.7
  },
  "mc_total": 14.904370091356263,
  "kmax": 200,
  "timing": {
    "mc_s": 0.06864090000090073
  },
  "timestamp": "2026-04-16T18:24:28.832538+00:00"
}