{
  "sweep_name": "region_selection_multitask_v1",
  "config_id": "f8869541ea23",
  "seed": 42,
  "config_point": {
    "spectral_radius": 0.7,
    "input_scaling": 0.1,
    "leak_rate": 0.7
  },
  "mc_total": 13.449218022231106,
  "kmax": 200,
  "timing": {
    "mc_s": 0.06452690000151051
  },
  "timestamp": "2026-04-16T18:23:54.276954+00:00"
}