{
  "sweep_name": "region_selection_multitask_v1",
  "config_id": "f8869541ea23",
  "seed": 123,
  "config_point": {
    "spectral_radius": 0.7,
    "input_scaling": 0.1,
    "leak_rate": 0.7
  },
  "mc_total": 12.88704621987771,
  "kmax": 200,
  "timing": {
    "mc_s": 0.04783700000189128
  },
  "timestamp": "2026-04-16T18:23:54.331810+00:00"
}