{
  "sweep_name": "region_selection_multitask_v1",
  "config_id": "f8869541ea23",
  "seed": 456,
  "config_point": {
    "spectral_radius": 0.7,
    "input_scaling": 0.1,
    "leak_rate": 0.7
  },
  "mc_total": 13.726278107483882,
  "kmax": 200,
  "timing": {
    "mc_s": 0.0489491000007547
  },
  "timestamp": "2026-04-16T18:23:54.391060+00:00"
}