{
  "sweep_name": "region_selection_multitask_v1",
  "config_id": "f8ac2775ac41",
  "seed": 789,
  "config_point": {
    "spectral_radius": 0.6,
    "input_scaling": 0.4,
    "leak_rate": 1.0
  },
  "mc_total": 12.248368308227983,
  "kmax": 200,
  "timing": {
    "mc_s": 0.06381950000286452
  },
  "timestamp": "2026-04-16T18:23:50.990098+00:00"
}