{
  "sweep_name": "region_selection_multitask_v1",
  "config_id": "f8ac2775ac41",
  "seed": 456,
  "config_point": {
    "spectral_radius": 0.6,
    "input_scaling": 0.4,
    "leak_rate": 1.0
  },
  "mc_total": 12.568863081950875,
  "kmax": 200,
  "timing": {
    "mc_s": 0.053999399999156594
  },
  "timestamp": "2026-04-16T18:23:50.919630+00:00"
}