{
  "sweep_name": "region_selection_multitask_v1",
  "config_id": "f8ef031126a0",
  "seed": 789,
  "config_point": {
    "spectral_radius": 1.1,
    "input_scaling": 0.4,
    "leak_rate": 0.7
  },
  "mc_total": 13.682887969299847,
  "kmax": 200,
  "timing": {
    "mc_s": 0.05007059999843477
  },
  "timestamp": "2026-04-16T18:24:58.092691+00:00"
}