{
  "sweep_name": "region_selection_multitask_v1",
  "config_id": "f8ef031126a0",
  "seed": 123,
  "config_point": {
    "spectral_radius": 1.1,
    "input_scaling": 0.4,
    "leak_rate": 0.7
  },
  "mc_total": 15.170545899182558,
  "kmax": 200,
  "timing": {
    "mc_s": 0.08006970000133151
  },
  "timestamp": "2026-04-16T18:24:57.966901+00:00"
}