{
  "sweep_name": "region_selection_multitask_v1",
  "config_id": "f8ef031126a0",
  "seed": 1024,
  "config_point": {
    "spectral_radius": 1.1,
    "input_scaling": 0.4,
    "leak_rate": 0.7
  },
  "mc_total": 16.453961515375077,
  "kmax": 200,
  "timing": {
    "mc_s": 0.09158910000041942
  },
  "timestamp": "2026-04-16T18:24:58.188187+00:00"
}