{
  "sweep_name": "region_selection_multitask_v1",
  "config_id": "f9fb2fa2e9af",
  "seed": 1024,
  "config_point": {
    "spectral_radius": 1.0,
    "input_scaling": 0.4,
    "leak_rate": 0.8
  },
  "mc_total": 16.512540941974994,
  "kmax": 200,
  "timing": {
    "mc_s": 0.080065400001331
  },
  "timestamp": "2026-04-16T18:24:45.433977+00:00"
}