{
  "sweep_name": "region_selection_multitask_v1",
  "config_id": "fa7e97985af0",
  "seed": 123,
  "config_point": {
    "spectral_radius": 1.1,
    "input_scaling": 0.4,
    "leak_rate": 0.6
  },
  "mc_total": 14.216579345173988,
  "kmax": 200,
  "timing": {
    "mc_s": 0.07558419999986654
  },
  "timestamp": "2026-04-16T18:24:57.602478+00:00"
}