{
  "sweep_name": "region_selection_multitask_v1",
  "config_id": "fa7e97985af0",
  "seed": 1024,
  "config_point": {
    "spectral_radius": 1.1,
    "input_scaling": 0.4,
    "leak_rate": 0.6
  },
  "mc_total": 15.273912645222868,
  "kmax": 200,
  "timing": {
    "mc_s": 0.061707500000920845
  },
  "timestamp": "2026-04-16T18:24:57.793199+00:00"
}