{
  "sweep_name": "region_selection_multitask_v1",
  "config_id": "fc01cbd8804c",
  "seed": 42,
  "config_point": {
    "spectral_radius": 0.8,
    "input_scaling": 0.05,
    "leak_rate": 0.9
  },
  "mc_total": 20.419088044140032,
  "kmax": 200,
  "timing": {
    "mc_s": 0.08237200000075973
  },
  "timestamp": "2026-04-16T18:24:06.786231+00:00"
}