{
  "sweep_name": "region_selection_multitask_v1",
  "config_id": "fc504b853d09",
  "seed": 456,
  "config_point": {
    "spectral_radius": 0.7,
    "input_scaling": 0.3,
    "leak_rate": 0.8
  },
  "mc_total": 13.21379730896947,
  "kmax": 200,
  "timing": {
    "mc_s": 0.05198329999984708
  },
  "timestamp": "2026-04-16T18:24:01.851055+00:00"
}