{
  "sweep_name": "region_selection_multitask_v1",
  "config_id": "fc87902cb709",
  "seed": 123,
  "config_point": {
    "spectral_radius": 1.1,
    "input_scaling": 0.05,
    "leak_rate": 0.9
  },
  "mc_total": 29.369491260785406,
  "kmax": 200,
  "timing": {
    "mc_s": 0.0782790000012028
  },
  "timestamp": "2026-04-16T18:24:47.751760+00:00"
}