{
  "sweep_name": "region_selection_multitask_v1",
  "config_id": "fc87902cb709",
  "seed": 789,
  "config_point": {
    "spectral_radius": 1.1,
    "input_scaling": 0.05,
    "leak_rate": 0.9
  },
  "mc_total": 25.630809658147935,
  "kmax": 200,
  "timing": {
    "mc_s": 0.06167170000117039
  },
  "timestamp": "2026-04-16T18:24:47.878809+00:00"
}