{
  "sweep_name": "region_selection_multitask_v1",
  "config_id": "fdf1c43a4fc3",
  "seed": 123,
  "config_point": {
    "spectral_radius": 1.0,
    "input_scaling": 0.1,
    "leak_rate": 0.7
  },
  "mc_total": 20.67472261110761,
  "kmax": 200,
  "timing": {
    "mc_s": 0.07834160000129486
  },
  "timestamp": "2026-04-16T18:24:35.497742+00:00"
}