{
  "sweep_name": "region_selection_multitask_v1",
  "config_id": "feb072eefef2",
  "seed": 456,
  "config_point": {
    "spectral_radius": 1.1,
    "input_scaling": 0.15,
    "leak_rate": 0.9
  },
  "mc_total": 19.43573171776436,
  "kmax": 200,
  "timing": {
    "mc_s": 0.06165350000082981
  },
  "timestamp": "2026-04-16T18:24:52.203401+00:00"
}