{
  "sweep_name": "region_selection_multitask_v1",
  "config_id": "feb072eefef2",
  "seed": 789,
  "config_point": {
    "spectral_radius": 1.1,
    "input_scaling": 0.15,
    "leak_rate": 0.9
  },
  "mc_total": 20.84040056699269,
  "kmax": 200,
  "timing": {
    "mc_s": 0.06548789999942528
  },
  "timestamp": "2026-04-16T18:24:52.273375+00:00"
}