{
  "sweep_name": "region_selection_multitask_v1",
  "config_id": "feb072eefef2",
  "seed": 123,
  "config_point": {
    "spectral_radius": 1.1,
    "input_scaling": 0.15,
    "leak_rate": 0.9
  },
  "mc_total": 25.078752563631213,
  "kmax": 200,
  "timing": {
    "mc_s": 0.06490169999960926
  },
  "timestamp": "2026-04-16T18:24:52.133638+00:00"
}