{
  "sweep_name": "cycle_comparison_cycle_mackey_glass",
  "n_configs": 6,
  "n_seeds": 5,
  "task_name": "mackey_glass",
  "configs": [
    {
      "config_id": "65189332b1c4",
      "config_point": {
        "spectral_radius": 0.9,
        "input_scaling": 0.1,
        "leak_rate": 0.9
      },
      "n_seeds": 5,
      "val_mean": {
        "nmse": 2.2521353055225823e-12,
        "rmse": 3.368849111561054e-07
      },
      "val_std": {
        "nmse": 3.985296060866008e-13,
        "rmse": 2.9768777521168247e-08
      },
      "test_mean": {
        "nmse": 2.0853556303101447e-12,
        "rmse": 2.9382328875327835e-07
      },
      "test_std": {
        "nmse": 3.7369284856139617e-13,
        "rmse": 2.6590850111119124e-08
      },
      "best_ridge_mode": 1e-10
    },
    {
      "config_id": "129fe242d561",
      "config_point": {
        "spectral_radius": 0.9,
        "input_scaling": 0.1,
        "leak_rate": 1.0
      },
      "n_seeds": 5,
      "val_mean": {
        "nmse": 1.7840407192519023e-12,
        "rmse": 3.0006183287549307e-07
      },
      "val_std": {
        "nmse": 2.8116850445172676e-13,
        "rmse": 2.3827021820057124e-08
      },
      "test_mean": {
        "nmse": 1.6601289354059795e-12,
        "rmse": 2.624564691608154e-07
      },
      "test_std": {
        "nmse": 2.50964875354657e-13,
        "rmse": 2.0188137052401358e-08
      },
      "best_ridge_mode": 1e-10
    },
    {
      "config_id": "b5cf1e3871f2",
      "config_point": {
        "spectral_radius": 0.9,
        "input_scaling": 0.15,
        "leak_rate": 0.9
      },
      "n_seeds": 5,
      "val_mean": {
        "nmse": 1.421353976501358e-12,
        "rmse": 2.6699433090228683e-07
      },
      "val_std": {
        "nmse": 3.1090273707543065e-13,
        "rmse": 2.998898767299706e-08
      },
      "test_mean": {
        "nmse": 1.3116616488559816e-12,
        "rmse": 2.3251185298593074e-07
      },
      "test_std": {
        "nmse": 2.882764341217522e-13,
        "rmse": 2.6168019679735466e-08
      },
      "best_ridge_mode": 1e-10
    },
    {
      "config_id": "92815a841b21",
      "config_point": {
        "spectral_radius": 0.9,
        "input_scaling": 0.15,
        "leak_rate": 1.0
      },
      "n_seeds": 5,
      "val_mean": {
        "nmse": 1.1008940028753734e-12,
        "rmse": 2.3564365366338948e-07
      },
      "val_std": {
        "nmse": 1.833194325998716e-13,
        "rmse": 1.9555143716112668e-08
      },
      "test_mean": {
        "nmse": 1.0225667726067762e-12,
        "rmse": 2.057989636993556e-07
      },
      "test_std": {
        "nmse": 1.780356870320523e-13,
        "rmse": 1.8082726022215652e-08
      },
      "best_ridge_mode": 1e-10
    },
    {
      "config_id": "0292ac89d7b8",
      "config_point": {
        "spectral_radius": 0.9,
        "input_scaling": 0.2,
        "leak_rate": 0.9
      },
      "n_seeds": 5,
      "val_mean": {
        "nmse": 9.82601701343489e-13,
        "rmse": 2.207465816554056e-07
      },
      "val_std": {
        "nmse": 2.873539766363242e-13,
        "rmse": 3.425862388470021e-08
      },
      "test_mean": {
        "nmse": 9.254896814563145e-13,
        "rmse": 1.9452867528576776e-07
      },
      "test_std": {
        "nmse": 2.547031331391093e-13,
        "rmse": 2.805281100310243e-08
      },
      "best_ridge_mode": 1e-10
    },
    {
      "config_id": "5033ae01f908",
      "config_point": {
        "spectral_radius": 0.9,
        "input_scaling": 0.2,
        "leak_rate": 1.0
      },
      "n_seeds": 5,
      "val_mean": {
        "nmse": 7.922005916175037e-13,
        "rmse": 1.9894694041389977e-07
      },
      "val_std": {
        "nmse": 1.9915076761469287e-13,
        "rmse": 2.555490731586319e-08
      },
      "test_mean": {
        "nmse": 7.586045606138441e-13,
        "rmse": 1.7654188767497685e-07
      },
      "test_std": {
        "nmse": 1.862298293567734e-13,
        "rmse": 2.2267160057263422e-08
      },
      "best_ridge_mode": 1e-10
    }
  ],
  "best_config_id": "5033ae01f908",
  "timestamp": "2026-05-12T10:15:21.054076+00:00"
}