{
  "sweep_name": "repro_2",
  "config_id": "9c67a6f86fa9",
  "seed": 123,
  "config_point": {
    "spectral_radius": 0.9,
    "input_scaling": 0.1,
    "leak_rate": 0.6
  },
  "best_ridge": 1e-08,
  "val_curve": {
    "1e-08": 0.2259323624983943,
    "1e-06": 0.24509456485461528,
    "0.0001": 0.2826535278789218,
    "0.01": 0.367387982633243,
    "0.1": 0.4183441757211229,
    "1.0": 0.5657982509221732
  },
  "val_metrics": {
    "nmse": 0.2259323624983943,
    "rmse": 0.04420455597464664
  },
  "test_metrics": {
    "nmse": 0.3045235340110735,
    "rmse": 0.06690718476628219
  },
  "timing": {
    "train_states_s": 0.012155400007031858,
    "ridge_select_s": 0.008805499994195998,
    "total_s": 0.035391699988394976
  },
  "timestamp": "2026-04-14T20:54:04.495600+00:00"
}