{
  "sweep_name": "repro_2",
  "config_id": "9c67a6f86fa9",
  "seed": 42,
  "config_point": {
    "spectral_radius": 0.9,
    "input_scaling": 0.1,
    "leak_rate": 0.6
  },
  "best_ridge": 1e-08,
  "val_curve": {
    "1e-08": 0.2448688509953871,
    "1e-06": 0.29170062939916314,
    "0.0001": 0.3165508646399362,
    "0.01": 0.3851826111983894,
    "0.1": 0.44218707750708547,
    "1.0": 0.5775575811591107
  },
  "val_metrics": {
    "nmse": 0.2448688509953871,
    "rmse": 0.04797039697904049
  },
  "test_metrics": {
    "nmse": 0.3966302623673042,
    "rmse": 0.06445796691392466
  },
  "timing": {
    "train_states_s": 0.012169299996457994,
    "ridge_select_s": 0.009004700055811554,
    "total_s": 0.045649000036064535
  },
  "timestamp": "2026-04-14T20:54:04.450781+00:00"
}