{
  "sweep_name": "pilot_multitask_mackey_glass",
  "n_configs": 12,
  "n_seeds": 3,
  "task_name": "mackey_glass",
  "configs": [
    {
      "config_id": "72f84ae81d5b",
      "config_point": {
        "spectral_radius": 0.7,
        "input_scaling": 0.1,
        "leak_rate": 0.6
      },
      "n_seeds": 3,
      "val_mean": {
        "nmse": 8.373592886873071e-10,
        "rmse": 5.961169010665767e-06
      },
      "val_std": {
        "nmse": 2.1253471606638972e-10,
        "rmse": 8.055686561439489e-07
      },
      "test_mean": {
        "nmse": 7.878016872035216e-10,
        "rmse": 6.187804033796142e-06
      },
      "test_std": {
        "nmse": 2.1272188437446734e-10,
        "rmse": 8.944475881145203e-07
      },
      "best_ridge_mode": 1e-08
    },
    {
      "config_id": "25de579150b8",
      "config_point": {
        "spectral_radius": 0.7,
        "input_scaling": 0.1,
        "leak_rate": 1.0
      },
      "n_seeds": 3,
      "val_mean": {
        "nmse": 9.91456614262554e-10,
        "rmse": 6.523708771084461e-06
      },
      "val_std": {
        "nmse": 1.5801148218260092e-10,
        "rmse": 5.335238368756251e-07
      },
      "test_mean": {
        "nmse": 8.142739450804891e-10,
        "rmse": 6.325410703934681e-06
      },
      "test_std": {
        "nmse": 1.5671471542410487e-10,
        "rmse": 6.258025407362712e-07
      },
      "best_ridge_mode": 1e-08
    },
    {
      "config_id": "5dacf2ac3539",
      "config_point": {
        "spectral_radius": 0.7,
        "input_scaling": 0.2,
        "leak_rate": 0.6
      },
      "n_seeds": 3,
      "val_mean": {
        "nmse": 4.204705424237221e-10,
        "rmse": 4.255518822449575e-06
      },
      "val_std": {
        "nmse": 4.902626399983313e-11,
        "rmse": 2.4533108493428925e-07
      },
      "test_mean": {
        "nmse": 3.758533827804561e-10,
        "rmse": 4.309207088060995e-06
      },
      "test_std": {
        "nmse": 4.798604795186687e-11,
        "rmse": 2.8237795971880055e-07
      },
      "best_ridge_mode": 1e-08
    },
    {
      "config_id": "aeb751998e63",
      "config_point": {
        "spectral_radius": 0.7,
        "input_scaling": 0.2,
        "leak_rate": 1.0
      },
      "n_seeds": 3,
      "val_mean": {
        "nmse": 2.556036380985807e-10,
        "rmse": 3.3023963722884506e-06
      },
      "val_std": {
        "nmse": 5.483990224340755e-11,
        "rmse": 3.7346679628050173e-07
      },
      "test_mean": {
        "nmse": 2.1897804749546564e-10,
        "rmse": 3.266276435749416e-06
      },
      "test_std": {
        "nmse": 5.5761760776389175e-11,
        "rmse": 4.4343940761824074e-07
      },
      "best_ridge_mode": 1e-08
    },
    {
      "config_id": "9c67a6f86fa9",
      "config_point": {
        "spectral_radius": 0.9,
        "input_scaling": 0.1,
        "leak_rate": 0.6
      },
      "n_seeds": 3,
      "val_mean": {
        "nmse": 5.087591785076203e-10,
        "rmse": 4.672099159129514e-06
      },
      "val_std": {
        "nmse": 8.402203673509483e-11,
        "rmse": 3.9534701486426e-07
      },
      "test_mean": {
        "nmse": 4.4539047373854196e-10,
        "rmse": 4.691007390228668e-06
      },
      "test_std": {
        "nmse": 5.7228713524754824e-11,
        "rmse": 3.0614933141654283e-07
      },
      "best_ridge_mode": 1e-08
    },
    {
      "config_id": "129fe242d561",
      "config_point": {
        "spectral_radius": 0.9,
        "input_scaling": 0.1,
        "leak_rate": 1.0
      },
      "n_seeds": 3,
      "val_mean": {
        "nmse": 2.696061420763592e-10,
        "rmse": 3.3407050162597944e-06
      },
      "val_std": {
        "nmse": 1.0048382308558538e-10,
        "rmse": 7.000528024436698e-07
      },
      "test_mean": {
        "nmse": 2.3598421759676257e-10,
        "rmse": 3.3580811788299523e-06
      },
      "test_std": {
        "nmse": 8.355086273507932e-11,
        "rmse": 6.574945858222853e-07
      },
      "best_ridge_mode": 1e-08
    },
    {
      "config_id": "bf8866ab4036",
      "config_point": {
        "spectral_radius": 0.9,
        "input_scaling": 0.2,
        "leak_rate": 0.6
      },
      "n_seeds": 3,
      "val_mean": {
        "nmse": 1.6951551019058922e-10,
        "rmse": 2.676023742506057e-06
      },
      "val_std": {
        "nmse": 5.207723199377886e-11,
        "rmse": 4.050973266231661e-07
      },
      "test_mean": {
        "nmse": 1.6863914346371112e-10,
        "rmse": 2.870800732214507e-06
      },
      "test_std": {
        "nmse": 3.943880291952445e-11,
        "rmse": 3.549644304000745e-07
      },
      "best_ridge_mode": 1e-08
    },
    {
      "config_id": "5033ae01f908",
      "config_point": {
        "spectral_radius": 0.9,
        "input_scaling": 0.2,
        "leak_rate": 1.0
      },
      "n_seeds": 3,
      "val_mean": {
        "nmse": 1.4747458361256465e-10,
        "rmse": 2.5109589200569628e-06
      },
      "val_std": {
        "nmse": 3.130694773914132e-11,
        "rmse": 2.6047330988703947e-07
      },
      "test_mean": {
        "nmse": 1.194833591370127e-10,
        "rmse": 2.4100963856559554e-06
      },
      "test_std": {
        "nmse": 3.385086857533691e-11,
        "rmse": 3.4631211448290325e-07
      },
      "best_ridge_mode": 1e-08
    },
    {
      "config_id": "4624975b8b19",
      "config_point": {
        "spectral_radius": 1.1,
        "input_scaling": 0.1,
        "leak_rate": 0.6
      },
      "n_seeds": 3,
      "val_mean": {
        "nmse": 8.96531120688721e-09,
        "rmse": 1.6098798660168196e-05
      },
      "val_std": {
        "nmse": 9.939752604831199e-09,
        "rmse": 1.132444879569847e-05
      },
      "test_mean": {
        "nmse": 3.0873990816053577e-09,
        "rmse": 1.132822071187505e-05
      },
      "test_std": {
        "nmse": 2.0023640449123923e-09,
        "rmse": 4.986104989155975e-06
      },
      "best_ridge_mode": 1e-08
    },
    {
      "config_id": "ae031b6366dd",
      "config_point": {
        "spectral_radius": 1.1,
        "input_scaling": 0.1,
        "leak_rate": 1.0
      },
      "n_seeds": 3,
      "val_mean": {
        "nmse": 1.7108344954553465e-07,
        "rmse": 6.314648502769893e-05
      },
      "val_std": {
        "nmse": 2.1156939988138026e-07,
        "rmse": 5.8356517102746996e-05
      },
      "test_mean": {
        "nmse": 1.7816285866959248e-07,
        "rmse": 5.9337407436877576e-05
      },
      "test_std": {
        "nmse": 2.49731238923989e-07,
        "rmse": 7.293225683795944e-05
      },
      "best_ridge_mode": 1e-08
    },
    {
      "config_id": "10b5d24c62b0",
      "config_point": {
        "spectral_radius": 1.1,
        "input_scaling": 0.2,
        "leak_rate": 0.6
      },
      "n_seeds": 3,
      "val_mean": {
        "nmse": 8.083411303964263e-08,
        "rmse": 3.645292227127484e-05
      },
      "val_std": {
        "nmse": 1.1390185721007139e-07,
        "rmse": 4.652136195105174e-05
      },
      "test_mean": {
        "nmse": 8.067340836812958e-10,
        "rmse": 5.6703772834235874e-06
      },
      "test_std": {
        "nmse": 7.383465394907089e-10,
        "rmse": 2.8062715160465052e-06
      },
      "best_ridge_mode": 1e-08
    },
    {
      "config_id": "9bba7c25d761",
      "config_point": {
        "spectral_radius": 1.1,
        "input_scaling": 0.2,
        "leak_rate": 1.0
      },
      "n_seeds": 3,
      "val_mean": {
        "nmse": 4.6539955742386004e-08,
        "rmse": 2.7379238739096356e-05
      },
      "val_std": {
        "nmse": 6.564903339621654e-08,
        "rmse": 3.551746114682379e-05
      },
      "test_mean": {
        "nmse": 1.0776801313431854e-07,
        "rmse": 4.380268514859239e-05
      },
      "test_std": {
        "nmse": 1.522399249251295e-07,
        "rmse": 5.855366951123846e-05
      },
      "best_ridge_mode": 1e-08
    }
  ],
  "best_config_id": "5033ae01f908",
  "timestamp": "2026-04-16T17:26:34.776145+00:00"
}