{
  "sweep_name": "cycle_comparison_cycle_jump_j3",
  "n_configs": 6,
  "n_seeds": 5,
  "grid": {
    "spectral_radius": [
      0.9
    ],
    "input_scaling": [
      0.1,
      0.15,
      0.2
    ],
    "leak_rate": [
      0.9,
      1.0
    ]
  },
  "ranking_config": {
    "narma10": {
      "metric": "nmse",
      "direction": "min"
    },
    "mackey_glass": {
      "metric": "nmse",
      "direction": "min"
    },
    "memory_capacity": {
      "metric": "mc_total",
      "direction": "max"
    }
  },
  "configs": [
    {
      "config_id": "5033ae01f908",
      "config_point": {
        "spectral_radius": 0.9,
        "input_scaling": 0.2,
        "leak_rate": 1.0
      },
      "n_seeds": 5,
      "narma10_primary_metric": "nmse",
      "narma10_val_mean": 0.13284320206318162,
      "narma10_val_std": 0.01228358676414429,
      "narma10_test_mean": 0.12131713042170049,
      "narma10_test_std": 0.007890753678209754,
      "mg_primary_metric": "nmse",
      "mg_val_mean": 1.4524198866361857e-12,
      "mg_val_std": 3.5127212393435554e-13,
      "mg_test_mean": 1.2920596325746617e-12,
      "mg_test_std": 2.604202990962726e-13,
      "mc_total_mean": 27.541989099757945,
      "mc_total_std": 0.9963719540608815,
      "rank_narma10": 4,
      "rank_mg": 1,
      "rank_mc": 3,
      "aggregate_rank": 2.6666666666666665
    },
    {
      "config_id": "0292ac89d7b8",
      "config_point": {
        "spectral_radius": 0.9,
        "input_scaling": 0.2,
        "leak_rate": 0.9
      },
      "n_seeds": 5,
      "narma10_primary_metric": "nmse",
      "narma10_val_mean": 0.12686292245442368,
      "narma10_val_std": 0.015744544575328163,
      "narma10_test_mean": 0.1164381214800462,
      "narma10_test_std": 0.0066960662998220505,
      "mg_primary_metric": "nmse",
      "mg_val_mean": 1.6425529884947784e-12,
      "mg_val_std": 3.9252995458730065e-13,
      "mg_test_mean": 1.4784972168245487e-12,
      "mg_test_std": 2.5282607530950363e-13,
      "mc_total_mean": 22.656136000881276,
      "mc_total_std": 0.5658148684656449,
      "rank_narma10": 1,
      "rank_mg": 2,
      "rank_mc": 6,
      "aggregate_rank": 3.0
    },
    {
      "config_id": "92815a841b21",
      "config_point": {
        "spectral_radius": 0.9,
        "input_scaling": 0.15,
        "leak_rate": 1.0
      },
      "n_seeds": 5,
      "narma10_primary_metric": "nmse",
      "narma10_val_mean": 0.13307060900809323,
      "narma10_val_std": 0.01330661653941772,
      "narma10_test_mean": 0.12127187891960298,
      "narma10_test_std": 0.006942321108432098,
      "mg_primary_metric": "nmse",
      "mg_val_mean": 1.8773177356939083e-12,
      "mg_val_std": 4.911998941227665e-13,
      "mg_test_mean": 1.6902086767255106e-12,
      "mg_test_std": 3.4889167687686983e-13,
      "mc_total_mean": 30.259202562131357,
      "mc_total_std": 1.152806785241067,
      "rank_narma10": 5,
      "rank_mg": 3,
      "rank_mc": 2,
      "aggregate_rank": 3.3333333333333335
    },
    {
      "config_id": "b5cf1e3871f2",
      "config_point": {
        "spectral_radius": 0.9,
        "input_scaling": 0.15,
        "leak_rate": 0.9
      },
      "n_seeds": 5,
      "narma10_primary_metric": "nmse",
      "narma10_val_mean": 0.1277822919365461,
      "narma10_val_std": 0.016895672415606803,
      "narma10_test_mean": 0.11746593452508877,
      "narma10_test_std": 0.007012155908948077,
      "mg_primary_metric": "nmse",
      "mg_val_mean": 2.3581852519304426e-12,
      "mg_val_std": 5.18972890377249e-13,
      "mg_test_mean": 2.1435705630449673e-12,
      "mg_test_std": 3.5986898277913205e-13,
      "mc_total_mean": 24.61837376930889,
      "mc_total_std": 0.6972652116596189,
      "rank_narma10": 2,
      "rank_mg": 4,
      "rank_mc": 5,
      "aggregate_rank": 3.6666666666666665
    },
    {
      "config_id": "129fe242d561",
      "config_point": {
        "spectral_radius": 0.9,
        "input_scaling": 0.1,
        "leak_rate": 1.0
      },
      "n_seeds": 5,
      "narma10_primary_metric": "nmse",
      "narma10_val_mean": 0.13439900291397644,
      "narma10_val_std": 0.015365580501931065,
      "narma10_test_mean": 0.12270488550211692,
      "narma10_test_std": 0.005917591143184254,
      "mg_primary_metric": "nmse",
      "mg_val_mean": 2.760129027277902e-12,
      "mg_val_std": 6.577638547042642e-13,
      "mg_test_mean": 2.561975964327701e-12,
      "mg_test_std": 5.674307419022153e-13,
      "mc_total_mean": 34.18999848902248,
      "mc_total_std": 1.3419746248225237,
      "rank_narma10": 6,
      "rank_mg": 5,
      "rank_mc": 1,
      "aggregate_rank": 4.0
    },
    {
      "config_id": "65189332b1c4",
      "config_point": {
        "spectral_radius": 0.9,
        "input_scaling": 0.1,
        "leak_rate": 0.9
      },
      "n_seeds": 5,
      "narma10_primary_metric": "nmse",
      "narma10_val_mean": 0.12916373258217054,
      "narma10_val_std": 0.019022501248701338,
      "narma10_test_mean": 0.11788854149728709,
      "narma10_test_std": 0.0063913688019599235,
      "mg_primary_metric": "nmse",
      "mg_val_mean": 3.88231833731031e-12,
      "mg_val_std": 5.172027660073401e-13,
      "mg_test_mean": 3.538870606808432e-12,
      "mg_test_std": 4.3345218599594037e-13,
      "mc_total_mean": 27.441544568140877,
      "mc_total_std": 0.8278296657045165,
      "rank_narma10": 3,
      "rank_mg": 6,
      "rank_mc": 4,
      "aggregate_rank": 4.333333333333333
    }
  ],
  "shortlist": [
    "5033ae01f908",
    "0292ac89d7b8",
    "92815a841b21",
    "b5cf1e3871f2",
    "129fe242d561"
  ],
  "shortlist_top_n": 5,
  "timestamp": "2026-05-12T10:15:30.698886+00:00"
}