{
  "shortlist_top_n": 12,
  "configs": [
    {
      "config_id": "92815a841b21",
      "config_point": {
        "spectral_radius": 0.9,
        "input_scaling": 0.15,
        "leak_rate": 1.0
      },
      "n_seeds": 5,
      "narma10_primary_metric": "nmse",
      "narma10_val_mean": 0.12033127601385371,
      "narma10_val_std": 0.033062340265807,
      "narma10_test_mean": 0.09675606877177804,
      "narma10_test_std": 0.011710510932417094,
      "mg_primary_metric": "nmse",
      "mg_val_mean": 2.1260024293894963e-12,
      "mg_val_std": 6.01515922700201e-13,
      "mg_test_mean": 1.97604274612607e-12,
      "mg_test_std": 7.170550328722869e-13,
      "mc_total_mean": 24.394650466204187,
      "mc_total_std": 0.6275494083993058,
      "rank_narma10": 21,
      "rank_mg": 23,
      "rank_mc": 14,
      "aggregate_rank": 19.333333333333332
    },
    {
      "config_id": "5033ae01f908",
      "config_point": {
        "spectral_radius": 0.9,
        "input_scaling": 0.2,
        "leak_rate": 1.0
      },
      "n_seeds": 5,
      "narma10_primary_metric": "nmse",
      "narma10_val_mean": 0.12267770045402704,
      "narma10_val_std": 0.032517888841208334,
      "narma10_test_mean": 0.0975643783763657,
      "narma10_test_std": 0.011635814858307407,
      "mg_primary_metric": "nmse",
      "mg_val_mean": 1.5931964953072803e-12,
      "mg_val_std": 4.1269241299487343e-13,
      "mg_test_mean": 1.50492372391597e-12,
      "mg_test_std": 5.901769039215952e-13,
      "mc_total_mean": 22.44004129758528,
      "mc_total_std": 0.6447643363590934,
      "rank_narma10": 29,
      "rank_mg": 10,
      "rank_mc": 22,
      "aggregate_rank": 20.333333333333332
    },
    {
      "config_id": "129fe242d561",
      "config_point": {
        "spectral_radius": 0.9,
        "input_scaling": 0.1,
        "leak_rate": 1.0
      },
      "n_seeds": 5,
      "narma10_primary_metric": "nmse",
      "narma10_val_mean": 0.11927708145735427,
      "narma10_val_std": 0.03323826339929223,
      "narma10_test_mean": 0.09728631103292985,
      "narma10_test_std": 0.012027315780995277,
      "mg_primary_metric": "nmse",
      "mg_val_mean": 3.4617304272620287e-12,
      "mg_val_std": 1.300679341565019e-12,
      "mg_test_mean": 3.3022594074124436e-12,
      "mg_test_std": 1.3155414200034532e-12,
      "mc_total_mean": 26.9347041180897,
      "mc_total_std": 0.692721941121227,
      "rank_narma10": 15,
      "rank_mg": 45,
      "rank_mc": 5,
      "aggregate_rank": 21.666666666666668
    },
    {
      "config_id": "0292ac89d7b8",
      "config_point": {
        "spectral_radius": 0.9,
        "input_scaling": 0.2,
        "leak_rate": 0.9
      },
      "n_seeds": 5,
      "narma10_primary_metric": "nmse",
      "narma10_val_mean": 0.11423482592726317,
      "narma10_val_std": 0.026160693067743792,
      "narma10_test_mean": 0.0955177392760778,
      "narma10_test_std": 0.010329268484962177,
      "mg_primary_metric": "nmse",
      "mg_val_mean": 2.1168996929192574e-12,
      "mg_val_std": 4.893958841104533e-13,
      "mg_test_mean": 1.9841681959107876e-12,
      "mg_test_std": 6.70657306080179e-13,
      "mc_total_mean": 19.6364324086566,
      "mc_total_std": 0.4982521242687137,
      "rank_narma10": 7,
      "rank_mg": 22,
      "rank_mc": 41,
      "aggregate_rank": 23.333333333333332
    },
    {
      "config_id": "b5cf1e3871f2",
      "config_point": {
        "spectral_radius": 0.9,
        "input_scaling": 0.15,
        "leak_rate": 0.9
      },
      "n_seeds": 5,
      "narma10_primary_metric": "nmse",
      "narma10_val_mean": 0.11321662424631071,
      "narma10_val_std": 0.025835749835373168,
      "narma10_test_mean": 0.09503753531627744,
      "narma10_test_std": 0.010060145700748918,
      "mg_primary_metric": "nmse",
      "mg_val_mean": 2.9170504671366263e-12,
      "mg_val_std": 7.891314817539535e-13,
      "mg_test_mean": 2.725812175913436e-12,
      "mg_test_std": 9.503969955878967e-13,
      "mc_total_mean": 21.19260412330375,
      "mc_total_std": 0.5415209217331335,
      "rank_narma10": 4,
      "rank_mg": 38,
      "rank_mc": 28,
      "aggregate_rank": 23.333333333333332
    },
    {
      "config_id": "65189332b1c4",
      "config_point": {
        "spectral_radius": 0.9,
        "input_scaling": 0.1,
        "leak_rate": 0.9
      },
      "n_seeds": 5,
      "narma10_primary_metric": "nmse",
      "narma10_val_mean": 0.11327538446575072,
      "narma10_val_std": 0.02642255518359386,
      "narma10_test_mean": 0.09535054590882307,
      "narma10_test_std": 0.009664031248964377,
      "mg_primary_metric": "nmse",
      "mg_val_mean": 4.941186166441615e-12,
      "mg_val_std": 1.8789901500201265e-12,
      "mg_test_mean": 4.739191593295962e-12,
      "mg_test_std": 1.9009206152509316e-12,
      "mc_total_mean": 23.285875068798696,
      "mc_total_std": 0.5029364266167066,
      "rank_narma10": 6,
      "rank_mg": 66,
      "rank_mc": 17,
      "aggregate_rank": 29.666666666666668
    },
    {
      "config_id": "e74399494040",
      "config_point": {
        "spectral_radius": 0.9,
        "input_scaling": 0.3,
        "leak_rate": 1.0
      },
      "n_seeds": 5,
      "narma10_primary_metric": "nmse",
      "narma10_val_mean": 0.12870510054677525,
      "narma10_val_std": 0.03195126032107329,
      "narma10_test_mean": 0.10119567734417081,
      "narma10_test_std": 0.01267337774425603,
      "mg_primary_metric": "nmse",
      "mg_val_mean": 1.3303363162524948e-12,
      "mg_val_std": 4.899776271141438e-13,
      "mg_test_mean": 1.224138032194853e-12,
      "mg_test_std": 4.0967117536177326e-13,
      "mc_total_mean": 19.47465393330948,
      "mc_total_std": 0.671695403758583,
      "rank_narma10": 42,
      "rank_mg": 5,
      "rank_mc": 42,
      "aggregate_rank": 29.666666666666668
    },
    {
      "config_id": "4bf4f06eba9c",
      "config_point": {
        "spectral_radius": 0.8,
        "input_scaling": 0.2,
        "leak_rate": 1.0
      },
      "n_seeds": 5,
      "narma10_primary_metric": "nmse",
      "narma10_val_mean": 0.12868245051993704,
      "narma10_val_std": 0.035233231474760096,
      "narma10_test_mean": 0.1057933598322542,
      "narma10_test_std": 0.014890002901979787,
      "mg_primary_metric": "nmse",
      "mg_val_mean": 1.613982771769338e-12,
      "mg_val_std": 1.9136317325270386e-13,
      "mg_test_mean": 1.478743687119177e-12,
      "mg_test_std": 1.527352710395303e-13,
      "mc_total_mean": 19.348290334407796,
      "mc_total_std": 0.4899059209423707,
      "rank_narma10": 41,
      "rank_mg": 11,
      "rank_mc": 44,
      "aggregate_rank": 32.0
    },
    {
      "config_id": "8baeb0c225c0",
      "config_point": {
        "spectral_radius": 0.8,
        "input_scaling": 0.15,
        "leak_rate": 1.0
      },
      "n_seeds": 5,
      "narma10_primary_metric": "nmse",
      "narma10_val_mean": 0.12739148941028294,
      "narma10_val_std": 0.036236342461079575,
      "narma10_test_mean": 0.10538171919498755,
      "narma10_test_std": 0.015598847022101377,
      "mg_primary_metric": "nmse",
      "mg_val_mean": 2.5705769992198003e-12,
      "mg_val_std": 2.145173142046974e-13,
      "mg_test_mean": 2.3549657502475455e-12,
      "mg_test_std": 2.0093091233771541e-13,
      "mc_total_mean": 20.898888161313437,
      "mc_total_std": 0.5208582589183051,
      "rank_narma10": 38,
      "rank_mg": 31,
      "rank_mc": 29,
      "aggregate_rank": 32.666666666666664
    },
    {
      "config_id": "8246ed9a8b68",
      "config_point": {
        "spectral_radius": 0.9,
        "input_scaling": 0.3,
        "leak_rate": 0.9
      },
      "n_seeds": 5,
      "narma10_primary_metric": "nmse",
      "narma10_val_mean": 0.11675862152478862,
      "narma10_val_std": 0.027170833124316524,
      "narma10_test_mean": 0.0975543026943564,
      "narma10_test_std": 0.011515288812846736,
      "mg_primary_metric": "nmse",
      "mg_val_mean": 1.686069501090726e-12,
      "mg_val_std": 6.619266461815447e-13,