{
  "sweep_name": "cycle_comparison_cycle_mackey_glass",
  "config_id": "0292ac89d7b8",
  "seed": 123,
  "config_point": {
    "spectral_radius": 0.9,
    "input_scaling": 0.2,
    "leak_rate": 0.9
  },
  "best_ridge": 1e-10,
  "val_curve": {
    "1e-10": 1.2956647931569346e-12,
    "1e-08": 5.8109899062998147e-11,
    "1e-06": 2.174896787336301e-09,
    "0.0001": 1.7663494035540016e-07,
    "0.01": 7.166776210253685e-06,
    "1.0": 0.00033291064247217297
  },
  "val_metrics": {
    "nmse": 1.2956647931569346e-12,
    "rmse": 2.565190505759929e-07
  },
  "test_metrics": {
    "nmse": 1.2398704723073439e-12,
    "rmse": 2.2748645100044297e-07
  },
  "timing": {
    "train_states_s": 0.018468800000846386,
    "ridge_select_s": 0.01274330000160262,
    "total_s": 0.07348580000689253
  },
  "timestamp": "2026-05-12T10:15:20.378779+00:00",
  "reservoir_diagnostics": {
    "spectral_radius": 0.8999999999999959,
    "mean_abs_eigenvalue": 0.899999999999992,
    "spectral_norm": 0.8999999999999932,
    "frobenius_norm": 8.999999999999932,
    "density": 0.01,
    "henrici_departure": 5.1299510349266345e-08
  }
}