{
  "sweep_name": "cycle_comparison_cycle_mackey_glass",
  "config_id": "0292ac89d7b8",
  "seed": 789,
  "config_point": {
    "spectral_radius": 0.9,
    "input_scaling": 0.2,
    "leak_rate": 0.9
  },
  "best_ridge": 1e-10,
  "val_curve": {
    "1e-10": 7.23643581209156e-13,
    "1e-08": 4.862091013415481e-11,
    "1e-06": 1.9155545030372747e-09,
    "0.0001": 1.1264589214521234e-07,
    "0.01": 8.70143358225856e-06,
    "1.0": 0.0003742904283249881
  },
  "val_metrics": {
    "nmse": 7.23643581209156e-13,
    "rmse": 1.917059763336246e-07
  },
  "test_metrics": {
    "nmse": 6.978188905926763e-13,
    "rmse": 1.7066274932379138e-07
  },
  "timing": {
    "train_states_s": 0.01817200001096353,
    "ridge_select_s": 0.01366769999731332,
    "total_s": 0.07390669998130761
  },
  "timestamp": "2026-05-12T10:15:20.547843+00:00",
  "reservoir_diagnostics": {
    "spectral_radius": 0.8999999999999959,
    "mean_abs_eigenvalue": 0.899999999999992,
    "spectral_norm": 0.8999999999999932,
    "frobenius_norm": 8.999999999999932,
    "density": 0.01,
    "henrici_departure": 5.1299510349266345e-08
  }
}