{
  "sweep_name": "cycle_comparison_cycle_mackey_glass",
  "config_id": "129fe242d561",
  "seed": 456,
  "config_point": {
    "spectral_radius": 0.9,
    "input_scaling": 0.1,
    "leak_rate": 1.0
  },
  "best_ridge": 1e-10,
  "val_curve": {
    "1e-10": 1.6488575142431455e-12,
    "1e-08": 8.470196764066218e-11,
    "1e-06": 4.994354050188456e-09,
    "0.0001": 2.0826134506830407e-07,
    "0.01": 1.5524149196941117e-05,
    "1.0": 0.0013756187508281847
  },
  "val_metrics": {
    "nmse": 1.6488575142431455e-12,
    "rmse": 2.8937756557826063e-07
  },
  "test_metrics": {
    "nmse": 1.523932951891042e-12,
    "rmse": 2.5220303388584033e-07
  },
  "timing": {
    "train_states_s": 0.01817930000834167,
    "ridge_select_s": 0.013277299993205816,
    "total_s": 0.07361749999108724
  },
  "timestamp": "2026-05-12T10:15:19.179216+00:00",
  "reservoir_diagnostics": {
    "spectral_radius": 0.8999999999999959,
    "mean_abs_eigenvalue": 0.899999999999992,
    "spectral_norm": 0.8999999999999932,
    "frobenius_norm": 8.999999999999932,
    "density": 0.01,
    "henrici_departure": 5.1299510349266345e-08
  }
}