{
  "sweep_name": "cycle_comparison_cycle_mackey_glass",
  "config_id": "129fe242d561",
  "seed": 123,
  "config_point": {
    "spectral_radius": 0.9,
    "input_scaling": 0.1,
    "leak_rate": 1.0
  },
  "best_ridge": 1e-10,
  "val_curve": {
    "1e-10": 2.00887053274352e-12,
    "1e-08": 8.927435489358918e-11,
    "1e-06": 1.0802057100462443e-08,
    "0.0001": 3.989471612877354e-07,
    "0.01": 1.5927461821280153e-05,
    "1.0": 0.0007067826581183183
  },
  "val_metrics": {
    "nmse": 2.00887053274352e-12,
    "rmse": 3.19410559147495e-07
  },
  "test_metrics": {
    "nmse": 1.9638759721333725e-12,
    "rmse": 2.863020152573134e-07
  },
  "timing": {
    "train_states_s": 0.01811249999445863,
    "ridge_select_s": 0.013545199995860457,
    "total_s": 0.07480020000366494
  },
  "timestamp": "2026-05-12T10:15:19.094633+00:00",
  "reservoir_diagnostics": {
    "spectral_radius": 0.8999999999999959,
    "mean_abs_eigenvalue": 0.899999999999992,
    "spectral_norm": 0.8999999999999932,
    "frobenius_norm": 8.999999999999932,
    "density": 0.01,
    "henrici_departure": 5.1299510349266345e-08
  }
}