{
  "sweep_name": "cycle_comparison_cycle_mackey_glass",
  "config_id": "129fe242d561",
  "seed": 789,
  "config_point": {
    "spectral_radius": 0.9,
    "input_scaling": 0.1,
    "leak_rate": 1.0
  },
  "best_ridge": 1e-10,
  "val_curve": {
    "1e-10": 1.3801528122986838e-12,
    "1e-08": 7.821929226876603e-11,
    "1e-06": 4.775230861955951e-09,
    "0.0001": 2.7468335357565403e-07,
    "0.01": 1.7569175429461397e-05,
    "1.0": 0.0009177712145957268
  },
  "val_metrics": {
    "nmse": 1.3801528122986838e-12,
    "rmse": 2.6475055685114777e-07
  },
  "test_metrics": {
    "nmse": 1.2750902129208422e-12,
    "rmse": 2.306948145897741e-07
  },
  "timing": {
    "train_states_s": 0.018561200005933642,
    "ridge_select_s": 0.013049100001808256,
    "total_s": 0.07541069999570027
  },
  "timestamp": "2026-05-12T10:15:19.265586+00:00",
  "reservoir_diagnostics": {
    "spectral_radius": 0.8999999999999959,
    "mean_abs_eigenvalue": 0.899999999999992,
    "spectral_norm": 0.8999999999999932,
    "frobenius_norm": 8.999999999999932,
    "density": 0.01,
    "henrici_departure": 5.1299510349266345e-08
  }
}