{
  "sweep_name": "cycle_comparison_cycle_mackey_glass",
  "config_id": "5033ae01f908",
  "seed": 2024,
  "config_point": {
    "spectral_radius": 0.9,
    "input_scaling": 0.2,
    "leak_rate": 1.0
  },
  "best_ridge": 1e-10,
  "val_curve": {
    "1e-10": 1.0683635981817134e-12,
    "1e-08": 3.458576788520525e-11,
    "1e-06": 2.6254819748610673e-09,
    "0.0001": 1.9241324492501266e-07,
    "0.01": 7.4355211776461644e-06,
    "1.0": 0.0005356914683694982
  },
  "val_metrics": {
    "nmse": 1.0683635981817134e-12,
    "rmse": 2.3293397391716708e-07
  },
  "test_metrics": {
    "nmse": 1.004300472867568e-12,
    "rmse": 2.047383553387315e-07
  },
  "timing": {
    "train_states_s": 0.01880170000367798,
    "ridge_select_s": 0.012602099974174052,
    "total_s": 0.07339909998700023
  },
  "timestamp": "2026-05-12T10:15:21.052711+00:00",
  "reservoir_diagnostics": {
    "spectral_radius": 0.8999999999999959,
    "mean_abs_eigenvalue": 0.899999999999992,
    "spectral_norm": 0.8999999999999932,
    "frobenius_norm": 8.999999999999932,
    "density": 0.01,
    "henrici_departure": 5.1299510349266345e-08
  }
}