{
  "sweep_name": "cycle_comparison_cycle_mackey_glass",
  "config_id": "5033ae01f908",
  "seed": 42,
  "config_point": {
    "spectral_radius": 0.9,
    "input_scaling": 0.2,
    "leak_rate": 1.0
  },
  "best_ridge": 1e-10,
  "val_curve": {
    "1e-10": 8.509148719942183e-13,
    "1e-08": 4.778973057951597e-11,
    "1e-06": 1.506241160255205e-09,
    "0.0001": 9.126912737721812e-08,
    "0.01": 4.362477774219603e-06,
    "1.0": 0.0003799732023570795
  },
  "val_metrics": {
    "nmse": 8.509148719942183e-13,
    "rmse": 2.0788174416071866e-07
  },
  "test_metrics": {
    "nmse": 8.243669105605923e-13,
    "rmse": 1.8549305429938762e-07
  },
  "timing": {
    "train_states_s": 0.018168400012655184,
    "ridge_select_s": 0.012588599987793714,
    "total_s": 0.07263979999697767
  },
  "timestamp": "2026-05-12T10:15:20.715079+00:00",
  "reservoir_diagnostics": {
    "spectral_radius": 0.8999999999999959,
    "mean_abs_eigenvalue": 0.899999999999992,
    "spectral_norm": 0.8999999999999932,
    "frobenius_norm": 8.999999999999932,
    "density": 0.01,
    "henrici_departure": 5.1299510349266345e-08
  }
}