{
  "sweep_name": "cycle_comparison_cycle_mackey_glass",
  "config_id": "65189332b1c4",
  "seed": 789,
  "config_point": {
    "spectral_radius": 0.9,
    "input_scaling": 0.1,
    "leak_rate": 0.9
  },
  "best_ridge": 1e-10,
  "val_curve": {
    "1e-10": 1.7505339550250132e-12,
    "1e-08": 1.0458757338368678e-10,
    "1e-06": 5.638832106622024e-09,
    "0.0001": 3.11907932488275e-07,
    "0.01": 2.041495485668064e-05,
    "1.0": 0.000964640258867612
  },
  "val_metrics": {
    "nmse": 1.7505339550250132e-12,
    "rmse": 2.9816630573335945e-07
  },
  "test_metrics": {
    "nmse": 1.5882126292996302e-12,
    "rmse": 2.5746707506570945e-07
  },
  "timing": {
    "train_states_s": 0.01826250000158325,
    "ridge_select_s": 0.012245999998413026,
    "total_s": 0.07266820000950247
  },
  "timestamp": "2026-05-12T10:15:18.839677+00:00",
  "reservoir_diagnostics": {
    "spectral_radius": 0.8999999999999959,
    "mean_abs_eigenvalue": 0.899999999999992,
    "spectral_norm": 0.8999999999999932,
    "frobenius_norm": 8.999999999999932,
    "density": 0.01,
    "henrici_departure": 5.1299510349266345e-08
  }
}