{
  "sweep_name": "cycle_comparison_cycle_mackey_glass",
  "config_id": "65189332b1c4",
  "seed": 2024,
  "config_point": {
    "spectral_radius": 0.9,
    "input_scaling": 0.1,
    "leak_rate": 0.9
  },
  "best_ridge": 1e-10,
  "val_curve": {
    "1e-10": 2.0783856575669064e-12,
    "1e-08": 1.294195369299989e-10,
    "1e-06": 1.1069496471540541e-08,
    "0.0001": 3.7245867146639454e-07,
    "0.01": 2.3448181955009792e-05,
    "1.0": 0.0028799531866042934
  },
  "val_metrics": {
    "nmse": 2.0783856575669064e-12,
    "rmse": 3.2489001432603324e-07
  },
  "test_metrics": {
    "nmse": 2.038350214789061e-12,
    "rmse": 2.916800853707367e-07
  },
  "timing": {
    "train_states_s": 0.018292499997187406,
    "ridge_select_s": 0.012366599985398352,
    "total_s": 0.07257150000077672
  },
  "timestamp": "2026-05-12T10:15:18.923305+00:00",
  "reservoir_diagnostics": {
    "spectral_radius": 0.8999999999999959,
    "mean_abs_eigenvalue": 0.899999999999992,
    "spectral_norm": 0.8999999999999932,
    "frobenius_norm": 8.999999999999932,
    "density": 0.01,
    "henrici_departure": 5.1299510349266345e-08
  }
}