{
  "sweep_name": "cycle_comparison_cycle_mackey_glass",
  "config_id": "92815a841b21",
  "seed": 2024,
  "config_point": {
    "spectral_radius": 0.9,
    "input_scaling": 0.15,
    "leak_rate": 1.0
  },
  "best_ridge": 1e-10,
  "val_curve": {
    "1e-10": 1.383431456209245e-12,
    "1e-08": 4.969321195189208e-11,
    "1e-06": 4.139960073034912e-09,
    "0.0001": 2.417684659676324e-07,
    "0.01": 1.0683950252643573e-05,
    "1.0": 0.0009011587718089558
  },
  "val_metrics": {
    "nmse": 1.383431456209245e-12,
    "rmse": 2.6506483650677027e-07
  },
  "test_metrics": {
    "nmse": 1.2682280683161743e-12,
    "rmse": 2.3007321276143728e-07
  },
  "timing": {
    "train_states_s": 0.018660299974726513,
    "ridge_select_s": 0.013271400006487966,
    "total_s": 0.07444869997561909
  },
  "timestamp": "2026-05-12T10:15:20.210385+00:00",
  "reservoir_diagnostics": {
    "spectral_radius": 0.8999999999999959,
    "mean_abs_eigenvalue": 0.899999999999992,
    "spectral_norm": 0.8999999999999932,
    "frobenius_norm": 8.999999999999932,
    "density": 0.01,
    "henrici_departure": 5.1299510349266345e-08
  }
}