{
  "sweep_name": "cycle_comparison_cycle_mackey_glass",
  "config_id": "92815a841b21",
  "seed": 789,
  "config_point": {
    "spectral_radius": 0.9,
    "input_scaling": 0.15,
    "leak_rate": 1.0
  },
  "best_ridge": 1e-10,
  "val_curve": {
    "1e-10": 9.205148395929415e-13,
    "1e-08": 4.821229830641146e-11,
    "1e-06": 2.698450365742169e-09,
    "0.0001": 1.41958798625462e-07,
    "0.01": 1.2416809581763635e-05,
    "1.0": 0.00043853389423394005
  },
  "val_metrics": {
    "nmse": 9.205148395929415e-13,
    "rmse": 2.1621642981040306e-07
  },
  "test_metrics": {
    "nmse": 7.890754147809805e-13,
    "rmse": 1.814791066895924e-07
  },
  "timing": {
    "train_states_s": 0.01883719998295419,
    "ridge_select_s": 0.012330400000791997,
    "total_s": 0.07307059998856857
  },
  "timestamp": "2026-05-12T10:15:20.125220+00:00",
  "reservoir_diagnostics": {
    "spectral_radius": 0.8999999999999959,
    "mean_abs_eigenvalue": 0.899999999999992,
    "spectral_norm": 0.8999999999999932,
    "frobenius_norm": 8.999999999999932,
    "density": 0.01,
    "henrici_departure": 5.1299510349266345e-08
  }
}