{
  "sweep_name": "cycle_comparison_cycle_mackey_glass",
  "config_id": "92815a841b21",
  "seed": 42,
  "config_point": {
    "spectral_radius": 0.9,
    "input_scaling": 0.15,
    "leak_rate": 1.0
  },
  "best_ridge": 1e-10,
  "val_curve": {
    "1e-10": 1.0915937550525819e-12,
    "1e-08": 6.788465854667212e-11,
    "1e-06": 2.1838924485608753e-09,
    "0.0001": 1.2576437870774313e-07,
    "0.01": 6.393395151088332e-06,
    "1.0": 0.000559431053098157
  },
  "val_metrics": {
    "nmse": 1.0915937550525819e-12,
    "rmse": 2.3545277650558586e-07
  },
  "test_metrics": {
    "nmse": 1.0346927781562115e-12,
    "rmse": 2.0781317882696448e-07
  },
  "timing": {
    "train_states_s": 0.018670700024813414,
    "ridge_select_s": 0.012632800004212186,
    "total_s": 0.07408849999774247
  },
  "timestamp": "2026-05-12T10:15:19.865898+00:00",
  "reservoir_diagnostics": {
    "spectral_radius": 0.8999999999999959,
    "mean_abs_eigenvalue": 0.899999999999992,
    "spectral_norm": 0.8999999999999932,
    "frobenius_norm": 8.999999999999932,
    "density": 0.01,
    "henrici_departure": 5.1299510349266345e-08
  }
}