{
  "sweep_name": "cycle_comparison_cycle_mackey_glass",
  "config_id": "b5cf1e3871f2",
  "seed": 456,
  "config_point": {
    "spectral_radius": 0.9,
    "input_scaling": 0.15,
    "leak_rate": 0.9
  },
  "best_ridge": 1e-10,
  "val_curve": {
    "1e-10": 9.946989118394464e-13,
    "1e-08": 6.473318848696824e-11,
    "1e-06": 2.2158212737093206e-09,
    "0.0001": 1.652763245088101e-07,
    "0.01": 1.1310847143075398e-05,
    "1.0": 0.000610158803209643
  },
  "val_metrics": {
    "nmse": 9.946989118394464e-13,
    "rmse": 2.2476004806695562e-07
  },
  "test_metrics": {
    "nmse": 9.331741673553332e-13,
    "rmse": 1.973552712477398e-07
  },
  "timing": {
    "train_states_s": 0.018156300007831305,
    "ridge_select_s": 0.013721399998757988,
    "total_s": 0.07409890001872554
  },
  "timestamp": "2026-05-12T10:15:19.611360+00:00",
  "reservoir_diagnostics": {
    "spectral_radius": 0.8999999999999959,
    "mean_abs_eigenvalue": 0.899999999999992,
    "spectral_norm": 0.8999999999999932,
    "frobenius_norm": 8.999999999999932,
    "density": 0.01,
    "henrici_departure": 5.1299510349266345e-08
  }
}