{
  "sweep_name": "cycle_comparison_cycle_mackey_glass",
  "config_id": "b5cf1e3871f2",
  "seed": 789,
  "config_point": {
    "spectral_radius": 0.9,
    "input_scaling": 0.15,
    "leak_rate": 0.9
  },
  "best_ridge": 1e-10,
  "val_curve": {
    "1e-10": 1.1266435415979882e-12,
    "1e-08": 6.350205366477579e-11,
    "1e-06": 2.973576908924707e-09,
    "0.0001": 1.5918184300248254e-07,
    "0.01": 1.3182086083112406e-05,
    "1.0": 0.00047173492534357647
  },
  "val_metrics": {
    "nmse": 1.1266435415979882e-12,
    "rmse": 2.392029661274821e-07
  },
  "test_metrics": {
    "nmse": 1.0204403905945772e-12,
    "rmse": 2.0637695334115198e-07
  },
  "timing": {
    "train_states_s": 0.01868129998911172,
    "ridge_select_s": 0.012814899993827567,
    "total_s": 0.07350640001823194
  },
  "timestamp": "2026-05-12T10:15:19.696252+00:00",
  "reservoir_diagnostics": {
    "spectral_radius": 0.8999999999999959,
    "mean_abs_eigenvalue": 0.899999999999992,
    "spectral_norm": 0.8999999999999932,
    "frobenius_norm": 8.999999999999932,
    "density": 0.01,
    "henrici_departure": 5.1299510349266345e-08
  }
}