{
  "sweep_name": "cycle_comparison_cycle_mackey_glass",
  "config_id": "b5cf1e3871f2",
  "seed": 2024,
  "config_point": {
    "spectral_radius": 0.9,
    "input_scaling": 0.15,
    "leak_rate": 0.9
  },
  "best_ridge": 1e-10,
  "val_curve": {
    "1e-10": 1.5934948485980731e-12,
    "1e-08": 6.427761030097867e-11,
    "1e-06": 5.017743253327324e-09,
    "0.0001": 2.7000442514427493e-07,
    "0.01": 1.0976201616212767e-05,
    "1.0": 0.0009304318137893458
  },
  "val_metrics": {
    "nmse": 1.5934948485980731e-12,
    "rmse": 2.844779612029505e-07
  },
  "test_metrics": {
    "nmse": 1.4781708243791186e-12,
    "rmse": 2.4838747332996577e-07
  },
  "timing": {
    "train_states_s": 0.018669399985810742,
    "ridge_select_s": 0.012887999997474253,
    "total_s": 0.07382700001471676
  },
  "timestamp": "2026-05-12T10:15:19.780954+00:00",
  "reservoir_diagnostics": {
    "spectral_radius": 0.8999999999999959,
    "mean_abs_eigenvalue": 0.899999999999992,
    "spectral_norm": 0.8999999999999932,
    "frobenius_norm": 8.999999999999932,
    "density": 0.01,
    "henrici_departure": 5.1299510349266345e-08
  }
}