{
  "sweep_name": "cycle_comparison_random_sparse_baseline",
  "n_configs": 6,
  "n_seeds": 5,
  "grid": {
    "spectral_radius": [
      0.9
    ],
    "input_scaling": [
      0.1,
      0.15,
      0.2
    ],
    "leak_rate": [
      0.9,
      1.0
    ]
  },
  "ranking_config": {
    "narma10": {
      "metric": "nmse",
      "direction": "min"
    },
    "mackey_glass": {
      "metric": "nmse",
      "direction": "min"
    },
    "memory_capacity": {
      "metric": "mc_total",
      "direction": "max"
    }
  },
  "configs": [
    {
      "config_id": "92815a841b21",
      "config_point": {
        "spectral_radius": 0.9,
        "input_scaling": 0.15,
        "leak_rate": 1.0
      },
      "n_seeds": 5,
      "narma10_primary_metric": "nmse",
      "narma10_val_mean": 0.10799464088851388,
      "narma10_val_std": 0.01278644093158466,
      "narma10_test_mean": 0.09808456875042745,
      "narma10_test_std": 0.014151819327985803,
      "mg_primary_metric": "nmse",
      "mg_val_mean": 1.9443126635471785e-12,
      "mg_val_std": 7.426433006040218e-13,
      "mg_test_mean": 1.834248523100348e-12,
      "mg_test_std": 8.187058716515473e-13,
      "mc_total_mean": 24.569137261295484,
      "mc_total_std": 0.7441411496712094,
      "rank_narma10": 5,
      "rank_mg": 2,
      "rank_mc": 2,
      "aggregate_rank": 3.0
    },
    {
      "config_id": "129fe242d561",
      "config_point": {
        "spectral_radius": 0.9,
        "input_scaling": 0.1,
        "leak_rate": 1.0
      },
      "n_seeds": 5,
      "narma10_primary_metric": "nmse",
      "narma10_val_mean": 0.10731840661120481,
      "narma10_val_std": 0.013095835317588353,
      "narma10_test_mean": 0.09819178465302114,
      "narma10_test_std": 0.013678212184937184,
      "mg_primary_metric": "nmse",
      "mg_val_mean": 3.2824291510095716e-12,
      "mg_val_std": 1.4395698988733598e-12,
      "mg_test_mean": 3.1632159677928594e-12,
      "mg_test_std": 1.428524481166523e-12,
      "mc_total_mean": 27.148150453324956,
      "mc_total_std": 0.8163765250647572,
      "rank_narma10": 4,
      "rank_mg": 5,
      "rank_mc": 1,
      "aggregate_rank": 3.3333333333333335
    },
    {
      "config_id": "65189332b1c4",
      "config_point": {
        "spectral_radius": 0.9,
        "input_scaling": 0.1,
        "leak_rate": 0.9
      },
      "n_seeds": 5,
      "narma10_primary_metric": "nmse",
      "narma10_val_mean": 0.10155389086828517,
      "narma10_val_std": 0.012809995620049912,
      "narma10_test_mean": 0.09517470095126698,
      "narma10_test_std": 0.009416765080071889,
      "mg_primary_metric": "nmse",
      "mg_val_mean": 4.498496394431072e-12,
      "mg_val_std": 2.1778876876695046e-12,
      "mg_test_mean": 4.338011917382265e-12,
      "mg_test_std": 2.187206179390853e-12,
      "mc_total_mean": 23.20287604479507,
      "mc_total_std": 0.39545182970775505,
      "rank_narma10": 1,
      "rank_mg": 6,
      "rank_mc": 3,
      "aggregate_rank": 3.3333333333333335
    },
    {
      "config_id": "5033ae01f908",
      "config_point": {
        "spectral_radius": 0.9,
        "input_scaling": 0.2,
        "leak_rate": 1.0
      },
      "n_seeds": 5,
      "narma10_primary_metric": "nmse",
      "narma10_val_mean": 0.11004598110621658,
      "narma10_val_std": 0.012406513001063007,
      "narma10_test_mean": 0.0990439319352855,
      "narma10_test_std": 0.01431387892208005,
      "mg_primary_metric": "nmse",
      "mg_val_mean": 1.4783637336932564e-12,
      "mg_val_std": 5.049513937194675e-13,
      "mg_test_mean": 1.4248952768911524e-12,
      "mg_test_std": 6.478917626814298e-13,
      "mc_total_mean": 22.56764409806529,
      "mc_total_std": 0.7394947813473308,
      "rank_narma10": 6,
      "rank_mg": 1,
      "rank_mc": 4,
      "aggregate_rank": 3.6666666666666665
    },
    {
      "config_id": "b5cf1e3871f2",
      "config_point": {
        "spectral_radius": 0.9,
        "input_scaling": 0.15,
        "leak_rate": 0.9
      },
      "n_seeds": 5,
      "narma10_primary_metric": "nmse",
      "narma10_val_mean": 0.10160955878797961,
      "narma10_val_std": 0.013327001545203582,
      "narma10_test_mean": 0.09521304786444137,
      "narma10_test_std": 0.010289816947719873,
      "mg_primary_metric": "nmse",
      "mg_val_mean": 2.6899088295998895e-12,
      "mg_val_std": 9.701051630207203e-13,
      "mg_test_mean": 2.5438947510866123e-12,
      "mg_test_std": 1.0848345023935964e-12,
      "mc_total_mean": 21.09576689355808,
      "mc_total_std": 0.39307525811237826,
      "rank_narma10": 2,
      "rank_mg": 4,
      "rank_mc": 5,
      "aggregate_rank": 3.6666666666666665
    },
    {
      "config_id": "0292ac89d7b8",
      "config_point": {
        "spectral_radius": 0.9,
        "input_scaling": 0.2,
        "leak_rate": 0.9
      },
      "n_seeds": 5,
      "narma10_primary_metric": "nmse",
      "narma10_val_mean": 0.10241970386476562,
      "narma10_val_std": 0.014787396233547447,
      "narma10_test_mean": 0.09556966738205348,
      "narma10_test_std": 0.010391439879769265,
      "mg_primary_metric": "nmse",
      "mg_val_mean": 1.9983555382962484e-12,
      "mg_val_std": 5.898879999820858e-13,
      "mg_test_mean": 1.907970486456748e-12,
      "mg_test_std": 7.28866884652368e-13,
      "mc_total_mean": 19.586069594141463,
      "mc_total_std": 0.422272509415536,
      "rank_narma10": 3,
      "rank_mg": 3,
      "rank_mc": 6,
      "aggregate_rank": 4.0
    }
  ],
  "shortlist": [
    "92815a841b21",
    "129fe242d561",
    "65189332b1c4",
    "5033ae01f908",
    "b5cf1e3871f2"
  ],
  "shortlist_top_n": 5,
  "timestamp": "2026-05-12T10:15:15.801143+00:00"
}