{
  "sweep_name": "pilot_sweep_narma10",
  "config_id": "0098a43ea3da",
  "seed": 42,
  "config_point": {
    "spectral_radius": 0.7,
    "input_scaling": 0.1,
    "leak_rate": 0.3
  },
  "best_ridge": 1e-08,
  "val_curve": {
    "1e-08": 0.3287803237263356,
    "1e-06": 0.3568129494839943,
    "0.0001": 0.3651838654392728,
    "0.01": 0.524523379628617,
    "0.1": 0.6036535827530511,
    "1.0": 0.6647396295545772
  },
  "val_metrics": {
    "nmse": 0.3287803237263356,
    "rmse": 0.05846735450824419
  },
  "test_metrics": {
    "nmse": 0.2613962241086697,
    "rmse": 0.06023659888194278
  },
  "timing": {
    "train_states_s": 0.013775100000202656,
    "ridge_select_s": 0.009982799994759262,
    "total_s": 0.05644960002973676
  },
  "timestamp": "2026-04-15T22:40:24.685195+00:00"
}