{
  "sweep_name": "pilot_sweep_narma10",
  "config_id": "0098a43ea3da",
  "seed": 789,
  "config_point": {
    "spectral_radius": 0.7,
    "input_scaling": 0.1,
    "leak_rate": 0.3
  },
  "best_ridge": 1e-08,
  "val_curve": {
    "1e-08": 0.3013149971705597,
    "1e-06": 0.32969123188371136,
    "0.0001": 0.35111293960269735,
    "0.01": 0.5474579887697077,
    "0.1": 0.642040910463592,
    "1.0": 0.6682707336295751
  },
  "val_metrics": {
    "nmse": 0.3013149971705597,
    "rmse": 0.059046406133747426
  },
  "test_metrics": {
    "nmse": 0.2666681084225416,
    "rmse": 0.05984923739256813
  },
  "timing": {
    "train_states_s": 0.012683500011917204,
    "ridge_select_s": 0.009651100030168891,
    "total_s": 0.0384788999799639
  },
  "timestamp": "2026-04-15T22:40:24.838986+00:00"
}