{
  "sweep_name": "pilot_sweep_narma10",
  "config_id": "0098a43ea3da",
  "seed": 1234,
  "config_point": {
    "spectral_radius": 0.7,
    "input_scaling": 0.1,
    "leak_rate": 0.3
  },
  "best_ridge": 1e-08,
  "val_curve": {
    "1e-08": 0.2847320226914997,
    "1e-06": 0.35964492905658263,
    "0.0001": 0.4001234161871629,
    "0.01": 0.5436987762569867,
    "0.1": 0.6201779708334602,
    "1.0": 0.6838253088115512
  },
  "val_metrics": {
    "nmse": 0.2847320226914997,
    "rmse": 0.05984559176439986
  },
  "test_metrics": {
    "nmse": 0.3275176388039876,
    "rmse": 0.0570553679048838
  },
  "timing": {
    "train_states_s": 0.013419399969279766,
    "ridge_select_s": 0.00988219998544082,
    "total_s": 0.040029200026765466
  },
  "timestamp": "2026-04-15T22:40:24.961733+00:00"
}