{
  "sweep_name": "pilot_sweep_narma10",
  "config_id": "0098a43ea3da",
  "seed": 456,
  "config_point": {
    "spectral_radius": 0.7,
    "input_scaling": 0.1,
    "leak_rate": 0.3
  },
  "best_ridge": 1e-08,
  "val_curve": {
    "1e-08": 0.2568311577212283,
    "1e-06": 0.30370639275639477,
    "0.0001": 0.36320455178426575,
    "0.01": 0.4922646690903449,
    "0.1": 0.603836595266961,
    "1.0": 0.6412353372143255
  },
  "val_metrics": {
    "nmse": 0.2568311577212283,
    "rmse": 0.050879732997415175
  },
  "test_metrics": {
    "nmse": 0.31230242938254793,
    "rmse": 0.05639453516640998
  },
  "timing": {
    "train_states_s": 0.013402100012172014,
    "ridge_select_s": 0.009244699962437153,
    "total_s": 0.04424980003386736
  },
  "timestamp": "2026-04-15T22:40:24.790007+00:00"
}