{
  "sweep_name": "pilot_sweep_narma10",
  "config_id": "00a2c034466e",
  "seed": 42,
  "config_point": {
    "spectral_radius": 1.3,
    "input_scaling": 0.05,
    "leak_rate": 0.6
  },
  "best_ridge": 1e-06,
  "val_curve": {
    "1e-08": 0.2933278480472429,
    "1e-06": 0.28799219448894864,
    "0.0001": 0.3072890866820642,
    "0.01": 0.3900698340577412,
    "0.1": 0.5307879885836299,
    "1.0": 0.7760732652656244
  },
  "val_metrics": {
    "nmse": 0.28799219448894864,
    "rmse": 0.05472060530835938
  },
  "test_metrics": {
    "nmse": 0.20873977485732317,
    "rmse": 0.053828638207811266
  },
  "timing": {
    "train_states_s": 0.0133048000279814,
    "ridge_select_s": 0.008979000034742057,
    "total_s": 0.08432989998254925
  },
  "timestamp": "2026-04-15T22:40:33.866642+00:00"
}