{
  "sweep_name": "pilot_sweep_narma10",
  "config_id": "00a2c034466e",
  "seed": 123,
  "config_point": {
    "spectral_radius": 1.3,
    "input_scaling": 0.05,
    "leak_rate": 0.6
  },
  "best_ridge": 1e-08,
  "val_curve": {
    "1e-08": 0.31038789099678077,
    "1e-06": 0.3104394367577896,
    "0.0001": 0.31659976518879296,
    "0.01": 0.44131932515006494,
    "0.1": 0.5857482378524133,
    "1.0": 0.8748614992021309
  },
  "val_metrics": {
    "nmse": 0.31038789099678077,
    "rmse": 0.0670481105205145
  },
  "test_metrics": {
    "nmse": 0.394514427547652,
    "rmse": 0.06983978906878849
  },
  "timing": {
    "train_states_s": 0.01276099996175617,
    "ridge_select_s": 0.009562799998093396,
    "total_s": 0.03889120003441349
  },
  "timestamp": "2026-04-15T22:40:33.916265+00:00"
}