{
  "sweep_name": "pilot_sweep_narma10",
  "config_id": "00a2c034466e",
  "seed": 456,
  "config_point": {
    "spectral_radius": 1.3,
    "input_scaling": 0.05,
    "leak_rate": 0.6
  },
  "best_ridge": 1e-06,
  "val_curve": {
    "1e-08": 0.5790427806560379,
    "1e-06": 0.5789081716052056,
    "0.0001": 0.5830067801631157,
    "0.01": 0.6583855911382056,
    "0.1": 0.7701084485452002,
    "1.0": 1.0504822659035826
  },
  "val_metrics": {
    "nmse": 0.5789081716052056,
    "rmse": 0.07638811774036516
  },
  "test_metrics": {
    "nmse": 0.4007618875544359,
    "rmse": 0.06388406556614139
  },
  "timing": {
    "train_states_s": 0.012934600003063679,
    "ridge_select_s": 0.009409999998752028,
    "total_s": 0.04013019998092204
  },
  "timestamp": "2026-04-15T22:40:33.966569+00:00"
}