{
  "sweep_name": "pilot_sweep_narma10",
  "config_id": "0c91abb393f8",
  "seed": 789,
  "config_point": {
    "spectral_radius": 0.5,
    "input_scaling": 0.05,
    "leak_rate": 1.0
  },
  "best_ridge": 1e-08,
  "val_curve": {
    "1e-08": 0.2013588491171893,
    "1e-06": 0.4794915913528123,
    "0.0001": 0.6780371989032425,
    "0.01": 0.7960583031938352,
    "0.1": 1.0261914726407686,
    "1.0": 1.7251923969363505
  },
  "val_metrics": {
    "nmse": 0.2013588491171893,
    "rmse": 0.04826901710984951
  },
  "test_metrics": {
    "nmse": 0.234432059193863,
    "rmse": 0.05611533784241828
  },
  "timing": {
    "train_states_s": 0.01332550001097843,
    "ridge_select_s": 0.00933109998004511,
    "total_s": 0.039649799990002066
  },
  "timestamp": "2026-04-15T22:40:21.362772+00:00"
}