{
  "sweep_name": "pilot_sweep_narma10",
  "config_id": "0c91abb393f8",
  "seed": 42,
  "config_point": {
    "spectral_radius": 0.5,
    "input_scaling": 0.05,
    "leak_rate": 1.0
  },
  "best_ridge": 1e-08,
  "val_curve": {
    "1e-08": 0.17451491466194752,
    "1e-06": 0.42160839464858374,
    "0.0001": 0.7474591210785689,
    "0.01": 0.971127008185299,
    "0.1": 1.225930840157077,
    "1.0": 2.012519671674722
  },
  "val_metrics": {
    "nmse": 0.17451491466194752,
    "rmse": 0.042596783721981675
  },
  "test_metrics": {
    "nmse": 0.24407296529382302,
    "rmse": 0.058206384828133936
  },
  "timing": {
    "train_states_s": 0.012971899996045977,
    "ridge_select_s": 0.009655000001657754,
    "total_s": 0.08634530002018437
  },
  "timestamp": "2026-04-15T22:40:21.208720+00:00"
}