{
  "sweep_name": "pilot_sweep_narma10",
  "config_id": "0c91abb393f8",
  "seed": 456,
  "config_point": {
    "spectral_radius": 0.5,
    "input_scaling": 0.05,
    "leak_rate": 1.0
  },
  "best_ridge": 1e-08,
  "val_curve": {
    "1e-08": 0.20877375328589912,
    "1e-06": 0.26679883857941067,
    "0.0001": 0.6339869231933483,
    "0.01": 0.7034240035678123,
    "0.1": 0.8258748237496276,
    "1.0": 1.3971508310175296
  },
  "val_metrics": {
    "nmse": 0.20877375328589912,
    "rmse": 0.04587318751936412
  },
  "test_metrics": {
    "nmse": 0.19513632769078662,
    "rmse": 0.04457777664300346
  },
  "timing": {
    "train_states_s": 0.012734899995848536,
    "ridge_select_s": 0.00917559996014461,
    "total_s": 0.040726899984292686
  },
  "timestamp": "2026-04-15T22:40:21.312925+00:00"
}