{
  "sweep_name": "pilot_sweep_narma10",
  "config_id": "0c91abb393f8",
  "seed": 1234,
  "config_point": {
    "spectral_radius": 0.5,
    "input_scaling": 0.05,
    "leak_rate": 1.0
  },
  "best_ridge": 1e-08,
  "val_curve": {
    "1e-08": 0.25735717337066755,
    "1e-06": 0.5620362327426599,
    "0.0001": 0.7660239373097759,
    "0.01": 0.8978488475649216,
    "0.1": 1.1156964555600895,
    "1.0": 1.7567643203668808
  },
  "val_metrics": {
    "nmse": 0.25735717337066755,
    "rmse": 0.05689605411832801
  },
  "test_metrics": {
    "nmse": 0.22210761197682025,
    "rmse": 0.04698517884994799
  },
  "timing": {
    "train_states_s": 0.012694799981545657,
    "ridge_select_s": 0.008899100008420646,
    "total_s": 0.037775599979795516
  },
  "timestamp": "2026-04-15T22:40:21.410724+00:00"
}