{
  "sweep_name": "pilot_sweep_narma10",
  "config_id": "0c91abb393f8",
  "seed": 123,
  "config_point": {
    "spectral_radius": 0.5,
    "input_scaling": 0.05,
    "leak_rate": 1.0
  },
  "best_ridge": 1e-08,
  "val_curve": {
    "1e-08": 0.22138189194722768,
    "1e-06": 0.5016456784851742,
    "0.0001": 0.7828915525834654,
    "0.01": 0.9274077712484831,
    "0.1": 1.080995258858319,
    "1.0": 1.673451353703256
  },
  "val_metrics": {
    "nmse": 0.22138189194722768,
    "rmse": 0.05662460765328412
  },
  "test_metrics": {
    "nmse": 0.2320486070493718,
    "rmse": 0.05356251450051136
  },
  "timing": {
    "train_states_s": 0.013056700001470745,
    "ridge_select_s": 0.010468000022228807,
    "total_s": 0.041903500037733465
  },
  "timestamp": "2026-04-15T22:40:21.261164+00:00"
}