{
  "sweep_name": "pilot_sweep_narma10",
  "config_id": "10b5d24c62b0",
  "seed": 123,
  "config_point": {
    "spectral_radius": 1.1,
    "input_scaling": 0.2,
    "leak_rate": 0.6
  },
  "best_ridge": 1e-06,
  "val_curve": {
    "1e-08": 0.15259273966381737,
    "1e-06": 0.1468935698080413,
    "0.0001": 0.1703999079973805,
    "0.01": 0.21901403749010026,
    "0.1": 0.24874836923115357,
    "1.0": 0.31112404638173513
  },
  "val_metrics": {
    "nmse": 0.1468935698080413,
    "rmse": 0.046124912055507394
  },
  "test_metrics": {
    "nmse": 0.1699386402693427,
    "rmse": 0.04583714331234699
  },
  "timing": {
    "train_states_s": 0.013661400007549673,
    "ridge_select_s": 0.010143799998331815,
    "total_s": 0.04064459999790415
  },
  "timestamp": "2026-04-15T22:40:32.357678+00:00"
}