{
  "sweep_name": "pilot_sweep_narma10",
  "config_id": "10b5d24c62b0",
  "seed": 456,
  "config_point": {
    "spectral_radius": 1.1,
    "input_scaling": 0.2,
    "leak_rate": 0.6
  },
  "best_ridge": 1e-08,
  "val_curve": {
    "1e-08": 0.19164622544159468,
    "1e-06": 0.19166651941649474,
    "0.0001": 0.20840032794596344,
    "0.01": 0.24745979190623385,
    "0.1": 0.2767354890530694,
    "1.0": 0.33450023006530677
  },
  "val_metrics": {
    "nmse": 0.19164622544159468,
    "rmse": 0.04395123711794619
  },
  "test_metrics": {
    "nmse": 0.20802194755270717,
    "rmse": 0.046026072692070576
  },
  "timing": {
    "train_states_s": 0.013169100042432547,
    "ridge_select_s": 0.009817799960728735,
    "total_s": 0.04209499998250976
  },
  "timestamp": "2026-04-15T22:40:32.410351+00:00"
}