{
  "sweep_name": "pilot_sweep_narma10",
  "config_id": "10b5d24c62b0",
  "seed": 789,
  "config_point": {
    "spectral_radius": 1.1,
    "input_scaling": 0.2,
    "leak_rate": 0.6
  },
  "best_ridge": 1e-08,
  "val_curve": {
    "1e-08": 0.17924802477066487,
    "1e-06": 0.18792396906195796,
    "0.0001": 0.2361534995949295,
    "0.01": 0.2653888071178062,
    "0.1": 0.2891144401478102,
    "1.0": 0.40903877318479814
  },
  "val_metrics": {
    "nmse": 0.17924802477066487,
    "rmse": 0.0455418097437597
  },
  "test_metrics": {
    "nmse": 0.14466658813108824,
    "rmse": 0.04408158486292328
  },
  "timing": {
    "train_states_s": 0.012630300014279783,
    "ridge_select_s": 0.010709399997722358,
    "total_s": 0.04007560003083199
  },
  "timestamp": "2026-04-15T22:40:32.460710+00:00"
}