{
  "sweep_name": "pilot_sweep_narma10",
  "config_id": "10b5d24c62b0",
  "seed": 42,
  "config_point": {
    "spectral_radius": 1.1,
    "input_scaling": 0.2,
    "leak_rate": 0.6
  },
  "best_ridge": 1e-08,
  "val_curve": {
    "1e-08": 0.21362693220602663,
    "1e-06": 0.21743868223378895,
    "0.0001": 0.25574385402148264,
    "0.01": 0.2920352099769161,
    "0.1": 0.2966941817986284,
    "1.0": 0.4024053258130132
  },
  "val_metrics": {
    "nmse": 0.21362693220602663,
    "rmse": 0.04712903378418552
  },
  "test_metrics": {
    "nmse": 0.16095791919502586,
    "rmse": 0.047267971177644336
  },
  "timing": {
    "train_states_s": 0.013330500049050897,
    "ridge_select_s": 0.009963400021661073,
    "total_s": 0.043991000042296946
  },
  "timestamp": "2026-04-15T22:40:32.306294+00:00"
}