{
  "sweep_name": "pilot_sweep_narma10",
  "config_id": "121de484b19e",
  "seed": 456,
  "config_point": {
    "spectral_radius": 1.3,
    "input_scaling": 0.5,
    "leak_rate": 1.0
  },
  "best_ridge": 0.01,
  "val_curve": {
    "1e-08": 0.5292959239717335,
    "1e-06": 0.5292958667636671,
    "0.0001": 0.5292901615953716,
    "0.01": 0.5288536131913206,
    "0.1": 0.5292605795118058,
    "1.0": 0.5452306966586651
  },
  "val_metrics": {
    "nmse": 0.5288536131913206,
    "rmse": 0.07301106892120522
  },
  "test_metrics": {
    "nmse": 0.43631111996700345,
    "rmse": 0.06665726356159195
  },
  "timing": {
    "train_states_s": 0.01313600002322346,
    "ridge_select_s": 0.009369900042656809,
    "total_s": 0.043081199983134866
  },
  "timestamp": "2026-04-15T22:40:36.637388+00:00"
}