{
  "sweep_name": "pilot_sweep_narma10",
  "config_id": "121de484b19e",
  "seed": 789,
  "config_point": {
    "spectral_radius": 1.3,
    "input_scaling": 0.5,
    "leak_rate": 1.0
  },
  "best_ridge": 0.01,
  "val_curve": {
    "1e-08": 0.37043249447961946,
    "1e-06": 0.37043246988237993,
    "0.0001": 0.37043002483110643,
    "0.01": 0.37031461699896834,
    "0.1": 0.3739487597233125,
    "1.0": 0.4056625824379796
  },
  "val_metrics": {
    "nmse": 0.37031461699896834,
    "rmse": 0.06545887283365326
  },
  "test_metrics": {
    "nmse": 0.469068747599707,
    "rmse": 0.07937638752541656
  },
  "timing": {
    "train_states_s": 0.012524200021289289,
    "ridge_select_s": 0.0093753999681212,
    "total_s": 0.03801610000664368
  },
  "timestamp": "2026-04-15T22:40:36.685898+00:00"
}