{
  "sweep_name": "pilot_sweep_narma10",
  "config_id": "121de484b19e",
  "seed": 123,
  "config_point": {
    "spectral_radius": 1.3,
    "input_scaling": 0.5,
    "leak_rate": 1.0
  },
  "best_ridge": 1.0,
  "val_curve": {
    "1e-08": 4.490406742364636,
    "1e-06": 4.490396215099369,
    "0.0001": 4.4893478033299745,
    "0.01": 4.410137376334941,
    "0.1": 4.061720077103607,
    "1.0": 2.232705586178919
  },
  "val_metrics": {
    "nmse": 2.232705586178919,
    "rmse": 0.179824925070752
  },
  "test_metrics": {
    "nmse": 2.629165504216231,
    "rmse": 0.18029365237253336
  },
  "timing": {
    "train_states_s": 0.012510299973655492,
    "ridge_select_s": 0.009116000030189753,
    "total_s": 0.03718079999089241
  },
  "timestamp": "2026-04-15T22:40:36.584076+00:00"
}