{
  "sweep_name": "pilot_sweep_narma10",
  "config_id": "129fe242d561",
  "seed": 42,
  "config_point": {
    "spectral_radius": 0.9,
    "input_scaling": 0.1,
    "leak_rate": 1.0
  },
  "best_ridge": 1e-08,
  "val_curve": {
    "1e-08": 0.1145914194144375,
    "1e-06": 0.14230220589005857,
    "0.0001": 0.16048657599286598,
    "0.01": 0.1924464535316909,
    "0.1": 0.24325360999167608,
    "1.0": 0.4003935375462736
  },
  "val_metrics": {
    "nmse": 0.1145914194144375,
    "rmse": 0.03451728144781713
  },
  "test_metrics": {
    "nmse": 0.09661888826079068,
    "rmse": 0.036621978685602005
  },
  "timing": {
    "train_states_s": 0.012906500021927059,
    "ridge_select_s": 0.009756700019352138,
    "total_s": 0.04690770001616329
  },
  "timestamp": "2026-04-15T22:40:28.463094+00:00"
}