{
  "sweep_name": "pilot_sweep_narma10",
  "config_id": "129fe242d561",
  "seed": 789,
  "config_point": {
    "spectral_radius": 0.9,
    "input_scaling": 0.1,
    "leak_rate": 1.0
  },
  "best_ridge": 1e-08,
  "val_curve": {
    "1e-08": 0.10916297619528627,
    "1e-06": 0.12480319139681925,
    "0.0001": 0.1409355381622196,
    "0.01": 0.22677650777188008,
    "0.1": 0.30564427525378174,
    "1.0": 0.4376852653338407
  },
  "val_metrics": {
    "nmse": 0.10916297619528627,
    "rmse": 0.03554027461021572
  },
  "test_metrics": {
    "nmse": 0.11043174447902072,
    "rmse": 0.03851412602349904
  },
  "timing": {
    "train_states_s": 0.012555600027553737,
    "ridge_select_s": 0.00922450004145503,
    "total_s": 0.03775110002607107
  },
  "timestamp": "2026-04-15T22:40:28.613199+00:00"
}