{
  "sweep_name": "pilot_sweep_narma10",
  "config_id": "129fe242d561",
  "seed": 123,
  "config_point": {
    "spectral_radius": 0.9,
    "input_scaling": 0.1,
    "leak_rate": 1.0
  },
  "best_ridge": 1e-08,
  "val_curve": {
    "1e-08": 0.11181753238244858,
    "1e-06": 0.15993157124973922,
    "0.0001": 0.1981262754509588,
    "0.01": 0.20828967283122696,
    "0.1": 0.25523880224359174,
    "1.0": 0.48788643256906394
  },
  "val_metrics": {
    "nmse": 0.11181753238244858,
    "rmse": 0.040242885266581506
  },
  "test_metrics": {
    "nmse": 0.112273101990343,
    "rmse": 0.03725712465932106
  },
  "timing": {
    "train_states_s": 0.012838300026487559,
    "ridge_select_s": 0.00981419999152422,
    "total_s": 0.039144699985627085
  },
  "timestamp": "2026-04-15T22:40:28.512693+00:00"
}