{
  "sweep_name": "pilot_sweep_narma10",
  "config_id": "2393ea511c67",
  "seed": 789,
  "config_point": {
    "spectral_radius": 0.9,
    "input_scaling": 0.05,
    "leak_rate": 0.3
  },
  "best_ridge": 1e-08,
  "val_curve": {
    "1e-08": 0.2909481539493004,
    "1e-06": 0.3197038297704911,
    "0.0001": 0.3248973279303096,
    "0.01": 0.5110737778338871,
    "0.1": 0.676186266981015,
    "1.0": 0.7573681830970567
  },
  "val_metrics": {
    "nmse": 0.2909481539493004,
    "rmse": 0.05802175999889955
  },
  "test_metrics": {
    "nmse": 0.25495658791172443,
    "rmse": 0.0585202536612343
  },
  "timing": {
    "train_states_s": 0.013974700006656349,
    "ridge_select_s": 0.010201399971265346,
    "total_s": 0.0414949000114575
  },
  "timestamp": "2026-04-15T22:40:27.258164+00:00"
}