{
  "sweep_name": "pilot_sweep_narma10",
  "config_id": "2393ea511c67",
  "seed": 456,
  "config_point": {
    "spectral_radius": 0.9,
    "input_scaling": 0.05,
    "leak_rate": 0.3
  },
  "best_ridge": 1e-08,
  "val_curve": {
    "1e-08": 0.2386150805434537,
    "1e-06": 0.3025185081099724,
    "0.0001": 0.36626175842421566,
    "0.01": 0.4944167721000428,
    "0.1": 0.5922383263245092,
    "1.0": 0.6076114229637423
  },
  "val_metrics": {
    "nmse": 0.2386150805434537,
    "rmse": 0.049042196457748675
  },
  "test_metrics": {
    "nmse": 0.2983540182679409,
    "rmse": 0.05512077126375492
  },
  "timing": {
    "train_states_s": 0.013338499993551522,
    "ridge_select_s": 0.009697500034235418,
    "total_s": 0.04210730001796037
  },
  "timestamp": "2026-04-15T22:40:27.206092+00:00"
}