{
  "sweep_name": "pilot_sweep_narma10",
  "config_id": "2393ea511c67",
  "seed": 1234,
  "config_point": {
    "spectral_radius": 0.9,
    "input_scaling": 0.05,
    "leak_rate": 0.3
  },
  "best_ridge": 1e-08,
  "val_curve": {
    "1e-08": 0.28336867519904063,
    "1e-06": 0.33080163418412806,
    "0.0001": 0.3606008424669107,
    "0.01": 0.5272815883241542,
    "0.1": 0.6076659849150339,
    "1.0": 0.6839620255224186
  },
  "val_metrics": {
    "nmse": 0.28336867519904063,
    "rmse": 0.05970214418432571
  },
  "test_metrics": {
    "nmse": 0.3331702077619883,
    "rmse": 0.05754561592578191
  },
  "timing": {
    "train_states_s": 0.013191999983973801,
    "ridge_select_s": 0.009552499977871776,
    "total_s": 0.03848039999138564
  },
  "timestamp": "2026-04-15T22:40:27.307338+00:00"
}