{
  "sweep_name": "pilot_sweep_narma10",
  "config_id": "2393ea511c67",
  "seed": 123,
  "config_point": {
    "spectral_radius": 0.9,
    "input_scaling": 0.05,
    "leak_rate": 0.3
  },
  "best_ridge": 1e-08,
  "val_curve": {
    "1e-08": 0.24823299551007771,
    "1e-06": 0.28874967661577455,
    "0.0001": 0.29807408953139886,
    "0.01": 0.4500250127820953,
    "0.1": 0.5317627297315968,
    "1.0": 0.5846912933891856
  },
  "val_metrics": {
    "nmse": 0.24823299551007771,
    "rmse": 0.05996031594305328
  },
  "test_metrics": {
    "nmse": 0.279435556344056,
    "rmse": 0.058777662003814825
  },
  "timing": {
    "train_states_s": 0.01325890002772212,
    "ridge_select_s": 0.010469099972397089,
    "total_s": 0.0405458000022918
  },
  "timestamp": "2026-04-15T22:40:27.153589+00:00"
}