{
  "sweep_name": "pilot_sweep_narma10",
  "config_id": "2393ea511c67",
  "seed": 42,
  "config_point": {
    "spectral_radius": 0.9,
    "input_scaling": 0.05,
    "leak_rate": 0.3
  },
  "best_ridge": 1e-08,
  "val_curve": {
    "1e-08": 0.3074999673541858,
    "1e-06": 0.34726888032061887,
    "0.0001": 0.36715494834655504,
    "0.01": 0.5120565777511206,
    "0.1": 0.5938107860750859,
    "1.0": 0.6961092378046337
  },
  "val_metrics": {
    "nmse": 0.3074999673541858,
    "rmse": 0.05654354996404571
  },
  "test_metrics": {
    "nmse": 0.24198790892096614,
    "rmse": 0.05795723002823283
  },
  "timing": {
    "train_states_s": 0.013230399985332042,
    "ridge_select_s": 0.010272999992594123,
    "total_s": 0.045563300023786724
  },
  "timestamp": "2026-04-15T22:40:27.102851+00:00"
}