{
  "sweep_name": "pilot_sweep_narma10",
  "config_id": "243378fb693a",
  "seed": 456,
  "config_point": {
    "spectral_radius": 0.7,
    "input_scaling": 0.05,
    "leak_rate": 1.0
  },
  "best_ridge": 1e-08,
  "val_curve": {
    "1e-08": 0.16234372294265698,
    "1e-06": 0.20495952582613192,
    "0.0001": 0.2333118814105459,
    "0.01": 0.5040082497384596,
    "0.1": 0.6656154463589515,
    "1.0": 0.8230305714011013
  },
  "val_metrics": {
    "nmse": 0.16234372294265698,
    "rmse": 0.04045188085876779
  },
  "test_metrics": {
    "nmse": 0.16321533702784669,
    "rmse": 0.04076897785327676
  },
  "timing": {
    "train_states_s": 0.013743799994699657,
    "ridge_select_s": 0.009991500002797693,
    "total_s": 0.04547480004839599
  },
  "timestamp": "2026-04-15T22:40:24.493688+00:00"
}