{
  "sweep_name": "pilot_sweep_narma10",
  "config_id": "243378fb693a",
  "seed": 789,
  "config_point": {
    "spectral_radius": 0.7,
    "input_scaling": 0.05,
    "leak_rate": 1.0
  },
  "best_ridge": 1e-08,
  "val_curve": {
    "1e-08": 0.18149694259137544,
    "1e-06": 0.19121716436875263,
    "0.0001": 0.2365281226371143,
    "0.01": 0.587914871271242,
    "0.1": 0.6764629375615105,
    "1.0": 1.0214721109160962
  },
  "val_metrics": {
    "nmse": 0.18149694259137544,
    "rmse": 0.04582661214894139
  },
  "test_metrics": {
    "nmse": 0.20825113538014686,
    "rmse": 0.05288917220393391
  },
  "timing": {
    "train_states_s": 0.014169399975799024,
    "ridge_select_s": 0.010035799990873784,
    "total_s": 0.041925599973183125
  },
  "timestamp": "2026-04-15T22:40:24.546780+00:00"
}