{
  "sweep_name": "pilot_sweep_narma10",
  "config_id": "243378fb693a",
  "seed": 123,
  "config_point": {
    "spectral_radius": 0.7,
    "input_scaling": 0.05,
    "leak_rate": 1.0
  },
  "best_ridge": 1e-08,
  "val_curve": {
    "1e-08": 0.18756238459327315,
    "1e-06": 0.20055143128504954,
    "0.0001": 0.25383645047888004,
    "0.01": 0.7312407437183989,
    "0.1": 0.8855914871877938,
    "1.0": 1.1346138126262555
  },
  "val_metrics": {
    "nmse": 0.18756238459327315,
    "rmse": 0.05212031494006475
  },
  "test_metrics": {
    "nmse": 0.20418718182641593,
    "rmse": 0.05024417406463751
  },
  "timing": {
    "train_states_s": 0.013631699956022203,
    "ridge_select_s": 0.009234400000423193,
    "total_s": 0.04033570003230125
  },
  "timestamp": "2026-04-15T22:40:24.437525+00:00"
}