{
  "sweep_name": "pilot_sweep_narma10",
  "config_id": "243378fb693a",
  "seed": 1234,
  "config_point": {
    "spectral_radius": 0.7,
    "input_scaling": 0.05,
    "leak_rate": 1.0
  },
  "best_ridge": 1e-08,
  "val_curve": {
    "1e-08": 0.23658702957373884,
    "1e-06": 0.24071088949204095,
    "0.0001": 0.3355817556393048,
    "0.01": 0.7668815717508213,
    "0.1": 0.8987566119977279,
    "1.0": 1.2986503683032573
  },
  "val_metrics": {
    "nmse": 0.23658702957373884,
    "rmse": 0.05455184894540884
  },
  "test_metrics": {
    "nmse": 0.18728282966197474,
    "rmse": 0.0431447686154797
  },
  "timing": {
    "train_states_s": 0.013410999963525683,
    "ridge_select_s": 0.01090459997067228,
    "total_s": 0.04140919999917969
  },
  "timestamp": "2026-04-15T22:40:24.617881+00:00"
}