{
  "sweep_name": "pilot_sweep_narma10",
  "config_id": "243378fb693a",
  "seed": 42,
  "config_point": {
    "spectral_radius": 0.7,
    "input_scaling": 0.05,
    "leak_rate": 1.0
  },
  "best_ridge": 1e-08,
  "val_curve": {
    "1e-08": 0.17075625794770471,
    "1e-06": 0.17692857456860345,
    "0.0001": 0.18672257564100514,
    "0.01": 0.598085237052652,
    "0.1": 0.8041113947122542,
    "1.0": 1.25503858008066
  },
  "val_metrics": {
    "nmse": 0.17075625794770471,
    "rmse": 0.04213556760751872
  },
  "test_metrics": {
    "nmse": 0.22079286432767978,
    "rmse": 0.05536092071553046
  },
  "timing": {
    "train_states_s": 0.012915999977849424,
    "ridge_select_s": 0.010199999960605055,
    "total_s": 0.06794969999464229
  },
  "timestamp": "2026-04-15T22:40:24.386800+00:00"
}