{
  "sweep_name": "pilot_sweep_narma10",
  "config_id": "25de579150b8",
  "seed": 123,
  "config_point": {
    "spectral_radius": 0.7,
    "input_scaling": 0.1,
    "leak_rate": 1.0
  },
  "best_ridge": 1e-08,
  "val_curve": {
    "1e-08": 0.17520099639663728,
    "1e-06": 0.19476650149426447,
    "0.0001": 0.21529200021044864,
    "0.01": 0.6004301163077228,
    "0.1": 0.8004902812721404,
    "1.0": 0.943204679384012
  },
  "val_metrics": {
    "nmse": 0.17520099639663728,
    "rmse": 0.05037353680160104
  },
  "test_metrics": {
    "nmse": 0.17869653342606967,
    "rmse": 0.047003428563630184
  },
  "timing": {
    "train_states_s": 0.01238770002964884,
    "ridge_select_s": 0.009205900016240776,
    "total_s": 0.038146100006997585
  },
  "timestamp": "2026-04-15T22:40:25.328197+00:00"
}