{
  "sweep_name": "pilot_sweep_narma10",
  "config_id": "25de579150b8",
  "seed": 42,
  "config_point": {
    "spectral_radius": 0.7,
    "input_scaling": 0.1,
    "leak_rate": 1.0
  },
  "best_ridge": 1e-08,
  "val_curve": {
    "1e-08": 0.1508216538965172,
    "1e-06": 0.17204935285476655,
    "0.0001": 0.17773956887783418,
    "0.01": 0.4785008869235475,
    "0.1": 0.67016092298337,
    "1.0": 0.9287242452146495
  },
  "val_metrics": {
    "nmse": 0.1508216538965172,
    "rmse": 0.0395997444872236
  },
  "test_metrics": {
    "nmse": 0.1676037772866195,
    "rmse": 0.04823393442153849
  },
  "timing": {
    "train_states_s": 0.012859599955845624,
    "ridge_select_s": 0.009252300020307302,
    "total_s": 0.05172719998518005
  },
  "timestamp": "2026-04-15T22:40:25.279798+00:00"
}