{
  "sweep_name": "pilot_sweep_narma10",
  "config_id": "25de579150b8",
  "seed": 789,
  "config_point": {
    "spectral_radius": 0.7,
    "input_scaling": 0.1,
    "leak_rate": 1.0
  },
  "best_ridge": 1e-08,
  "val_curve": {
    "1e-08": 0.15514996557267657,
    "1e-06": 0.18377798348335314,
    "0.0001": 0.1999274656928551,
    "0.01": 0.522959858954873,
    "0.1": 0.6160115227748403,
    "1.0": 0.7595367581508508
  },
  "val_metrics": {
    "nmse": 0.15514996557267657,
    "rmse": 0.04237004615595897
  },
  "test_metrics": {
    "nmse": 0.17782313687942133,
    "rmse": 0.04887279923277793
  },
  "timing": {
    "train_states_s": 0.012721399951260537,
    "ridge_select_s": 0.008856599975842983,
    "total_s": 0.038124100014101714
  },
  "timestamp": "2026-04-15T22:40:25.428571+00:00"
}