{
  "sweep_name": "pilot_sweep_narma10",
  "config_id": "27cd7493a0ba",
  "seed": 123,
  "config_point": {
    "spectral_radius": 0.9,
    "input_scaling": 0.2,
    "leak_rate": 0.3
  },
  "best_ridge": 1e-08,
  "val_curve": {
    "1e-08": 0.22306165697769323,
    "1e-06": 0.24425684785193366,
    "0.0001": 0.2823341909750045,
    "0.01": 0.3328595525478895,
    "0.1": 0.4314825081640412,
    "1.0": 0.5200586101083114
  },
  "val_metrics": {
    "nmse": 0.22306165697769323,
    "rmse": 0.05683902512391845
  },
  "test_metrics": {
    "nmse": 0.243814232639404,
    "rmse": 0.05490362263963336
  },
  "timing": {
    "train_states_s": 0.012903599999845028,
    "ridge_select_s": 0.009252900024875998,
    "total_s": 0.03925249999156222
  },
  "timestamp": "2026-04-15T22:40:28.771920+00:00"
}