{
  "sweep_name": "pilot_sweep_narma10",
  "config_id": "27cd7493a0ba",
  "seed": 456,
  "config_point": {
    "spectral_radius": 0.9,
    "input_scaling": 0.2,
    "leak_rate": 0.3
  },
  "best_ridge": 1e-08,
  "val_curve": {
    "1e-08": 0.23110677881853114,
    "1e-06": 0.249875919477068,
    "0.0001": 0.29258453651842764,
    "0.01": 0.35544960578345314,
    "0.1": 0.46397699339129733,
    "1.0": 0.5826645009046214
  },
  "val_metrics": {
    "nmse": 0.23110677881853114,
    "rmse": 0.04826444439078382
  },
  "test_metrics": {
    "nmse": 0.2755419797833259,
    "rmse": 0.052971616629691035
  },
  "timing": {
    "train_states_s": 0.012362000008579344,
    "ridge_select_s": 0.00909549999050796,
    "total_s": 0.03994670003885403
  },
  "timestamp": "2026-04-15T22:40:28.822078+00:00"
}