{
  "sweep_name": "pilot_sweep_narma10",
  "config_id": "27cd7493a0ba",
  "seed": 42,
  "config_point": {
    "spectral_radius": 0.9,
    "input_scaling": 0.2,
    "leak_rate": 0.3
  },
  "best_ridge": 1e-08,
  "val_curve": {
    "1e-08": 0.2667851997657849,
    "1e-06": 0.31292814846190137,
    "0.0001": 0.34817158507684026,
    "0.01": 0.39270694981857984,
    "0.1": 0.49283279823192794,
    "1.0": 0.5804642679132138
  },
  "val_metrics": {
    "nmse": 0.2667851997657849,
    "rmse": 0.05266734195492096
  },
  "test_metrics": {
    "nmse": 0.19977442890673835,
    "rmse": 0.0526599856527882
  },
  "timing": {
    "train_states_s": 0.01268560002790764,
    "ridge_select_s": 0.0094939999980852,
    "total_s": 0.049582500010728836
  },
  "timestamp": "2026-04-15T22:40:28.722013+00:00"
}