{
  "sweep_name": "pilot_sweep_narma10",
  "config_id": "3087f09c8fa3",
  "seed": 789,
  "config_point": {
    "spectral_radius": 1.3,
    "input_scaling": 0.05,
    "leak_rate": 1.0
  },
  "best_ridge": 0.01,
  "val_curve": {
    "1e-08": 0.720024576102779,
    "1e-06": 0.7200238571032164,
    "0.0001": 0.7199531167104771,
    "0.01": 0.7187715357315184,
    "0.1": 0.7379900890335902,
    "1.0": 0.8087825184176013
  },
  "val_metrics": {
    "nmse": 0.7187715357315184,
    "rmse": 0.09119657546995226
  },
  "test_metrics": {
    "nmse": 26.183465041197223,
    "rmse": 0.5930436231420725
  },
  "timing": {
    "train_states_s": 0.013581200037151575,
    "ridge_select_s": 0.00976980000268668,
    "total_s": 0.04023429995868355
  },
  "timestamp": "2026-04-15T22:40:34.271736+00:00"
}