{
  "sweep_name": "pilot_sweep_narma10",
  "config_id": "3087f09c8fa3",
  "seed": 42,
  "config_point": {
    "spectral_radius": 1.3,
    "input_scaling": 0.05,
    "leak_rate": 1.0
  },
  "best_ridge": 0.1,
  "val_curve": {
    "1e-08": 10.93120076951984,
    "1e-06": 10.930856334616985,
    "0.0001": 10.896703845122321,
    "0.01": 9.095624098687995,
    "0.1": 7.727472876778948,
    "1.0": 8.333862232424107
  },
  "val_metrics": {
    "nmse": 7.727472876778948,
    "rmse": 0.28345183896562615
  },
  "test_metrics": {
    "nmse": 1.7924147024508876,
    "rmse": 0.15773571412540674
  },
  "timing": {
    "train_states_s": 0.012745399959385395,
    "ridge_select_s": 0.009321300021838397,
    "total_s": 0.04563240002607927
  },
  "timestamp": "2026-04-15T22:40:34.119811+00:00"
}