{
  "sweep_name": "pilot_sweep_narma10",
  "config_id": "3087f09c8fa3",
  "seed": 1234,
  "config_point": {
    "spectral_radius": 1.3,
    "input_scaling": 0.05,
    "leak_rate": 1.0
  },
  "best_ridge": 0.01,
  "val_curve": {
    "1e-08": 0.6766378740159319,
    "1e-06": 0.6766352312444995,
    "0.0001": 0.6763800752902799,
    "0.01": 0.6732301834294852,
    "0.1": 0.7064201645050446,
    "1.0": 0.956828689601706
  },
  "val_metrics": {
    "nmse": 0.6732301834294852,
    "rmse": 0.09202287521233322
  },
  "test_metrics": {
    "nmse": 0.7882185107990425,
    "rmse": 0.08851206598413681
  },
  "timing": {
    "train_states_s": 0.012565099983476102,
    "ridge_select_s": 0.009699299989733845,
    "total_s": 0.037805300031322986
  },
  "timestamp": "2026-04-15T22:40:34.319923+00:00"
}