{
  "sweep_name": "pilot_sweep_narma10",
  "config_id": "3a3c688b7a7a",
  "seed": 789,
  "config_point": {
    "spectral_radius": 0.9,
    "input_scaling": 0.5,
    "leak_rate": 0.3
  },
  "best_ridge": 1e-08,
  "val_curve": {
    "1e-08": 0.27905602297988086,
    "1e-06": 0.2922874823823317,
    "0.0001": 0.32269447930120343,
    "0.01": 0.3289114049796526,
    "0.1": 0.37682733676056135,
    "1.0": 0.5315638933132667
  },
  "val_metrics": {
    "nmse": 0.27905602297988086,
    "rmse": 0.05682360667903666
  },
  "test_metrics": {
    "nmse": 0.20634529277793498,
    "rmse": 0.05264660421773885
  },
  "timing": {
    "train_states_s": 0.012945500027853996,
    "ridge_select_s": 0.009715599997434765,
    "total_s": 0.039417300024069846
  },
  "timestamp": "2026-04-15T22:40:29.777633+00:00"
}