{
  "sweep_name": "pilot_sweep_narma10",
  "config_id": "3a3c688b7a7a",
  "seed": 1234,
  "config_point": {
    "spectral_radius": 0.9,
    "input_scaling": 0.5,
    "leak_rate": 0.3
  },
  "best_ridge": 1e-08,
  "val_curve": {
    "1e-08": 0.21737915009366313,
    "1e-06": 0.2345876337549738,
    "0.0001": 0.2847947417209265,
    "0.01": 0.33347481022738945,
    "0.1": 0.41165875243700734,
    "1.0": 0.539492012640144
  },
  "val_metrics": {
    "nmse": 0.21737915009366313,
    "rmse": 0.05229051899125162
  },
  "test_metrics": {
    "nmse": 0.2813322184634178,
    "rmse": 0.05287968974569942
  },
  "timing": {
    "train_states_s": 0.013221700035501271,
    "ridge_select_s": 0.009091999963857234,
    "total_s": 0.03874829999404028
  },
  "timestamp": "2026-04-15T22:40:29.826851+00:00"
}