{
  "sweep_name": "pilot_sweep_narma10",
  "config_id": "3a3c688b7a7a",
  "seed": 456,
  "config_point": {
    "spectral_radius": 0.9,
    "input_scaling": 0.5,
    "leak_rate": 0.3
  },
  "best_ridge": 1e-08,
  "val_curve": {
    "1e-08": 0.24331125117495167,
    "1e-06": 0.2527991127129382,
    "0.0001": 0.28436636571631985,
    "0.01": 0.30274516904150955,
    "0.1": 0.3332260576479126,
    "1.0": 0.4681783204568879
  },
  "val_metrics": {
    "nmse": 0.24331125117495167,
    "rmse": 0.04952244346407
  },
  "test_metrics": {
    "nmse": 0.27987117750195595,
    "rmse": 0.05338612850733643
  },
  "timing": {
    "train_states_s": 0.013263800006825477,
    "ridge_select_s": 0.009277599980123341,
    "total_s": 0.04102380003314465
  },
  "timestamp": "2026-04-15T22:40:29.607328+00:00"
}