{
  "sweep_name": "pilot_sweep_narma10",
  "config_id": "3d29e97f411f",
  "seed": 1234,
  "config_point": {
    "spectral_radius": 0.9,
    "input_scaling": 0.05,
    "leak_rate": 1.0
  },
  "best_ridge": 1e-08,
  "val_curve": {
    "1e-08": 0.21314595946851514,
    "1e-06": 0.23499327109719365,
    "0.0001": 0.23953743722659726,
    "0.01": 0.2887160975249604,
    "0.1": 0.5574894018908676,
    "1.0": 0.9512583407178662
  },
  "val_metrics": {
    "nmse": 0.21314595946851514,
    "rmse": 0.05177886915130518
  },
  "test_metrics": {
    "nmse": 0.1704698946011886,
    "rmse": 0.041162619950511355
  },
  "timing": {
    "train_states_s": 0.013285699998959899,
    "ridge_select_s": 0.009991500002797693,
    "total_s": 0.04015000001527369
  },
  "timestamp": "2026-04-15T22:40:27.856208+00:00"
}