{
  "sweep_name": "pilot_sweep_narma10",
  "config_id": "3d29e97f411f",
  "seed": 789,
  "config_point": {
    "spectral_radius": 0.9,
    "input_scaling": 0.05,
    "leak_rate": 1.0
  },
  "best_ridge": 1e-08,
  "val_curve": {
    "1e-08": 0.12393701536102704,
    "1e-06": 0.13673006254373823,
    "0.0001": 0.18773969196942578,
    "0.01": 0.2596506499789313,
    "0.1": 0.3831188278793048,
    "1.0": 0.4779724932305801
  },
  "val_metrics": {
    "nmse": 0.12393701536102704,
    "rmse": 0.037868980384483546
  },
  "test_metrics": {
    "nmse": 0.12628587864321494,
    "rmse": 0.041186081626755154
  },
  "timing": {
    "train_states_s": 0.013045899977441877,
    "ridge_select_s": 0.009780699969269335,
    "total_s": 0.03971179999643937
  },
  "timestamp": "2026-04-15T22:40:27.805402+00:00"
}