{
  "sweep_name": "pilot_sweep_narma10",
  "config_id": "4015619adbc6",
  "seed": 789,
  "config_point": {
    "spectral_radius": 0.5,
    "input_scaling": 0.5,
    "leak_rate": 1.0
  },
  "best_ridge": 1e-08,
  "val_curve": {
    "1e-08": 0.19190230020392096,
    "1e-06": 0.24330807545543276,
    "0.0001": 0.5594040677080095,
    "0.01": 0.6757086975878708,
    "0.1": 0.7036124338803119,
    "1.0": 0.7872394530907199
  },
  "val_metrics": {
    "nmse": 0.19190230020392096,
    "rmse": 0.04712194255531857
  },
  "test_metrics": {
    "nmse": 0.21674328255902037,
    "rmse": 0.05395676506454138
  },
  "timing": {
    "train_states_s": 0.012652700010221452,
    "ridge_select_s": 0.009164999995846301,
    "total_s": 0.03830400004517287
  },
  "timestamp": "2026-04-15T22:40:23.744131+00:00"
}