{
  "sweep_name": "pilot_sweep_narma10",
  "config_id": "4015619adbc6",
  "seed": 123,
  "config_point": {
    "spectral_radius": 0.5,
    "input_scaling": 0.5,
    "leak_rate": 1.0
  },
  "best_ridge": 1e-08,
  "val_curve": {
    "1e-08": 0.20308308717355908,
    "1e-06": 0.25114782049419354,
    "0.0001": 0.5323937698953995,
    "0.01": 0.7603143569750694,
    "0.1": 0.8374596145210085,
    "1.0": 0.9100776982296008
  },
  "val_metrics": {
    "nmse": 0.20308308717355908,
    "rmse": 0.05423392508662772
  },
  "test_metrics": {
    "nmse": 0.20832013902606397,
    "rmse": 0.050750123369270296
  },
  "timing": {
    "train_states_s": 0.012447599961888045,
    "ridge_select_s": 0.009496000013314188,
    "total_s": 0.039226199965924025
  },
  "timestamp": "2026-04-15T22:40:23.642488+00:00"
}