{
  "sweep_name": "pilot_sweep_narma10",
  "config_id": "4015619adbc6",
  "seed": 1234,
  "config_point": {
    "spectral_radius": 0.5,
    "input_scaling": 0.5,
    "leak_rate": 1.0
  },
  "best_ridge": 1e-08,
  "val_curve": {
    "1e-08": 0.2576650374440536,
    "1e-06": 0.3128691056279456,
    "0.0001": 0.5949742508274798,
    "0.01": 0.7464491060484981,
    "0.1": 0.7945732976877975,
    "1.0": 0.8828840361464334
  },
  "val_metrics": {
    "nmse": 0.2576650374440536,
    "rmse": 0.0569300749606826
  },
  "test_metrics": {
    "nmse": 0.22425621118984304,
    "rmse": 0.04721189180669285
  },
  "timing": {
    "train_states_s": 0.01286180003080517,
    "ridge_select_s": 0.009693900006823242,
    "total_s": 0.03866220003692433
  },
  "timestamp": "2026-04-15T22:40:23.793276+00:00"
}