{
  "sweep_name": "pilot_sweep_narma10",
  "config_id": "4015619adbc6",
  "seed": 42,
  "config_point": {
    "spectral_radius": 0.5,
    "input_scaling": 0.5,
    "leak_rate": 1.0
  },
  "best_ridge": 1e-08,
  "val_curve": {
    "1e-08": 0.19044308284705347,
    "1e-06": 0.2040792343476444,
    "0.0001": 0.48395067336326136,
    "0.01": 0.7315150363886881,
    "0.1": 0.8355783735109125,
    "1.0": 0.9518747884808104
  },
  "val_metrics": {
    "nmse": 0.19044308284705347,
    "rmse": 0.04449827091764539
  },
  "test_metrics": {
    "nmse": 0.23874150494044266,
    "rmse": 0.05756715290614032
  },
  "timing": {
    "train_states_s": 0.013875100004952401,
    "ridge_select_s": 0.010393699980340898,
    "total_s": 0.056169999996200204
  },
  "timestamp": "2026-04-15T22:40:23.592583+00:00"
}