{
  "sweep_name": "pilot_sweep_narma10",
  "config_id": "4015619adbc6",
  "seed": 456,
  "config_point": {
    "spectral_radius": 0.5,
    "input_scaling": 0.5,
    "leak_rate": 1.0
  },
  "best_ridge": 1e-08,
  "val_curve": {
    "1e-08": 0.18773959867272533,
    "1e-06": 0.2252860310058792,
    "0.0001": 0.35300379186754133,
    "0.01": 0.637775697117703,
    "0.1": 0.6536634762258705,
    "1.0": 0.6819434802731312
  },
  "val_metrics": {
    "nmse": 0.18773959867272533,
    "rmse": 0.043500967027645304
  },
  "test_metrics": {
    "nmse": 0.19106523985294532,
    "rmse": 0.0441103173137967
  },
  "timing": {
    "train_states_s": 0.013566799985710531,
    "ridge_select_s": 0.009971399966161698,
    "total_s": 0.04185680003138259
  },
  "timestamp": "2026-04-15T22:40:23.695122+00:00"
}