{
  "sweep_name": "pilot_sweep_narma10",
  "config_id": "4624975b8b19",
  "seed": 123,
  "config_point": {
    "spectral_radius": 1.1,
    "input_scaling": 0.1,
    "leak_rate": 0.6
  },
  "best_ridge": 1e-08,
  "val_curve": {
    "1e-08": 0.14654824934097158,
    "1e-06": 0.1572887613257504,
    "0.0001": 0.1951553210401757,
    "0.01": 0.23407050292411488,
    "0.1": 0.2829704151373306,
    "1.0": 0.387886052717382
  },
  "val_metrics": {
    "nmse": 0.14654824934097158,
    "rmse": 0.04607066445259892
  },
  "test_metrics": {
    "nmse": 0.15391018708358292,
    "rmse": 0.04362195817358643
  },
  "timing": {
    "train_states_s": 0.014148199988994747,
    "ridge_select_s": 0.009405900025740266,
    "total_s": 0.04088149999734014
  },
  "timestamp": "2026-04-15T22:40:31.522972+00:00"
}