{
  "sweep_name": "pilot_sweep_narma10",
  "config_id": "4624975b8b19",
  "seed": 42,
  "config_point": {
    "spectral_radius": 1.1,
    "input_scaling": 0.1,
    "leak_rate": 0.6
  },
  "best_ridge": 1e-08,
  "val_curve": {
    "1e-08": 0.19771834055919704,
    "1e-06": 0.22266971049146903,
    "0.0001": 0.263455876128483,
    "0.01": 0.30742360249022005,
    "0.1": 0.3401235818106992,
    "1.0": 0.5432126596892555
  },
  "val_metrics": {
    "nmse": 0.19771834055919704,
    "rmse": 0.04534026066974762
  },
  "test_metrics": {
    "nmse": 0.1784582766142278,
    "rmse": 0.04977131723922217
  },
  "timing": {
    "train_states_s": 0.012950000003911555,
    "ridge_select_s": 0.009168000018689781,
    "total_s": 0.040693200018722564
  },
  "timestamp": "2026-04-15T22:40:31.471854+00:00"
}