{
  "sweep_name": "pilot_sweep_narma10",
  "config_id": "4624975b8b19",
  "seed": 1234,
  "config_point": {
    "spectral_radius": 1.1,
    "input_scaling": 0.1,
    "leak_rate": 0.6
  },
  "best_ridge": 1e-08,
  "val_curve": {
    "1e-08": 0.15519359441146038,
    "1e-06": 0.1954533287391487,
    "0.0001": 0.25287455767598443,
    "0.01": 0.3028649871402373,
    "0.1": 0.34777233336363333,
    "1.0": 0.49082889609146
  },
  "val_metrics": {
    "nmse": 0.15519359441146038,
    "rmse": 0.04418256296133593
  },
  "test_metrics": {
    "nmse": 0.16675410188480014,
    "rmse": 0.04071153015756957
  },
  "timing": {
    "train_states_s": 0.01321440003812313,
    "ridge_select_s": 0.00985109998146072,
    "total_s": 0.039517899975180626
  },
  "timestamp": "2026-04-15T22:40:31.675842+00:00"
}