{
  "sweep_name": "pilot_sweep_narma10",
  "config_id": "488822136d7b",
  "seed": 456,
  "config_point": {
    "spectral_radius": 1.3,
    "input_scaling": 0.1,
    "leak_rate": 0.6
  },
  "best_ridge": 0.0001,
  "val_curve": {
    "1e-08": 0.5920449132334215,
    "1e-06": 0.5919312527733039,
    "0.0001": 0.5864287541272735,
    "0.01": 0.6851397784957473,
    "0.1": 0.7519110284579532,
    "1.0": 0.8861863235124351
  },
  "val_metrics": {
    "nmse": 0.5864287541272735,
    "rmse": 0.07688269478953294
  },
  "test_metrics": {
    "nmse": 0.3998118104520343,
    "rmse": 0.06380829638195794
  },
  "timing": {
    "train_states_s": 0.012604299990925938,
    "ridge_select_s": 0.00974289997247979,
    "total_s": 0.041641099960543215
  },
  "timestamp": "2026-04-15T22:40:34.736610+00:00"
}