{
  "sweep_name": "pilot_sweep_narma10",
  "config_id": "488822136d7b",
  "seed": 1234,
  "config_point": {
    "spectral_radius": 1.3,
    "input_scaling": 0.1,
    "leak_rate": 0.6
  },
  "best_ridge": 1e-08,
  "val_curve": {
    "1e-08": 0.14618878465509885,
    "1e-06": 0.1793882117440922,
    "0.0001": 0.22220957625223153,
    "0.01": 0.2731877428480206,
    "0.1": 0.34691952398978665,
    "1.0": 0.6062862016126241
  },
  "val_metrics": {
    "nmse": 0.14618878465509885,
    "rmse": 0.04288160547754844
  },
  "test_metrics": {
    "nmse": 0.17337283972754797,
    "rmse": 0.04151162116267653
  },
  "timing": {
    "train_states_s": 0.012695800047367811,
    "ridge_select_s": 0.009204200003296137,
    "total_s": 0.037305900012142956
  },
  "timestamp": "2026-04-15T22:40:34.834727+00:00"
}