{
  "sweep_name": "pilot_sweep_narma10",
  "config_id": "488822136d7b",
  "seed": 42,
  "config_point": {
    "spectral_radius": 1.3,
    "input_scaling": 0.1,
    "leak_rate": 0.6
  },
  "best_ridge": 0.0001,
  "val_curve": {
    "1e-08": 0.289731738927279,
    "1e-06": 0.281793026233621,
    "0.0001": 0.27591682234705284,
    "0.01": 0.323445291973418,
    "0.1": 0.39702926556072715,
    "1.0": 0.5900664181860094
  },
  "val_metrics": {
    "nmse": 0.27591682234705284,
    "rmse": 0.05356111682850579
  },
  "test_metrics": {
    "nmse": 0.24573291892602156,
    "rmse": 0.05840398183925511
  },
  "timing": {
    "train_states_s": 0.01246479997644201,
    "ridge_select_s": 0.010676899983081967,
    "total_s": 0.04868449998321012
  },
  "timestamp": "2026-04-15T22:40:34.634025+00:00"
}