{
  "sweep_name": "pilot_sweep_narma10",
  "config_id": "4a4cf446ceab",
  "seed": 123,
  "config_point": {
    "spectral_radius": 0.9,
    "input_scaling": 0.5,
    "leak_rate": 1.0
  },
  "best_ridge": 1e-08,
  "val_curve": {
    "1e-08": 0.11483700491016591,
    "1e-06": 0.11497827280921041,
    "0.0001": 0.1317325529061826,
    "0.01": 0.20183275517082444,
    "0.1": 0.24483521035854702,
    "1.0": 0.28985729521865916
  },
  "val_metrics": {
    "nmse": 0.11483700491016591,
    "rmse": 0.04078261664780371
  },
  "test_metrics": {
    "nmse": 0.1221942337878281,
    "rmse": 0.03886841492363485
  },
  "timing": {
    "train_states_s": 0.012404899985995144,
    "ridge_select_s": 0.009222300024703145,
    "total_s": 0.03813779994379729
  },
  "timestamp": "2026-04-15T22:40:30.189880+00:00"
}