{
  "sweep_name": "pilot_sweep_narma10",
  "config_id": "4a4cf446ceab",
  "seed": 456,
  "config_point": {
    "spectral_radius": 0.9,
    "input_scaling": 0.5,
    "leak_rate": 1.0
  },
  "best_ridge": 1e-06,
  "val_curve": {
    "1e-08": 0.14516503956530244,
    "1e-06": 0.14515059566802266,
    "0.0001": 0.1452891477179859,
    "0.01": 0.17976761770684266,
    "0.1": 0.21874624610547297,
    "1.0": 0.2986898494728838
  },
  "val_metrics": {
    "nmse": 0.14515059566802266,
    "rmse": 0.038249906693689835
  },
  "test_metrics": {
    "nmse": 0.13778159155281494,
    "rmse": 0.037458030468761054
  },
  "timing": {
    "train_states_s": 0.013228500029072165,
    "ridge_select_s": 0.009297300013713539,
    "total_s": 0.04265269997995347
  },
  "timestamp": "2026-04-15T22:40:30.243002+00:00"
}