{
  "sweep_name": "pilot_sweep_narma10",
  "config_id": "4a6147109e3f",
  "seed": 789,
  "config_point": {
    "spectral_radius": 0.5,
    "input_scaling": 0.2,
    "leak_rate": 0.6
  },
  "best_ridge": 1e-08,
  "val_curve": {
    "1e-08": 0.26450958277212067,
    "1e-06": 0.3080110419079343,
    "0.0001": 0.36896251749944636,
    "0.01": 0.5336210831728503,
    "0.1": 0.6222043667431308,
    "1.0": 0.7119554396201979
  },
  "val_metrics": {
    "nmse": 0.26450958277212067,
    "rmse": 0.05532275516500884
  },
  "test_metrics": {
    "nmse": 0.2537286798103361,
    "rmse": 0.058379162540251356
  },
  "timing": {
    "train_states_s": 0.012912000005599111,
    "ridge_select_s": 0.009782100038137287,
    "total_s": 0.03871609998168424
  },
  "timestamp": "2026-04-15T22:40:22.645177+00:00"
}