{
  "sweep_name": "pilot_sweep_narma10",
  "config_id": "4a6147109e3f",
  "seed": 42,
  "config_point": {
    "spectral_radius": 0.5,
    "input_scaling": 0.2,
    "leak_rate": 0.6
  },
  "best_ridge": 1e-08,
  "val_curve": {
    "1e-08": 0.27008120909173217,
    "1e-06": 0.3148252301228112,
    "0.0001": 0.3471785768617692,
    "0.01": 0.5420333103156617,
    "0.1": 0.7250203727030525,
    "1.0": 0.8397850334990451
  },
  "val_metrics": {
    "nmse": 0.27008120909173217,
    "rmse": 0.0529916837370856
  },
  "test_metrics": {
    "nmse": 0.24694538199569754,
    "rmse": 0.05854788917083594
  },
  "timing": {
    "train_states_s": 0.012998800026252866,
    "ridge_select_s": 0.0098172000143677,
    "total_s": 0.043435500003397465
  },
  "timestamp": "2026-04-15T22:40:22.494732+00:00"
}