{
  "sweep_name": "pilot_sweep_narma10",
  "config_id": "4a6147109e3f",
  "seed": 1234,
  "config_point": {
    "spectral_radius": 0.5,
    "input_scaling": 0.2,
    "leak_rate": 0.6
  },
  "best_ridge": 1e-08,
  "val_curve": {
    "1e-08": 0.2801664934267771,
    "1e-06": 0.34353696188572086,
    "0.0001": 0.40681662155373083,
    "0.01": 0.6168420212386688,
    "0.1": 0.710762586874624,
    "1.0": 0.7892596699299983
  },
  "val_metrics": {
    "nmse": 0.2801664934267771,
    "rmse": 0.05936385646429378
  },
  "test_metrics": {
    "nmse": 0.28649575132574495,
    "rmse": 0.053362756566467946
  },
  "timing": {
    "train_states_s": 0.013384499994572252,
    "ridge_select_s": 0.010004699986893684,
    "total_s": 0.039599699957761914
  },
  "timestamp": "2026-04-15T22:40:22.695218+00:00"
}