{
  "sweep_name": "pilot_sweep_narma10",
  "config_id": "4aa1a4f5b9ec",
  "seed": 42,
  "config_point": {
    "spectral_radius": 1.1,
    "input_scaling": 0.5,
    "leak_rate": 0.6
  },
  "best_ridge": 1e-06,
  "val_curve": {
    "1e-08": 0.22843201093176987,
    "1e-06": 0.2274407403323835,
    "0.0001": 0.22766547247390567,
    "0.01": 0.2708132532570048,
    "0.1": 0.29752521113947483,
    "1.0": 0.33691054797906617
  },
  "val_metrics": {
    "nmse": 0.2274407403323835,
    "rmse": 0.048628924477328056
  },
  "test_metrics": {
    "nmse": 0.1836528601144637,
    "rmse": 0.05049049583416233
  },
  "timing": {
    "train_states_s": 0.012639100023079664,
    "ridge_select_s": 0.009770800010301173,
    "total_s": 0.0394654999836348
  },
  "timestamp": "2026-04-15T22:40:33.053048+00:00"
}