{
  "sweep_name": "pilot_sweep_narma10",
  "config_id": "4aa1a4f5b9ec",
  "seed": 789,
  "config_point": {
    "spectral_radius": 1.1,
    "input_scaling": 0.5,
    "leak_rate": 0.6
  },
  "best_ridge": 1e-08,
  "val_curve": {
    "1e-08": 0.20695633943338532,
    "1e-06": 0.20773589579631738,
    "0.0001": 0.22318317110101799,
    "0.01": 0.2648710041096692,
    "0.1": 0.2800087859066275,
    "1.0": 0.3282971287595671
  },
  "val_metrics": {
    "nmse": 0.20695633943338532,
    "rmse": 0.04893532335471759
  },
  "test_metrics": {
    "nmse": 0.17609640919294084,
    "rmse": 0.04863493400824707
  },
  "timing": {
    "train_states_s": 0.012942000001203269,
    "ridge_select_s": 0.009462499991059303,
    "total_s": 0.0388583000167273
  },
  "timestamp": "2026-04-15T22:40:33.202221+00:00"
}