{
  "sweep_name": "pilot_sweep_narma10",
  "config_id": "4aa1a4f5b9ec",
  "seed": 1234,
  "config_point": {
    "spectral_radius": 1.1,
    "input_scaling": 0.5,
    "leak_rate": 0.6
  },
  "best_ridge": 1e-08,
  "val_curve": {
    "1e-08": 0.1673540919408336,
    "1e-06": 0.16785470387642135,
    "0.0001": 0.19335784196903286,
    "0.01": 0.2510497551349597,
    "0.1": 0.2925430748644946,
    "1.0": 0.34383926895535233
  },
  "val_metrics": {
    "nmse": 0.1673540919408336,
    "rmse": 0.045880926250257394
  },
  "test_metrics": {
    "nmse": 0.19038869717346432,
    "rmse": 0.04350105041770325
  },
  "timing": {
    "train_states_s": 0.012386600021272898,
    "ridge_select_s": 0.008842899987939745,
    "total_s": 0.036624700005631894
  },
  "timestamp": "2026-04-15T22:40:33.249074+00:00"
}