{
  "sweep_name": "pilot_sweep_narma10",
  "config_id": "4b53fb043852",
  "seed": 123,
  "config_point": {
    "spectral_radius": 1.3,
    "input_scaling": 0.5,
    "leak_rate": 0.3
  },
  "best_ridge": 1e-06,
  "val_curve": {
    "1e-08": 0.24134331784559876,
    "1e-06": 0.23361828186914174,
    "0.0001": 0.24038341902615137,
    "0.01": 0.27684402305376266,
    "0.1": 0.3172515237671418,
    "1.0": 0.41137968301321126
  },
  "val_metrics": {
    "nmse": 0.23361828186914174,
    "rmse": 0.0581684607036327
  },
  "test_metrics": {
    "nmse": 0.25480567152049094,
    "rmse": 0.05612754143495538
  },
  "timing": {
    "train_states_s": 0.013175699976272881,
    "ridge_select_s": 0.009541800012812018,
    "total_s": 0.0398764000274241
  },
  "timestamp": "2026-04-15T22:40:36.059347+00:00"
}