{
  "sweep_name": "pilot_sweep_narma10",
  "config_id": "4b53fb043852",
  "seed": 456,
  "config_point": {
    "spectral_radius": 1.3,
    "input_scaling": 0.5,
    "leak_rate": 0.3
  },
  "best_ridge": 0.0001,
  "val_curve": {
    "1e-08": 0.34998852601227104,
    "1e-06": 0.34997555119424273,
    "0.0001": 0.3489126183760413,
    "0.01": 0.3524811573593857,
    "0.1": 0.37849719672460425,
    "1.0": 0.4609843887120564
  },
  "val_metrics": {
    "nmse": 0.3489126183760413,
    "rmse": 0.05930336089916796
  },
  "test_metrics": {
    "nmse": 0.433864259008036,
    "rmse": 0.06647009165359245
  },
  "timing": {
    "train_states_s": 0.012969299976248294,
    "ridge_select_s": 0.009508099989034235,
    "total_s": 0.04212790000019595
  },
  "timestamp": "2026-04-15T22:40:36.111893+00:00"
}