{
  "sweep_name": "pilot_sweep_narma10",
  "config_id": "4d4a603e2a5b",
  "seed": 789,
  "config_point": {
    "spectral_radius": 0.5,
    "input_scaling": 0.2,
    "leak_rate": 1.0
  },
  "best_ridge": 1e-08,
  "val_curve": {
    "1e-08": 0.19310970184172602,
    "1e-06": 0.2613596721135081,
    "0.0001": 0.6212796782585926,
    "0.01": 0.7020583989644664,
    "0.1": 0.7690193561348941,
    "1.0": 0.9613237310286478
  },
  "val_metrics": {
    "nmse": 0.19310970184172602,
    "rmse": 0.04726994989683868
  },
  "test_metrics": {
    "nmse": 0.21797672445725044,
    "rmse": 0.05411007574196376
  },
  "timing": {
    "train_states_s": 0.013332400005310774,
    "ridge_select_s": 0.009116700035519898,
    "total_s": 0.03904070000862703
  },
  "timestamp": "2026-04-15T22:40:22.898274+00:00"
}