{
  "sweep_name": "pilot_sweep_narma10",
  "config_id": "4d4a603e2a5b",
  "seed": 42,
  "config_point": {
    "spectral_radius": 0.5,
    "input_scaling": 0.2,
    "leak_rate": 1.0
  },
  "best_ridge": 1e-08,
  "val_curve": {
    "1e-08": 0.17694659249470165,
    "1e-06": 0.2018115091312267,
    "0.0001": 0.6310367090475986,
    "0.01": 0.8259262695344323,
    "0.1": 0.9404424240556203,
    "1.0": 1.1464759926659427
  },
  "val_metrics": {
    "nmse": 0.17694659249470165,
    "rmse": 0.04289252727584351
  },
  "test_metrics": {
    "nmse": 0.238211585653059,
    "rmse": 0.05750322834578737
  },
  "timing": {
    "train_states_s": 0.012826999998651445,
    "ridge_select_s": 0.009608899999875575,
    "total_s": 0.03970080002909526
  },
  "timestamp": "2026-04-15T22:40:22.745454+00:00"
}