{
  "sweep_name": "pilot_sweep_narma10",
  "config_id": "4d4a603e2a5b",
  "seed": 123,
  "config_point": {
    "spectral_radius": 0.5,
    "input_scaling": 0.2,
    "leak_rate": 1.0
  },
  "best_ridge": 1e-08,
  "val_curve": {
    "1e-08": 0.2066169973763864,
    "1e-06": 0.26803269469081964,
    "0.0001": 0.665256580039744,
    "0.01": 0.837793533213623,
    "0.1": 0.9080869124028667,
    "1.0": 1.0300446023507561
  },
  "val_metrics": {
    "nmse": 0.2066169973763864,
    "rmse": 0.05470376042930107
  },
  "test_metrics": {
    "nmse": 0.20990100217271143,
    "rmse": 0.05094232122390436
  },
  "timing": {
    "train_states_s": 0.012956399994436651,
    "ridge_select_s": 0.010163000028114766,
    "total_s": 0.040642500040121377
  },
  "timestamp": "2026-04-15T22:40:22.796907+00:00"
}