{
  "sweep_name": "pilot_sweep_narma10",
  "config_id": "4f45ab3701e0",
  "seed": 1234,
  "config_point": {
    "spectral_radius": 0.7,
    "input_scaling": 0.05,
    "leak_rate": 0.6
  },
  "best_ridge": 1e-08,
  "val_curve": {
    "1e-08": 0.2993774772376032,
    "1e-06": 0.34166332774981917,
    "0.0001": 0.3749465272553318,
    "0.01": 0.5935971347412833,
    "0.1": 0.7383818853020182,
    "1.0": 0.9987375466945094
  },
  "val_metrics": {
    "nmse": 0.2993774772376032,
    "rmse": 0.0613654002598428
  },
  "test_metrics": {
    "nmse": 0.2818580600124054,
    "rmse": 0.052929085717752344
  },
  "timing": {
    "train_states_s": 0.013034400006290525,
    "ridge_select_s": 0.010156700038351119,
    "total_s": 0.039426300034392625
  },
  "timestamp": "2026-04-15T22:40:24.308403+00:00"
}