{
  "sweep_name": "pilot_sweep_narma10",
  "config_id": "4f45ab3701e0",
  "seed": 789,
  "config_point": {
    "spectral_radius": 0.7,
    "input_scaling": 0.05,
    "leak_rate": 0.6
  },
  "best_ridge": 1e-08,
  "val_curve": {
    "1e-08": 0.26277532402803816,
    "1e-06": 0.3082542387445138,
    "0.0001": 0.35085572969612705,
    "0.01": 0.45566602183928795,
    "0.1": 0.5815194713631042,
    "1.0": 0.8389953736787412
  },
  "val_metrics": {
    "nmse": 0.26277532402803816,
    "rmse": 0.055141094914985055
  },
  "test_metrics": {
    "nmse": 0.27222082421745514,
    "rmse": 0.06046913457193888
  },
  "timing": {
    "train_states_s": 0.012386700022034347,
    "ridge_select_s": 0.009668399987276644,
    "total_s": 0.03817100002197549
  },
  "timestamp": "2026-04-15T22:40:24.258670+00:00"
}