{
  "sweep_name": "pilot_sweep_narma10",
  "config_id": "5033ae01f908",
  "seed": 123,
  "config_point": {
    "spectral_radius": 0.9,
    "input_scaling": 0.2,
    "leak_rate": 1.0
  },
  "best_ridge": 1e-08,
  "val_curve": {
    "1e-08": 0.0980639365930454,
    "1e-06": 0.11891159350255913,
    "0.0001": 0.17011443292853015,
    "0.01": 0.21264302434136276,
    "0.1": 0.22434006274959545,
    "1.0": 0.3353241130392575
  },
  "val_metrics": {
    "nmse": 0.0980639365930454,
    "rmse": 0.037686761576170576
  },
  "test_metrics": {
    "nmse": 0.10362513932474929,
    "rmse": 0.0357934893318334
  },
  "timing": {
    "train_states_s": 0.012967700022272766,
    "ridge_select_s": 0.008985600026790053,
    "total_s": 0.03871910000452772
  },
  "timestamp": "2026-04-15T22:40:29.290680+00:00"
}