{
  "sweep_name": "pilot_sweep_narma10",
  "config_id": "5033ae01f908",
  "seed": 789,
  "config_point": {
    "spectral_radius": 0.9,
    "input_scaling": 0.2,
    "leak_rate": 1.0
  },
  "best_ridge": 1e-08,
  "val_curve": {
    "1e-08": 0.1063729988938381,
    "1e-06": 0.1097892168411344,
    "0.0001": 0.1274519132752991,
    "0.01": 0.16675775689427327,
    "0.1": 0.25402778420841493,
    "1.0": 0.3822709776288564
  },
  "val_metrics": {
    "nmse": 0.1063729988938381,
    "rmse": 0.03508316749668293
  },
  "test_metrics": {
    "nmse": 0.11284027380510257,
    "rmse": 0.03893185941311008
  },
  "timing": {
    "train_states_s": 0.012940200045704842,
    "ridge_select_s": 0.009091799962334335,
    "total_s": 0.03838360001100227
  },
  "timestamp": "2026-04-15T22:40:29.390109+00:00"
}