{
  "sweep_name": "pilot_sweep_narma10",
  "config_id": "5033ae01f908",
  "seed": 1234,
  "config_point": {
    "spectral_radius": 0.9,
    "input_scaling": 0.2,
    "leak_rate": 1.0
  },
  "best_ridge": 1e-08,
  "val_curve": {
    "1e-08": 0.17555915534873387,
    "1e-06": 0.18145246252455619,
    "0.0001": 0.2351301570063497,
    "0.01": 0.25199159020809847,
    "0.1": 0.2769847204912287,
    "1.0": 0.49278530575944657
  },
  "val_metrics": {
    "nmse": 0.17555915534873387,
    "rmse": 0.04699219706505337
  },
  "test_metrics": {
    "nmse": 0.12610534238810284,
    "rmse": 0.03540347612742362
  },
  "timing": {
    "train_states_s": 0.012687799986451864,
    "ridge_select_s": 0.009160399960819632,
    "total_s": 0.03745830000843853
  },
  "timestamp": "2026-04-15T22:40:29.437736+00:00"
}