{
  "sweep_name": "pilot_sweep_narma10",
  "config_id": "5565a87f9e44",
  "seed": 456,
  "config_point": {
    "spectral_radius": 1.1,
    "input_scaling": 0.5,
    "leak_rate": 1.0
  },
  "best_ridge": 1e-08,
  "val_curve": {
    "1e-08": 0.3773513910002172,
    "1e-06": 0.37735140323762567,
    "0.0001": 0.37735274675700325,
    "0.01": 0.37812495516106953,
    "0.1": 0.3866066216858709,
    "1.0": 0.41307762135757087
  },
  "val_metrics": {
    "nmse": 0.3773513910002172,
    "rmse": 0.061672839797944794
  },
  "test_metrics": {
    "nmse": 0.33371478135170934,
    "rmse": 0.05829577250913232
  },
  "timing": {
    "train_states_s": 0.013185099989641458,
    "ridge_select_s": 0.009298599965404719,
    "total_s": 0.041288600012194365
  },
  "timestamp": "2026-04-15T22:40:33.413272+00:00"
}