{
  "sweep_name": "pilot_sweep_narma10",
  "config_id": "5565a87f9e44",
  "seed": 1234,
  "config_point": {
    "spectral_radius": 1.1,
    "input_scaling": 0.5,
    "leak_rate": 1.0
  },
  "best_ridge": 1e-08,
  "val_curve": {
    "1e-08": 0.3481030667244905,
    "1e-06": 0.34810320474535866,
    "0.0001": 0.34811705605868654,
    "0.01": 0.3495376113008741,
    "0.1": 0.3570505287098881,
    "1.0": 0.37738864748631745
  },
  "val_metrics": {
    "nmse": 0.3481030667244905,
    "rmse": 0.06617103593484958
  },
  "test_metrics": {
    "nmse": 0.32804604221248257,
    "rmse": 0.05710137474103175
  },
  "timing": {
    "train_states_s": 0.012932299985550344,
    "ridge_select_s": 0.009159599954728037,
    "total_s": 0.03842569998232648
  },
  "timestamp": "2026-04-15T22:40:33.511175+00:00"
}