{
  "sweep_name": "pilot_sweep_narma10",
  "config_id": "5565a87f9e44",
  "seed": 42,
  "config_point": {
    "spectral_radius": 1.1,
    "input_scaling": 0.5,
    "leak_rate": 1.0
  },
  "best_ridge": 0.0001,
  "val_curve": {
    "1e-08": 0.16293839765686555,
    "1e-06": 0.16293643147712308,
    "0.0001": 0.16278580643716659,
    "0.01": 0.17090826829191114,
    "0.1": 0.19098297574035414,
    "1.0": 0.22551760187370667
  },
  "val_metrics": {
    "nmse": 0.16278580643716659,
    "rmse": 0.04114042765913008
  },
  "test_metrics": {
    "nmse": 0.23569026874450522,
    "rmse": 0.057198101402325084
  },
  "timing": {
    "train_states_s": 0.013274200027808547,
    "ridge_select_s": 0.00901249999878928,
    "total_s": 0.05382390000158921
  },
  "timestamp": "2026-04-15T22:40:33.312986+00:00"
}