{
  "sweep_name": "pilot_sweep_narma10",
  "config_id": "568d306ef31b",
  "seed": 789,
  "config_point": {
    "spectral_radius": 0.7,
    "input_scaling": 0.5,
    "leak_rate": 1.0
  },
  "best_ridge": 1e-08,
  "val_curve": {
    "1e-08": 0.13653415932359178,
    "1e-06": 0.14048520422563043,
    "0.0001": 0.17106275958668687,
    "0.01": 0.2786912940301016,
    "0.1": 0.4837551162500219,
    "1.0": 0.5976212282198673
  },
  "val_metrics": {
    "nmse": 0.13653415932359178,
    "rmse": 0.03974694516213258
  },
  "test_metrics": {
    "nmse": 0.1589974184745322,
    "rmse": 0.046213420836490306
  },
  "timing": {
    "train_states_s": 0.012697099999058992,
    "ridge_select_s": 0.01038299995707348,
    "total_s": 0.04027100000530481
  },
  "timestamp": "2026-04-15T22:40:26.995320+00:00"
}