{
  "sweep_name": "pilot_sweep_narma10",
  "config_id": "568d306ef31b",
  "seed": 1234,
  "config_point": {
    "spectral_radius": 0.7,
    "input_scaling": 0.5,
    "leak_rate": 1.0
  },
  "best_ridge": 1e-08,
  "val_curve": {
    "1e-08": 0.20935484908686586,
    "1e-06": 0.2192580112733962,
    "0.0001": 0.2672858499347146,
    "0.01": 0.3823889406344331,
    "0.1": 0.6099544088230535,
    "1.0": 0.7587111653976794
  },
  "val_metrics": {
    "nmse": 0.20935484908686586,
    "rmse": 0.051316321969144825
  },
  "test_metrics": {
    "nmse": 0.15406875530399314,
    "rmse": 0.03913239692305088
  },
  "timing": {
    "train_states_s": 0.013250400021206588,
    "ridge_select_s": 0.010979500017128885,
    "total_s": 0.04085059999488294
  },
  "timestamp": "2026-04-15T22:40:27.046774+00:00"
}