{
  "sweep_name": "pilot_sweep_narma10",
  "config_id": "568d306ef31b",
  "seed": 42,
  "config_point": {
    "spectral_radius": 0.7,
    "input_scaling": 0.5,
    "leak_rate": 1.0
  },
  "best_ridge": 1e-08,
  "val_curve": {
    "1e-08": 0.13762232789754214,
    "1e-06": 0.15169763802806077,
    "0.0001": 0.16238341867535883,
    "0.01": 0.22267829251351992,
    "0.1": 0.4262244750954837,
    "1.0": 0.625164707427892
  },
  "val_metrics": {
    "nmse": 0.13762232789754214,
    "rmse": 0.03782726867411209
  },
  "test_metrics": {
    "nmse": 0.16284584222203385,
    "rmse": 0.047544373045821195
  },
  "timing": {
    "train_states_s": 0.013727500045206398,
    "ridge_select_s": 0.009927499981131405,
    "total_s": 0.043362799973692745
  },
  "timestamp": "2026-04-15T22:40:26.837997+00:00"
}