{
  "sweep_name": "pilot_sweep_narma10",
  "config_id": "568d306ef31b",
  "seed": 456,
  "config_point": {
    "spectral_radius": 0.7,
    "input_scaling": 0.5,
    "leak_rate": 1.0
  },
  "best_ridge": 1e-06,
  "val_curve": {
    "1e-08": 0.14070359207861388,
    "1e-06": 0.14018688337693172,
    "0.0001": 0.1886875371603622,
    "0.01": 0.2523586706177724,
    "0.1": 0.3448951067897411,
    "1.0": 0.538424300967863
  },
  "val_metrics": {
    "nmse": 0.14018688337693172,
    "rmse": 0.037590201972827086
  },
  "test_metrics": {
    "nmse": 0.13776865549015346,
    "rmse": 0.03745627199435967
  },
  "timing": {
    "train_states_s": 0.01426339999306947,
    "ridge_select_s": 0.010608799988403916,
    "total_s": 0.04534790001343936
  },
  "timestamp": "2026-04-15T22:40:26.944668+00:00"
}