{
  "sweep_name": "pilot_sweep_narma10",
  "config_id": "5a03987d6be9",
  "seed": 1234,
  "config_point": {
    "spectral_radius": 0.5,
    "input_scaling": 0.5,
    "leak_rate": 0.3
  },
  "best_ridge": 1e-08,
  "val_curve": {
    "1e-08": 0.2763469993576786,
    "1e-06": 0.29542930797532563,
    "0.0001": 0.3564050670341864,
    "0.01": 0.5007795398397485,
    "0.1": 0.5982414676154718,
    "1.0": 0.6495097107036716
  },
  "val_metrics": {
    "nmse": 0.2763469993576786,
    "rmse": 0.05895781577230332
  },
  "test_metrics": {
    "nmse": 0.3328641519559316,
    "rmse": 0.057519178663347964
  },
  "timing": {
    "train_states_s": 0.013241900014691055,
    "ridge_select_s": 0.009843499981798232,
    "total_s": 0.03912139998283237
  },
  "timestamp": "2026-04-15T22:40:23.205976+00:00"
}