{
  "sweep_name": "pilot_sweep_narma10",
  "config_id": "5a03987d6be9",
  "seed": 42,
  "config_point": {
    "spectral_radius": 0.5,
    "input_scaling": 0.5,
    "leak_rate": 0.3
  },
  "best_ridge": 1e-08,
  "val_curve": {
    "1e-08": 0.32738966421257576,
    "1e-06": 0.3460945524385006,
    "0.0001": 0.3526538658763065,
    "0.01": 0.48512774581658713,
    "0.1": 0.5829195949186363,
    "1.0": 0.636549395647205
  },
  "val_metrics": {
    "nmse": 0.32738966421257576,
    "rmse": 0.05834357224754783
  },
  "test_metrics": {
    "nmse": 0.2514410763632495,
    "rmse": 0.0590784239619327
  },
  "timing": {
    "train_states_s": 0.013106499973218888,
    "ridge_select_s": 0.00928369996836409,
    "total_s": 0.044195500027853996
  },
  "timestamp": "2026-04-15T22:40:23.005972+00:00"
}