{
  "sweep_name": "pilot_sweep_narma10",
  "config_id": "5a03987d6be9",
  "seed": 456,
  "config_point": {
    "spectral_radius": 0.5,
    "input_scaling": 0.5,
    "leak_rate": 0.3
  },
  "best_ridge": 1e-08,
  "val_curve": {
    "1e-08": 0.28480875542216344,
    "1e-06": 0.2923085760839922,
    "0.0001": 0.301562777171182,
    "0.01": 0.40045382320531236,
    "0.1": 0.5658878324542423,
    "1.0": 0.6511530728542829
  },
  "val_metrics": {
    "nmse": 0.28480875542216344,
    "rmse": 0.05357937420776797
  },
  "test_metrics": {
    "nmse": 0.3306554236114171,
    "rmse": 0.05802794160768638
  },
  "timing": {
    "train_states_s": 0.012997800018638372,
    "ridge_select_s": 0.009907100000418723,
    "total_s": 0.042084200016688555
  },
  "timestamp": "2026-04-15T22:40:23.107251+00:00"
}