{
  "sweep_name": "pilot_sweep_narma10",
  "config_id": "5a03987d6be9",
  "seed": 789,
  "config_point": {
    "spectral_radius": 0.5,
    "input_scaling": 0.5,
    "leak_rate": 0.3
  },
  "best_ridge": 1e-08,
  "val_curve": {
    "1e-08": 0.31823582300113984,
    "1e-06": 0.33454884251745004,
    "0.0001": 0.33227434078888735,
    "0.01": 0.47610557925555047,
    "0.1": 0.6035394928735573,
    "1.0": 0.6537696372539916
  },
  "val_metrics": {
    "nmse": 0.31823582300113984,
    "rmse": 0.06068168449217198
  },
  "test_metrics": {
    "nmse": 0.26564404014648557,
    "rmse": 0.05973420927634566
  },
  "timing": {
    "train_states_s": 0.012864100048318505,
    "ridge_select_s": 0.00958589999936521,
    "total_s": 0.03888820001157001
  },
  "timestamp": "2026-04-15T22:40:23.156450+00:00"
}