{
  "sweep_name": "pilot_sweep_narma10",
  "config_id": "5dacf2ac3539",
  "seed": 42,
  "config_point": {
    "spectral_radius": 0.7,
    "input_scaling": 0.2,
    "leak_rate": 0.6
  },
  "best_ridge": 1e-08,
  "val_curve": {
    "1e-08": 0.22559894071753278,
    "1e-06": 0.2500256438100236,
    "0.0001": 0.3107580908721616,
    "0.01": 0.3634911142268954,
    "0.1": 0.4040067188286855,
    "1.0": 0.5903717602520998
  },
  "val_metrics": {
    "nmse": 0.22559894071753278,
    "rmse": 0.04843162738265355
  },
  "test_metrics": {
    "nmse": 0.17977261624106303,
    "rmse": 0.04995426310707135
  },
  "timing": {
    "train_states_s": 0.012914400023873895,
    "ridge_select_s": 0.009011700050905347,
    "total_s": 0.04739969997899607
  },
  "timestamp": "2026-04-15T22:40:25.781600+00:00"
}