{
  "sweep_name": "pilot_sweep_narma10",
  "config_id": "5dacf2ac3539",
  "seed": 123,
  "config_point": {
    "spectral_radius": 0.7,
    "input_scaling": 0.2,
    "leak_rate": 0.6
  },
  "best_ridge": 1e-08,
  "val_curve": {
    "1e-08": 0.1795940559257659,
    "1e-06": 0.2292250722498377,
    "0.0001": 0.29308047969679935,
    "0.01": 0.34698076079106066,
    "0.1": 0.45390073553295995,
    "1.0": 0.6548814166801334
  },
  "val_metrics": {
    "nmse": 0.1795940559257659,
    "rmse": 0.05100116983750356
  },
  "test_metrics": {
    "nmse": 0.2121122277678286,
    "rmse": 0.051209947028646695
  },
  "timing": {
    "train_states_s": 0.01253890001680702,
    "ridge_select_s": 0.009855400014203042,
    "total_s": 0.03855009999824688
  },
  "timestamp": "2026-04-15T22:40:25.830387+00:00"
}