{
  "sweep_name": "pilot_sweep_narma10",
  "config_id": "5dacf2ac3539",
  "seed": 1234,
  "config_point": {
    "spectral_radius": 0.7,
    "input_scaling": 0.2,
    "leak_rate": 0.6
  },
  "best_ridge": 1e-08,
  "val_curve": {
    "1e-08": 0.21930311887332563,
    "1e-06": 0.2780460329067259,
    "0.0001": 0.35471968725766817,
    "0.01": 0.4252288005523256,
    "0.1": 0.5649402884286435,
    "1.0": 0.7106515430108811
  },
  "val_metrics": {
    "nmse": 0.21930311887332563,
    "rmse": 0.052521414404861855
  },
  "test_metrics": {
    "nmse": 0.23227100613603047,
    "rmse": 0.04804814921355357
  },
  "timing": {
    "train_states_s": 0.013213500031270087,
    "ridge_select_s": 0.009247999987564981,
    "total_s": 0.038654299976769835
  },
  "timestamp": "2026-04-15T22:40:25.979586+00:00"
}