{
  "sweep_name": "pilot_sweep_narma10",
  "config_id": "5ec1f2c41d90",
  "seed": 42,
  "config_point": {
    "spectral_radius": 1.1,
    "input_scaling": 0.05,
    "leak_rate": 1.0
  },
  "best_ridge": 1e-06,
  "val_curve": {
    "1e-08": 0.20516168684850875,
    "1e-06": 0.20449800986017713,
    "0.0001": 0.23341111766928885,
    "0.01": 0.3573155548367865,
    "0.1": 0.44946271642462327,
    "1.0": 0.5979970013842182
  },
  "val_metrics": {
    "nmse": 0.20449800986017713,
    "rmse": 0.04611105695275528
  },
  "test_metrics": {
    "nmse": 0.21271281007496992,
    "rmse": 0.05433849553861842
  },
  "timing": {
    "train_states_s": 0.012557299982290715,
    "ridge_select_s": 0.010073899989947677,
    "total_s": 0.08863239997299388
  },
  "timestamp": "2026-04-15T22:40:30.971447+00:00"
}