{
  "sweep_name": "pilot_sweep_narma10",
  "config_id": "5ec1f2c41d90",
  "seed": 123,
  "config_point": {
    "spectral_radius": 1.1,
    "input_scaling": 0.05,
    "leak_rate": 1.0
  },
  "best_ridge": 1e-06,
  "val_curve": {
    "1e-08": 0.1419300398563592,
    "1e-06": 0.14111690141246777,
    "0.0001": 0.1449122369784809,
    "0.01": 0.19573282504238587,
    "0.1": 0.2405851616520259,
    "1.0": 0.38734505996050206
  },
  "val_metrics": {
    "nmse": 0.14111690141246777,
    "rmse": 0.0452088723423341
  },
  "test_metrics": {
    "nmse": 0.1483293509284525,
    "rmse": 0.04282378225283533
  },
  "timing": {
    "train_states_s": 0.013542699976824224,
    "ridge_select_s": 0.009402600000612438,
    "total_s": 0.03939000004902482
  },
  "timestamp": "2026-04-15T22:40:31.021176+00:00"
}