{
  "sweep_name": "pilot_sweep_narma10",
  "config_id": "5ec1f2c41d90",
  "seed": 1234,
  "config_point": {
    "spectral_radius": 1.1,
    "input_scaling": 0.05,
    "leak_rate": 1.0
  },
  "best_ridge": 1e-06,
  "val_curve": {
    "1e-08": 0.2667967654647628,
    "1e-06": 0.266716535078369,
    "0.0001": 0.2670609153081776,
    "0.01": 0.2999149222152805,
    "0.1": 0.3725364836506027,
    "1.0": 0.649294473572007
  },
  "val_metrics": {
    "nmse": 0.266716535078369,
    "rmse": 0.057921390512242536
  },
  "test_metrics": {
    "nmse": 0.22172569064414988,
    "rmse": 0.046944765190321106
  },
  "timing": {
    "train_states_s": 0.01283069996861741,
    "ridge_select_s": 0.009309899993240833,
    "total_s": 0.037710299948230386
  },
  "timestamp": "2026-04-15T22:40:31.167642+00:00"
}