{
  "sweep_name": "pilot_sweep_narma10",
  "config_id": "5ec1f2c41d90",
  "seed": 456,
  "config_point": {
    "spectral_radius": 1.1,
    "input_scaling": 0.05,
    "leak_rate": 1.0
  },
  "best_ridge": 0.0001,
  "val_curve": {
    "1e-08": 0.2711155273604592,
    "1e-06": 0.27075464104645597,
    "0.0001": 0.2684991544692324,
    "0.01": 0.3159817256714926,
    "0.1": 0.3674245054733191,
    "1.0": 0.5512646231962931
  },
  "val_metrics": {
    "nmse": 0.2684991544692324,
    "rmse": 0.052022645084441085
  },
  "test_metrics": {
    "nmse": 0.19599160231734017,
    "rmse": 0.044675361128118866
  },
  "timing": {
    "train_states_s": 0.012762699974700809,
    "ridge_select_s": 0.009200199972838163,
    "total_s": 0.03959420003229752
  },
  "timestamp": "2026-04-15T22:40:31.071209+00:00"
}