{
  "sweep_name": "pilot_sweep_narma10",
  "config_id": "6394867d74a1",
  "seed": 123,
  "config_point": {
    "spectral_radius": 0.9,
    "input_scaling": 0.05,
    "leak_rate": 0.6
  },
  "best_ridge": 1e-08,
  "val_curve": {
    "1e-08": 0.18331281629062057,
    "1e-06": 0.22190877711104337,
    "0.0001": 0.25644071903895804,
    "0.01": 0.3467346471950618,
    "0.1": 0.43188088513765366,
    "1.0": 0.6437829961671339
  },
  "val_metrics": {
    "nmse": 0.18331281629062057,
    "rmse": 0.0515264916797482
  },
  "test_metrics": {
    "nmse": 0.23010535130969412,
    "rmse": 0.053337767421248745
  },
  "timing": {
    "train_states_s": 0.012669900024775416,
    "ridge_select_s": 0.009392500040121377,
    "total_s": 0.03826960001606494
  },
  "timestamp": "2026-04-15T22:40:27.407004+00:00"
}