{
  "sweep_name": "pilot_sweep_narma10",
  "config_id": "6394867d74a1",
  "seed": 1234,
  "config_point": {
    "spectral_radius": 0.9,
    "input_scaling": 0.05,
    "leak_rate": 0.6
  },
  "best_ridge": 1e-08,
  "val_curve": {
    "1e-08": 0.2434133914808473,
    "1e-06": 0.28959109441020503,
    "0.0001": 0.33403781281940104,
    "0.01": 0.40564465317912096,
    "0.1": 0.560368239785678,
    "1.0": 0.830047492477408
  },
  "val_metrics": {
    "nmse": 0.2434133914808473,
    "rmse": 0.0553332580943387
  },
  "test_metrics": {
    "nmse": 0.24160117940806747,
    "rmse": 0.049003679184195785
  },
  "timing": {
    "train_states_s": 0.013110500003676862,
    "ridge_select_s": 0.01016069995239377,
    "total_s": 0.039053200045600533
  },
  "timestamp": "2026-04-15T22:40:27.558780+00:00"
}