{
  "sweep_name": "pilot_sweep_narma10",
  "config_id": "6394867d74a1",
  "seed": 789,
  "config_point": {
    "spectral_radius": 0.9,
    "input_scaling": 0.05,
    "leak_rate": 0.6
  },
  "best_ridge": 1e-08,
  "val_curve": {
    "1e-08": 0.21081641590080716,
    "1e-06": 0.23268928361528274,
    "0.0001": 0.27618589966389,
    "0.01": 0.3768286930094898,
    "0.1": 0.48024655591459564,
    "1.0": 0.5991817544450425
  },
  "val_metrics": {
    "nmse": 0.21081641590080716,
    "rmse": 0.0493895771693322
  },
  "test_metrics": {
    "nmse": 0.19299424037924012,
    "rmse": 0.0509149421844202
  },
  "timing": {
    "train_states_s": 0.013068399974144995,
    "ridge_select_s": 0.010316200030501932,
    "total_s": 0.040138899988960475
  },
  "timestamp": "2026-04-15T22:40:27.509070+00:00"
}