{
  "sweep_name": "pilot_sweep_narma10",
  "config_id": "6394867d74a1",
  "seed": 42,
  "config_point": {
    "spectral_radius": 0.9,
    "input_scaling": 0.05,
    "leak_rate": 0.6
  },
  "best_ridge": 1e-08,
  "val_curve": {
    "1e-08": 0.23515196378469108,
    "1e-06": 0.2579504096229485,
    "0.0001": 0.2869203443737439,
    "0.01": 0.3437629182647146,
    "0.1": 0.43928893207098607,
    "1.0": 0.5933265163639232
  },
  "val_metrics": {
    "nmse": 0.23515196378469108,
    "rmse": 0.04944641837890474
  },
  "test_metrics": {
    "nmse": 0.18396232208843924,
    "rmse": 0.05053301712108022
  },
  "timing": {
    "train_states_s": 0.013176999986171722,
    "ridge_select_s": 0.009609200002159923,
    "total_s": 0.04100219998508692
  },
  "timestamp": "2026-04-15T22:40:27.358368+00:00"
}