{
  "sweep_name": "pilot_sweep_narma10",
  "config_id": "648d9fbc435e",
  "seed": 1234,
  "config_point": {
    "spectral_radius": 1.1,
    "input_scaling": 0.1,
    "leak_rate": 0.3
  },
  "best_ridge": 1e-08,
  "val_curve": {
    "1e-08": 0.2356890063708342,
    "1e-06": 0.2677676929344926,
    "0.0001": 0.31393192139036796,
    "0.01": 0.3601038063971837,
    "0.1": 0.46403174550371584,
    "1.0": 0.6186061497750813
  },
  "val_metrics": {
    "nmse": 0.2356890063708342,
    "rmse": 0.05444821815493571
  },
  "test_metrics": {
    "nmse": 0.28818296481984146,
    "rmse": 0.05351965626777385
  },
  "timing": {
    "train_states_s": 0.012933099991641939,
    "ridge_select_s": 0.008896599989384413,
    "total_s": 0.037883699988014996
  },
  "timestamp": "2026-04-15T22:40:31.420949+00:00"
}