{
  "sweep_name": "pilot_sweep_narma10",
  "config_id": "648d9fbc435e",
  "seed": 789,
  "config_point": {
    "spectral_radius": 1.1,
    "input_scaling": 0.1,
    "leak_rate": 0.3
  },
  "best_ridge": 1e-08,
  "val_curve": {
    "1e-08": 0.279269263180976,
    "1e-06": 0.2976015323686418,
    "0.0001": 0.32536076989616136,
    "0.01": 0.38618890687616686,
    "0.1": 0.5204564556589882,
    "1.0": 0.69267079182861
  },
  "val_metrics": {
    "nmse": 0.279269263180976,
    "rmse": 0.05684531336584932
  },
  "test_metrics": {
    "nmse": 0.21093628518331223,
    "rmse": 0.05322905149957333
  },
  "timing": {
    "train_states_s": 0.012488899985328317,
    "ridge_select_s": 0.008978799975011498,
    "total_s": 0.037360899965278804
  },
  "timestamp": "2026-04-15T22:40:31.372773+00:00"
}