{
  "sweep_name": "pilot_sweep_narma10",
  "config_id": "648d9fbc435e",
  "seed": 42,
  "config_point": {
    "spectral_radius": 1.1,
    "input_scaling": 0.1,
    "leak_rate": 0.3
  },
  "best_ridge": 1e-06,
  "val_curve": {
    "1e-08": 0.3424861304052785,
    "1e-06": 0.3362767533862973,
    "0.0001": 0.3938967776180997,
    "0.01": 0.48062496578898345,
    "0.1": 0.5933127100795782,
    "1.0": 0.6784958899180145
  },
  "val_metrics": {
    "nmse": 0.3362767533862973,
    "rmse": 0.059130146793649765
  },
  "test_metrics": {
    "nmse": 0.2846847183367076,
    "rmse": 0.06286267608241163
  },
  "timing": {
    "train_states_s": 0.013159199967049062,
    "ridge_select_s": 0.009387800004333258,
    "total_s": 0.044927199953235686
  },
  "timestamp": "2026-04-15T22:40:31.222935+00:00"
}