{
  "sweep_name": "pilot_sweep_narma10",
  "config_id": "648d9fbc435e",
  "seed": 456,
  "config_point": {
    "spectral_radius": 1.1,
    "input_scaling": 0.1,
    "leak_rate": 0.3
  },
  "best_ridge": 1e-08,
  "val_curve": {
    "1e-08": 0.24292805609722928,
    "1e-06": 0.24614459433746866,
    "0.0001": 0.2954315924940865,
    "0.01": 0.36414290935348426,
    "0.1": 0.4711177367922004,
    "1.0": 0.5965754571502155
  },
  "val_metrics": {
    "nmse": 0.24292805609722928,
    "rmse": 0.04948343122342115
  },
  "test_metrics": {
    "nmse": 0.2857803275248618,
    "rmse": 0.05394677719441225
  },
  "timing": {
    "train_states_s": 0.013403599965386093,
    "ridge_select_s": 0.00951190001796931,
    "total_s": 0.042498999973759055
  },
  "timestamp": "2026-04-15T22:40:31.325177+00:00"
}