{
  "sweep_name": "pilot_sweep_narma10",
  "config_id": "648d9fbc435e",
  "seed": 123,
  "config_point": {
    "spectral_radius": 1.1,
    "input_scaling": 0.1,
    "leak_rate": 0.3
  },
  "best_ridge": 1e-08,
  "val_curve": {
    "1e-08": 0.2233706742770787,
    "1e-06": 0.24707683273278597,
    "0.0001": 0.2880333544115217,
    "0.01": 0.3453567721516521,
    "0.1": 0.44111411458848043,
    "1.0": 0.5166301541651462
  },
  "val_metrics": {
    "nmse": 0.2233706742770787,
    "rmse": 0.05687838232084478
  },
  "test_metrics": {
    "nmse": 0.24518452405505067,
    "rmse": 0.05505769188734753
  },
  "timing": {
    "train_states_s": 0.012544400000479072,
    "ridge_select_s": 0.00936680001905188,
    "total_s": 0.03895899996859953
  },
  "timestamp": "2026-04-15T22:40:31.272289+00:00"
}