{
  "sweep_name": "pilot_sweep_narma10",
  "config_id": "6a52e3b0b141",
  "seed": 1234,
  "config_point": {
    "spectral_radius": 1.3,
    "input_scaling": 0.5,
    "leak_rate": 0.6
  },
  "best_ridge": 1e-06,
  "val_curve": {
    "1e-08": 0.1685140683377758,
    "1e-06": 0.16838670583129572,
    "0.0001": 0.18342759606331024,
    "0.01": 0.2411041398169856,
    "0.1": 0.284215561097868,
    "1.0": 0.3556664179718758
  },
  "val_metrics": {
    "nmse": 0.16838670583129572,
    "rmse": 0.04602225659831979
  },
  "test_metrics": {
    "nmse": 0.20009767183301416,
    "rmse": 0.044596438879344724
  },
  "timing": {
    "train_states_s": 0.012964199995622039,
    "ridge_select_s": 0.009777500003110617,
    "total_s": 0.03886670002248138
  },
  "timestamp": "2026-04-15T22:40:36.473599+00:00"
}