{
  "sweep_name": "pilot_sweep_narma10",
  "config_id": "6a52e3b0b141",
  "seed": 123,
  "config_point": {
    "spectral_radius": 1.3,
    "input_scaling": 0.5,
    "leak_rate": 0.6
  },
  "best_ridge": 1e-06,
  "val_curve": {
    "1e-08": 0.1400142067469921,
    "1e-06": 0.13942605585021892,
    "0.0001": 0.1411671136577349,
    "0.01": 0.1849968088995625,
    "0.1": 0.21954459617730238,
    "1.0": 0.2662174455494541
  },
  "val_metrics": {
    "nmse": 0.13942605585021892,
    "rmse": 0.04493721253436065
  },
  "test_metrics": {
    "nmse": 0.16786640625295843,
    "rmse": 0.045556816750257356
  },
  "timing": {
    "train_states_s": 0.013657199975568801,
    "ridge_select_s": 0.00920519995270297,
    "total_s": 0.04044369998155162
  },
  "timestamp": "2026-04-15T22:40:36.321830+00:00"
}