{
  "sweep_name": "pilot_sweep_narma10",
  "config_id": "6a52e3b0b141",
  "seed": 789,
  "config_point": {
    "spectral_radius": 1.3,
    "input_scaling": 0.5,
    "leak_rate": 0.6
  },
  "best_ridge": 1e-08,
  "val_curve": {
    "1e-08": 0.27508359067368615,
    "1e-06": 0.2750879492503562,
    "0.0001": 0.2755623417438996,
    "0.01": 0.2926654624547959,
    "0.1": 0.31700911971312834,
    "1.0": 0.36475113898892036
  },
  "val_metrics": {
    "nmse": 0.27508359067368615,
    "rmse": 0.05641770785442299
  },
  "test_metrics": {
    "nmse": 0.2868574168442051,
    "rmse": 0.06207348409796498
  },
  "timing": {
    "train_states_s": 0.013628199987579137,
    "ridge_select_s": 0.010178000025916845,
    "total_s": 0.040789399994537234
  },
  "timestamp": "2026-04-15T22:40:36.424095+00:00"
}