{
  "sweep_name": "pilot_sweep_narma10",
  "config_id": "6a52e3b0b141",
  "seed": 42,
  "config_point": {
    "spectral_radius": 1.3,
    "input_scaling": 0.5,
    "leak_rate": 0.6
  },
  "best_ridge": 1e-08,
  "val_curve": {
    "1e-08": 0.2146968944202052,
    "1e-06": 0.21481724070041547,
    "0.0001": 0.21899135055825,
    "0.01": 0.26065824357648815,
    "0.1": 0.3012551112029747,
    "1.0": 0.33113340925095563
  },
  "val_metrics": {
    "nmse": 0.2146968944202052,
    "rmse": 0.04724691054659544
  },
  "test_metrics": {
    "nmse": 0.2587781534485139,
    "rmse": 0.05993418337929151
  },
  "timing": {
    "train_states_s": 0.012846700032241642,
    "ridge_select_s": 0.009454699989873916,
    "total_s": 0.048710100003518164
  },
  "timestamp": "2026-04-15T22:40:36.270891+00:00"
}