{
  "sweep_name": "pilot_sweep_narma10",
  "config_id": "710d1ed7b1ca",
  "seed": 1234,
  "config_point": {
    "spectral_radius": 0.5,
    "input_scaling": 0.05,
    "leak_rate": 0.6
  },
  "best_ridge": 1e-08,
  "val_curve": {
    "1e-08": 0.34959357792522344,
    "1e-06": 0.37101055429301966,
    "0.0001": 0.5337340050805924,
    "0.01": 0.7290257441090312,
    "0.1": 0.819204953099264,
    "1.0": 1.2393358748210277
  },
  "val_metrics": {
    "nmse": 0.34959357792522344,
    "rmse": 0.06631255051452958
  },
  "test_metrics": {
    "nmse": 0.33362355237122715,
    "rmse": 0.05758475376840487
  },
  "timing": {
    "train_states_s": 0.013271200004965067,
    "ridge_select_s": 0.009501199994701892,
    "total_s": 0.03910659998655319
  },
  "timestamp": "2026-04-15T22:40:21.112130+00:00"
}