{
  "sweep_name": "pilot_sweep_narma10",
  "config_id": "710d1ed7b1ca",
  "seed": 42,
  "config_point": {
    "spectral_radius": 0.5,
    "input_scaling": 0.05,
    "leak_rate": 0.6
  },
  "best_ridge": 1e-08,
  "val_curve": {
    "1e-08": 0.3084758611077238,
    "1e-06": 0.34031538932632505,
    "0.0001": 0.40503791269506345,
    "0.01": 0.7532599211306987,
    "0.1": 0.8809064113355717,
    "1.0": 1.4162740245052976
  },
  "val_metrics": {
    "nmse": 0.3084758611077238,
    "rmse": 0.05663320328382228
  },
  "test_metrics": {
    "nmse": 0.3236991826496647,
    "rmse": 0.06703190916986386
  },
  "timing": {
    "train_states_s": 0.012504499987699091,
    "ridge_select_s": 0.009439000044949353,
    "total_s": 0.04058300005272031
  },
  "timestamp": "2026-04-15T22:40:20.915532+00:00"
}