{
  "sweep_name": "pilot_sweep_narma10",
  "config_id": "710d1ed7b1ca",
  "seed": 456,
  "config_point": {
    "spectral_radius": 0.5,
    "input_scaling": 0.05,
    "leak_rate": 0.6
  },
  "best_ridge": 1e-08,
  "val_curve": {
    "1e-08": 0.2669937581582643,
    "1e-06": 0.3209803726638249,
    "0.0001": 0.388384747993855,
    "0.01": 0.5894585447281947,
    "0.1": 0.6736133965578838,
    "1.0": 1.0409344737968962
  },
  "val_metrics": {
    "nmse": 0.2669937581582643,
    "rmse": 0.051876602206072236
  },
  "test_metrics": {
    "nmse": 0.28413192784949637,
    "rmse": 0.05379096791515729
  },
  "timing": {
    "train_states_s": 0.013018700003158301,
    "ridge_select_s": 0.009076500020455569,
    "total_s": 0.04077970003709197
  },
  "timestamp": "2026-04-15T22:40:21.014639+00:00"
}