{
  "sweep_name": "pilot_sweep_narma10",
  "config_id": "710d1ed7b1ca",
  "seed": 789,
  "config_point": {
    "spectral_radius": 0.5,
    "input_scaling": 0.05,
    "leak_rate": 0.6
  },
  "best_ridge": 1e-08,
  "val_curve": {
    "1e-08": 0.3141128762624407,
    "1e-06": 0.34924195410858677,
    "0.0001": 0.4634963487199877,
    "0.01": 0.6430231679728359,
    "0.1": 0.7399993845440304,
    "1.0": 1.23468057046499
  },
  "val_metrics": {
    "nmse": 0.3141128762624407,
    "rmse": 0.06028731817473478
  },
  "test_metrics": {
    "nmse": 0.310755939768509,
    "rmse": 0.06460747973211751
  },
  "timing": {
    "train_states_s": 0.012542800046503544,
    "ridge_select_s": 0.009357700007967651,
    "total_s": 0.038038200000301
  },
  "timestamp": "2026-04-15T22:40:21.062826+00:00"
}