{
  "sweep_name": "pilot_sweep_narma10",
  "config_id": "72f84ae81d5b",
  "seed": 42,
  "config_point": {
    "spectral_radius": 0.7,
    "input_scaling": 0.1,
    "leak_rate": 0.6
  },
  "best_ridge": 1e-08,
  "val_curve": {
    "1e-08": 0.24305054976483695,
    "1e-06": 0.27383170873701823,
    "0.0001": 0.3226835767999386,
    "0.01": 0.38162291079942146,
    "0.1": 0.49155337934362686,
    "1.0": 0.7376397466737812
  },
  "val_metrics": {
    "nmse": 0.24305054976483695,
    "rmse": 0.05026999454749705
  },
  "test_metrics": {
    "nmse": 0.20878308121942182,
    "rmse": 0.05383422171867928
  },
  "timing": {
    "train_states_s": 0.013062699988950044,
    "ridge_select_s": 0.00969549996079877,
    "total_s": 0.04385880002519116
  },
  "timestamp": "2026-04-15T22:40:25.016052+00:00"
}