{
  "sweep_name": "pilot_sweep_narma10",
  "config_id": "72f84ae81d5b",
  "seed": 1234,
  "config_point": {
    "spectral_radius": 0.7,
    "input_scaling": 0.1,
    "leak_rate": 0.6
  },
  "best_ridge": 1e-08,
  "val_curve": {
    "1e-08": 0.257712292717834,
    "1e-06": 0.32034593463583044,
    "0.0001": 0.3639744209219992,
    "0.01": 0.5026485231506758,
    "0.1": 0.6537301712258903,
    "1.0": 0.8034409019029709
  },
  "val_metrics": {
    "nmse": 0.257712292717834,
    "rmse": 0.05693529515464081
  },
  "test_metrics": {
    "nmse": 0.2534746398047002,
    "rmse": 0.05019337750257185
  },
  "timing": {
    "train_states_s": 0.012843000004068017,
    "ridge_select_s": 0.009395100001711398,
    "total_s": 0.03832809999585152
  },
  "timestamp": "2026-04-15T22:40:25.217673+00:00"
}