{
  "sweep_name": "pilot_sweep_narma10",
  "config_id": "72f84ae81d5b",
  "seed": 789,
  "config_point": {
    "spectral_radius": 0.7,
    "input_scaling": 0.1,
    "leak_rate": 0.6
  },
  "best_ridge": 1e-08,
  "val_curve": {
    "1e-08": 0.22553771597110805,
    "1e-06": 0.28557130534172714,
    "0.0001": 0.3318569477736602,
    "0.01": 0.41874421325452105,
    "0.1": 0.4930334736112617,
    "1.0": 0.6515061488632904
  },
  "val_metrics": {
    "nmse": 0.22553771597110805,
    "rmse": 0.05108491608577997
  },
  "test_metrics": {
    "nmse": 0.22150119442689442,
    "rmse": 0.05454577503911858
  },
  "timing": {
    "train_states_s": 0.013403200020547956,
    "ridge_select_s": 0.009662299999035895,
    "total_s": 0.04022560000885278
  },
  "timestamp": "2026-04-15T22:40:25.168566+00:00"
}