{
  "sweep_name": "pilot_sweep_narma10",
  "config_id": "72f84ae81d5b",
  "seed": 456,
  "config_point": {
    "spectral_radius": 0.7,
    "input_scaling": 0.1,
    "leak_rate": 0.6
  },
  "best_ridge": 1e-08,
  "val_curve": {
    "1e-08": 0.19877515589963854,
    "1e-06": 0.22853668528558665,
    "0.0001": 0.3061773995155703,
    "0.01": 0.36190846216103245,
    "0.1": 0.45558548048787867,
    "1.0": 0.5928464422624514
  },
  "val_metrics": {
    "nmse": 0.19877515589963854,
    "rmse": 0.04476123084323529
  },
  "test_metrics": {
    "nmse": 0.2181111695889504,
    "rmse": 0.04712900743171465
  },
  "timing": {
    "train_states_s": 0.0130129000172019,
    "ridge_select_s": 0.009930800006259233,
    "total_s": 0.04096459998982027
  },
  "timestamp": "2026-04-15T22:40:25.118056+00:00"
}