{
  "sweep_name": "pilot_sweep_narma10",
  "config_id": "8805a7b8fef7",
  "seed": 456,
  "config_point": {
    "spectral_radius": 0.5,
    "input_scaling": 0.5,
    "leak_rate": 0.6
  },
  "best_ridge": 1e-08,
  "val_curve": {
    "1e-08": 0.2008914997910416,
    "1e-06": 0.23057019268342008,
    "0.0001": 0.27708765530324886,
    "0.01": 0.41044808483183726,
    "0.1": 0.5155758147040205,
    "1.0": 0.5924208821251781
  },
  "val_metrics": {
    "nmse": 0.2008914997910416,
    "rmse": 0.04499888464930903
  },
  "test_metrics": {
    "nmse": 0.23685701212474866,
    "rmse": 0.04911254766018557
  },
  "timing": {
    "train_states_s": 0.012579599977470934,
    "ridge_select_s": 0.009456300002057105,
    "total_s": 0.0418847999535501
  },
  "timestamp": "2026-04-15T22:40:23.426251+00:00"
}