{
  "sweep_name": "pilot_sweep_narma10",
  "config_id": "8805a7b8fef7",
  "seed": 123,
  "config_point": {
    "spectral_radius": 0.5,
    "input_scaling": 0.5,
    "leak_rate": 0.6
  },
  "best_ridge": 1e-08,
  "val_curve": {
    "1e-08": 0.19888207361064514,
    "1e-06": 0.254756451731878,
    "0.0001": 0.30146357222479037,
    "0.01": 0.4653732139004682,
    "0.1": 0.6003711922728121,
    "1.0": 0.7307114507574674
  },
  "val_metrics": {
    "nmse": 0.19888207361064514,
    "rmse": 0.05367004732451489
  },
  "test_metrics": {
    "nmse": 0.23361869170439464,
    "rmse": 0.05374341605215286
  },
  "timing": {
    "train_states_s": 0.014005300006829202,
    "ridge_select_s": 0.009524699999019504,
    "total_s": 0.04021860001375899
  },
  "timestamp": "2026-04-15T22:40:23.374035+00:00"
}