{
  "sweep_name": "pilot_sweep_narma10",
  "config_id": "8c61467801c0",
  "seed": 1234,
  "config_point": {
    "spectral_radius": 1.3,
    "input_scaling": 0.2,
    "leak_rate": 0.3
  },
  "best_ridge": 1e-08,
  "val_curve": {
    "1e-08": 0.21522215579853246,
    "1e-06": 0.23034432629239032,
    "0.0001": 0.2889650992369929,
    "0.01": 0.3194933174966031,
    "0.1": 0.39198725733666734,
    "1.0": 0.5508976949167678
  },
  "val_metrics": {
    "nmse": 0.21522215579853246,
    "rmse": 0.05203043989682622
  },
  "test_metrics": {
    "nmse": 0.2873551462603516,
    "rmse": 0.05344273217325229
  },
  "timing": {
    "train_states_s": 0.012710099981632084,
    "ridge_select_s": 0.009241199993994087,
    "total_s": 0.037512000009883195
  },
  "timestamp": "2026-04-15T22:40:35.402984+00:00"
}