{
  "sweep_name": "pilot_sweep_narma10",
  "config_id": "8c61467801c0",
  "seed": 789,
  "config_point": {
    "spectral_radius": 1.3,
    "input_scaling": 0.2,
    "leak_rate": 0.3
  },
  "best_ridge": 1e-08,
  "val_curve": {
    "1e-08": 0.3114376199255873,
    "1e-06": 0.31346762349816965,
    "0.0001": 0.3298366425208574,
    "0.01": 0.34907290591748125,
    "0.1": 0.44528859916764474,
    "1.0": 0.6117699656500241
  },
  "val_metrics": {
    "nmse": 0.3114376199255873,
    "rmse": 0.060030039787086535
  },
  "test_metrics": {
    "nmse": 0.3067128319558074,
    "rmse": 0.06418581407237237
  },
  "timing": {
    "train_states_s": 0.013257799961138517,
    "ridge_select_s": 0.009284000028856099,
    "total_s": 0.03872939996654168
  },
  "timestamp": "2026-04-15T22:40:35.355049+00:00"
}