{
  "sweep_name": "pilot_sweep_narma10",
  "config_id": "8c61467801c0",
  "seed": 456,
  "config_point": {
    "spectral_radius": 1.3,
    "input_scaling": 0.2,
    "leak_rate": 0.3
  },
  "best_ridge": 0.01,
  "val_curve": {
    "1e-08": 0.4351327853709057,
    "1e-06": 0.4351062554003603,
    "0.0001": 0.4329179003621677,
    "0.01": 0.42593658642393706,
    "0.1": 0.4961328045659715,
    "1.0": 0.6205773278626706
  },
  "val_metrics": {
    "nmse": 0.42593658642393706,
    "rmse": 0.06552294995518822
  },
  "test_metrics": {
    "nmse": 0.4834599917241563,
    "rmse": 0.07016646708781732
  },
  "timing": {
    "train_states_s": 0.01248699997086078,
    "ridge_select_s": 0.009119800000917166,
    "total_s": 0.041528799978550524
  },
  "timestamp": "2026-04-15T22:40:35.306145+00:00"
}