{
  "sweep_name": "pilot_sweep_narma10",
  "config_id": "8c61467801c0",
  "seed": 42,
  "config_point": {
    "spectral_radius": 1.3,
    "input_scaling": 0.2,
    "leak_rate": 0.3
  },
  "best_ridge": 1e-06,
  "val_curve": {
    "1e-08": 0.3497795559098432,
    "1e-06": 0.34465125847125716,
    "0.0001": 0.3576289257844947,
    "0.01": 0.3797679216566582,
    "0.1": 0.4582593554976366,
    "1.0": 0.5742097585675638
  },
  "val_metrics": {
    "nmse": 0.34465125847125716,
    "rmse": 0.05986189606479197
  },
  "test_metrics": {
    "nmse": 0.23767669664857732,
    "rmse": 0.057438632137988485
  },
  "timing": {
    "train_states_s": 0.01271810004254803,
    "ridge_select_s": 0.009383399970829487,
    "total_s": 0.04932089999783784
  },
  "timestamp": "2026-04-15T22:40:35.204617+00:00"
}