{
  "sweep_name": "pilot_sweep_narma10",
  "config_id": "8f61b70683dd",
  "seed": 789,
  "config_point": {
    "spectral_radius": 0.9,
    "input_scaling": 0.1,
    "leak_rate": 0.3
  },
  "best_ridge": 1e-08,
  "val_curve": {
    "1e-08": 0.281007973676778,
    "1e-06": 0.3152230550564739,
    "0.0001": 0.3230343734157386,
    "0.01": 0.4149320313305635,
    "0.1": 0.5865511542393197,
    "1.0": 0.715474100788143
  },
  "val_metrics": {
    "nmse": 0.281007973676778,
    "rmse": 0.057021996220292644
  },
  "test_metrics": {
    "nmse": 0.23140043756559603,
    "rmse": 0.05575132182989989
  },
  "timing": {
    "train_states_s": 0.012687900045420974,
    "ridge_select_s": 0.009377499984111637,
    "total_s": 0.03859000001102686
  },
  "timestamp": "2026-04-15T22:40:28.083813+00:00"
}