{
  "sweep_name": "pilot_sweep_narma10",
  "config_id": "8f61b70683dd",
  "seed": 456,
  "config_point": {
    "spectral_radius": 0.9,
    "input_scaling": 0.1,
    "leak_rate": 0.3
  },
  "best_ridge": 1e-08,
  "val_curve": {
    "1e-08": 0.2349943156525698,
    "1e-06": 0.2628938329817784,
    "0.0001": 0.3294867343931962,
    "0.01": 0.42170083867413943,
    "0.1": 0.5441009512902057,
    "1.0": 0.6070302622101773
  },
  "val_metrics": {
    "nmse": 0.2349943156525698,
    "rmse": 0.04866868896841387
  },
  "test_metrics": {
    "nmse": 0.28256130693428033,
    "rmse": 0.05364208936814372
  },
  "timing": {
    "train_states_s": 0.01317729998845607,
    "ridge_select_s": 0.00990020000608638,
    "total_s": 0.04193120001582429
  },
  "timestamp": "2026-04-15T22:40:28.034768+00:00"
}