{
  "sweep_name": "pilot_sweep_narma10",
  "config_id": "8f61b70683dd",
  "seed": 1234,
  "config_point": {
    "spectral_radius": 0.9,
    "input_scaling": 0.1,
    "leak_rate": 0.3
  },
  "best_ridge": 1e-08,
  "val_curve": {
    "1e-08": 0.24409863129144116,
    "1e-06": 0.31061682508637467,
    "0.0001": 0.348635390687763,
    "0.01": 0.4573391200683139,
    "0.1": 0.5680415832932955,
    "1.0": 0.630536689767934
  },
  "val_metrics": {
    "nmse": 0.24409863129144116,
    "rmse": 0.05541108845440197
  },
  "test_metrics": {
    "nmse": 0.30317760955365824,
    "rmse": 0.05489435987895658
  },
  "timing": {
    "train_states_s": 0.013699400005862117,
    "ridge_select_s": 0.009221400017850101,
    "total_s": 0.03893550002248958
  },
  "timestamp": "2026-04-15T22:40:28.133066+00:00"
}