{
  "sweep_name": "pilot_sweep_narma10",
  "config_id": "8f61b70683dd",
  "seed": 42,
  "config_point": {
    "spectral_radius": 0.9,
    "input_scaling": 0.1,
    "leak_rate": 0.3
  },
  "best_ridge": 1e-08,
  "val_curve": {
    "1e-08": 0.28652090661994384,
    "1e-06": 0.3355887296670233,
    "0.0001": 0.3563826366100151,
    "0.01": 0.4464122331004717,
    "0.1": 0.5482420277630581,
    "1.0": 0.6308943913586019
  },
  "val_metrics": {
    "nmse": 0.28652090661994384,
    "rmse": 0.05458064864560579
  },
  "test_metrics": {
    "nmse": 0.21077728330359363,
    "rmse": 0.054090710843049096
  },
  "timing": {
    "train_states_s": 0.01347240002360195,
    "ridge_select_s": 0.010359000007156283,
    "total_s": 0.0649876999668777
  },
  "timestamp": "2026-04-15T22:40:27.932061+00:00"
}