{
  "sweep_name": "pilot_sweep_narma10",
  "config_id": "8f61b70683dd",
  "seed": 123,
  "config_point": {
    "spectral_radius": 0.9,
    "input_scaling": 0.1,
    "leak_rate": 0.3
  },
  "best_ridge": 1e-08,
  "val_curve": {
    "1e-08": 0.22757594300706369,
    "1e-06": 0.27152501949822727,
    "0.0001": 0.2922950404008013,
    "0.01": 0.39083318035188547,
    "0.1": 0.4869377801942035,
    "1.0": 0.552723045595653
  },
  "val_metrics": {
    "nmse": 0.22757594300706369,
    "rmse": 0.0574112937922138
  },
  "test_metrics": {
    "nmse": 0.2600447189132994,
    "rmse": 0.05670162339731532
  },
  "timing": {
    "train_states_s": 0.013118600007146597,
    "ridge_select_s": 0.010011599981226027,
    "total_s": 0.04001390002667904
  },
  "timestamp": "2026-04-15T22:40:27.982496+00:00"
}