{
  "sweep_name": "pilot_sweep_narma10",
  "config_id": "9744509c8879",
  "seed": 123,
  "config_point": {
    "spectral_radius": 0.9,
    "input_scaling": 0.5,
    "leak_rate": 0.6
  },
  "best_ridge": 1e-08,
  "val_curve": {
    "1e-08": 0.14785835291529761,
    "1e-06": 0.14866197564778968,
    "0.0001": 0.1744475243591655,
    "0.01": 0.24407677482281817,
    "0.1": 0.31134321410816507,
    "1.0": 0.3759270594915634
  },
  "val_metrics": {
    "nmse": 0.14785835291529761,
    "rmse": 0.046276136190697814
  },
  "test_metrics": {
    "nmse": 0.17665234623093493,
    "rmse": 0.04673380896310643
  },
  "timing": {
    "train_states_s": 0.01325449999421835,
    "ridge_select_s": 0.009725399955641478,
    "total_s": 0.03999640000984073
  },
  "timestamp": "2026-04-15T22:40:29.938654+00:00"
}