{
  "sweep_name": "pilot_sweep_narma10",
  "config_id": "9744509c8879",
  "seed": 456,
  "config_point": {
    "spectral_radius": 0.9,
    "input_scaling": 0.5,
    "leak_rate": 0.6
  },
  "best_ridge": 1e-06,
  "val_curve": {
    "1e-08": 0.17483919899160988,
    "1e-06": 0.17381814292057288,
    "0.0001": 0.19047092538527888,
    "0.01": 0.2202511533016262,
    "0.1": 0.24400840736277893,
    "1.0": 0.32723032047526074
  },
  "val_metrics": {
    "nmse": 0.17381814292057288,
    "rmse": 0.04185704082235547
  },
  "test_metrics": {
    "nmse": 0.18459041673572707,
    "rmse": 0.043356469961473375
  },
  "timing": {
    "train_states_s": 0.013238699990324676,
    "ridge_select_s": 0.009204599948134273,
    "total_s": 0.041773200035095215
  },
  "timestamp": "2026-04-15T22:40:29.990987+00:00"
}