{
  "sweep_name": "pilot_sweep_narma10",
  "config_id": "9744509c8879",
  "seed": 789,
  "config_point": {
    "spectral_radius": 0.9,
    "input_scaling": 0.5,
    "leak_rate": 0.6
  },
  "best_ridge": 1e-08,
  "val_curve": {
    "1e-08": 0.20953330095941064,
    "1e-06": 0.2125981099790091,
    "0.0001": 0.24332043274933793,
    "0.01": 0.2731479567135326,
    "0.1": 0.309800860034084,
    "1.0": 0.4290322711242522
  },
  "val_metrics": {
    "nmse": 0.20953330095941064,
    "rmse": 0.04923904518523475
  },
  "test_metrics": {
    "nmse": 0.18004461641907946,
    "rmse": 0.04917712674029192
  },
  "timing": {
    "train_states_s": 0.013296599965542555,
    "ridge_select_s": 0.009622200042940676,
    "total_s": 0.039789400005247444
  },
  "timestamp": "2026-04-15T22:40:30.041098+00:00"
}