{
  "sweep_name": "pilot_sweep_narma10",
  "config_id": "9bba7c25d761",
  "seed": 123,
  "config_point": {
    "spectral_radius": 1.1,
    "input_scaling": 0.2,
    "leak_rate": 1.0
  },
  "best_ridge": 0.0001,
  "val_curve": {
    "1e-08": 0.15050965083274395,
    "1e-06": 0.15048871901998415,
    "0.0001": 0.1495571817821422,
    "0.01": 0.15629534270639814,
    "0.1": 0.18438500926941767,
    "1.0": 0.25864127872254516
  },
  "val_metrics": {
    "nmse": 0.1495571817821422,
    "rmse": 0.046541223379420175
  },
  "test_metrics": {
    "nmse": 0.15118319050939125,
    "rmse": 0.04323378187436301
  },
  "timing": {
    "train_states_s": 0.012939999985974282,
    "ridge_select_s": 0.00926600000821054,
    "total_s": 0.03886529995361343
  },
  "timestamp": "2026-04-15T22:40:32.611228+00:00"
}