{
  "sweep_name": "pilot_sweep_narma10",
  "config_id": "9bba7c25d761",
  "seed": 789,
  "config_point": {
    "spectral_radius": 1.1,
    "input_scaling": 0.2,
    "leak_rate": 1.0
  },
  "best_ridge": 0.0001,
  "val_curve": {
    "1e-08": 0.13145729755410043,
    "1e-06": 0.1314415511471015,
    "0.0001": 0.13123338164649404,
    "0.01": 0.1536169498729375,
    "0.1": 0.19518814018019848,
    "1.0": 0.292179200089352
  },
  "val_metrics": {
    "nmse": 0.13123338164649404,
    "rmse": 0.03896774326812479
  },
  "test_metrics": {
    "nmse": 0.16374675436391123,
    "rmse": 0.04689855168128669
  },
  "timing": {
    "train_states_s": 0.01311059994623065,
    "ridge_select_s": 0.009858000034000725,
    "total_s": 0.03969350003171712
  },
  "timestamp": "2026-04-15T22:40:32.711124+00:00"
}