{
  "sweep_name": "pilot_sweep_narma10",
  "config_id": "9bba7c25d761",
  "seed": 456,
  "config_point": {
    "spectral_radius": 1.1,
    "input_scaling": 0.2,
    "leak_rate": 1.0
  },
  "best_ridge": 1e-08,
  "val_curve": {
    "1e-08": 0.2979556734488749,
    "1e-06": 0.29795670372348904,
    "0.0001": 0.2980776670984582,
    "0.01": 0.30560977925876065,
    "0.1": 0.32030852799554366,
    "1.0": 0.41432687146019276
  },
  "val_metrics": {
    "nmse": 0.2979556734488749,
    "rmse": 0.05480204923563288
  },
  "test_metrics": {
    "nmse": 0.2575831550010187,
    "rmse": 0.05121628449267408
  },
  "timing": {
    "train_states_s": 0.012478300021030009,
    "ridge_select_s": 0.0092022999888286,
    "total_s": 0.039188899972941726
  },
  "timestamp": "2026-04-15T22:40:32.661047+00:00"
}