{
  "sweep_name": "pilot_sweep_narma10",
  "config_id": "9bba7c25d761",
  "seed": 1234,
  "config_point": {
    "spectral_radius": 1.1,
    "input_scaling": 0.2,
    "leak_rate": 1.0
  },
  "best_ridge": 0.01,
  "val_curve": {
    "1e-08": 0.2741278106695885,
    "1e-06": 0.2741215696802224,
    "0.0001": 0.2735788183139386,
    "0.01": 0.27058233093793355,
    "0.1": 0.29171152624313373,
    "1.0": 0.3490455699328494
  },
  "val_metrics": {
    "nmse": 0.27058233093793355,
    "rmse": 0.05833963745597375
  },
  "test_metrics": {
    "nmse": 0.2372777478561823,
    "rmse": 0.04856324165819655
  },
  "timing": {
    "train_states_s": 0.012558199989143759,
    "ridge_select_s": 0.009062700031790882,
    "total_s": 0.03696099994704127
  },
  "timestamp": "2026-04-15T22:40:32.758289+00:00"
}