{
  "sweep_name": "pilot_sweep_narma10",
  "config_id": "9bba7c25d761",
  "seed": 42,
  "config_point": {
    "spectral_radius": 1.1,
    "input_scaling": 0.2,
    "leak_rate": 1.0
  },
  "best_ridge": 1e-08,
  "val_curve": {
    "1e-08": 0.19016484976022907,
    "1e-06": 0.1901651370664491,
    "0.0001": 0.1910772725936118,
    "0.01": 0.23013574308898588,
    "0.1": 0.2694307722203778,
    "1.0": 0.3514644642557378
  },
  "val_metrics": {
    "nmse": 0.19016484976022907,
    "rmse": 0.04446575354697411
  },
  "test_metrics": {
    "nmse": 0.21816050816565885,
    "rmse": 0.055029916750105455
  },
  "timing": {
    "train_states_s": 0.012547200021799654,
    "ridge_select_s": 0.009498900035396218,
    "total_s": 0.0409986000158824
  },
  "timestamp": "2026-04-15T22:40:32.562140+00:00"
}