{
  "sweep_name": "pilot_sweep_narma10",
  "config_id": "9c67a6f86fa9",
  "seed": 789,
  "config_point": {
    "spectral_radius": 0.9,
    "input_scaling": 0.1,
    "leak_rate": 0.6
  },
  "best_ridge": 1e-08,
  "val_curve": {
    "1e-08": 0.19740614451567515,
    "1e-06": 0.2251042069195833,
    "0.0001": 0.25526242216585465,
    "0.01": 0.3349731378035469,
    "0.1": 0.4253462438789929,
    "1.0": 0.5245005390631504
  },
  "val_metrics": {
    "nmse": 0.19740614451567515,
    "rmse": 0.047792904945013245
  },
  "test_metrics": {
    "nmse": 0.1732470569837439,
    "rmse": 0.04823985721703045
  },
  "timing": {
    "train_states_s": 0.013111000007484108,
    "ridge_select_s": 0.00950299995020032,
    "total_s": 0.039644000004045665
  },
  "timestamp": "2026-04-15T22:40:28.356813+00:00"
}