{
  "sweep_name": "pilot_sweep_narma10",
  "config_id": "9c67a6f86fa9",
  "seed": 42,
  "config_point": {
    "spectral_radius": 0.9,
    "input_scaling": 0.1,
    "leak_rate": 0.6
  },
  "best_ridge": 1e-08,
  "val_curve": {
    "1e-08": 0.2112353383054146,
    "1e-06": 0.24882023183211868,
    "0.0001": 0.2639706381728465,
    "0.01": 0.3203548900304709,
    "0.1": 0.3723429786075898,
    "1.0": 0.5032909883400367
  },
  "val_metrics": {
    "nmse": 0.2112353383054146,
    "rmse": 0.04686448205112597
  },
  "test_metrics": {
    "nmse": 0.16488084158901212,
    "rmse": 0.04784051931076455
  },
  "timing": {
    "train_states_s": 0.013120399962645024,
    "ridge_select_s": 0.00984379998408258,
    "total_s": 0.06004010001197457
  },
  "timestamp": "2026-04-15T22:40:28.203628+00:00"
}