{
  "sweep_name": "pilot_sweep_narma10",
  "config_id": "9c67a6f86fa9",
  "seed": 1234,
  "config_point": {
    "spectral_radius": 0.9,
    "input_scaling": 0.1,
    "leak_rate": 0.6
  },
  "best_ridge": 1e-08,
  "val_curve": {
    "1e-08": 0.20070609126719002,
    "1e-06": 0.2712340947389734,
    "0.0001": 0.31769794372039367,
    "0.01": 0.37535734192467096,
    "0.1": 0.44703974959699594,
    "1.0": 0.6613423080813353
  },
  "val_metrics": {
    "nmse": 0.20070609126719002,
    "rmse": 0.050245166032223225
  },
  "test_metrics": {
    "nmse": 0.20886673362093583,
    "rmse": 0.04556315620802935
  },
  "timing": {
    "train_states_s": 0.012608300021383911,
    "ridge_select_s": 0.009520499967038631,
    "total_s": 0.038279399974271655
  },
  "timestamp": "2026-04-15T22:40:28.405705+00:00"
}