{
  "sweep_name": "pilot_sweep_narma10",
  "config_id": "a761a74a4ea7",
  "seed": 456,
  "config_point": {
    "spectral_radius": 1.3,
    "input_scaling": 0.1,
    "leak_rate": 1.0
  },
  "best_ridge": 0.0001,
  "val_curve": {
    "1e-08": 0.3449747202174104,
    "1e-06": 0.34497112442085964,
    "0.0001": 0.34465960383077515,
    "0.01": 0.34712722414148356,
    "0.1": 0.3794330457595889,
    "1.0": 0.4975561694459522
  },
  "val_metrics": {
    "nmse": 0.34465960383077515,
    "rmse": 0.058940818307713465
  },
  "test_metrics": {
    "nmse": 0.33326096928702587,
    "rmse": 0.05825612139611443
  },
  "timing": {
    "train_states_s": 0.013525099959224463,
    "ridge_select_s": 0.009785200003534555,
    "total_s": 0.04163479997077957
  },
  "timestamp": "2026-04-15T22:40:35.009268+00:00"
}