{
  "sweep_name": "pilot_sweep_narma10",
  "config_id": "a761a74a4ea7",
  "seed": 789,
  "config_point": {
    "spectral_radius": 1.3,
    "input_scaling": 0.1,
    "leak_rate": 1.0
  },
  "best_ridge": 0.1,
  "val_curve": {
    "1e-08": 0.73302822016554,
    "1e-06": 0.7330267064967914,
    "0.0001": 0.7328757385766711,
    "0.01": 0.7208575486958005,
    "0.1": 0.689374307458385,
    "1.0": 0.7085973527051258
  },
  "val_metrics": {
    "nmse": 0.689374307458385,
    "rmse": 0.08931217012584863
  },
  "test_metrics": {
    "nmse": 0.6870548137280426,
    "rmse": 0.09606579345581352
  },
  "timing": {
    "train_states_s": 0.012905300012789667,
    "ridge_select_s": 0.009387199999764562,
    "total_s": 0.03862110001500696
  },
  "timestamp": "2026-04-15T22:40:35.058440+00:00"
}