{
  "sweep_name": "pilot_sweep_narma10",
  "config_id": "a761a74a4ea7",
  "seed": 123,
  "config_point": {
    "spectral_radius": 1.3,
    "input_scaling": 0.1,
    "leak_rate": 1.0
  },
  "best_ridge": 1e-08,
  "val_curve": {
    "1e-08": 0.14388657190979245,
    "1e-06": 0.1438887523572612,
    "0.0001": 0.14400735806290463,
    "0.01": 0.163383616857132,
    "0.1": 0.2058848271720216,
    "1.0": 0.31073484074126173
  },
  "val_metrics": {
    "nmse": 0.14388657190979245,
    "rmse": 0.045650368894409446
  },
  "test_metrics": {
    "nmse": 0.15498912201351367,
    "rmse": 0.04377458958608271
  },
  "timing": {
    "train_states_s": 0.012988000002223998,
    "ridge_select_s": 0.00962599995546043,
    "total_s": 0.03935189999174327
  },
  "timestamp": "2026-04-15T22:40:34.957102+00:00"
}