{
  "sweep_name": "pilot_sweep_narma10",
  "config_id": "aa2ec9a58ffc",
  "seed": 42,
  "config_point": {
    "spectral_radius": 1.1,
    "input_scaling": 0.2,
    "leak_rate": 0.3
  },
  "best_ridge": 1e-06,
  "val_curve": {
    "1e-08": 0.33552399148994355,
    "1e-06": 0.33249024323482274,
    "0.0001": 0.3651883784392306,
    "0.01": 0.40395531575500615,
    "0.1": 0.500171617374313,
    "1.0": 0.6001237162535743
  },
  "val_metrics": {
    "nmse": 0.33249024323482274,
    "rmse": 0.0587962986344987
  },
  "test_metrics": {
    "nmse": 0.22060009483815596,
    "rmse": 0.055336748225113974
  },
  "timing": {
    "train_states_s": 0.012693700031377375,
    "ridge_select_s": 0.00973709998652339,
    "total_s": 0.040347900008782744
  },
  "timestamp": "2026-04-15T22:40:32.052020+00:00"
}