{
  "sweep_name": "pilot_sweep_narma10",
  "config_id": "aa2ec9a58ffc",
  "seed": 789,
  "config_point": {
    "spectral_radius": 1.1,
    "input_scaling": 0.2,
    "leak_rate": 0.3
  },
  "best_ridge": 1e-08,
  "val_curve": {
    "1e-08": 0.2735205025211508,
    "1e-06": 0.282159074670054,
    "0.0001": 0.3200406100290497,
    "0.01": 0.3367198162662037,
    "0.1": 0.4301136889298681,
    "1.0": 0.5795189087496154
  },
  "val_metrics": {
    "nmse": 0.2735205025211508,
    "rmse": 0.0562571903172378
  },
  "test_metrics": {
    "nmse": 0.20426581347293882,
    "rmse": 0.05238065499102093
  },
  "timing": {
    "train_states_s": 0.013183399976696819,
    "ridge_select_s": 0.009229100018274039,
    "total_s": 0.03906549996463582
  },
  "timestamp": "2026-04-15T22:40:32.203199+00:00"
}