{
  "sweep_name": "pilot_sweep_narma10",
  "config_id": "aa2ec9a58ffc",
  "seed": 123,
  "config_point": {
    "spectral_radius": 1.1,
    "input_scaling": 0.2,
    "leak_rate": 0.3
  },
  "best_ridge": 1e-08,
  "val_curve": {
    "1e-08": 0.21643153164653786,
    "1e-06": 0.22673894622182175,
    "0.0001": 0.27270529243544284,
    "0.01": 0.3084465379543508,
    "0.1": 0.3871913923125496,
    "1.0": 0.4617974830138366
  },
  "val_metrics": {
    "nmse": 0.21643153164653786,
    "rmse": 0.05598793180713114
  },
  "test_metrics": {
    "nmse": 0.24080387076846166,
    "rmse": 0.054563623781339214
  },
  "timing": {
    "train_states_s": 0.013206499977968633,
    "ridge_select_s": 0.009675500041339546,
    "total_s": 0.03987330000381917
  },
  "timestamp": "2026-04-15T22:40:32.102238+00:00"
}