{
  "sweep_name": "pilot_sweep_narma10",
  "config_id": "aa2ec9a58ffc",
  "seed": 456,
  "config_point": {
    "spectral_radius": 1.1,
    "input_scaling": 0.2,
    "leak_rate": 0.3
  },
  "best_ridge": 1e-06,
  "val_curve": {
    "1e-08": 0.269098378347592,
    "1e-06": 0.24871522481931155,
    "0.0001": 0.27623119783013567,
    "0.01": 0.31030679430695746,
    "0.1": 0.37468463104649424,
    "1.0": 0.5270975750565627
  },
  "val_metrics": {
    "nmse": 0.24871522481931155,
    "rmse": 0.05006937316173012
  },
  "test_metrics": {
    "nmse": 0.29637394161984065,
    "rmse": 0.054937557638702596
  },
  "timing": {
    "train_states_s": 0.012456700031179935,
    "ridge_select_s": 0.009596200019586831,
    "total_s": 0.04077399999368936
  },
  "timestamp": "2026-04-15T22:40:32.153793+00:00"
}