{
  "sweep_name": "pilot_sweep_narma10",
  "config_id": "ae031b6366dd",
  "seed": 123,
  "config_point": {
    "spectral_radius": 1.1,
    "input_scaling": 0.1,
    "leak_rate": 1.0
  },
  "best_ridge": 0.0001,
  "val_curve": {
    "1e-08": 0.14327606208732807,
    "1e-06": 0.14304056668922713,
    "0.0001": 0.14291211651389865,
    "0.01": 0.16365100576495564,
    "0.1": 0.21722642162740166,
    "1.0": 0.2890494270634995
  },
  "val_metrics": {
    "nmse": 0.14291211651389865,
    "rmse": 0.045495525325804656
  },
  "test_metrics": {
    "nmse": 0.15062900057763356,
    "rmse": 0.04315446841337551
  },
  "timing": {
    "train_states_s": 0.012744200008455664,
    "ridge_select_s": 0.009315300034359097,
    "total_s": 0.03885100001934916
  },
  "timestamp": "2026-04-15T22:40:31.849692+00:00"
}