{
  "sweep_name": "pilot_sweep_narma10",
  "config_id": "ae031b6366dd",
  "seed": 456,
  "config_point": {
    "spectral_radius": 1.1,
    "input_scaling": 0.1,
    "leak_rate": 1.0
  },
  "best_ridge": 0.01,
  "val_curve": {
    "1e-08": 0.3572326801429966,
    "1e-06": 0.3570459245756807,
    "0.0001": 0.3492271352457327,
    "0.01": 0.3230518747836542,
    "0.1": 0.3830817496389249,
    "1.0": 0.4788295549457732
  },
  "val_metrics": {
    "nmse": 0.3230518747836542,
    "rmse": 0.05706332867243411
  },
  "test_metrics": {
    "nmse": 0.2135798539466151,
    "rmse": 0.04663687936968274
  },
  "timing": {
    "train_states_s": 0.01333879999583587,
    "ridge_select_s": 0.010153000010177493,
    "total_s": 0.043291800015140325
  },
  "timestamp": "2026-04-15T22:40:31.903466+00:00"
}