{
  "sweep_name": "pilot_sweep_narma10",
  "config_id": "ae031b6366dd",
  "seed": 42,
  "config_point": {
    "spectral_radius": 1.1,
    "input_scaling": 0.1,
    "leak_rate": 1.0
  },
  "best_ridge": 1e-08,
  "val_curve": {
    "1e-08": 0.21371808581272403,
    "1e-06": 0.21387433785086646,
    "0.0001": 0.22803683156792828,
    "0.01": 0.2902626237736834,
    "0.1": 0.3598285540003369,
    "1.0": 0.46497376424633957
  },
  "val_metrics": {
    "nmse": 0.21371808581272403,
    "rmse": 0.047139087580292165
  },
  "test_metrics": {
    "nmse": 0.2276412642400511,
    "rmse": 0.05621293766856548
  },
  "timing": {
    "train_states_s": 0.013222100038547069,
    "ridge_select_s": 0.009569499990902841,
    "total_s": 0.11332709999987856
  },
  "timestamp": "2026-04-15T22:40:31.800416+00:00"
}