{
  "sweep_name": "pilot_sweep_narma10",
  "config_id": "aeb751998e63",
  "seed": 42,
  "config_point": {
    "spectral_radius": 0.7,
    "input_scaling": 0.2,
    "leak_rate": 1.0
  },
  "best_ridge": 1e-08,
  "val_curve": {
    "1e-08": 0.14064259872961857,
    "1e-06": 0.15189724998724935,
    "0.0001": 0.1772568403758593,
    "0.01": 0.32043165631726317,
    "0.1": 0.5673500261819331,
    "1.0": 0.7564642333921806
  },
  "val_metrics": {
    "nmse": 0.14064259872961857,
    "rmse": 0.038240096141864514
  },
  "test_metrics": {
    "nmse": 0.1489784831217497,
    "rmse": 0.04547498469295019
  },
  "timing": {
    "train_states_s": 0.013091000029817224,
    "ridge_select_s": 0.00974010000936687,
    "total_s": 0.04514419997576624
  },
  "timestamp": "2026-04-15T22:40:26.035484+00:00"
}