{
  "sweep_name": "pilot_sweep_narma10",
  "config_id": "aeb751998e63",
  "seed": 789,
  "config_point": {
    "spectral_radius": 0.7,
    "input_scaling": 0.2,
    "leak_rate": 1.0
  },
  "best_ridge": 1e-08,
  "val_curve": {
    "1e-08": 0.13503922550494848,
    "1e-06": 0.161540202477314,
    "0.0001": 0.19114289247393196,
    "0.01": 0.4042567160079177,
    "0.1": 0.5729368673733841,
    "1.0": 0.6510565265420399
  },
  "val_metrics": {
    "nmse": 0.13503922550494848,
    "rmse": 0.0395287484980508
  },
  "test_metrics": {
    "nmse": 0.15837072907065133,
    "rmse": 0.04612225565983975
  },
  "timing": {
    "train_states_s": 0.012928200012538582,
    "ridge_select_s": 0.011467800009995699,
    "total_s": 0.04070390004198998
  },
  "timestamp": "2026-04-15T22:40:26.193510+00:00"
}