{
  "sweep_name": "pilot_sweep_narma10",
  "config_id": "aeb751998e63",
  "seed": 456,
  "config_point": {
    "spectral_radius": 0.7,
    "input_scaling": 0.2,
    "leak_rate": 1.0
  },
  "best_ridge": 1e-08,
  "val_curve": {
    "1e-08": 0.1092754410805878,
    "1e-06": 0.16060113703359266,
    "0.0001": 0.20494789174478414,
    "0.01": 0.2692373111924835,
    "0.1": 0.4513054288702614,
    "1.0": 0.6441307146007398
  },
  "val_metrics": {
    "nmse": 0.1092754410805878,
    "rmse": 0.03318808952591236
  },
  "test_metrics": {
    "nmse": 0.109796051548527,
    "rmse": 0.03343818538637446
  },
  "timing": {
    "train_states_s": 0.012460700003430247,
    "ridge_select_s": 0.009280099999159575,
    "total_s": 0.03983470000093803
  },
  "timestamp": "2026-04-15T22:40:26.142439+00:00"
}