{
  "sweep_name": "pilot_sweep_narma10",
  "config_id": "aeb751998e63",
  "seed": 1234,
  "config_point": {
    "spectral_radius": 0.7,
    "input_scaling": 0.2,
    "leak_rate": 1.0
  },
  "best_ridge": 1e-08,
  "val_curve": {
    "1e-08": 0.19190195202811744,
    "1e-06": 0.23304322795147958,
    "0.0001": 0.2509754238777219,
    "0.01": 0.5428552845285564,
    "0.1": 0.740346330535566,
    "1.0": 0.8612927517070236
  },
  "val_metrics": {
    "nmse": 0.19190195202811744,
    "rmse": 0.04913078523032742
  },
  "test_metrics": {
    "nmse": 0.15273546059709778,
    "rmse": 0.03896270519050728
  },
  "timing": {
    "train_states_s": 0.012847600039094687,
    "ridge_select_s": 0.010379899991676211,
    "total_s": 0.03964159998577088
  },
  "timestamp": "2026-04-15T22:40:26.244059+00:00"
}