{
  "sweep_name": "pilot_sweep_narma10",
  "config_id": "aeb751998e63",
  "seed": 123,
  "config_point": {
    "spectral_radius": 0.7,
    "input_scaling": 0.2,
    "leak_rate": 1.0
  },
  "best_ridge": 1e-08,
  "val_curve": {
    "1e-08": 0.15661467476537583,
    "1e-06": 0.18460360682898472,
    "0.0001": 0.205587240756783,
    "0.01": 0.43347187380280794,
    "0.1": 0.6913328999961175,
    "1.0": 0.8566444494416745
  },
  "val_metrics": {
    "nmse": 0.15661467476537583,
    "rmse": 0.04762668839875928
  },
  "test_metrics": {
    "nmse": 0.15595850131441763,
    "rmse": 0.04391127026422858
  },
  "timing": {
    "train_states_s": 0.013363400008529425,
    "ridge_select_s": 0.0111017000162974,
    "total_s": 0.04603319999296218
  },
  "timestamp": "2026-04-15T22:40:26.092075+00:00"
}