{
  "sweep_name": "pilot_sweep_narma10",
  "config_id": "b3006a383a87",
  "seed": 1234,
  "config_point": {
    "spectral_radius": 1.1,
    "input_scaling": 0.5,
    "leak_rate": 0.3
  },
  "best_ridge": 1e-08,
  "val_curve": {
    "1e-08": 0.1993698728566412,
    "1e-06": 0.20664934179555677,
    "0.0001": 0.25023307192630884,
    "0.01": 0.30651440513796646,
    "0.1": 0.34167595143762103,
    "1.0": 0.4343788323372232
  },
  "val_metrics": {
    "nmse": 0.1993698728566412,
    "rmse": 0.05007763092120536
  },
  "test_metrics": {
    "nmse": 0.2776900114838256,
    "rmse": 0.05253627688703187
  },
  "timing": {
    "train_states_s": 0.012924499984364957,
    "ridge_select_s": 0.009170700039248914,
    "total_s": 0.038012700038962066
  },
  "timestamp": "2026-04-15T22:40:33.003381+00:00"
}