{
  "sweep_name": "pilot_sweep_narma10",
  "config_id": "b71c13de4e50",
  "seed": 456,
  "config_point": {
    "spectral_radius": 1.1,
    "input_scaling": 0.05,
    "leak_rate": 0.3
  },
  "best_ridge": 1e-08,
  "val_curve": {
    "1e-08": 0.23945493262874018,
    "1e-06": 0.25465706820142514,
    "0.0001": 0.33338256965178154,
    "0.01": 0.41883463333810195,
    "0.1": 0.5592318234158588,
    "1.0": 0.6336753223733808
  },
  "val_metrics": {
    "nmse": 0.23945493262874018,
    "rmse": 0.04912842741191058
  },
  "test_metrics": {
    "nmse": 0.2826534478487293,
    "rmse": 0.053650834776969886
  },
  "timing": {
    "train_states_s": 0.012732700037304312,
    "ridge_select_s": 0.009705700038466603,
    "total_s": 0.041050300002098083
  },
  "timestamp": "2026-04-15T22:40:30.491247+00:00"
}