{
  "sweep_name": "pilot_sweep_narma10",
  "config_id": "b71c13de4e50",
  "seed": 42,
  "config_point": {
    "spectral_radius": 1.1,
    "input_scaling": 0.05,
    "leak_rate": 0.3
  },
  "best_ridge": 1e-08,
  "val_curve": {
    "1e-08": 0.3144166576082299,
    "1e-06": 0.352015941437133,
    "0.0001": 0.3889020888669484,
    "0.01": 0.5436822750640692,
    "0.1": 0.6372845373634456,
    "1.0": 0.8080411916779223
  },
  "val_metrics": {
    "nmse": 0.3144166576082299,
    "rmse": 0.05717593923854506
  },
  "test_metrics": {
    "nmse": 0.2853166160357724,
    "rmse": 0.06293240367872056
  },
  "timing": {
    "train_states_s": 0.012921699963044375,
    "ridge_select_s": 0.009293299983255565,
    "total_s": 0.03789609996601939
  },
  "timestamp": "2026-04-15T22:40:30.388351+00:00"
}