{
  "sweep_name": "pilot_sweep_narma10",
  "config_id": "b71c13de4e50",
  "seed": 1234,
  "config_point": {
    "spectral_radius": 1.1,
    "input_scaling": 0.05,
    "leak_rate": 0.3
  },
  "best_ridge": 1e-08,
  "val_curve": {
    "1e-08": 0.27377053527624484,
    "1e-06": 0.2898002629929184,
    "0.0001": 0.31940521965657476,
    "0.01": 0.4181082132475316,
    "0.1": 0.5418059839610371,
    "1.0": 0.7550936475504506
  },
  "val_metrics": {
    "nmse": 0.27377053527624484,
    "rmse": 0.05868233166441706
  },
  "test_metrics": {
    "nmse": 0.31003744616746437,
    "rmse": 0.05551191869554231
  },
  "timing": {
    "train_states_s": 0.013071800000034273,
    "ridge_select_s": 0.00986890000058338,
    "total_s": 0.03912309999577701
  },
  "timestamp": "2026-04-15T22:40:30.590770+00:00"
}