{
  "sweep_name": "pilot_sweep_narma10",
  "config_id": "b94f79ff7b54",
  "seed": 1234,
  "config_point": {
    "spectral_radius": 0.5,
    "input_scaling": 0.1,
    "leak_rate": 0.6
  },
  "best_ridge": 1e-08,
  "val_curve": {
    "1e-08": 0.3174569089726807,
    "1e-06": 0.363402367627901,
    "0.0001": 0.45929088181964217,
    "0.01": 0.6720285819036305,
    "0.1": 0.7574296199828721,
    "1.0": 0.9315475818319693
  },
  "val_metrics": {
    "nmse": 0.3174569089726807,
    "rmse": 0.06319117061267296
  },
  "test_metrics": {
    "nmse": 0.30859496033618966,
    "rmse": 0.055382630259160945
  },
  "timing": {
    "train_states_s": 0.012481299985665828,
    "ridge_select_s": 0.009412199957296252,
    "total_s": 0.037667700031306595
  },
  "timestamp": "2026-04-15T22:40:21.925271+00:00"
}