{
  "sweep_name": "pilot_sweep_narma10",
  "config_id": "b9c4ba977c63",
  "seed": 789,
  "config_point": {
    "spectral_radius": 1.3,
    "input_scaling": 0.2,
    "leak_rate": 1.0
  },
  "best_ridge": 0.1,
  "val_curve": {
    "1e-08": 0.5979045378329365,
    "1e-06": 0.5979039082758842,
    "0.0001": 0.5978410862679722,
    "0.01": 0.5926580356938894,
    "0.1": 0.5783314392916115,
    "1.0": 0.5906187792547949
  },
  "val_metrics": {
    "nmse": 0.5783314392916115,
    "rmse": 0.08180342669331458
  },
  "test_metrics": {
    "nmse": 0.620316467186796,
    "rmse": 0.09128086269001606
  },
  "timing": {
    "train_states_s": 0.013533800025470555,
    "ridge_select_s": 0.011156200023833662,
    "total_s": 0.0415503999684006
  },
  "timestamp": "2026-04-15T22:40:35.904062+00:00"
}