{
  "sweep_name": "pilot_sweep_narma10",
  "config_id": "b9c4ba977c63",
  "seed": 123,
  "config_point": {
    "spectral_radius": 1.3,
    "input_scaling": 0.2,
    "leak_rate": 1.0
  },
  "best_ridge": 1.0,
  "val_curve": {
    "1e-08": 385.48578457284066,
    "1e-06": 385.2361617876277,
    "0.0001": 362.0658804201019,
    "0.01": 64.32060435591829,
    "0.1": 13.089477438179163,
    "1.0": 7.231879525255254
  },
  "val_metrics": {
    "nmse": 7.231879525255254,
    "rmse": 0.3236381797328707
  },
  "test_metrics": {
    "nmse": 8.368235330072633,
    "rmse": 0.3216535999441733
  },
  "timing": {
    "train_states_s": 0.013206399977207184,
    "ridge_select_s": 0.009641800017561764,
    "total_s": 0.039970300043933094
  },
  "timestamp": "2026-04-15T22:40:35.801998+00:00"
}