{
  "sweep_name": "pilot_sweep_narma10",
  "config_id": "ba54ea0ca108",
  "seed": 789,
  "config_point": {
    "spectral_radius": 0.5,
    "input_scaling": 0.2,
    "leak_rate": 0.3
  },
  "best_ridge": 1e-08,
  "val_curve": {
    "1e-08": 0.32770190799583554,
    "1e-06": 0.33926413678591144,
    "0.0001": 0.3667664638315826,
    "0.01": 0.5772300652928692,
    "0.1": 0.6463560825256508,
    "1.0": 0.6711336335529204
  },
  "val_metrics": {
    "nmse": 0.32770190799583554,
    "rmse": 0.061577574783154836
  },
  "test_metrics": {
    "nmse": 0.2812600604228103,
    "rmse": 0.061464890695373774
  },
  "timing": {
    "train_states_s": 0.013249300012830645,
    "ridge_select_s": 0.009292999980971217,
    "total_s": 0.038845499977469444
  },
  "timestamp": "2026-04-15T22:40:22.391563+00:00"
}