{
  "sweep_name": "pilot_sweep_narma10",
  "config_id": "ba54ea0ca108",
  "seed": 456,
  "config_point": {
    "spectral_radius": 0.5,
    "input_scaling": 0.2,
    "leak_rate": 0.3
  },
  "best_ridge": 1e-08,
  "val_curve": {
    "1e-08": 0.2881588351661463,
    "1e-06": 0.29967317018584216,
    "0.0001": 0.3591778643609051,
    "0.01": 0.5317013186913794,
    "0.1": 0.6314074805801929,
    "1.0": 0.6712076863443528
  },
  "val_metrics": {
    "nmse": 0.2881588351661463,
    "rmse": 0.05389356824826453
  },
  "test_metrics": {
    "nmse": 0.3449020534586862,
    "rmse": 0.0592648555291241
  },
  "timing": {
    "train_states_s": 0.01282309996895492,
    "ridge_select_s": 0.010172399983275682,
    "total_s": 0.04141840001102537
  },
  "timestamp": "2026-04-15T22:40:22.342585+00:00"
}