{
  "sweep_name": "pilot_sweep_narma10",
  "config_id": "ba54ea0ca108",
  "seed": 1234,
  "config_point": {
    "spectral_radius": 0.5,
    "input_scaling": 0.2,
    "leak_rate": 0.3
  },
  "best_ridge": 1e-08,
  "val_curve": {
    "1e-08": 0.2972365825084845,
    "1e-06": 0.36431206753950984,
    "0.0001": 0.410016890710517,
    "0.01": 0.5705392430822824,
    "0.1": 0.638072428453088,
    "1.0": 0.6858255520407055
  },
  "val_metrics": {
    "nmse": 0.2972365825084845,
    "rmse": 0.061145589837164886
  },
  "test_metrics": {
    "nmse": 0.34248426916949026,
    "rmse": 0.058344440192964434
  },
  "timing": {
    "train_states_s": 0.012396000034641474,
    "ridge_select_s": 0.009876199997961521,
    "total_s": 0.03836289996979758
  },
  "timestamp": "2026-04-15T22:40:22.440747+00:00"
}