{
  "sweep_name": "pilot_sweep_narma10",
  "config_id": "ba54ea0ca108",
  "seed": 123,
  "config_point": {
    "spectral_radius": 0.5,
    "input_scaling": 0.2,
    "leak_rate": 0.3
  },
  "best_ridge": 1e-08,
  "val_curve": {
    "1e-08": 0.26854138358463414,
    "1e-06": 0.30872610879011797,
    "0.0001": 0.3475850802989266,
    "0.01": 0.5155654851618463,
    "0.1": 0.5777779332589479,
    "1.0": 0.6492235278166854
  },
  "val_metrics": {
    "nmse": 0.26854138358463414,
    "rmse": 0.062364833843899556
  },
  "test_metrics": {
    "nmse": 0.3104863439442664,
    "rmse": 0.061957334530279386
  },
  "timing": {
    "train_states_s": 0.013115999987348914,
    "ridge_select_s": 0.009325699997134507,
    "total_s": 0.03919160005170852
  },
  "timestamp": "2026-04-15T22:40:22.290761+00:00"
}