{
  "sweep_name": "pilot_sweep_narma10",
  "config_id": "bf8866ab4036",
  "seed": 456,
  "config_point": {
    "spectral_radius": 0.9,
    "input_scaling": 0.2,
    "leak_rate": 0.6
  },
  "best_ridge": 1e-08,
  "val_curve": {
    "1e-08": 0.15965490839336083,
    "1e-06": 0.17922150189532754,
    "0.0001": 0.20635499782803612,
    "0.01": 0.27411731085975605,
    "0.1": 0.326667589006068,
    "1.0": 0.3910677598540522
  },
  "val_metrics": {
    "nmse": 0.15965490839336083,
    "rmse": 0.04011549045891879
  },
  "test_metrics": {
    "nmse": 0.16778044937208675,
    "rmse": 0.04133519746352766
  },
  "timing": {
    "train_states_s": 0.013390099979005754,
    "ridge_select_s": 0.009367300022859126,
    "total_s": 0.041106600023340434
  },
  "timestamp": "2026-04-15T22:40:29.088541+00:00"
}