{
  "sweep_name": "pilot_sweep_narma10",
  "config_id": "bf8866ab4036",
  "seed": 1234,
  "config_point": {
    "spectral_radius": 0.9,
    "input_scaling": 0.2,
    "leak_rate": 0.6
  },
  "best_ridge": 1e-08,
  "val_curve": {
    "1e-08": 0.16741114073919455,
    "1e-06": 0.22767019284370857,
    "0.0001": 0.29482883578752,
    "0.01": 0.35965224314228245,
    "0.1": 0.39834881298411495,
    "1.0": 0.5204900029382221
  },
  "val_metrics": {
    "nmse": 0.16741114073919455,
    "rmse": 0.04588874568465021
  },
  "test_metrics": {
    "nmse": 0.17682198690847173,
    "rmse": 0.04192251184725372
  },
  "timing": {
    "train_states_s": 0.012940099986735731,
    "ridge_select_s": 0.009379900002386421,
    "total_s": 0.03834550001192838
  },
  "timestamp": "2026-04-15T22:40:29.186012+00:00"
}