{
  "sweep_name": "pilot_sweep_narma10",
  "config_id": "bf8866ab4036",
  "seed": 123,
  "config_point": {
    "spectral_radius": 0.9,
    "input_scaling": 0.2,
    "leak_rate": 0.6
  },
  "best_ridge": 1e-08,
  "val_curve": {
    "1e-08": 0.13805667685539996,
    "1e-06": 0.16684596643429694,
    "0.0001": 0.22250682519076462,
    "0.01": 0.293051833978205,
    "0.1": 0.34161109134432155,
    "1.0": 0.41325307972987846
  },
  "val_metrics": {
    "nmse": 0.13805667685539996,
    "rmse": 0.04471599163008642
  },
  "test_metrics": {
    "nmse": 0.16645662184074997,
    "rmse": 0.045365114593084566
  },
  "timing": {
    "train_states_s": 0.012602099974174052,
    "ridge_select_s": 0.00928090000525117,
    "total_s": 0.03796640003565699
  },
  "timestamp": "2026-04-15T22:40:29.037289+00:00"
}