{
  "sweep_name": "pilot_sweep_narma10",
  "config_id": "bf8866ab4036",
  "seed": 789,
  "config_point": {
    "spectral_radius": 0.9,
    "input_scaling": 0.2,
    "leak_rate": 0.6
  },
  "best_ridge": 1e-08,
  "val_curve": {
    "1e-08": 0.19124412788794456,
    "1e-06": 0.21699427028599386,
    "0.0001": 0.24573080388868507,
    "0.01": 0.29660161760839027,
    "0.1": 0.37724755585772857,
    "1.0": 0.47672636906548854
  },
  "val_metrics": {
    "nmse": 0.19124412788794456,
    "rmse": 0.04704106547249928
  },
  "test_metrics": {
    "nmse": 0.16655115142533303,
    "rmse": 0.04729844908987272
  },
  "timing": {
    "train_states_s": 0.012536900001578033,
    "ridge_select_s": 0.009489500022027642,
    "total_s": 0.03830870002275333
  },
  "timestamp": "2026-04-15T22:40:29.137307+00:00"
}