{
  "sweep_name": "pilot_sweep_narma10",
  "config_id": "ce3f859c9599",
  "seed": 789,
  "config_point": {
    "spectral_radius": 0.5,
    "input_scaling": 0.05,
    "leak_rate": 0.3
  },
  "best_ridge": 1e-08,
  "val_curve": {
    "1e-08": 0.34848620783574236,
    "1e-06": 0.3634829886514183,
    "0.0001": 0.4758761378345675,
    "0.01": 0.6501643393358816,
    "0.1": 0.6857255153499907,
    "1.0": 0.860452376318986
  },
  "val_metrics": {
    "nmse": 0.34848620783574236,
    "rmse": 0.0635003168916298
  },
  "test_metrics": {
    "nmse": 0.34051242610003135,
    "rmse": 0.06763002738184004
  },
  "timing": {
    "train_states_s": 0.012706499954219908,
    "ridge_select_s": 0.00987779995193705,
    "total_s": 0.03918510000221431
  },
  "timestamp": "2026-04-15T22:40:20.816191+00:00"
}