{
  "sweep_name": "pilot_sweep_narma10",
  "config_id": "ce3f859c9599",
  "seed": 123,
  "config_point": {
    "spectral_radius": 0.5,
    "input_scaling": 0.05,
    "leak_rate": 0.3
  },
  "best_ridge": 1e-08,
  "val_curve": {
    "1e-08": 0.3093714993825668,
    "1e-06": 0.33647338005180305,
    "0.0001": 0.449352135584176,
    "0.01": 0.5877597754471439,
    "0.1": 0.6755377000838538,
    "1.0": 0.8553793943400292
  },
  "val_metrics": {
    "nmse": 0.3093714993825668,
    "rmse": 0.06693824312685569
  },
  "test_metrics": {
    "nmse": 0.3820452941980281,
    "rmse": 0.06872723964566622
  },
  "timing": {
    "train_states_s": 0.01344850001623854,
    "ridge_select_s": 0.009613200032617897,
    "total_s": 0.0399496000027284
  },
  "timestamp": "2026-04-15T22:40:20.715559+00:00"
}