{
  "sweep_name": "pilot_sweep_narma10",
  "config_id": "ce3f859c9599",
  "seed": 456,
  "config_point": {
    "spectral_radius": 0.5,
    "input_scaling": 0.05,
    "leak_rate": 0.3
  },
  "best_ridge": 1e-08,
  "val_curve": {
    "1e-08": 0.3381086054944325,
    "1e-06": 0.37326630802240135,
    "0.0001": 0.43373466428793706,
    "0.01": 0.6400058248478717,
    "0.1": 0.6821127351874828,
    "1.0": 0.7743159031337782
  },
  "val_metrics": {
    "nmse": 0.3381086054944325,
    "rmse": 0.0583779823799139
  },
  "test_metrics": {
    "nmse": 0.3813863332006648,
    "rmse": 0.06232063978312665
  },
  "timing": {
    "train_states_s": 0.012344499991741031,
    "ridge_select_s": 0.00979049998568371,
    "total_s": 0.040655699966009706
  },
  "timestamp": "2026-04-15T22:40:20.766647+00:00"
}