{
  "sweep_name": "pilot_sweep_narma10",
  "config_id": "d0a792568886",
  "seed": 456,
  "config_point": {
    "spectral_radius": 0.7,
    "input_scaling": 0.5,
    "leak_rate": 0.6
  },
  "best_ridge": 1e-08,
  "val_curve": {
    "1e-08": 0.17792590055684296,
    "1e-06": 0.19131519300379646,
    "0.0001": 0.21855264225101143,
    "0.01": 0.28121973310918397,
    "0.1": 0.34149235733376615,
    "1.0": 0.44660739610939487
  },
  "val_metrics": {
    "nmse": 0.17792590055684296,
    "rmse": 0.04234874603342894
  },
  "test_metrics": {
    "nmse": 0.19529536687913582,
    "rmse": 0.04459593873909094
  },
  "timing": {
    "train_states_s": 0.012902599992230535,
    "ridge_select_s": 0.01050149998627603,
    "total_s": 0.04345510003622621
  },
  "timestamp": "2026-04-15T22:40:26.681671+00:00"
}