{
  "sweep_name": "pilot_sweep_narma10",
  "config_id": "d0a792568886",
  "seed": 42,
  "config_point": {
    "spectral_radius": 0.7,
    "input_scaling": 0.5,
    "leak_rate": 0.6
  },
  "best_ridge": 1e-08,
  "val_curve": {
    "1e-08": 0.21276007032233996,
    "1e-06": 0.22866821746654684,
    "0.0001": 0.2726146450161466,
    "0.01": 0.3366560860146669,
    "0.1": 0.3801420739154078,
    "1.0": 0.4443904415406842
  },
  "val_metrics": {
    "nmse": 0.21276007032233996,
    "rmse": 0.04703331576796289
  },
  "test_metrics": {
    "nmse": 0.17173001822813952,
    "rmse": 0.04882406054955787
  },
  "timing": {
    "train_states_s": 0.013186099997255951,
    "ridge_select_s": 0.009783500048797578,
    "total_s": 0.052596400026232004
  },
  "timestamp": "2026-04-15T22:40:26.576101+00:00"
}