{
  "sweep_name": "pilot_sweep_narma10",
  "config_id": "d0a792568886",
  "seed": 1234,
  "config_point": {
    "spectral_radius": 0.7,
    "input_scaling": 0.5,
    "leak_rate": 0.6
  },
  "best_ridge": 1e-08,
  "val_curve": {
    "1e-08": 0.19115816813636935,
    "1e-06": 0.22255122545105419,
    "0.0001": 0.30419154372610435,
    "0.01": 0.39451751663757423,
    "0.1": 0.4735316573560687,
    "1.0": 0.6029766449900853
  },
  "val_metrics": {
    "nmse": 0.19115816813636935,
    "rmse": 0.04903548092630826
  },
  "test_metrics": {
    "nmse": 0.21010923360105796,
    "rmse": 0.04569847760636988
  },
  "timing": {
    "train_states_s": 0.013102500000968575,
    "ridge_select_s": 0.010742700018454343,
    "total_s": 0.03995979996398091
  },
  "timestamp": "2026-04-15T22:40:26.784228+00:00"
}