{
  "sweep_name": "pilot_sweep_narma10",
  "config_id": "d0a792568886",
  "seed": 789,
  "config_point": {
    "spectral_radius": 0.7,
    "input_scaling": 0.5,
    "leak_rate": 0.6
  },
  "best_ridge": 1e-08,
  "val_curve": {
    "1e-08": 0.2147839572509361,
    "1e-06": 0.23669946078738913,
    "0.0001": 0.2669707513520059,
    "0.01": 0.3582432135811165,
    "0.1": 0.417857548299696,
    "1.0": 0.47692331783636077
  },
  "val_metrics": {
    "nmse": 0.2147839572509361,
    "rmse": 0.04985216401313449
  },
  "test_metrics": {
    "nmse": 0.18437791039069237,
    "rmse": 0.04976540297525061
  },
  "timing": {
    "train_states_s": 0.013574700045865029,
    "ridge_select_s": 0.010016300017014146,
    "total_s": 0.04119479999644682
  },
  "timestamp": "2026-04-15T22:40:26.733419+00:00"
}