{
  "sweep_name": "pilot_sweep_narma10",
  "config_id": "d3571f6528af",
  "seed": 1234,
  "config_point": {
    "spectral_radius": 0.5,
    "input_scaling": 0.1,
    "leak_rate": 0.3
  },
  "best_ridge": 1e-08,
  "val_curve": {
    "1e-08": 0.348702425923763,
    "1e-06": 0.4001919774492932,
    "0.0001": 0.4421123943512904,
    "0.01": 0.6179028693268851,
    "0.1": 0.6610194044826901,
    "1.0": 0.7515889221685812
  },
  "val_metrics": {
    "nmse": 0.348702425923763,
    "rmse": 0.06622797763685531
  },
  "test_metrics": {
    "nmse": 0.36643360411785075,
    "rmse": 0.06034993546975317
  },
  "timing": {
    "train_states_s": 0.012930699973367155,
    "ridge_select_s": 0.00940670003183186,
    "total_s": 0.03808750002644956
  },
  "timestamp": "2026-04-15T22:40:21.668824+00:00"
}