{
  "sweep_name": "pilot_sweep_narma10",
  "config_id": "d3571f6528af",
  "seed": 456,
  "config_point": {
    "spectral_radius": 0.5,
    "input_scaling": 0.1,
    "leak_rate": 0.3
  },
  "best_ridge": 1e-08,
  "val_curve": {
    "1e-08": 0.2999969142440384,
    "1e-06": 0.340916873047042,
    "0.0001": 0.39019784307571487,
    "0.01": 0.5982973263918824,
    "0.1": 0.6549915354883709,
    "1.0": 0.7152504499052721
  },
  "val_metrics": {
    "nmse": 0.2999969142440384,
    "rmse": 0.05498944832153802
  },
  "test_metrics": {
    "nmse": 0.3636700014591831,
    "rmse": 0.06085595458867457
  },
  "timing": {
    "train_states_s": 0.01376110001001507,
    "ridge_select_s": 0.009465200011618435,
    "total_s": 0.04259799997089431
  },
  "timestamp": "2026-04-15T22:40:21.571578+00:00"
}