{
  "sweep_name": "pilot_sweep_narma10",
  "config_id": "d3571f6528af",
  "seed": 789,
  "config_point": {
    "spectral_radius": 0.5,
    "input_scaling": 0.1,
    "leak_rate": 0.3
  },
  "best_ridge": 1e-08,
  "val_curve": {
    "1e-08": 0.3259690423569846,
    "1e-06": 0.3636464882373987,
    "0.0001": 0.40068538210066795,
    "0.01": 0.6295070262860186,
    "0.1": 0.6569720523265945,
    "1.0": 0.7347546733684357
  },
  "val_metrics": {
    "nmse": 0.3259690423569846,
    "rmse": 0.06141454994540774
  },
  "test_metrics": {
    "nmse": 0.30472911689609994,
    "rmse": 0.06397791127671532
  },
  "timing": {
    "train_states_s": 0.012509799969848245,
    "ridge_select_s": 0.009115899971220642,
    "total_s": 0.03864879999309778
  },
  "timestamp": "2026-04-15T22:40:21.620409+00:00"
}