{
  "sweep_name": "pilot_sweep_narma10",
  "config_id": "dbe2e4b383cc",
  "seed": 123,
  "config_point": {
    "spectral_radius": 1.1,
    "input_scaling": 0.05,
    "leak_rate": 0.6
  },
  "best_ridge": 1e-08,
  "val_curve": {
    "1e-08": 0.1550548443413281,
    "1e-06": 0.17890894689296022,
    "0.0001": 0.21098942337056395,
    "0.01": 0.26427233268184364,
    "0.1": 0.3566649341240454,
    "1.0": 0.5610399947630249
  },
  "val_metrics": {
    "nmse": 0.1550548443413281,
    "rmse": 0.04738892185659414
  },
  "test_metrics": {
    "nmse": 0.1631736249187918,
    "rmse": 0.04491552235063287
  },
  "timing": {
    "train_states_s": 0.012626599986106157,
    "ridge_select_s": 0.008928399998694658,
    "total_s": 0.03820899996208027
  },
  "timestamp": "2026-04-15T22:40:30.721781+00:00"
}