{
  "sweep_name": "pilot_sweep_narma10",
  "config_id": "dbe2e4b383cc",
  "seed": 42,
  "config_point": {
    "spectral_radius": 1.1,
    "input_scaling": 0.05,
    "leak_rate": 0.6
  },
  "best_ridge": 1e-08,
  "val_curve": {
    "1e-08": 0.24404344603489403,
    "1e-06": 0.2658202598342034,
    "0.0001": 0.27133699698621616,
    "0.01": 0.33227339771178466,
    "0.1": 0.4878615370443197,
    "1.0": 0.7401399429880597
  },
  "val_metrics": {
    "nmse": 0.24404344603489403,
    "rmse": 0.05037256995549674
  },
  "test_metrics": {
    "nmse": 0.22532788826892874,
    "rmse": 0.05592657980585767
  },
  "timing": {
    "train_states_s": 0.013143899966962636,
    "ridge_select_s": 0.00964380003279075,
    "total_s": 0.07233229995472357
  },
  "timestamp": "2026-04-15T22:40:30.673301+00:00"
}