{
  "sweep_name": "pilot_sweep_narma10",
  "config_id": "dbe2e4b383cc",
  "seed": 789,
  "config_point": {
    "spectral_radius": 1.1,
    "input_scaling": 0.05,
    "leak_rate": 0.6
  },
  "best_ridge": 1e-08,
  "val_curve": {
    "1e-08": 0.17062006851619144,
    "1e-06": 0.2210392253342734,
    "0.0001": 0.252106748677853,
    "0.01": 0.29171970702687827,
    "0.1": 0.43134659076909254,
    "1.0": 0.7110763834219973
  },
  "val_metrics": {
    "nmse": 0.17062006851619144,
    "rmse": 0.044432234177501875
  },
  "test_metrics": {
    "nmse": 0.14988250718827145,
    "rmse": 0.044869223668194715
  },
  "timing": {
    "train_states_s": 0.012477200012654066,
    "ridge_select_s": 0.009143500006757677,
    "total_s": 0.03817780001554638
  },
  "timestamp": "2026-04-15T22:40:30.823201+00:00"
}