{
  "sweep_name": "pilot_sweep_narma10",
  "config_id": "dbe2e4b383cc",
  "seed": 1234,
  "config_point": {
    "spectral_radius": 1.1,
    "input_scaling": 0.05,
    "leak_rate": 0.6
  },
  "best_ridge": 1e-08,
  "val_curve": {
    "1e-08": 0.17823670823020432,
    "1e-06": 0.23191732756293906,
    "0.0001": 0.26261643419953334,
    "0.01": 0.323749461447171,
    "0.1": 0.4128470677293907,
    "1.0": 0.6280596408978458
  },
  "val_metrics": {
    "nmse": 0.17823670823020432,
    "rmse": 0.047349193436559966
  },
  "test_metrics": {
    "nmse": 0.18306395262297476,
    "rmse": 0.0426560444763002
  },
  "timing": {
    "train_states_s": 0.01340689999051392,
    "ridge_select_s": 0.009289999958127737,
    "total_s": 0.03897509997477755
  },
  "timestamp": "2026-04-15T22:40:30.872580+00:00"
}