{
  "sweep_name": "pilot_sweep_narma10",
  "config_id": "dbe2e4b383cc",
  "seed": 456,
  "config_point": {
    "spectral_radius": 1.1,
    "input_scaling": 0.05,
    "leak_rate": 0.6
  },
  "best_ridge": 1e-08,
  "val_curve": {
    "1e-08": 0.21361768845442428,
    "1e-06": 0.24500261261717995,
    "0.0001": 0.27279258952839414,
    "0.01": 0.29738024835664756,
    "0.1": 0.351749880670706,
    "1.0": 0.5326880681739771
  },
  "val_metrics": {
    "nmse": 0.21361768845442428,
    "rmse": 0.04640230715386058
  },
  "test_metrics": {
    "nmse": 0.22494545266827431,
    "rmse": 0.04786168114072342
  },
  "timing": {
    "train_states_s": 0.013096300011966377,
    "ridge_select_s": 0.009989899990614504,
    "total_s": 0.04245790001004934
  },
  "timestamp": "2026-04-15T22:40:30.774658+00:00"
}