{
  "sweep_name": "pilot_sweep_narma10",
  "config_id": "e2f7ba5bd841",
  "seed": 456,
  "config_point": {
    "spectral_radius": 1.3,
    "input_scaling": 0.2,
    "leak_rate": 0.6
  },
  "best_ridge": 0.0001,
  "val_curve": {
    "1e-08": 0.40662354155109875,
    "1e-06": 0.4066224179772554,
    "0.0001": 0.4065321537320185,
    "0.01": 0.4138851344344603,
    "0.1": 0.45033525571936545,
    "1.0": 0.5373008383147468
  },
  "val_metrics": {
    "nmse": 0.4065321537320185,
    "rmse": 0.06401303510703991
  },
  "test_metrics": {
    "nmse": 0.37082765593788314,
    "rmse": 0.061451911718737685
  },
  "timing": {
    "train_states_s": 0.01418929995270446,
    "ridge_select_s": 0.009939299954567105,
    "total_s": 0.04297289997339249
  },
  "timestamp": "2026-04-15T22:40:35.589507+00:00"
}