{
  "sweep_name": "pilot_sweep_narma10",
  "config_id": "e2f7ba5bd841",
  "seed": 123,
  "config_point": {
    "spectral_radius": 1.3,
    "input_scaling": 0.2,
    "leak_rate": 0.6
  },
  "best_ridge": 1e-06,
  "val_curve": {
    "1e-08": 0.15764805661204573,
    "1e-06": 0.15658454704078725,
    "0.0001": 0.17152318749976633,
    "0.01": 0.2160132654189824,
    "0.1": 0.2556400428121423,
    "1.0": 0.32292227544338653
  },
  "val_metrics": {
    "nmse": 0.15658454704078725,
    "rmse": 0.04762210724195987
  },
  "test_metrics": {
    "nmse": 0.165236119951177,
    "rmse": 0.045198494380915756
  },
  "timing": {
    "train_states_s": 0.012751600006595254,
    "ridge_select_s": 0.009761099994648248,
    "total_s": 0.04016440000850707
  },
  "timestamp": "2026-04-15T22:40:35.535370+00:00"
}