{
  "sweep_name": "pilot_sweep_narma10",
  "config_id": "e2f7ba5bd841",
  "seed": 789,
  "config_point": {
    "spectral_radius": 1.3,
    "input_scaling": 0.2,
    "leak_rate": 0.6
  },
  "best_ridge": 0.0001,
  "val_curve": {
    "1e-08": 0.3007331159486005,
    "1e-06": 0.3007004680795724,
    "0.0001": 0.3003260123866849,
    "0.01": 0.32488586000932257,
    "0.1": 0.3724023677079408,
    "1.0": 0.46758908911260777
  },
  "val_metrics": {
    "nmse": 0.3003260123866849,
    "rmse": 0.05894942457986858
  },
  "test_metrics": {
    "nmse": 0.2839254396831882,
    "rmse": 0.06175544197915245
  },
  "timing": {
    "train_states_s": 0.013120600022375584,
    "ridge_select_s": 0.010088999988511205,
    "total_s": 0.039892899978440255
  },
  "timestamp": "2026-04-15T22:40:35.639980+00:00"
}