{
  "sweep_name": "pilot_sweep_narma10",
  "config_id": "e2f7ba5bd841",
  "seed": 42,
  "config_point": {
    "spectral_radius": 1.3,
    "input_scaling": 0.2,
    "leak_rate": 0.6
  },
  "best_ridge": 1e-08,
  "val_curve": {
    "1e-08": 0.26261548402352924,
    "1e-06": 0.26280189703340046,
    "0.0001": 0.27578422489001947,
    "0.01": 0.32805015732808057,
    "0.1": 0.37897940703295224,
    "1.0": 0.48018597772909005
  },
  "val_metrics": {
    "nmse": 0.26261548402352924,
    "rmse": 0.05225413929881525
  },
  "test_metrics": {
    "nmse": 0.22422781861866262,
    "rmse": 0.05578989364664635
  },
  "timing": {
    "train_states_s": 0.013572300027590245,
    "ridge_select_s": 0.009626600018236786,
    "total_s": 0.07033560000127181
  },
  "timestamp": "2026-04-15T22:40:35.483682+00:00"
}