{
  "sweep_name": "pilot_sweep_narma10",
  "config_id": "ef79d6bd5e23",
  "seed": 42,
  "config_point": {
    "spectral_radius": 0.7,
    "input_scaling": 0.5,
    "leak_rate": 0.3
  },
  "best_ridge": 1e-08,
  "val_curve": {
    "1e-08": 0.28723718230998035,
    "1e-06": 0.3255701637526294,
    "0.0001": 0.34855858034942755,
    "0.01": 0.38622612479365814,
    "0.1": 0.4790840357856354,
    "1.0": 0.588742098390297
  },
  "val_metrics": {
    "nmse": 0.28723718230998035,
    "rmse": 0.054648829340318075
  },
  "test_metrics": {
    "nmse": 0.2213052591196219,
    "rmse": 0.05542512163289701
  },
  "timing": {
    "train_states_s": 0.013594199961517006,
    "ridge_select_s": 0.009806399990338832,
    "total_s": 0.04868960002204403
  },
  "timestamp": "2026-04-15T22:40:26.303285+00:00"
}