{
  "sweep_name": "pilot_sweep_narma10",
  "config_id": "ef79d6bd5e23",
  "seed": 1234,
  "config_point": {
    "spectral_radius": 0.7,
    "input_scaling": 0.5,
    "leak_rate": 0.3
  },
  "best_ridge": 1e-08,
  "val_curve": {
    "1e-08": 0.23052889043291605,
    "1e-06": 0.27516586324326514,
    "0.0001": 0.3080664104448865,
    "0.01": 0.4062077993091459,
    "0.1": 0.5135537016365023,
    "1.0": 0.6075605126149946
  },
  "val_metrics": {
    "nmse": 0.23052889043291605,
    "rmse": 0.05384888176050265
  },
  "test_metrics": {
    "nmse": 0.2877999444909264,
    "rmse": 0.05348407829360549
  },
  "timing": {
    "train_states_s": 0.01392849994590506,
    "ridge_select_s": 0.010267000005114824,
    "total_s": 0.041565600025933236
  },
  "timestamp": "2026-04-15T22:40:26.512895+00:00"
}