{
  "sweep_name": "pilot_sweep_narma10",
  "config_id": "ef79d6bd5e23",
  "seed": 123,
  "config_point": {
    "spectral_radius": 0.7,
    "input_scaling": 0.5,
    "leak_rate": 0.3
  },
  "best_ridge": 1e-08,
  "val_curve": {
    "1e-08": 0.22894574538797186,
    "1e-06": 0.2514404816030025,
    "0.0001": 0.27226786076746295,
    "0.01": 0.34904452056415713,
    "0.1": 0.44509258752339226,
    "1.0": 0.537591682141596
  },
  "val_metrics": {
    "nmse": 0.22894574538797186,
    "rmse": 0.057583816735530265
  },
  "test_metrics": {
    "nmse": 0.2506695951873559,
    "rmse": 0.05567013875887774
  },
  "timing": {
    "train_states_s": 0.012839099974371493,
    "ridge_select_s": 0.010021900001447648,
    "total_s": 0.03986290004104376
  },
  "timestamp": "2026-04-15T22:40:26.353567+00:00"
}