{
  "sweep_name": "pilot_sweep_narma10",
  "config_id": "ef79d6bd5e23",
  "seed": 456,
  "config_point": {
    "spectral_radius": 0.7,
    "input_scaling": 0.5,
    "leak_rate": 0.3
  },
  "best_ridge": 1e-08,
  "val_curve": {
    "1e-08": 0.25114038569263086,
    "1e-06": 0.28100941663193607,
    "0.0001": 0.2971309716721188,
    "0.01": 0.3157776274565639,
    "0.1": 0.4128855289418244,
    "1.0": 0.5807405814873706
  },
  "val_metrics": {
    "nmse": 0.25114038569263086,
    "rmse": 0.05031288804860432
  },
  "test_metrics": {
    "nmse": 0.2924259926649901,
    "rmse": 0.05457042378309396
  },
  "timing": {
    "train_states_s": 0.013721900002565235,
    "ridge_select_s": 0.010286299977451563,
    "total_s": 0.045423700008541346
  },
  "timestamp": "2026-04-15T22:40:26.409674+00:00"
}