{
  "sweep_name": "pilot_sweep_narma10",
  "config_id": "efbb5c0c6ae9",
  "seed": 42,
  "config_point": {
    "spectral_radius": 0.7,
    "input_scaling": 0.05,
    "leak_rate": 0.3
  },
  "best_ridge": 1e-08,
  "val_curve": {
    "1e-08": 0.3476527924758933,
    "1e-06": 0.3586526288684664,
    "0.0001": 0.38892517181797476,
    "0.01": 0.5825291541176991,
    "0.1": 0.632829890208758,
    "1.0": 0.7476067698992434
  },
  "val_metrics": {
    "nmse": 0.3476527924758933,
    "rmse": 0.06012199668532546
  },
  "test_metrics": {
    "nmse": 0.30463919956987406,
    "rmse": 0.06502849161534588
  },
  "timing": {
    "train_states_s": 0.012426899978891015,
    "ridge_select_s": 0.009086899983230978,
    "total_s": 0.04904369998257607
  },
  "timestamp": "2026-04-15T22:40:23.852715+00:00"
}