{
  "sweep_name": "pilot_sweep_narma10",
  "config_id": "efbb5c0c6ae9",
  "seed": 456,
  "config_point": {
    "spectral_radius": 0.7,
    "input_scaling": 0.05,
    "leak_rate": 0.3
  },
  "best_ridge": 1e-08,
  "val_curve": {
    "1e-08": 0.27869995377482587,
    "1e-06": 0.36415754499756336,
    "0.0001": 0.38096923782078396,
    "0.01": 0.5692140724695325,
    "0.1": 0.629762161976624,
    "1.0": 0.659792695980442
  },
  "val_metrics": {
    "nmse": 0.27869995377482587,
    "rmse": 0.05300165333506302
  },
  "test_metrics": {
    "nmse": 0.3330607622249173,
    "rmse": 0.05823862003801892
  },
  "timing": {
    "train_states_s": 0.012417900026775897,
    "ridge_select_s": 0.009053399960976094,
    "total_s": 0.03930679999757558
  },
  "timestamp": "2026-04-15T22:40:23.954139+00:00"
}