{
  "sweep_name": "pilot_sweep_narma10",
  "config_id": "f4412c4e72f3",
  "seed": 123,
  "config_point": {
    "spectral_radius": 1.3,
    "input_scaling": 0.05,
    "leak_rate": 0.3
  },
  "best_ridge": 1e-06,
  "val_curve": {
    "1e-08": 0.3213888297524382,
    "1e-06": 0.29667574131684477,
    "0.0001": 0.3060260230422287,
    "0.01": 0.4210085268629545,
    "0.1": 0.5252214081491334,
    "1.0": 0.6862703806163633
  },
  "val_metrics": {
    "nmse": 0.29667574131684477,
    "rmse": 0.0655503744109894
  },
  "test_metrics": {
    "nmse": 0.36746917778246074,
    "rmse": 0.06740341998341055
  },
  "timing": {
    "train_states_s": 0.012983499967958778,
    "ridge_select_s": 0.009265500004403293,
    "total_s": 0.03903089999221265
  },
  "timestamp": "2026-04-15T22:40:33.621496+00:00"
}