{
  "sweep_name": "pilot_sweep_narma10",
  "config_id": "f4412c4e72f3",
  "seed": 789,
  "config_point": {
    "spectral_radius": 1.3,
    "input_scaling": 0.05,
    "leak_rate": 0.3
  },
  "best_ridge": 1e-06,
  "val_curve": {
    "1e-08": 0.3824538744458195,
    "1e-06": 0.3384897394095498,
    "0.0001": 0.3387038532061914,
    "0.01": 0.4820001038584563,
    "0.1": 0.6499075967961918,
    "1.0": 0.8610609063009732
  },
  "val_metrics": {
    "nmse": 0.3384897394095498,
    "rmse": 0.06258292388296822
  },
  "test_metrics": {
    "nmse": 0.31283381309256975,
    "rmse": 0.06482311920834113
  },
  "timing": {
    "train_states_s": 0.01340260001597926,
    "ridge_select_s": 0.009096499998122454,
    "total_s": 0.039855699986219406
  },
  "timestamp": "2026-04-15T22:40:33.723307+00:00"
}