{
  "sweep_name": "pilot_sweep_narma10",
  "config_id": "f4412c4e72f3",
  "seed": 1234,
  "config_point": {
    "spectral_radius": 1.3,
    "input_scaling": 0.05,
    "leak_rate": 0.3
  },
  "best_ridge": 1e-08,
  "val_curve": {
    "1e-08": 0.21501827572090373,
    "1e-06": 0.27020765851086964,
    "0.0001": 0.3183370214233713,
    "0.01": 0.42509254057955576,
    "0.1": 0.5574698860078825,
    "1.0": 0.8252279075704182
  },
  "val_metrics": {
    "nmse": 0.21501827572090373,
    "rmse": 0.05200578982418245
  },
  "test_metrics": {
    "nmse": 0.2947926267012645,
    "rmse": 0.05412993073685122
  },
  "timing": {
    "train_states_s": 0.012557799986097962,
    "ridge_select_s": 0.009386599995195866,
    "total_s": 0.03779259999282658
  },
  "timestamp": "2026-04-15T22:40:33.771625+00:00"
}