{
  "sweep_name": "pilot_sweep_narma10",
  "config_id": "f4412c4e72f3",
  "seed": 42,
  "config_point": {
    "spectral_radius": 1.3,
    "input_scaling": 0.05,
    "leak_rate": 0.3
  },
  "best_ridge": 0.0001,
  "val_curve": {
    "1e-08": 0.39746450074272055,
    "1e-06": 0.40659370754889934,
    "0.0001": 0.3748043399038475,
    "0.01": 0.5119653264561347,
    "0.1": 0.6627672725069393,
    "1.0": 0.8627351832738985
  },
  "val_metrics": {
    "nmse": 0.3748043399038475,
    "rmse": 0.062425616458287266
  },
  "test_metrics": {
    "nmse": 0.3092950021050353,
    "rmse": 0.06552352279073279
  },
  "timing": {
    "train_states_s": 0.012677300022915006,
    "ridge_select_s": 0.009813299984671175,
    "total_s": 0.050687799986917526
  },
  "timestamp": "2026-04-15T22:40:33.572353+00:00"
}