{
  "sweep_name": "pilot_sweep_narma10",
  "config_id": "f4412c4e72f3",
  "seed": 456,
  "config_point": {
    "spectral_radius": 1.3,
    "input_scaling": 0.05,
    "leak_rate": 0.3
  },
  "best_ridge": 0.0001,
  "val_curve": {
    "1e-08": 0.4706750968876131,
    "1e-06": 0.4698112919506873,
    "0.0001": 0.4542064733339122,
    "0.01": 0.5830311980873106,
    "0.1": 0.6851108961169283,
    "1.0": 0.8724748601414045
  },
  "val_metrics": {
    "nmse": 0.4542064733339122,
    "rmse": 0.06766243588966123
  },
  "test_metrics": {
    "nmse": 0.49270465114414164,
    "rmse": 0.07083414743113733
  },
  "timing": {
    "train_states_s": 0.012773199996445328,
    "ridge_select_s": 0.009263700048904866,
    "total_s": 0.04152690002229065
  },
  "timestamp": "2026-04-15T22:40:33.673153+00:00"
}