{
  "sweep_name": "pilot_sweep_narma10",
  "config_id": "f60d5278111b",
  "seed": 123,
  "config_point": {
    "spectral_radius": 1.3,
    "input_scaling": 0.1,
    "leak_rate": 0.3
  },
  "best_ridge": 0.0001,
  "val_curve": {
    "1e-08": 0.508384993620173,
    "1e-06": 0.47809190617702496,
    "0.0001": 0.36143189887376426,
    "0.01": 0.37966017687276105,
    "0.1": 0.4920262516477302,
    "1.0": 0.6050720943773147
  },
  "val_metrics": {
    "nmse": 0.36143189887376426,
    "rmse": 0.07235147648334067
  },
  "test_metrics": {
    "nmse": 0.4577339935860807,
    "rmse": 0.07522774732791687
  },
  "timing": {
    "train_states_s": 0.012745399959385395,
    "ridge_select_s": 0.009474100021179765,
    "total_s": 0.0398682999657467
  },
  "timestamp": "2026-04-15T22:40:34.422965+00:00"
}