{
  "sweep_name": "pilot_sweep_narma10",
  "config_id": "f60d5278111b",
  "seed": 42,
  "config_point": {
    "spectral_radius": 1.3,
    "input_scaling": 0.1,
    "leak_rate": 0.3
  },
  "best_ridge": 0.0001,
  "val_curve": {
    "1e-08": 0.4468255713797887,
    "1e-06": 0.4167669067382491,
    "0.0001": 0.3697345851094887,
    "0.01": 0.4371552832940514,
    "0.1": 0.5637572743094352,
    "1.0": 0.7420511432289957
  },
  "val_metrics": {
    "nmse": 0.3697345851094887,
    "rmse": 0.06200198197472046
  },
  "test_metrics": {
    "nmse": 0.28986941131076066,
    "rmse": 0.06343252244267954
  },
  "timing": {
    "train_states_s": 0.012871599989011884,
    "ridge_select_s": 0.009439499990548939,
    "total_s": 0.04247759998543188
  },
  "timestamp": "2026-04-15T22:40:34.373031+00:00"
}