{
  "sweep_name": "pilot_sweep_narma10",
  "config_id": "f60d5278111b",
  "seed": 789,
  "config_point": {
    "spectral_radius": 1.3,
    "input_scaling": 0.1,
    "leak_rate": 0.3
  },
  "best_ridge": 1e-06,
  "val_curve": {
    "1e-08": 0.3440639399235768,
    "1e-06": 0.33512162912435806,
    "0.0001": 0.33532808178692924,
    "0.01": 0.39168384963383507,
    "0.1": 0.5337996604945103,
    "1.0": 0.7265387002314295
  },
  "val_metrics": {
    "nmse": 0.33512162912435806,
    "rmse": 0.06227078271274315
  },
  "test_metrics": {
    "nmse": 0.2910255037049416,
    "rmse": 0.06252282684758215
  },
  "timing": {
    "train_states_s": 0.012611099984496832,
    "ridge_select_s": 0.009715599997434765,
    "total_s": 0.03880620002746582
  },
  "timestamp": "2026-04-15T22:40:34.525884+00:00"
}