{
  "sweep_name": "pilot_sweep_narma10",
  "config_id": "f60d5278111b",
  "seed": 456,
  "config_point": {
    "spectral_radius": 1.3,
    "input_scaling": 0.1,
    "leak_rate": 0.3
  },
  "best_ridge": 0.0001,
  "val_curve": {
    "1e-08": 0.48298030711713785,
    "1e-06": 0.4825549504178146,
    "0.0001": 0.4651296186310611,
    "0.01": 0.4966901777859225,
    "0.1": 0.6016408536814605,
    "1.0": 0.705581364428678
  },
  "val_metrics": {
    "nmse": 0.4651296186310611,
    "rmse": 0.06847120432010033
  },
  "test_metrics": {
    "nmse": 0.4952460394929371,
    "rmse": 0.0710165950086788
  },
  "timing": {
    "train_states_s": 0.012933700054418296,
    "ridge_select_s": 0.009281100006774068,
    "total_s": 0.0430015999590978
  },
  "timestamp": "2026-04-15T22:40:34.476582+00:00"
}