{
  "sweep_name": "pilot_sweep_narma10",
  "config_id": "fd0736428f6b",
  "seed": 42,
  "config_point": {
    "spectral_radius": 0.7,
    "input_scaling": 0.2,
    "leak_rate": 0.3
  },
  "best_ridge": 1e-08,
  "val_curve": {
    "1e-08": 0.30761643568196273,
    "1e-06": 0.3432148084874898,
    "0.0001": 0.35617474544060773,
    "0.01": 0.45200276118402827,
    "0.1": 0.567960435137305,
    "1.0": 0.6221416603859237
  },
  "val_metrics": {
    "nmse": 0.30761643568196273,
    "rmse": 0.05655425713468941
  },
  "test_metrics": {
    "nmse": 0.23306639109268906,
    "rmse": 0.056878824614310944
  },
  "timing": {
    "train_states_s": 0.012388700037263334,
    "ridge_select_s": 0.009164499992039055,
    "total_s": 0.0398078000289388
  },
  "timestamp": "2026-04-15T22:40:25.526678+00:00"
}