{
  "sweep_name": "pilot_sweep_narma10",
  "config_id": "fd0736428f6b",
  "seed": 123,
  "config_point": {
    "spectral_radius": 0.7,
    "input_scaling": 0.2,
    "leak_rate": 0.3
  },
  "best_ridge": 1e-08,
  "val_curve": {
    "1e-08": 0.23407377973146312,
    "1e-06": 0.27320558716515536,
    "0.0001": 0.30871720427525146,
    "0.01": 0.4151977416314674,
    "0.1": 0.5182579528928132,
    "1.0": 0.5673057868184685
  },
  "val_metrics": {
    "nmse": 0.23407377973146312,
    "rmse": 0.058225140144336496
  },
  "test_metrics": {
    "nmse": 0.27098495390788946,
    "rmse": 0.05788207117069705
  },
  "timing": {
    "train_states_s": 0.012856599991209805,
    "ridge_select_s": 0.009142299997620285,
    "total_s": 0.038795300002675503
  },
  "timestamp": "2026-04-15T22:40:25.575755+00:00"
}