{
  "sweep_name": "pilot_sweep_narma10",
  "config_id": "fd0736428f6b",
  "seed": 789,
  "config_point": {
    "spectral_radius": 0.7,
    "input_scaling": 0.2,
    "leak_rate": 0.3
  },
  "best_ridge": 1e-08,
  "val_curve": {
    "1e-08": 0.30026025233412446,
    "1e-06": 0.3186554642327872,
    "0.0001": 0.3399854206574854,
    "0.01": 0.4454752727084572,
    "0.1": 0.6029073114582795,
    "1.0": 0.6527191397467973
  },
  "val_metrics": {
    "nmse": 0.30026025233412446,
    "rmse": 0.058942970377893325
  },
  "test_metrics": {
    "nmse": 0.25334761351198787,
    "rmse": 0.05833530724881758
  },
  "timing": {
    "train_states_s": 0.01316410000436008,
    "ridge_select_s": 0.009201099979691207,
    "total_s": 0.038829400029499084
  },
  "timestamp": "2026-04-15T22:40:25.674879+00:00"
}