{
  "sweep_name": "pilot_sweep_narma10",
  "config_id": "fd0736428f6b",
  "seed": 456,
  "config_point": {
    "spectral_radius": 0.7,
    "input_scaling": 0.2,
    "leak_rate": 0.3
  },
  "best_ridge": 1e-08,
  "val_curve": {
    "1e-08": 0.247826015574878,
    "1e-06": 0.28727167401881104,
    "0.0001": 0.31086340972879956,
    "0.01": 0.42004726517993385,
    "0.1": 0.5482340875210803,
    "1.0": 0.6261008503516335
  },
  "val_metrics": {
    "nmse": 0.247826015574878,
    "rmse": 0.04997978874883692
  },
  "test_metrics": {
    "nmse": 0.29380689052118303,
    "rmse": 0.05469911861622388
  },
  "timing": {
    "train_states_s": 0.012576700013596565,
    "ridge_select_s": 0.009311700006946921,
    "total_s": 0.039448299969080836
  },
  "timestamp": "2026-04-15T22:40:25.625470+00:00"
}