{
  "sweep_name": "pilot_sweep_narma10",
  "config_id": "fd0736428f6b",
  "seed": 1234,
  "config_point": {
    "spectral_radius": 0.7,
    "input_scaling": 0.2,
    "leak_rate": 0.3
  },
  "best_ridge": 1e-08,
  "val_curve": {
    "1e-08": 0.2527146810234237,
    "1e-06": 0.309812419357553,
    "0.0001": 0.3841351880802191,
    "0.01": 0.4801877686421801,
    "0.1": 0.5822677115395094,
    "1.0": 0.6420821130403216
  },
  "val_metrics": {
    "nmse": 0.2527146810234237,
    "rmse": 0.05638054182648194
  },
  "test_metrics": {
    "nmse": 0.3045817099322558,
    "rmse": 0.055021328615441976
  },
  "timing": {
    "train_states_s": 0.01264400000218302,
    "ridge_select_s": 0.009619500022381544,
    "total_s": 0.038367000001017004
  },
  "timestamp": "2026-04-15T22:40:25.723761+00:00"
}