{
  "sweep_name": "pilot_sweep_narma10",
  "config_id": "fda2dfc70db7",
  "seed": 1234,
  "config_point": {
    "spectral_radius": 0.5,
    "input_scaling": 0.1,
    "leak_rate": 1.0
  },
  "best_ridge": 1e-08,
  "val_curve": {
    "1e-08": 0.24333160154767752,
    "1e-06": 0.4268024732144518,
    "0.0001": 0.7341627256113965,
    "0.01": 0.8357754251817061,
    "0.1": 0.9601714895475232,
    "1.0": 1.288154737582359
  },
  "val_metrics": {
    "nmse": 0.24333160154767752,
    "rmse": 0.05532396098112084
  },
  "test_metrics": {
    "nmse": 0.20951665276521045,
    "rmse": 0.045633989334386664
  },
  "timing": {
    "train_states_s": 0.013091099972371012,
    "ridge_select_s": 0.009517500002402812,
    "total_s": 0.038864500005729496
  },
  "timestamp": "2026-04-15T22:40:22.183992+00:00"
}