{
  "sweep_name": "pilot_sweep_narma10",
  "config_id": "fda2dfc70db7",
  "seed": 456,
  "config_point": {
    "spectral_radius": 0.5,
    "input_scaling": 0.1,
    "leak_rate": 1.0
  },
  "best_ridge": 1e-08,
  "val_curve": {
    "1e-08": 0.19193316807300803,
    "1e-06": 0.244959977799548,
    "0.0001": 0.5623985908578698,
    "0.01": 0.679265256765462,
    "0.1": 0.7327551011608519,
    "1.0": 0.9552583454829743
  },
  "val_metrics": {
    "nmse": 0.19193316807300803,
    "rmse": 0.04398412784275149
  },
  "test_metrics": {
    "nmse": 0.18790000980333482,
    "rmse": 0.04374342068983399
  },
  "timing": {
    "train_states_s": 0.013295000011567026,
    "ridge_select_s": 0.010015400010161102,
    "total_s": 0.040961100021377206
  },
  "timestamp": "2026-04-15T22:40:22.085335+00:00"
}