{
  "sweep_name": "pilot_sweep_narma10",
  "config_id": "fda2dfc70db7",
  "seed": 789,
  "config_point": {
    "spectral_radius": 0.5,
    "input_scaling": 0.1,
    "leak_rate": 1.0
  },
  "best_ridge": 1e-08,
  "val_curve": {
    "1e-08": 0.1962902718997488,
    "1e-06": 0.3342141645327132,
    "0.0001": 0.6585464593361813,
    "0.01": 0.7346018228199006,
    "0.1": 0.8656444064973132,
    "1.0": 1.194353337670536
  },
  "val_metrics": {
    "nmse": 0.1962902718997488,
    "rmse": 0.047657634654519866
  },
  "test_metrics": {
    "nmse": 0.22420345598571692,
    "rmse": 0.05487748909841248
  },
  "timing": {
    "train_states_s": 0.012819499999750406,
    "ridge_select_s": 0.009419799956958741,
    "total_s": 0.03831460000947118
  },
  "timestamp": "2026-04-15T22:40:22.134697+00:00"
}