{
  "sweep_name": "pilot_sweep_narma10",
  "config_id": "fda2dfc70db7",
  "seed": 42,
  "config_point": {
    "spectral_radius": 0.5,
    "input_scaling": 0.1,
    "leak_rate": 1.0
  },
  "best_ridge": 1e-08,
  "val_curve": {
    "1e-08": 0.1736112954635779,
    "1e-06": 0.2565933385288163,
    "0.0001": 0.6979790447701032,
    "0.01": 0.8940109119710504,
    "0.1": 1.0421105564211215,
    "1.0": 1.4358274012171341
  },
  "val_metrics": {
    "nmse": 0.1736112954635779,
    "rmse": 0.04248635984516896
  },
  "test_metrics": {
    "nmse": 0.23878691561530643,
    "rmse": 0.05757262752808944
  },
  "timing": {
    "train_states_s": 0.013325000007171184,
    "ridge_select_s": 0.00975179998204112,
    "total_s": 0.04959850001614541
  },
  "timestamp": "2026-04-15T22:40:21.985223+00:00"
}