{
  "sweep_name": "pilot_sweep_narma10",
  "config_id": "fda2dfc70db7",
  "seed": 123,
  "config_point": {
    "spectral_radius": 0.5,
    "input_scaling": 0.1,
    "leak_rate": 1.0
  },
  "best_ridge": 1e-08,
  "val_curve": {
    "1e-08": 0.20819506133178287,
    "1e-06": 0.3511996577296885,
    "0.0001": 0.7350190156483508,
    "0.01": 0.8812291321440467,
    "0.1": 0.9680533963621342,
    "1.0": 1.2271286439658333
  },
  "val_metrics": {
    "nmse": 0.20819506133178287,
    "rmse": 0.05491226657490803
  },
  "test_metrics": {
    "nmse": 0.2169774569634633,
    "rmse": 0.05179391996783656
  },
  "timing": {
    "train_states_s": 0.012331900012213737,
    "ridge_select_s": 0.009982299990952015,
    "total_s": 0.03865649999352172
  },
  "timestamp": "2026-04-15T22:40:22.034143+00:00"
}