{
  "sweep_name": "cycle_comparison_cycle_jump_j3_mackey_glass",
  "config_id": "0292ac89d7b8",
  "seed": 123,
  "config_point": {
    "spectral_radius": 0.9,
    "input_scaling": 0.2,
    "leak_rate": 0.9
  },
  "best_ridge": 1e-10,
  "val_curve": {
    "1e-10": 1.598823285399681e-12,
    "1e-08": 4.525478052749421e-11,
    "1e-06": 5.2632202221089666e-09,
    "0.0001": 1.5086302866650745e-07,
    "0.01": 5.480212735943898e-06,
    "1.0": 0.00022515350565115202
  },
  "val_metrics": {
    "nmse": 1.598823285399681e-12,
    "rmse": 2.849531926652032e-07
  },
  "test_metrics": {
    "nmse": 1.7002596705023198e-12,
    "rmse": 2.6639434628290533e-07
  },
  "timing": {
    "train_states_s": 0.018380200024694204,
    "ridge_select_s": 0.013561999978264794,
    "total_s": 0.05972540000220761
  },
  "timestamp": "2026-05-12T10:15:27.293111+00:00",
  "reservoir_diagnostics": {
    "spectral_radius": 0.8999999999999997,
    "mean_abs_eigenvalue": 0.7079742795605938,
    "spectral_norm": 0.8999999999999994,
    "frobenius_norm": 7.227904506168839,
    "density": 0.02,
    "henrici_departure": 1.1662259365746388e-08
  }
}