{
  "sweep_name": "cycle_comparison_cycle_jump_j3_mackey_glass",
  "config_id": "0292ac89d7b8",
  "seed": 42,
  "config_point": {
    "spectral_radius": 0.9,
    "input_scaling": 0.2,
    "leak_rate": 0.9
  },
  "best_ridge": 1e-10,
  "val_curve": {
    "1e-10": 1.618244958845791e-12,
    "1e-08": 5.365470989408032e-11,
    "1e-06": 2.403593790931614e-09,
    "0.0001": 1.3687878259200776e-07,
    "0.01": 6.37286045545677e-06,
    "1.0": 0.0004905629757751389
  },
  "val_metrics": {
    "nmse": 1.618244958845791e-12,
    "rmse": 2.86678699907334e-07
  },
  "test_metrics": {
    "nmse": 1.386271564799282e-12,
    "rmse": 2.4054234152584025e-07
  },
  "timing": {
    "train_states_s": 0.01880009999149479,
    "ridge_select_s": 0.013100200012559071,
    "total_s": 0.05970159999560565
  },
  "timestamp": "2026-05-12T10:15:27.222561+00:00",
  "reservoir_diagnostics": {
    "spectral_radius": 0.8999999999999997,
    "mean_abs_eigenvalue": 0.7079742795605938,
    "spectral_norm": 0.8999999999999994,
    "frobenius_norm": 7.227904506168839,
    "density": 0.02,
    "henrici_departure": 1.1662259365746388e-08
  }
}