{
  "sweep_name": "cycle_comparison_cycle_jump_j3_mackey_glass",
  "config_id": "0292ac89d7b8",
  "seed": 789,
  "config_point": {
    "spectral_radius": 0.9,
    "input_scaling": 0.2,
    "leak_rate": 0.9
  },
  "best_ridge": 1e-10,
  "val_curve": {
    "1e-10": 1.3255472421477925e-12,
    "1e-08": 5.4386412704870665e-11,
    "1e-06": 1.954423615317211e-09,
    "0.0001": 1.1934788918008771e-07,
    "0.01": 7.4716870264877895e-06,
    "1.0": 0.0003003439211424522
  },
  "val_metrics": {
    "nmse": 1.3255472421477925e-12,
    "rmse": 2.594602905715864e-07
  },
  "test_metrics": {
    "nmse": 1.202127312613052e-12,
    "rmse": 2.2399720997598832e-07
  },
  "timing": {
    "train_states_s": 0.018840900011127815,
    "ridge_select_s": 0.013600800011772662,
    "total_s": 0.06149960000766441
  },
  "timestamp": "2026-05-12T10:15:27.438349+00:00",
  "reservoir_diagnostics": {
    "spectral_radius": 0.8999999999999997,
    "mean_abs_eigenvalue": 0.7079742795605938,
    "spectral_norm": 0.8999999999999994,
    "frobenius_norm": 7.227904506168839,
    "density": 0.02,
    "henrici_departure": 1.1662259365746388e-08
  }
}