{
  "sweep_name": "cycle_comparison_cycle_jump_j3_mackey_glass",
  "config_id": "0292ac89d7b8",
  "seed": 2024,
  "config_point": {
    "spectral_radius": 0.9,
    "input_scaling": 0.2,
    "leak_rate": 0.9
  },
  "best_ridge": 1e-10,
  "val_curve": {
    "1e-10": 2.3797185453149854e-12,
    "1e-08": 7.139046897976226e-11,
    "1e-06": 3.5433097660382233e-09,
    "0.0001": 1.6483831763082974e-07,
    "0.01": 9.324868339239083e-06,
    "1.0": 0.0005693231598491611
  },
  "val_metrics": {
    "nmse": 2.3797185453149854e-12,
    "rmse": 3.4764508397141346e-07
  },
  "test_metrics": {
    "nmse": 1.847515409736785e-12,
    "rmse": 2.7769074869600703e-07
  },
  "timing": {
    "train_states_s": 0.018540100019890815,
    "ridge_select_s": 0.013425899989670143,
    "total_s": 0.0617369000101462
  },
  "timestamp": "2026-05-12T10:15:27.511470+00:00",
  "reservoir_diagnostics": {
    "spectral_radius": 0.8999999999999997,
    "mean_abs_eigenvalue": 0.7079742795605938,
    "spectral_norm": 0.8999999999999994,
    "frobenius_norm": 7.227904506168839,
    "density": 0.02,
    "henrici_departure": 1.1662259365746388e-08
  }
}