{
  "sweep_name": "cycle_comparison_cycle_jump_j3_mackey_glass",
  "config_id": "0292ac89d7b8",
  "seed": 456,
  "config_point": {
    "spectral_radius": 0.9,
    "input_scaling": 0.2,
    "leak_rate": 0.9
  },
  "best_ridge": 1e-10,
  "val_curve": {
    "1e-10": 1.2904309107656409e-12,
    "1e-08": 6.432802590411706e-11,
    "1e-06": 2.8737592037139938e-09,
    "0.0001": 1.1911313490794645e-07,
    "0.01": 7.975840414084025e-06,
    "1.0": 0.0003980729134761705
  },
  "val_metrics": {
    "nmse": 1.2904309107656409e-12,
    "rmse": 2.5600041753350565e-07
  },
  "test_metrics": {
    "nmse": 1.256312126471306e-12,
    "rmse": 2.2898980780416117e-07
  },
  "timing": {
    "train_states_s": 0.018888199992943555,
    "ridge_select_s": 0.013333500013686717,
    "total_s": 0.06031860000803135
  },
  "timestamp": "2026-05-12T10:15:27.365123+00:00",
  "reservoir_diagnostics": {
    "spectral_radius": 0.8999999999999997,
    "mean_abs_eigenvalue": 0.7079742795605938,
    "spectral_norm": 0.8999999999999994,
    "frobenius_norm": 7.227904506168839,
    "density": 0.02,
    "henrici_departure": 1.1662259365746388e-08
  }
}