{
  "sweep_name": "cycle_comparison_cycle_jump_j3_mackey_glass",
  "config_id": "129fe242d561",
  "seed": 456,
  "config_point": {
    "spectral_radius": 0.9,
    "input_scaling": 0.1,
    "leak_rate": 1.0
  },
  "best_ridge": 1e-10,
  "val_curve": {
    "1e-10": 2.5825761497579312e-12,
    "1e-08": 1.1538008697841446e-10,
    "1e-06": 5.416128831361423e-09,
    "0.0001": 2.2821442268549654e-07,
    "0.01": 1.3348832375527069e-05,
    "1.0": 0.0010247441182061488
  },
  "val_metrics": {
    "nmse": 2.5825761497579312e-12,
    "rmse": 3.6215948413024115e-07
  },
  "test_metrics": {
    "nmse": 2.467147914557207e-12,
    "rmse": 3.2089649283626515e-07
  },
  "timing": {
    "train_states_s": 0.018151600001147017,
    "ridge_select_s": 0.013225399976363406,
    "total_s": 0.05884360001073219
  },
  "timestamp": "2026-05-12T10:15:26.303339+00:00",
  "reservoir_diagnostics": {
    "spectral_radius": 0.8999999999999997,
    "mean_abs_eigenvalue": 0.7079742795605938,
    "spectral_norm": 0.8999999999999994,
    "frobenius_norm": 7.227904506168839,
    "density": 0.02,
    "henrici_departure": 1.1662259365746388e-08
  }
}