{
  "sweep_name": "cycle_comparison_cycle_jump_j3_mackey_glass",
  "config_id": "129fe242d561",
  "seed": 42,
  "config_point": {
    "spectral_radius": 0.9,
    "input_scaling": 0.1,
    "leak_rate": 1.0
  },
  "best_ridge": 1e-10,
  "val_curve": {
    "1e-10": 2.436941410215352e-12,
    "1e-08": 1.2258994993750418e-10,
    "1e-06": 4.113362217016714e-09,
    "0.0001": 2.6387170888247047e-07,
    "0.01": 1.9871396449328105e-05,
    "1.0": 0.001540147892142062
  },
  "val_metrics": {
    "nmse": 2.436941410215352e-12,
    "rmse": 3.518000029849675e-07
  },
  "test_metrics": {
    "nmse": 2.2786455929760044e-12,
    "rmse": 3.0839389215465107e-07
  },
  "timing": {
    "train_states_s": 0.018634699983522296,
    "ridge_select_s": 0.013794300000881776,
    "total_s": 0.060232499992707744
  },
  "timestamp": "2026-05-12T10:15:26.161730+00:00",
  "reservoir_diagnostics": {
    "spectral_radius": 0.8999999999999997,
    "mean_abs_eigenvalue": 0.7079742795605938,
    "spectral_norm": 0.8999999999999994,
    "frobenius_norm": 7.227904506168839,
    "density": 0.02,
    "henrici_departure": 1.1662259365746388e-08
  }
}