{
  "sweep_name": "cycle_comparison_cycle_jump_j3_mackey_glass",
  "config_id": "129fe242d561",
  "seed": 2024,
  "config_point": {
    "spectral_radius": 0.9,
    "input_scaling": 0.1,
    "leak_rate": 1.0
  },
  "best_ridge": 1e-10,
  "val_curve": {
    "1e-10": 4.050678165622886e-12,
    "1e-08": 1.9273033130153947e-10,
    "1e-06": 7.434987719976236e-09,
    "0.0001": 2.6066988602359466e-07,
    "0.01": 2.5298723076296013e-05,
    "1.0": 0.004456875611020341
  },
  "val_metrics": {
    "nmse": 4.050678165622886e-12,
    "rmse": 4.5356252501730445e-07
  },
  "test_metrics": {
    "nmse": 3.671849872136148e-12,
    "rmse": 3.914802300179467e-07
  },
  "timing": {
    "train_states_s": 0.017887099995277822,
    "ridge_select_s": 0.012799099989933893,
    "total_s": 0.05800970000564121
  },
  "timestamp": "2026-05-12T10:15:26.442217+00:00",
  "reservoir_diagnostics": {
    "spectral_radius": 0.8999999999999997,
    "mean_abs_eigenvalue": 0.7079742795605938,
    "spectral_norm": 0.8999999999999994,
    "frobenius_norm": 7.227904506168839,
    "density": 0.02,
    "henrici_departure": 1.1662259365746388e-08
  }
}