{
  "sweep_name": "cycle_comparison_cycle_jump_j3_mackey_glass",
  "config_id": "5033ae01f908",
  "seed": 123,
  "config_point": {
    "spectral_radius": 0.9,
    "input_scaling": 0.2,
    "leak_rate": 1.0
  },
  "best_ridge": 1e-10,
  "val_curve": {
    "1e-10": 1.5524923846786852e-12,
    "1e-08": 3.259457598515715e-11,
    "1e-06": 4.303079641535316e-09,
    "0.0001": 1.5103710895283427e-07,
    "0.01": 5.4003136477466314e-06,
    "1.0": 0.00020817448447049897
  },
  "val_metrics": {
    "nmse": 1.5524923846786852e-12,
    "rmse": 2.8079413615696816e-07
  },
  "test_metrics": {
    "nmse": 1.5838079258005268e-12,
    "rmse": 2.5710980126798457e-07
  },
  "timing": {
    "train_states_s": 0.018630300008226186,
    "ridge_select_s": 0.013318900018930435,
    "total_s": 0.05968459998257458
  },
  "timestamp": "2026-05-12T10:15:27.655083+00:00",
  "reservoir_diagnostics": {
    "spectral_radius": 0.8999999999999997,
    "mean_abs_eigenvalue": 0.7079742795605938,
    "spectral_norm": 0.8999999999999994,
    "frobenius_norm": 7.227904506168839,
    "density": 0.02,
    "henrici_departure": 1.1662259365746388e-08
  }
}