{
  "sweep_name": "cycle_comparison_cycle_jump_j3_mackey_glass",
  "config_id": "5033ae01f908",
  "seed": 42,
  "config_point": {
    "spectral_radius": 0.9,
    "input_scaling": 0.2,
    "leak_rate": 1.0
  },
  "best_ridge": 1e-10,
  "val_curve": {
    "1e-10": 1.4900392356084667e-12,
    "1e-08": 4.962311522139687e-11,
    "1e-06": 2.2206120892788787e-09,
    "0.0001": 1.213827517419152e-07,
    "0.01": 5.950490092407734e-06,
    "1.0": 0.0004465627514396279
  },
  "val_metrics": {
    "nmse": 1.4900392356084667e-12,
    "rmse": 2.7508831748855986e-07
  },
  "test_metrics": {
    "nmse": 1.262975024840877e-12,
    "rmse": 2.29596232824819e-07
  },
  "timing": {
    "train_states_s": 0.018072000006213784,
    "ridge_select_s": 0.013831699994625524,
    "total_s": 0.06136389999301173
  },
  "timestamp": "2026-05-12T10:15:27.584122+00:00",
  "reservoir_diagnostics": {
    "spectral_radius": 0.8999999999999997,
    "mean_abs_eigenvalue": 0.7079742795605938,
    "spectral_norm": 0.8999999999999994,
    "frobenius_norm": 7.227904506168839,
    "density": 0.02,
    "henrici_departure": 1.1662259365746388e-08
  }
}