{
  "sweep_name": "cycle_comparison_cycle_jump_j3_mackey_glass",
  "config_id": "5033ae01f908",
  "seed": 2024,
  "config_point": {
    "spectral_radius": 0.9,
    "input_scaling": 0.2,
    "leak_rate": 1.0
  },
  "best_ridge": 1e-10,
  "val_curve": {
    "1e-10": 2.034152255927864e-12,
    "1e-08": 8.065582353637222e-11,
    "1e-06": 2.912778627610376e-09,
    "0.0001": 1.3463307549322177e-07,
    "0.01": 8.854570392432864e-06,
    "1.0": 0.0005494185813743045
  },
  "val_metrics": {
    "nmse": 2.034152255927864e-12,
    "rmse": 3.2141417286791364e-07
  },
  "test_metrics": {
    "nmse": 1.5930051024722565e-12,
    "rmse": 2.578552392808359e-07
  },
  "timing": {
    "train_states_s": 0.018219699995825067,
    "ridge_select_s": 0.013560599996708333,
    "total_s": 0.05962290000752546
  },
  "timestamp": "2026-05-12T10:15:27.870247+00:00",
  "reservoir_diagnostics": {
    "spectral_radius": 0.8999999999999997,
    "mean_abs_eigenvalue": 0.7079742795605938,
    "spectral_norm": 0.8999999999999994,
    "frobenius_norm": 7.227904506168839,
    "density": 0.02,
    "henrici_departure": 1.1662259365746388e-08
  }
}