{
  "sweep_name": "cycle_comparison_cycle_jump_j3_mackey_glass",
  "config_id": "5033ae01f908",
  "seed": 456,
  "config_point": {
    "spectral_radius": 0.9,
    "input_scaling": 0.2,
    "leak_rate": 1.0
  },
  "best_ridge": 1e-10,
  "val_curve": {
    "1e-10": 1.028160687148757e-12,
    "1e-08": 5.705507577874138e-11,
    "1e-06": 2.8481123192944348e-09,
    "0.0001": 1.1006390281949616e-07,
    "0.01": 7.775866630922965e-06,
    "1.0": 0.00039492122741513404
  },
  "val_metrics": {
    "nmse": 1.028160687148757e-12,
    "rmse": 2.2850925370550284e-07
  },
  "test_metrics": {
    "nmse": 9.670412606220201e-13,
    "rmse": 2.0090459919753897e-07
  },
  "timing": {
    "train_states_s": 0.018307299993466586,
    "ridge_select_s": 0.013812799996230751,
    "total_s": 0.06041430000914261
  },
  "timestamp": "2026-05-12T10:15:27.726900+00:00",
  "reservoir_diagnostics": {
    "spectral_radius": 0.8999999999999997,
    "mean_abs_eigenvalue": 0.7079742795605938,
    "spectral_norm": 0.8999999999999994,
    "frobenius_norm": 7.227904506168839,
    "density": 0.02,
    "henrici_departure": 1.1662259365746388e-08
  }
}