{
  "sweep_name": "cycle_comparison_cycle_jump_j3_mackey_glass",
  "config_id": "65189332b1c4",
  "seed": 789,
  "config_point": {
    "spectral_radius": 0.9,
    "input_scaling": 0.1,
    "leak_rate": 0.9
  },
  "best_ridge": 1e-10,
  "val_curve": {
    "1e-10": 3.3913312833092653e-12,
    "1e-08": 1.608750189712528e-10,
    "1e-06": 7.333256561455501e-09,
    "0.0001": 3.1890702195368645e-07,
    "0.01": 1.4494383150478847e-05,
    "1.0": 0.0008784495177228837
  },
  "val_metrics": {
    "nmse": 3.3913312833092653e-12,
    "rmse": 4.1500984843427267e-07
  },
  "test_metrics": {
    "nmse": 3.085206572119341e-12,
    "rmse": 3.5884714936766523e-07
  },
  "timing": {
    "train_states_s": 0.018120599997928366,
    "ridge_select_s": 0.012363799993181601,
    "total_s": 0.058107999997446314
  },
  "timestamp": "2026-05-12T10:15:26.016554+00:00",
  "reservoir_diagnostics": {
    "spectral_radius": 0.8999999999999997,
    "mean_abs_eigenvalue": 0.7079742795605938,
    "spectral_norm": 0.8999999999999994,
    "frobenius_norm": 7.227904506168839,
    "density": 0.02,
    "henrici_departure": 1.1662259365746388e-08
  }
}