{
  "sweep_name": "cycle_comparison_cycle_jump_j3_mackey_glass",
  "config_id": "65189332b1c4",
  "seed": 2024,
  "config_point": {
    "spectral_radius": 0.9,
    "input_scaling": 0.1,
    "leak_rate": 0.9
  },
  "best_ridge": 1e-10,
  "val_curve": {
    "1e-10": 4.7929953050652405e-12,
    "1e-08": 1.9076241383637365e-10,
    "1e-06": 8.915954082303972e-09,
    "0.0001": 3.165783598312171e-07,
    "0.01": 2.849268117836196e-05,
    "1.0": 0.0044277253561902045
  },
  "val_metrics": {
    "nmse": 4.7929953050652405e-12,
    "rmse": 4.933746106434046e-07
  },
  "test_metrics": {
    "nmse": 4.349825462914926e-12,
    "rmse": 4.2609191368361735e-07
  },
  "timing": {
    "train_states_s": 0.01787270000204444,
    "ridge_select_s": 0.013333599985344335,
    "total_s": 0.06094679998932406
  },
  "timestamp": "2026-05-12T10:15:26.088522+00:00",
  "reservoir_diagnostics": {
    "spectral_radius": 0.8999999999999997,
    "mean_abs_eigenvalue": 0.7079742795605938,
    "spectral_norm": 0.8999999999999994,
    "frobenius_norm": 7.227904506168839,
    "density": 0.02,
    "henrici_departure": 1.1662259365746388e-08
  }
}