{
  "sweep_name": "cycle_comparison_cycle_jump_j3_mackey_glass",
  "config_id": "65189332b1c4",
  "seed": 456,
  "config_point": {
    "spectral_radius": 0.9,
    "input_scaling": 0.1,
    "leak_rate": 0.9
  },
  "best_ridge": 1e-10,
  "val_curve": {
    "1e-10": 3.4222911161838644e-12,
    "1e-08": 1.3158760004906028e-10,
    "1e-06": 7.364073676352326e-09,
    "0.0001": 2.828782098066009e-07,
    "0.01": 1.655270399335957e-05,
    "1.0": 0.0011253183574832298
  },
  "val_metrics": {
    "nmse": 3.4222911161838644e-12,
    "rmse": 4.168998797261418e-07
  },
  "test_metrics": {
    "nmse": 3.3509669944276753e-12,
    "rmse": 3.739835086867721e-07
  },
  "timing": {
    "train_states_s": 0.017778799985535443,
    "ridge_select_s": 0.01245139999082312,
    "total_s": 0.057353599986527115
  },
  "timestamp": "2026-05-12T10:15:25.947402+00:00",
  "reservoir_diagnostics": {
    "spectral_radius": 0.8999999999999997,
    "mean_abs_eigenvalue": 0.7079742795605938,
    "spectral_norm": 0.8999999999999994,
    "frobenius_norm": 7.227904506168839,
    "density": 0.02,
    "henrici_departure": 1.1662259365746388e-08
  }
}