{
  "sweep_name": "cycle_comparison_cycle_jump_j3_mackey_glass",
  "config_id": "92815a841b21",
  "seed": 456,
  "config_point": {
    "spectral_radius": 0.9,
    "input_scaling": 0.15,
    "leak_rate": 1.0
  },
  "best_ridge": 1e-10,
  "val_curve": {
    "1e-10": 1.4338656361628362e-12,
    "1e-08": 6.44228752507595e-11,
    "1e-06": 3.713468594733589e-09,
    "0.0001": 1.4256996843672918e-07,
    "0.01": 1.0055619659249554e-05,
    "1.0": 0.0007951528547391563
  },
  "val_metrics": {
    "nmse": 1.4338656361628362e-12,
    "rmse": 2.6985316940899796e-07
  },
  "test_metrics": {
    "nmse": 1.3727358812595525e-12,
    "rmse": 2.393651220420799e-07
  },
  "timing": {
    "train_states_s": 0.01796299999114126,
    "ridge_select_s": 0.0140456999943126,
    "total_s": 0.060119900008430704
  },
  "timestamp": "2026-05-12T10:15:27.009162+00:00",
  "reservoir_diagnostics": {
    "spectral_radius": 0.8999999999999997,
    "mean_abs_eigenvalue": 0.7079742795605938,
    "spectral_norm": 0.8999999999999994,
    "frobenius_norm": 7.227904506168839,
    "density": 0.02,
    "henrici_departure": 1.1662259365746388e-08
  }
}