{
  "sweep_name": "cycle_comparison_cycle_jump_j3_mackey_glass",
  "config_id": "b5cf1e3871f2",
  "seed": 123,
  "config_point": {
    "spectral_radius": 0.9,
    "input_scaling": 0.15,
    "leak_rate": 0.9
  },
  "best_ridge": 1e-10,
  "val_curve": {
    "1e-10": 2.740341085729872e-12,
    "1e-08": 6.246748290462767e-11,
    "1e-06": 5.769202842689279e-09,
    "0.0001": 2.669005279567719e-07,
    "0.01": 9.340062389680064e-06,
    "1.0": 0.0004176761344478231
  },
  "val_metrics": {
    "nmse": 2.740341085729872e-12,
    "rmse": 3.7305735431479325e-07
  },
  "test_metrics": {
    "nmse": 2.6237614988749833e-12,
    "rmse": 3.3092498218977145e-07
  },
  "timing": {
    "train_states_s": 0.018667700001969934,
    "ridge_select_s": 0.013383900019107386,
    "total_s": 0.06103949999669567
  },
  "timestamp": "2026-05-12T10:15:26.584545+00:00",
  "reservoir_diagnostics": {
    "spectral_radius": 0.8999999999999997,
    "mean_abs_eigenvalue": 0.7079742795605938,
    "spectral_norm": 0.8999999999999994,
    "frobenius_norm": 7.227904506168839,
    "density": 0.02,
    "henrici_departure": 1.1662259365746388e-08
  }
}