{
  "sweep_name": "cycle_comparison_cycle_jump_j3_mackey_glass",
  "config_id": "b5cf1e3871f2",
  "seed": 456,
  "config_point": {
    "spectral_radius": 0.9,
    "input_scaling": 0.15,
    "leak_rate": 0.9
  },
  "best_ridge": 1e-10,
  "val_curve": {
    "1e-10": 1.7170581930620183e-12,
    "1e-08": 7.59749255344927e-11,
    "1e-06": 4.38505298504652e-09,
    "0.0001": 1.6984048636333045e-07,
    "0.01": 1.1526001308216059e-05,
    "1.0": 0.0008017938541699247
  },
  "val_metrics": {
    "nmse": 1.7170581930620183e-12,
    "rmse": 2.953016012863414e-07
  },
  "test_metrics": {
    "nmse": 1.7626877896992909e-12,
    "rmse": 2.712408363089486e-07
  },
  "timing": {
    "train_states_s": 0.018421699991449714,
    "ridge_select_s": 0.014037099987035617,
    "total_s": 0.06028060000971891
  },
  "timestamp": "2026-05-12T10:15:26.655975+00:00",
  "reservoir_diagnostics": {
    "spectral_radius": 0.8999999999999997,
    "mean_abs_eigenvalue": 0.7079742795605938,
    "spectral_norm": 0.8999999999999994,
    "frobenius_norm": 7.227904506168839,
    "density": 0.02,
    "henrici_departure": 1.1662259365746388e-08
  }
}