{
  "sweep_name": "cycle_comparison_cycle_jump_j3_mackey_glass",
  "config_id": "b5cf1e3871f2",
  "seed": 2024,
  "config_point": {
    "spectral_radius": 0.9,
    "input_scaling": 0.15,
    "leak_rate": 0.9
  },
  "best_ridge": 1e-10,
  "val_curve": {
    "1e-10": 3.0529358449381992e-12,
    "1e-08": 1.1971788805443355e-10,
    "1e-06": 5.600071362028949e-09,
    "0.0001": 2.0064728445432034e-07,
    "0.01": 1.5889620715990702e-05,
    "1.0": 0.0012821510249009735
  },
  "val_metrics": {
    "nmse": 3.0529358449381992e-12,
    "rmse": 3.93760487368505e-07
  },
  "test_metrics": {
    "nmse": 2.4761873181073453e-12,
    "rmse": 3.2148382299781867e-07
  },
  "timing": {
    "train_states_s": 0.01791419999790378,
    "ridge_select_s": 0.012733700015814975,
    "total_s": 0.058135999977821484
  },
  "timestamp": "2026-05-12T10:15:26.799277+00:00",
  "reservoir_diagnostics": {
    "spectral_radius": 0.8999999999999997,
    "mean_abs_eigenvalue": 0.7079742795605938,
    "spectral_norm": 0.8999999999999994,
    "frobenius_norm": 7.227904506168839,
    "density": 0.02,
    "henrici_departure": 1.1662259365746388e-08
  }
}