{
  "sweep_name": "cycle_comparison_random_sparse_baseline_mackey_glass",
  "config_id": "0292ac89d7b8",
  "seed": 789,
  "config_point": {
    "spectral_radius": 0.9,
    "input_scaling": 0.2,
    "leak_rate": 0.9
  },
  "best_ridge": 1e-10,
  "val_curve": {
    "1e-10": 2.0748392157145697e-12,
    "1e-08": 7.944146554522218e-11,
    "1e-06": 3.198689708781062e-09,
    "0.0001": 1.582100905172023e-07,
    "0.01": 6.665562689762665e-06,
    "1.0": 0.0004144467757166607
  },
  "val_metrics": {
    "nmse": 2.0748392157145697e-12,
    "rmse": 3.2461270884284656e-07
  },
  "test_metrics": {
    "nmse": 1.6863666854508847e-12,
    "rmse": 2.6530374697202426e-07
  },
  "timing": {
    "train_states_s": 0.0194873999862466,
    "ridge_select_s": 0.012949799973284826,
    "total_s": 0.06651589999091811
  },
  "timestamp": "2026-05-12T10:15:07.291466+00:00",
  "reservoir_diagnostics": {
    "spectral_radius": 0.8999999999999957,
    "mean_abs_eigenvalue": 0.5422613889267595,
    "spectral_norm": 1.6944983256502615,
    "frobenius_norm": 8.3685641654081,
    "density": 0.1,
    "henrici_departure": 0.7210852221136432
  }
}