{
  "sweep_name": "cycle_comparison_random_sparse_baseline_mackey_glass",
  "config_id": "129fe242d561",
  "seed": 789,
  "config_point": {
    "spectral_radius": 0.9,
    "input_scaling": 0.1,
    "leak_rate": 1.0
  },
  "best_ridge": 1e-10,
  "val_curve": {
    "1e-10": 2.6436834819905178e-12,
    "1e-08": 2.0604047924383138e-10,
    "1e-06": 1.4619258939878333e-08,
    "0.0001": 2.3637900496373155e-07,
    "0.01": 1.573808879899192e-05,
    "1.0": 0.0015325544635174486
  },
  "val_metrics": {
    "nmse": 2.6436834819905178e-12,
    "rmse": 3.664190324843336e-07
  },
  "test_metrics": {
    "nmse": 2.3583459126965895e-12,
    "rmse": 3.1374089397252195e-07
  },
  "timing": {
    "train_states_s": 0.01802990000578575,
    "ridge_select_s": 0.013174899999285117,
    "total_s": 0.06446659998618998
  },
  "timestamp": "2026-05-12T10:15:06.099294+00:00",
  "reservoir_diagnostics": {
    "spectral_radius": 0.8999999999999985,
    "mean_abs_eigenvalue": 0.542261388926761,
    "spectral_norm": 1.6944983256502646,
    "frobenius_norm": 8.368564165408115,
    "density": 0.1,
    "henrici_departure": 0.7210852221136422
  }
}