{
  "sweep_name": "cycle_comparison_random_sparse_baseline_mackey_glass",
  "config_id": "5033ae01f908",
  "seed": 789,
  "config_point": {
    "spectral_radius": 0.9,
    "input_scaling": 0.2,
    "leak_rate": 1.0
  },
  "best_ridge": 1e-10,
  "val_curve": {
    "1e-10": 1.4711057338400965e-12,
    "1e-08": 8.10791458288334e-11,
    "1e-06": 3.5034928782621964e-09,
    "0.0001": 1.3796964951379254e-07,
    "0.01": 6.0419079095236175e-06,
    "1.0": 0.0003807589244507496
  },
  "val_metrics": {
    "nmse": 1.4711057338400965e-12,
    "rmse": 2.73334995714801e-07
  },
  "test_metrics": {
    "nmse": 1.2445804524903486e-12,
    "rmse": 2.2791812554804998e-07
  },
  "timing": {
    "train_states_s": 0.018565199978183955,
    "ridge_select_s": 0.012768999993568286,
    "total_s": 0.06461270002182573
  },
  "timestamp": "2026-05-12T10:15:07.708268+00:00",
  "reservoir_diagnostics": {
    "spectral_radius": 0.900000000000008,
    "mean_abs_eigenvalue": 0.5422613889267656,
    "spectral_norm": 1.6944983256502792,
    "frobenius_norm": 8.368564165408184,
    "density": 0.1,
    "henrici_departure": 0.7210852221136423
  }
}