{
  "sweep_name": "cycle_comparison_random_sparse_baseline_mackey_glass",
  "config_id": "5033ae01f908",
  "seed": 456,
  "config_point": {
    "spectral_radius": 0.9,
    "input_scaling": 0.2,
    "leak_rate": 1.0
  },
  "best_ridge": 1e-10,
  "val_curve": {
    "1e-10": 9.58979007300848e-13,
    "1e-08": 7.721896081189764e-11,
    "1e-06": 3.1791800232379334e-09,
    "0.0001": 1.1753135973107389e-07,
    "0.01": 7.043150449462991e-06,
    "1.0": 0.0005587787998910665
  },
  "val_metrics": {
    "nmse": 9.58979007300848e-13,
    "rmse": 2.2068755595269308e-07
  },
  "test_metrics": {
    "nmse": 7.514850230116892e-13,
    "rmse": 1.771036620924141e-07
  },
  "timing": {
    "train_states_s": 0.01940619997913018,
    "ridge_select_s": 0.012511899985838681,
    "total_s": 0.06883890001336113
  },
  "timestamp": "2026-05-12T10:15:07.631765+00:00",
  "reservoir_diagnostics": {
    "spectral_radius": 0.8999999999999955,
    "mean_abs_eigenvalue": 0.5566768538168158,
    "spectral_norm": 1.7850479237767316,
    "frobenius_norm": 8.742732557979553,
    "density": 0.1,
    "henrici_departure": 0.7295555427850742
  }
}