{
  "sweep_name": "cycle_comparison_random_sparse_baseline_mackey_glass",
  "config_id": "65189332b1c4",
  "seed": 42,
  "config_point": {
    "spectral_radius": 0.9,
    "input_scaling": 0.1,
    "leak_rate": 0.9
  },
  "best_ridge": 1e-10,
  "val_curve": {
    "1e-10": 7.910501438733563e-12,
    "1e-08": 3.699523902153712e-10,
    "1e-06": 9.919755674794824e-09,
    "0.0001": 5.235158779250384e-07,
    "0.01": 3.5465621252930596e-05,
    "1.0": 0.0008517137915578959
  },
  "val_metrics": {
    "nmse": 7.910501438733563e-12,
    "rmse": 6.338336643122824e-07
  },
  "test_metrics": {
    "nmse": 7.629845630029526e-12,
    "rmse": 5.643197530953231e-07
  },
  "timing": {
    "train_states_s": 0.01878679997753352,
    "ridge_select_s": 0.012328799988608807,
    "total_s": 0.06955639997613616
  },
  "timestamp": "2026-05-12T10:15:05.469994+00:00",
  "reservoir_diagnostics": {
    "spectral_radius": 0.8999999999999977,
    "mean_abs_eigenvalue": 0.5417294795730215,
    "spectral_norm": 1.759895927780245,
    "frobenius_norm": 8.575565022751999,
    "density": 0.1,
    "henrici_departure": 0.7324133701670523
  }
}