{
  "sweep_name": "cycle_comparison_random_sparse_baseline_mackey_glass",
  "config_id": "65189332b1c4",
  "seed": 456,
  "config_point": {
    "spectral_radius": 0.9,
    "input_scaling": 0.1,
    "leak_rate": 0.9
  },
  "best_ridge": 1e-10,
  "val_curve": {
    "1e-10": 2.2138120280961017e-12,
    "1e-08": 1.7321964093896135e-10,
    "1e-06": 1.1508367204104822e-08,
    "0.0001": 3.3916556168503676e-07,
    "0.01": 1.029173566692611e-05,
    "1.0": 0.0014939307404144902
  },
  "val_metrics": {
    "nmse": 2.2138120280961017e-12,
    "rmse": 3.353078077583474e-07
  },
  "test_metrics": {
    "nmse": 2.1262754163206183e-12,
    "rmse": 2.979045495061493e-07
  },
  "timing": {
    "train_states_s": 0.018944600014947355,
    "ridge_select_s": 0.012692099990090355,
    "total_s": 0.06703549998928793
  },
  "timestamp": "2026-05-12T10:15:05.624884+00:00",
  "reservoir_diagnostics": {
    "spectral_radius": 0.8999999999999962,
    "mean_abs_eigenvalue": 0.5566768538168166,
    "spectral_norm": 1.7850479237767323,
    "frobenius_norm": 8.742732557979556,
    "density": 0.1,
    "henrici_departure": 0.7295555427850733
  }
}