{
  "sweep_name": "cycle_comparison_random_sparse_baseline_mackey_glass",
  "config_id": "92815a841b21",
  "seed": 2024,
  "config_point": {
    "spectral_radius": 0.9,
    "input_scaling": 0.15,
    "leak_rate": 1.0
  },
  "best_ridge": 1e-10,
  "val_curve": {
    "1e-10": 1.0566051190069984e-12,
    "1e-08": 5.968740371789944e-11,
    "1e-06": 3.1606079912970257e-09,
    "0.0001": 2.2821026730968093e-07,
    "0.01": 1.936381624346437e-05,
    "1.0": 0.0013268498284420365
  },
  "val_metrics": {
    "nmse": 1.0566051190069984e-12,
    "rmse": 2.3164858413540313e-07
  },
  "test_metrics": {
    "nmse": 9.93955544851438e-13,
    "rmse": 2.0368115877683922e-07
  },
  "timing": {
    "train_states_s": 0.018890000006649643,
    "ridge_select_s": 0.012217600014992058,
    "total_s": 0.06455809998442419
  },
  "timestamp": "2026-05-12T10:15:06.986214+00:00",
  "reservoir_diagnostics": {
    "spectral_radius": 0.8999999999999982,
    "mean_abs_eigenvalue": 0.5475518441238197,
    "spectral_norm": 1.7984346037251266,
    "frobenius_norm": 8.471559371085918,
    "density": 0.1,
    "henrici_departure": 0.7232600911672625
  }
}