{
  "sweep_name": "cycle_comparison_random_sparse_baseline_mackey_glass",
  "config_id": "92815a841b21",
  "seed": 789,
  "config_point": {
    "spectral_radius": 0.9,
    "input_scaling": 0.15,
    "leak_rate": 1.0
  },
  "best_ridge": 1e-10,
  "val_curve": {
    "1e-10": 1.9535865005877017e-12,
    "1e-08": 1.0421079112461558e-10,
    "1e-06": 7.325120429902651e-09,
    "0.0001": 1.5653702413769175e-07,
    "0.01": 9.536303429566302e-06,
    "1.0": 0.0005397747582151075
  },
  "val_metrics": {
    "nmse": 1.9535865005877017e-12,
    "rmse": 3.149848151089584e-07
  },
  "test_metrics": {
    "nmse": 1.6306977440386125e-12,
    "rmse": 2.6088800508180117e-07
  },
  "timing": {
    "train_states_s": 0.01884430000791326,
    "ridge_select_s": 0.012706499983323738,
    "total_s": 0.06367199998931028
  },
  "timestamp": "2026-05-12T10:15:06.909116+00:00",
  "reservoir_diagnostics": {
    "spectral_radius": 0.9000000000000034,
    "mean_abs_eigenvalue": 0.5422613889267603,
    "spectral_norm": 1.6944983256502626,
    "frobenius_norm": 8.368564165408102,
    "density": 0.1,
    "henrici_departure": 0.7210852221136422
  }
}