{
  "sweep_name": "cycle_comparison_random_sparse_baseline_mackey_glass",
  "config_id": "b5cf1e3871f2",
  "seed": 2024,
  "config_point": {
    "spectral_radius": 0.9,
    "input_scaling": 0.15,
    "leak_rate": 0.9
  },
  "best_ridge": 1e-10,
  "val_curve": {
    "1e-10": 1.5367721109170808e-12,
    "1e-08": 7.656626859627725e-11,
    "1e-06": 4.011009235811421e-09,
    "0.0001": 2.9276177027246413e-07,
    "0.01": 1.9725580441295748e-05,
    "1.0": 0.0013526901733979344
  },
  "val_metrics": {
    "nmse": 1.5367721109170808e-12,
    "rmse": 2.7936888218159207e-07
  },
  "test_metrics": {
    "nmse": 1.4262086649644056e-12,
    "rmse": 2.4398263201184264e-07
  },
  "timing": {
    "train_states_s": 0.018175700010033324,
    "ridge_select_s": 0.013321300008101389,
    "total_s": 0.06481369998073205
  },
  "timestamp": "2026-05-12T10:15:06.597882+00:00",
  "reservoir_diagnostics": {
    "spectral_radius": 0.9000000000000007,
    "mean_abs_eigenvalue": 0.5475518441238189,
    "spectral_norm": 1.7984346037251224,
    "frobenius_norm": 8.471559371085904,
    "density": 0.1,
    "henrici_departure": 0.7232600911672625
  }
}