{
  "sweep_name": "repro_2",
  "n_configs": 1,
  "n_seeds": 2,
  "task_name": "narma10",
  "configs": [
    {
      "config_id": "9c67a6f86fa9",
      "config_point": {
        "spectral_radius": 0.9,
        "input_scaling": 0.1,
        "leak_rate": 0.6
      },
      "n_seeds": 2,
      "val_mean": {
        "nmse": 0.2354006067468907,
        "rmse": 0.04608747647684357
      },
      "val_std": {
        "nmse": 0.009468244248496405,
        "rmse": 0.0018829205021969261
      },
      "test_mean": {
        "nmse": 0.35057689818918886,
        "rmse": 0.06568257584010342
      },
      "test_std": {
        "nmse": 0.04605336417811534,
        "rmse": 0.0012246089261787607
      },
      "best_ridge_mode": 1e-08
    }
  ],
  "best_config_id": "9c67a6f86fa9",
  "timestamp": "2026-04-14T20:54:04.496417+00:00"
}