{
  "sweep_name": "cycle_comparison_random_sparse_baseline",
  "config_id": "0292ac89d7b8",
  "seed": 123,
  "config_point": {
    "spectral_radius": 0.9,
    "input_scaling": 0.2,
    "leak_rate": 0.9
  },
  "mc_total": 19.720207594886467,
  "kmax": 200,
  "timing": {
    "mc_s": 0.37597309998818673
  },
  "timestamp": "2026-05-12T10:15:13.623199+00:00",
  "reservoir_diagnostics": {
    "spectral_radius": 0.9000000000000065,
    "mean_abs_eigenvalue": 0.5343390251156286,
    "spectral_norm": 1.6646718646073861,
    "frobenius_norm": 8.313711215528269,
    "density": 0.1,
    "henrici_departure": 0.727247637127646
  }
}