{
  "sweep_name": "cycle_comparison_random_sparse_baseline",
  "config_id": "129fe242d561",
  "seed": 2024,
  "config_point": {
    "spectral_radius": 0.9,
    "input_scaling": 0.1,
    "leak_rate": 1.0
  },
  "mc_total": 28.000002260464203,
  "kmax": 200,
  "timing": {
    "mc_s": 0.39814199999091215
  },
  "timestamp": "2026-05-12T10:15:10.620862+00:00",
  "reservoir_diagnostics": {
    "spectral_radius": 0.8999999999999979,
    "mean_abs_eigenvalue": 0.5475518441238214,
    "spectral_norm": 1.7984346037251298,
    "frobenius_norm": 8.471559371085936,
    "density": 0.1,
    "henrici_departure": 0.7232600911672619
  }
}