{
  "sweep_name": "cycle_comparison_random_sparse_baseline",
  "config_id": "129fe242d561",
  "seed": 789,
  "config_point": {
    "spectral_radius": 0.9,
    "input_scaling": 0.1,
    "leak_rate": 1.0
  },
  "mc_total": 25.81532980980215,
  "kmax": 200,
  "timing": {
    "mc_s": 0.04669529999955557
  },
  "timestamp": "2026-05-12T10:15:10.208638+00:00",
  "reservoir_diagnostics": {
    "spectral_radius": 0.8999999999999954,
    "mean_abs_eigenvalue": 0.5422613889267592,
    "spectral_norm": 1.6944983256502604,
    "frobenius_norm": 8.368564165408095,
    "density": 0.1,
    "henrici_departure": 0.7210852221136429
  }
}