{
  "sweep_name": "cycle_comparison_random_sparse_baseline",
  "config_id": "129fe242d561",
  "seed": 123,
  "config_point": {
    "spectral_radius": 0.9,
    "input_scaling": 0.1,
    "leak_rate": 1.0
  },
  "mc_total": 26.832656972986438,
  "kmax": 200,
  "timing": {
    "mc_s": 0.048155800002859905
  },
  "timestamp": "2026-05-12T10:15:09.573351+00:00",
  "reservoir_diagnostics": {
    "spectral_radius": 0.9000000000000052,
    "mean_abs_eigenvalue": 0.534339025115628,
    "spectral_norm": 1.6646718646073848,
    "frobenius_norm": 8.313711215528265,
    "density": 0.1,
    "henrici_departure": 0.7272476371276463
  }
}