{
  "sweep_name": "cycle_comparison_random_sparse_baseline",
  "config_id": "129fe242d561",
  "seed": 456,
  "config_point": {
    "spectral_radius": 0.9,
    "input_scaling": 0.1,
    "leak_rate": 1.0
  },
  "mc_total": 27.091640730995763,
  "kmax": 200,
  "timing": {
    "mc_s": 0.5560149000084493
  },
  "timestamp": "2026-05-12T10:15:10.146082+00:00",
  "reservoir_diagnostics": {
    "spectral_radius": 0.8999999999999915,
    "mean_abs_eigenvalue": 0.5566768538168158,
    "spectral_norm": 1.7850479237767303,
    "frobenius_norm": 8.74273255797955,
    "density": 0.1,
    "henrici_departure": 0.7295555427850742
  }
}