{
  "sweep_name": "cycle_comparison_random_sparse_baseline",
  "config_id": "5033ae01f908",
  "seed": 42,
  "config_point": {
    "spectral_radius": 0.9,
    "input_scaling": 0.2,
    "leak_rate": 1.0
  },
  "mc_total": 23.208023775680324,
  "kmax": 200,
  "timing": {
    "mc_s": 0.425951699988218
  },
  "timestamp": "2026-05-12T10:15:14.665447+00:00",
  "reservoir_diagnostics": {
    "spectral_radius": 0.8999999999999952,
    "mean_abs_eigenvalue": 0.5417294795730203,
    "spectral_norm": 1.7598959277802402,
    "frobenius_norm": 8.575565022751976,
    "density": 0.1,
    "henrici_departure": 0.7324133701670522
  }
}