{
  "sweep_name": "cycle_comparison_random_sparse_baseline",
  "config_id": "5033ae01f908",
  "seed": 2024,
  "config_point": {
    "spectral_radius": 0.9,
    "input_scaling": 0.2,
    "leak_rate": 1.0
  },
  "mc_total": 23.33667651828688,
  "kmax": 200,
  "timing": {
    "mc_s": 0.4057948999979999
  },
  "timestamp": "2026-05-12T10:15:15.800080+00:00",
  "reservoir_diagnostics": {
    "spectral_radius": 0.9000000000000017,
    "mean_abs_eigenvalue": 0.5475518441238207,
    "spectral_norm": 1.79843460372513,
    "frobenius_norm": 8.471559371085934,
    "density": 0.1,
    "henrici_departure": 0.7232600911672628
  }
}