{
  "sweep_name": "cycle_comparison_random_sparse_baseline",
  "config_id": "5033ae01f908",
  "seed": 789,
  "config_point": {
    "spectral_radius": 0.9,
    "input_scaling": 0.2,
    "leak_rate": 1.0
  },
  "mc_total": 21.266783802756873,
  "kmax": 200,
  "timing": {
    "mc_s": 0.04823169999872334
  },
  "timestamp": "2026-05-12T10:15:15.380078+00:00",
  "reservoir_diagnostics": {
    "spectral_radius": 0.9000000000000001,
    "mean_abs_eigenvalue": 0.5422613889267606,
    "spectral_norm": 1.694498325650265,
    "frobenius_norm": 8.368564165408117,
    "density": 0.1,
    "henrici_departure": 0.7210852221136431
  }
}