{
  "sweep_name": "cycle_comparison_random_sparse_baseline",
  "config_id": "5033ae01f908",
  "seed": 123,
  "config_point": {
    "spectral_radius": 0.9,
    "input_scaling": 0.2,
    "leak_rate": 1.0
  },
  "mc_total": 22.381769548404804,
  "kmax": 200,
  "timing": {
    "mc_s": 0.04656089999480173
  },
  "timestamp": "2026-05-12T10:15:14.727328+00:00",
  "reservoir_diagnostics": {
    "spectral_radius": 0.8999999999999992,
    "mean_abs_eigenvalue": 0.5343390251156265,
    "spectral_norm": 1.6646718646073793,
    "frobenius_norm": 8.313711215528238,
    "density": 0.1,
    "henrici_departure": 0.7272476371276462
  }
}