{
  "sweep_name": "cycle_comparison_random_sparse_baseline",
  "config_id": "65189332b1c4",
  "seed": 456,
  "config_point": {
    "spectral_radius": 0.9,
    "input_scaling": 0.1,
    "leak_rate": 0.9
  },
  "mc_total": 23.430842808407252,
  "kmax": 200,
  "timing": {
    "mc_s": 0.4013993999978993
  },
  "timestamp": "2026-05-12T10:15:08.552138+00:00",
  "reservoir_diagnostics": {
    "spectral_radius": 0.8999999999999891,
    "mean_abs_eigenvalue": 0.5566768538168134,
    "spectral_norm": 1.7850479237767245,
    "frobenius_norm": 8.742732557979519,
    "density": 0.1,
    "henrici_departure": 0.7295555427850742
  }
}