{
  "sweep_name": "cycle_comparison_random_sparse_baseline",
  "config_id": "65189332b1c4",
  "seed": 42,
  "config_point": {
    "spectral_radius": 0.9,
    "input_scaling": 0.1,
    "leak_rate": 0.9
  },
  "mc_total": 23.36621517316936,
  "kmax": 200,
  "timing": {
    "mc_s": 0.23858910001581535
  },
  "timestamp": "2026-05-12T10:15:08.070720+00:00",
  "reservoir_diagnostics": {
    "spectral_radius": 0.9000000000000002,
    "mean_abs_eigenvalue": 0.5417294795730241,
    "spectral_norm": 1.7598959277802537,
    "frobenius_norm": 8.575565022752043,
    "density": 0.1,
    "henrici_departure": 0.7324133701670531
  }
}