{
  "sweep_name": "cycle_comparison_random_sparse_baseline",
  "config_id": "65189332b1c4",
  "seed": 789,
  "config_point": {
    "spectral_radius": 0.9,
    "input_scaling": 0.1,
    "leak_rate": 0.9
  },
  "mc_total": 22.49316172971687,
  "kmax": 200,
  "timing": {
    "mc_s": 0.04846300001372583
  },
  "timestamp": "2026-05-12T10:15:08.615494+00:00",
  "reservoir_diagnostics": {
    "spectral_radius": 0.8999999999999957,
    "mean_abs_eigenvalue": 0.5422613889267595,
    "spectral_norm": 1.6944983256502615,
    "frobenius_norm": 8.3685641654081,
    "density": 0.1,
    "henrici_departure": 0.7210852221136432
  }
}