{
  "sweep_name": "cycle_comparison_random_sparse_baseline",
  "config_id": "65189332b1c4",
  "seed": 123,
  "config_point": {
    "spectral_radius": 0.9,
    "input_scaling": 0.1,
    "leak_rate": 0.9
  },
  "mc_total": 23.089247101325473,
  "kmax": 200,
  "timing": {
    "mc_s": 0.0487859999993816
  },
  "timestamp": "2026-05-12T10:15:08.133970+00:00",
  "reservoir_diagnostics": {
    "spectral_radius": 0.9000000000000001,
    "mean_abs_eigenvalue": 0.5343390251156264,
    "spectral_norm": 1.6646718646073773,
    "frobenius_norm": 8.313711215528228,
    "density": 0.1,
    "henrici_departure": 0.7272476371276455
  }
}