{
  "sweep_name": "cycle_comparison_random_sparse_baseline",
  "config_id": "92815a841b21",
  "seed": 123,
  "config_point": {
    "spectral_radius": 0.9,
    "input_scaling": 0.15,
    "leak_rate": 1.0
  },
  "mc_total": 24.305354054298682,
  "kmax": 200,
  "timing": {
    "mc_s": 0.0485931999864988
  },
  "timestamp": "2026-05-12T10:15:12.208662+00:00",
  "reservoir_diagnostics": {
    "spectral_radius": 0.8999999999999975,
    "mean_abs_eigenvalue": 0.5343390251156263,
    "spectral_norm": 1.6646718646073781,
    "frobenius_norm": 8.313711215528231,
    "density": 0.1,
    "henrici_departure": 0.7272476371276461
  }
}