{
  "sweep_name": "cycle_comparison_random_sparse_baseline",
  "config_id": "92815a841b21",
  "seed": 789,
  "config_point": {
    "spectral_radius": 0.9,
    "input_scaling": 0.15,
    "leak_rate": 1.0
  },
  "mc_total": 23.302422204974484,
  "kmax": 200,
  "timing": {
    "mc_s": 0.04809910000767559
  },
  "timestamp": "2026-05-12T10:15:12.724610+00:00",
  "reservoir_diagnostics": {
    "spectral_radius": 0.9000000000000012,
    "mean_abs_eigenvalue": 0.5422613889267578,
    "spectral_norm": 1.6944983256502573,
    "frobenius_norm": 8.368564165408072,
    "density": 0.1,
    "henrici_departure": 0.7210852221136429
  }
}