{
  "sweep_name": "cycle_comparison_random_sparse_baseline",
  "config_id": "b5cf1e3871f2",
  "seed": 789,
  "config_point": {
    "spectral_radius": 0.9,
    "input_scaling": 0.15,
    "leak_rate": 0.9
  },
  "mc_total": 20.435384053661895,
  "kmax": 200,
  "timing": {
    "mc_s": 0.36792229997809045
  },
  "timestamp": "2026-05-12T10:15:11.670554+00:00",
  "reservoir_diagnostics": {
    "spectral_radius": 0.9000000000000042,
    "mean_abs_eigenvalue": 0.5422613889267602,
    "spectral_norm": 1.6944983256502633,
    "frobenius_norm": 8.368564165408106,
    "density": 0.1,
    "henrici_departure": 0.7210852221136427
  }
}