{
  "sweep_name": "cycle_comparison_random_sparse_baseline",
  "config_id": "b5cf1e3871f2",
  "seed": 456,
  "config_point": {
    "spectral_radius": 0.9,
    "input_scaling": 0.15,
    "leak_rate": 0.9
  },
  "mc_total": 21.286120121478213,
  "kmax": 200,
  "timing": {
    "mc_s": 0.04780810000374913
  },
  "timestamp": "2026-05-12T10:15:11.286535+00:00",
  "reservoir_diagnostics": {
    "spectral_radius": 0.8999999999999929,
    "mean_abs_eigenvalue": 0.5566768538168131,
    "spectral_norm": 1.7850479237767232,
    "frobenius_norm": 8.742732557979512,
    "density": 0.1,
    "henrici_departure": 0.7295555427850743
  }
}