{
  "sweep_name": "repro_1",
  "config_id": "9c67a6f86fa9",
  "seed": 123,
  "config_point": {
    "spectral_radius": 0.9,
    "input_scaling": 0.1,
    "leak_rate": 0.6
  },
  "best_ridge": 1e-08,
  "val_curve": {
    "1e-08": 0.2259323628464822,
    "1e-06": 0.24509456484874478,
    "0.0001": 0.2826535278788447,
    "0.01": 0.367387982633247,
    "0.1": 0.4183441757211216,
    "1.0": 0.5657982509221758
  },
  "val_metrics": {
    "nmse": 0.2259323628464822,
    "rmse": 0.04420455600869903
  },
  "test_metrics": {
    "nmse": 0.3045235376053925,
    "rmse": 0.06690718516113799
  },
  "timing": {
    "train_states_s": 0.011270300019532442,
    "ridge_select_s": 0.008510700019542128,
    "total_s": 0.03316250001080334
  },
  "timestamp": "2026-04-14T20:54:04.323942+00:00"
}