{
  "sweep_name": "pilot_multitask",
  "config_id": "10b5d24c62b0",
  "seed": 456,
  "config_point": {
    "spectral_radius": 1.1,
    "input_scaling": 0.2,
    "leak_rate": 0.6
  },
  "mc_total": 14.910815925947036,
  "kmax": 200,
  "timing": {
    "mc_s": 0.03221759999905771
  },
  "timestamp": "2026-04-16T17:26:36.405896+00:00"
}