{
  "sweep_name": "pilot_multitask",
  "config_id": "10b5d24c62b0",
  "seed": 123,
  "config_point": {
    "spectral_radius": 1.1,
    "input_scaling": 0.2,
    "leak_rate": 0.6
  },
  "mc_total": 15.532899086502931,
  "kmax": 200,
  "timing": {
    "mc_s": 0.04395500000100583
  },
  "timestamp": "2026-04-16T17:26:36.365501+00:00"
}