{
  "sweep_name": "pilot_multitask",
  "config_id": "129fe242d561",
  "seed": 456,
  "config_point": {
    "spectral_radius": 0.9,
    "input_scaling": 0.1,
    "leak_rate": 1.0
  },
  "mc_total": 26.608616736545386,
  "kmax": 200,
  "timing": {
    "mc_s": 0.032325600001058774
  },
  "timestamp": "2026-04-16T17:26:35.662191+00:00"
}