{
  "sweep_name": "pilot_multitask",
  "config_id": "25de579150b8",
  "seed": 42,
  "config_point": {
    "spectral_radius": 0.7,
    "input_scaling": 0.1,
    "leak_rate": 1.0
  },
  "mc_total": 18.20074166844345,
  "kmax": 200,
  "timing": {
    "mc_s": 0.03318979999858129
  },
  "timestamp": "2026-04-16T17:26:34.980247+00:00"
}