{
  "sweep_name": "pilot_multitask",
  "config_id": "25de579150b8",
  "seed": 123,
  "config_point": {
    "spectral_radius": 0.7,
    "input_scaling": 0.1,
    "leak_rate": 1.0
  },
  "mc_total": 18.282856506297286,
  "kmax": 200,
  "timing": {
    "mc_s": 0.031088599998838617
  },
  "timestamp": "2026-04-16T17:26:35.016336+00:00"
}