{
  "sweep_name": "pilot_multitask",
  "config_id": "4624975b8b19",
  "seed": 42,
  "config_point": {
    "spectral_radius": 1.1,
    "input_scaling": 0.1,
    "leak_rate": 0.6
  },
  "mc_total": 11.187183453475896,
  "kmax": 200,
  "timing": {
    "mc_s": 0.03265549999923678
  },
  "timestamp": "2026-04-16T17:26:36.039106+00:00"
}