{
  "sweep_name": "pilot_multitask",
  "config_id": "5033ae01f908",
  "seed": 456,
  "config_point": {
    "spectral_radius": 0.9,
    "input_scaling": 0.2,
    "leak_rate": 1.0
  },
  "mc_total": 22.2206760744743,
  "kmax": 200,
  "timing": {
    "mc_s": 0.03192550000130723
  },
  "timestamp": "2026-04-16T17:26:35.991300+00:00"
}