{
  "sweep_name": "pilot_multitask",
  "config_id": "5033ae01f908",
  "seed": 42,
  "config_point": {
    "spectral_radius": 0.9,
    "input_scaling": 0.2,
    "leak_rate": 1.0
  },
  "mc_total": 22.768380541778903,
  "kmax": 200,
  "timing": {
    "mc_s": 0.035644800000227406
  },
  "timestamp": "2026-04-16T17:26:35.911795+00:00"
}