{
  "sweep_name": "pilot_multitask",
  "config_id": "5dacf2ac3539",
  "seed": 456,
  "config_point": {
    "spectral_radius": 0.7,
    "input_scaling": 0.2,
    "leak_rate": 0.6
  },
  "mc_total": 11.663010548117587,
  "kmax": 200,
  "timing": {
    "mc_s": 0.03351889999976265
  },
  "timestamp": "2026-04-16T17:26:35.188999+00:00"
}