{
  "sweep_name": "pilot_multitask",
  "config_id": "72f84ae81d5b",
  "seed": 123,
  "config_point": {
    "spectral_radius": 0.7,
    "input_scaling": 0.1,
    "leak_rate": 0.6
  },
  "mc_total": 11.772466292580422,
  "kmax": 200,
  "timing": {
    "mc_s": 0.03356149999854097
  },
  "timestamp": "2026-04-16T17:26:34.890348+00:00"
}