{
  "sweep_name": "pilot_multitask",
  "config_id": "72f84ae81d5b",
  "seed": 456,
  "config_point": {
    "spectral_radius": 0.7,
    "input_scaling": 0.1,
    "leak_rate": 0.6
  },
  "mc_total": 12.103038677226499,
  "kmax": 200,
  "timing": {
    "mc_s": 0.030117000000245753
  },
  "timestamp": "2026-04-16T17:26:34.927723+00:00"
}