{
  "sweep_name": "pilot_multitask",
  "config_id": "9bba7c25d761",
  "seed": 42,
  "config_point": {
    "spectral_radius": 1.1,
    "input_scaling": 0.2,
    "leak_rate": 1.0
  },
  "mc_total": 16.48704257251329,
  "kmax": 200,
  "timing": {
    "mc_s": 0.03340550000029907
  },
  "timestamp": "2026-04-16T17:26:36.459923+00:00"
}