{
  "sweep_name": "pilot_multitask",
  "config_id": "9bba7c25d761",
  "seed": 123,
  "config_point": {
    "spectral_radius": 1.1,
    "input_scaling": 0.2,
    "leak_rate": 1.0
  },
  "mc_total": 21.48720074553708,
  "kmax": 200,
  "timing": {
    "mc_s": 0.032243399999060784
  },
  "timestamp": "2026-04-16T17:26:36.496539+00:00"
}