{
  "sweep_name": "pilot_multitask",
  "config_id": "ae031b6366dd",
  "seed": 456,
  "config_point": {
    "spectral_radius": 1.1,
    "input_scaling": 0.1,
    "leak_rate": 1.0
  },
  "mc_total": 21.38882689144659,
  "kmax": 200,
  "timing": {
    "mc_s": 0.03470500000003085
  },
  "timestamp": "2026-04-16T17:26:36.252415+00:00"
}