{
  "sweep_name": "pilot_multitask",
  "config_id": "ae031b6366dd",
  "seed": 42,
  "config_point": {
    "spectral_radius": 1.1,
    "input_scaling": 0.1,
    "leak_rate": 1.0
  },
  "mc_total": 18.6653908918208,
  "kmax": 200,
  "timing": {
    "mc_s": 0.03549820000080217
  },
  "timestamp": "2026-04-16T17:26:36.173654+00:00"
}