{
  "sweep_name": "pilot_multitask",
  "config_id": "ae031b6366dd",
  "seed": 123,
  "config_point": {
    "spectral_radius": 1.1,
    "input_scaling": 0.1,
    "leak_rate": 1.0
  },
  "mc_total": 25.210324548732306,
  "kmax": 200,
  "timing": {
    "mc_s": 0.03258559999994759
  },
  "timestamp": "2026-04-16T17:26:36.211344+00:00"
}