{
  "sweep_name": "pilot_multitask",
  "config_id": "aeb751998e63",
  "seed": 42,
  "config_point": {
    "spectral_radius": 0.7,
    "input_scaling": 0.2,
    "leak_rate": 1.0
  },
  "mc_total": 16.738830289281605,
  "kmax": 200,
  "timing": {
    "mc_s": 0.030023700001038378
  },
  "timestamp": "2026-04-16T17:26:35.226137+00:00"
}