{
  "sweep_name": "pilot_multitask",
  "config_id": "aeb751998e63",
  "seed": 456,
  "config_point": {
    "spectral_radius": 0.7,
    "input_scaling": 0.2,
    "leak_rate": 1.0
  },
  "mc_total": 16.870620386833114,
  "kmax": 200,
  "timing": {
    "mc_s": 0.02985179999996035
  },
  "timestamp": "2026-04-16T17:26:35.300125+00:00"
}