{
  "sweep_name": "pilot_multitask",
  "config_id": "bf8866ab4036",
  "seed": 42,
  "config_point": {
    "spectral_radius": 0.9,
    "input_scaling": 0.2,
    "leak_rate": 0.6
  },
  "mc_total": 13.954189457951474,
  "kmax": 200,
  "timing": {
    "mc_s": 0.03205119999984163
  },
  "timestamp": "2026-04-16T17:26:35.707174+00:00"
}