{
  "sweep_name": "cycle_comparison_cycle_jump_j7_narma10",
  "config_id": "0292ac89d7b8",
  "seed": 789,
  "config_point": {
    "spectral_radius": 0.9,
    "input_scaling": 0.2,
    "leak_rate": 0.9
  },
  "best_ridge": 1e-10,
  "val_curve": {
    "1e-10": 0.1428911807577982,
    "1e-08": 0.14311198256432767,
    "1e-06": 0.160757552839914,
    "0.0001": 0.20996754155069125,
    "0.01": 0.2342769839580085,
    "1.0": 0.40886628751620496
  },
  "val_metrics": {
    "nmse": 0.1428911807577982,
    "rmse": 0.041796329546972606
  },
  "test_metrics": {
    "nmse": 0.11410386303957785,
    "rmse": 0.0359277189452467
  },
  "timing": {
    "train_states_s": 0.019697700015967712,
    "ridge_select_s": 0.013214300008257851,
    "total_s": 0.06492179998895153
  },
  "timestamp": "2026-05-12T10:15:32.631771+00:00",
  "reservoir_diagnostics": {
    "spectral_radius": 0.8999999999999965,
    "mean_abs_eigenvalue": 0.7079742795605912,
    "spectral_norm": 0.8999999999999961,
    "frobenius_norm": 7.227904506168811,
    "density": 0.02,
    "henrici_departure": 2.019962575251881e-08
  }
}