{
  "sweep_name": "cycle_comparison_cycle_jump_j7_narma10",
  "config_id": "0292ac89d7b8",
  "seed": 42,
  "config_point": {
    "spectral_radius": 0.9,
    "input_scaling": 0.2,
    "leak_rate": 0.9
  },
  "best_ridge": 1e-08,
  "val_curve": {
    "1e-10": 0.10594381117366332,
    "1e-08": 0.10581709625870764,
    "1e-06": 0.12005788444213279,
    "0.0001": 0.1899115965513097,
    "0.01": 0.23739637730100335,
    "1.0": 0.3488689427550057
  },
  "val_metrics": {
    "nmse": 0.10581709625870764,
    "rmse": 0.040131391534032515
  },
  "test_metrics": {
    "nmse": 0.10515880990012004,
    "rmse": 0.0329479352468643
  },
  "timing": {
    "train_states_s": 0.019333800009917468,
    "ridge_select_s": 0.01274320000084117,
    "total_s": 0.0643246999825351
  },
  "timestamp": "2026-05-12T10:15:32.389046+00:00",
  "reservoir_diagnostics": {
    "spectral_radius": 0.8999999999999965,
    "mean_abs_eigenvalue": 0.7079742795605912,
    "spectral_norm": 0.8999999999999961,
    "frobenius_norm": 7.227904506168811,
    "density": 0.02,
    "henrici_departure": 2.019962575251881e-08
  }
}