{
  "sweep_name": "cycle_comparison_cycle_jump_j7_narma10",
  "config_id": "0292ac89d7b8",
  "seed": 123,
  "config_point": {
    "spectral_radius": 0.9,
    "input_scaling": 0.2,
    "leak_rate": 0.9
  },
  "best_ridge": 1e-10,
  "val_curve": {
    "1e-10": 0.10748867917688493,
    "1e-08": 0.10775416901146363,
    "1e-06": 0.13388569458882985,
    "0.0001": 0.1814889462954501,
    "0.01": 0.19516500312768378,
    "1.0": 0.35733774847654987
  },
  "val_metrics": {
    "nmse": 0.10748867917688493,
    "rmse": 0.03205548495515959
  },
  "test_metrics": {
    "nmse": 0.10353060214585871,
    "rmse": 0.03322064872698108
  },
  "timing": {
    "train_states_s": 0.020010300009744242,
    "ridge_select_s": 0.013366700004553422,
    "total_s": 0.06553560000611469
  },
  "timestamp": "2026-05-12T10:15:32.470477+00:00",
  "reservoir_diagnostics": {
    "spectral_radius": 0.8999999999999965,
    "mean_abs_eigenvalue": 0.7079742795605912,
    "spectral_norm": 0.8999999999999961,
    "frobenius_norm": 7.227904506168811,
    "density": 0.02,
    "henrici_departure": 2.019962575251881e-08
  }
}