{
  "sweep_name": "cycle_comparison_cycle_jump_j7_narma10",
  "config_id": "0292ac89d7b8",
  "seed": 456,
  "config_point": {
    "spectral_radius": 0.9,
    "input_scaling": 0.2,
    "leak_rate": 0.9
  },
  "best_ridge": 1e-10,
  "val_curve": {
    "1e-10": 0.10828473496331832,
    "1e-08": 0.10852639385023753,
    "1e-06": 0.13927003270736607,
    "0.0001": 0.1677168963030245,
    "0.01": 0.18626101515162835,
    "1.0": 0.362709799225613
  },
  "val_metrics": {
    "nmse": 0.10828473496331832,
    "rmse": 0.03340663898874627
  },
  "test_metrics": {
    "nmse": 0.10774522730080491,
    "rmse": 0.034555841343693695
  },
  "timing": {
    "train_states_s": 0.019414599984884262,
    "ridge_select_s": 0.014129000017419457,
    "total_s": 0.06470090002403595
  },
  "timestamp": "2026-05-12T10:15:32.550737+00:00",
  "reservoir_diagnostics": {
    "spectral_radius": 0.8999999999999965,
    "mean_abs_eigenvalue": 0.7079742795605912,
    "spectral_norm": 0.8999999999999961,
    "frobenius_norm": 7.227904506168811,
    "density": 0.02,
    "henrici_departure": 2.019962575251881e-08
  }
}