{
  "sweep_name": "cycle_comparison_cycle_jump_j7_narma10",
  "config_id": "129fe242d561",
  "seed": 123,
  "config_point": {
    "spectral_radius": 0.9,
    "input_scaling": 0.1,
    "leak_rate": 1.0
  },
  "best_ridge": 1e-10,
  "val_curve": {
    "1e-10": 0.1248277628878076,
    "1e-08": 0.13026416377845937,
    "1e-06": 0.17634218464499393,
    "0.0001": 0.1876265215504582,
    "0.01": 0.18951980910590854,
    "1.0": 0.4223883877572058
  },
  "val_metrics": {
    "nmse": 0.1248277628878076,
    "rmse": 0.03454431474889756
  },
  "test_metrics": {
    "nmse": 0.11215968279186342,
    "rmse": 0.03457738338003198
  },
  "timing": {
    "train_states_s": 0.0193483000039123,
    "ridge_select_s": 0.01323969999793917,
    "total_s": 0.06417939998209476
  },
  "timestamp": "2026-05-12T10:15:31.259818+00:00",
  "reservoir_diagnostics": {
    "spectral_radius": 0.8999999999999965,
    "mean_abs_eigenvalue": 0.7079742795605912,
    "spectral_norm": 0.8999999999999961,
    "frobenius_norm": 7.227904506168811,
    "density": 0.02,
    "henrici_departure": 2.019962575251881e-08
  }
}