{
  "sweep_name": "cycle_comparison_cycle_jump_j7_narma10",
  "config_id": "129fe242d561",
  "seed": 2024,
  "config_point": {
    "spectral_radius": 0.9,
    "input_scaling": 0.1,
    "leak_rate": 1.0
  },
  "best_ridge": 1e-08,
  "val_curve": {
    "1e-10": 0.09901385180609673,
    "1e-08": 0.09876271210467895,
    "1e-06": 0.14411888340386927,
    "0.0001": 0.17739579646976858,
    "0.01": 0.18671982432709724,
    "1.0": 0.35860464416541715
  },
  "val_metrics": {
    "nmse": 0.09876271210467895,
    "rmse": 0.03300397076149133
  },
  "test_metrics": {
    "nmse": 0.0997571526505938,
    "rmse": 0.03224463507679526
  },
  "timing": {
    "train_states_s": 0.019618700025603175,
    "ridge_select_s": 0.013643699989188462,
    "total_s": 0.06551119999494404
  },
  "timestamp": "2026-05-12T10:15:31.501211+00:00",
  "reservoir_diagnostics": {
    "spectral_radius": 0.8999999999999965,
    "mean_abs_eigenvalue": 0.7079742795605912,
    "spectral_norm": 0.8999999999999961,
    "frobenius_norm": 7.227904506168811,
    "density": 0.02,
    "henrici_departure": 2.019962575251881e-08
  }
}