{
  "sweep_name": "cycle_comparison_cycle_jump_j7_narma10",
  "config_id": "129fe242d561",
  "seed": 456,
  "config_point": {
    "spectral_radius": 0.9,
    "input_scaling": 0.1,
    "leak_rate": 1.0
  },
  "best_ridge": 1e-10,
  "val_curve": {
    "1e-10": 0.12983503342966995,
    "1e-08": 0.1356835256342068,
    "1e-06": 0.16875517278319954,
    "0.0001": 0.17403348613443353,
    "0.01": 0.1778167253972211,
    "1.0": 0.5057520242049164
  },
  "val_metrics": {
    "nmse": 0.12983503342966995,
    "rmse": 0.03658011883230032
  },
  "test_metrics": {
    "nmse": 0.1292185376262973,
    "rmse": 0.03784293932419627
  },
  "timing": {
    "train_states_s": 0.01946079998742789,
    "ridge_select_s": 0.01432129999739118,
    "total_s": 0.0661833000194747
  },
  "timestamp": "2026-05-12T10:15:31.341573+00:00",
  "reservoir_diagnostics": {
    "spectral_radius": 0.8999999999999965,
    "mean_abs_eigenvalue": 0.7079742795605912,
    "spectral_norm": 0.8999999999999961,
    "frobenius_norm": 7.227904506168811,
    "density": 0.02,
    "henrici_departure": 2.019962575251881e-08
  }
}