{
  "sweep_name": "cycle_comparison_cycle_jump_j7_narma10",
  "config_id": "129fe242d561",
  "seed": 42,
  "config_point": {
    "spectral_radius": 0.9,
    "input_scaling": 0.1,
    "leak_rate": 1.0
  },
  "best_ridge": 1e-10,
  "val_curve": {
    "1e-10": 0.12993020408801464,
    "1e-08": 0.13452511373653325,
    "1e-06": 0.18767646048814107,
    "0.0001": 0.22137178289815734,
    "0.01": 0.23457492593104623,
    "1.0": 0.43446618100009293
  },
  "val_metrics": {
    "nmse": 0.12993020408801464,
    "rmse": 0.04446940916550156
  },
  "test_metrics": {
    "nmse": 0.1212937227969961,
    "rmse": 0.03538543472365261
  },
  "timing": {
    "train_states_s": 0.01952329999767244,
    "ridge_select_s": 0.013005699991481379,
    "total_s": 0.06480599998030812
  },
  "timestamp": "2026-05-12T10:15:31.180057+00:00",
  "reservoir_diagnostics": {
    "spectral_radius": 0.8999999999999965,
    "mean_abs_eigenvalue": 0.7079742795605912,
    "spectral_norm": 0.8999999999999961,
    "frobenius_norm": 7.227904506168811,
    "density": 0.02,
    "henrici_departure": 2.019962575251881e-08
  }
}