{
  "sweep_name": "cycle_comparison_cycle_jump_j7_narma10",
  "config_id": "129fe242d561",
  "seed": 789,
  "config_point": {
    "spectral_radius": 0.9,
    "input_scaling": 0.1,
    "leak_rate": 1.0
  },
  "best_ridge": 1e-10,
  "val_curve": {
    "1e-10": 0.15446539953891475,
    "1e-08": 0.16121750287331152,
    "1e-06": 0.20853882068021629,
    "0.0001": 0.2238754418573243,
    "0.01": 0.2329035272520461,
    "1.0": 0.6114509530847863
  },
  "val_metrics": {
    "nmse": 0.15446539953891475,
    "rmse": 0.04345612908445073
  },
  "test_metrics": {
    "nmse": 0.12475434003964726,
    "rmse": 0.03756706811233166
  },
  "timing": {
    "train_states_s": 0.018943500006571412,
    "ridge_select_s": 0.012681399995926768,
    "total_s": 0.0636823000095319
  },
  "timestamp": "2026-05-12T10:15:31.420353+00:00",
  "reservoir_diagnostics": {
    "spectral_radius": 0.8999999999999965,
    "mean_abs_eigenvalue": 0.7079742795605912,
    "spectral_norm": 0.8999999999999961,
    "frobenius_norm": 7.227904506168811,
    "density": 0.02,
    "henrici_departure": 2.019962575251881e-08
  }
}