{
  "sweep_name": "cycle_comparison_cycle_jump_j7_narma10",
  "config_id": "5033ae01f908",
  "seed": 42,
  "config_point": {
    "spectral_radius": 0.9,
    "input_scaling": 0.2,
    "leak_rate": 1.0
  },
  "best_ridge": 1e-10,
  "val_curve": {
    "1e-10": 0.12739125971974133,
    "1e-08": 0.12743967235657713,
    "1e-06": 0.13529973566492148,
    "0.0001": 0.20069063017387656,
    "0.01": 0.2346619074238797,
    "1.0": 0.3118021218445261
  },
  "val_metrics": {
    "nmse": 0.12739125971974133,
    "rmse": 0.04403278098237858
  },
  "test_metrics": {
    "nmse": 0.12146821455543247,
    "rmse": 0.03541087811656789
  },
  "timing": {
    "train_states_s": 0.0201764999947045,
    "ridge_select_s": 0.013086799997836351,
    "total_s": 0.06497339997440577
  },
  "timestamp": "2026-05-12T10:15:32.795115+00:00",
  "reservoir_diagnostics": {
    "spectral_radius": 0.8999999999999965,
    "mean_abs_eigenvalue": 0.7079742795605912,
    "spectral_norm": 0.8999999999999961,
    "frobenius_norm": 7.227904506168811,
    "density": 0.02,
    "henrici_departure": 2.019962575251881e-08
  }
}