{
  "sweep_name": "cycle_comparison_cycle_jump_j7_narma10",
  "config_id": "5033ae01f908",
  "seed": 123,
  "config_point": {
    "spectral_radius": 0.9,
    "input_scaling": 0.2,
    "leak_rate": 1.0
  },
  "best_ridge": 1e-10,
  "val_curve": {
    "1e-10": 0.12149580470371892,
    "1e-08": 0.12152093217649723,
    "1e-06": 0.1316000239589046,
    "0.0001": 0.1789499666024664,
    "0.01": 0.18769081017236838,
    "1.0": 0.2694511347924503
  },
  "val_metrics": {
    "nmse": 0.12149580470371892,
    "rmse": 0.03408016033615426
  },
  "test_metrics": {
    "nmse": 0.11107513004969191,
    "rmse": 0.03440980046593884
  },
  "timing": {
    "train_states_s": 0.019536099978722632,
    "ridge_select_s": 0.013028999994276091,
    "total_s": 0.06386070000007749
  },
  "timestamp": "2026-05-12T10:15:32.874421+00:00",
  "reservoir_diagnostics": {
    "spectral_radius": 0.8999999999999965,
    "mean_abs_eigenvalue": 0.7079742795605912,
    "spectral_norm": 0.8999999999999961,
    "frobenius_norm": 7.227904506168811,
    "density": 0.02,
    "henrici_departure": 2.019962575251881e-08
  }
}