{
  "sweep_name": "cycle_comparison_cycle_jump_j7_narma10",
  "config_id": "5033ae01f908",
  "seed": 789,
  "config_point": {
    "spectral_radius": 0.9,
    "input_scaling": 0.2,
    "leak_rate": 1.0
  },
  "best_ridge": 1e-10,
  "val_curve": {
    "1e-10": 0.1555587759315379,
    "1e-08": 0.15563935404524573,
    "1e-06": 0.16620207687716776,
    "0.0001": 0.21509752349497865,
    "0.01": 0.23112970660550988,
    "1.0": 0.37569516709633116
  },
  "val_metrics": {
    "nmse": 0.1555587759315379,
    "rmse": 0.04360965900379913
  },
  "test_metrics": {
    "nmse": 0.12358975204381573,
    "rmse": 0.03739131174831615
  },
  "timing": {
    "train_states_s": 0.01921919998130761,
    "ridge_select_s": 0.013993500004289672,
    "total_s": 0.06481059998623095
  },
  "timestamp": "2026-05-12T10:15:33.033195+00:00",
  "reservoir_diagnostics": {
    "spectral_radius": 0.8999999999999965,
    "mean_abs_eigenvalue": 0.7079742795605912,
    "spectral_norm": 0.8999999999999961,
    "frobenius_norm": 7.227904506168811,
    "density": 0.02,
    "henrici_departure": 2.019962575251881e-08
  }
}