{
  "sweep_name": "cycle_comparison_cycle_jump_j7_narma10",
  "config_id": "65189332b1c4",
  "seed": 456,
  "config_point": {
    "spectral_radius": 0.9,
    "input_scaling": 0.1,
    "leak_rate": 0.9
  },
  "best_ridge": 1e-10,
  "val_curve": {
    "1e-10": 0.10874746615473449,
    "1e-08": 0.13178078431065707,
    "1e-06": 0.1668864497126058,
    "0.0001": 0.17208223442500062,
    "0.01": 0.20638556909491057,
    "1.0": 0.5408626146531963
  },
  "val_metrics": {
    "nmse": 0.10874746615473449,
    "rmse": 0.03347794088852699
  },
  "test_metrics": {
    "nmse": 0.11007660835714045,
    "rmse": 0.0349276985724074
  },
  "timing": {
    "train_states_s": 0.019199200003640726,
    "ridge_select_s": 0.01297129999147728,
    "total_s": 0.06632189999800175
  },
  "timestamp": "2026-05-12T10:15:30.940207+00:00",
  "reservoir_diagnostics": {
    "spectral_radius": 0.8999999999999965,
    "mean_abs_eigenvalue": 0.7079742795605912,
    "spectral_norm": 0.8999999999999961,
    "frobenius_norm": 7.227904506168811,
    "density": 0.02,
    "henrici_departure": 2.019962575251881e-08
  }
}