{
  "sweep_name": "cycle_comparison_cycle_jump_j7_narma10",
  "config_id": "65189332b1c4",
  "seed": 123,
  "config_point": {
    "spectral_radius": 0.9,
    "input_scaling": 0.1,
    "leak_rate": 0.9
  },
  "best_ridge": 1e-10,
  "val_curve": {
    "1e-10": 0.1093467895889381,
    "1e-08": 0.12916869714602056,
    "1e-06": 0.18054467398140445,
    "0.0001": 0.1875273056136894,
    "0.01": 0.21865019599152224,
    "1.0": 0.4766934443635017
  },
  "val_metrics": {
    "nmse": 0.1093467895889381,
    "rmse": 0.032331362487305886
  },
  "test_metrics": {
    "nmse": 0.10657290251399143,
    "rmse": 0.03370521765903516
  },
  "timing": {
    "train_states_s": 0.019670900015626103,
    "ridge_select_s": 0.013391200016485527,
    "total_s": 0.06533489999128506
  },
  "timestamp": "2026-05-12T10:15:30.858936+00:00",
  "reservoir_diagnostics": {
    "spectral_radius": 0.8999999999999965,
    "mean_abs_eigenvalue": 0.7079742795605912,
    "spectral_norm": 0.8999999999999961,
    "frobenius_norm": 7.227904506168811,
    "density": 0.02,
    "henrici_departure": 2.019962575251881e-08
  }
}