{
  "sweep_name": "cycle_comparison_cycle_jump_j7_narma10",
  "config_id": "65189332b1c4",
  "seed": 789,
  "config_point": {
    "spectral_radius": 0.9,
    "input_scaling": 0.1,
    "leak_rate": 0.9
  },
  "best_ridge": 1e-10,
  "val_curve": {
    "1e-10": 0.14465798495493204,
    "1e-08": 0.1578544261535819,
    "1e-06": 0.20552063086948902,
    "0.0001": 0.21952538769002708,
    "0.01": 0.2502930667854675,
    "1.0": 0.6156204926588192
  },
  "val_metrics": {
    "nmse": 0.14465798495493204,
    "rmse": 0.04205393488036371
  },
  "test_metrics": {
    "nmse": 0.1156812092611211,
    "rmse": 0.03617519498342142
  },
  "timing": {
    "train_states_s": 0.01980030001141131,
    "ridge_select_s": 0.013021599996136501,
    "total_s": 0.06535879999864846
  },
  "timestamp": "2026-05-12T10:15:31.021041+00:00",
  "reservoir_diagnostics": {
    "spectral_radius": 0.8999999999999965,
    "mean_abs_eigenvalue": 0.7079742795605912,
    "spectral_norm": 0.8999999999999961,
    "frobenius_norm": 7.227904506168811,
    "density": 0.02,
    "henrici_departure": 2.019962575251881e-08
  }
}