{
  "sweep_name": "cycle_comparison_cycle_jump_j7_narma10",
  "config_id": "65189332b1c4",
  "seed": 2024,
  "config_point": {
    "spectral_radius": 0.9,
    "input_scaling": 0.1,
    "leak_rate": 0.9
  },
  "best_ridge": 1e-10,
  "val_curve": {
    "1e-10": 0.08749339490885313,
    "1e-08": 0.09221422200659742,
    "1e-06": 0.14389305643537895,
    "0.0001": 0.17419107236548034,
    "0.01": 0.21414761130136062,
    "1.0": 0.40577469931730903
  },
  "val_metrics": {
    "nmse": 0.08749339490885313,
    "rmse": 0.031063996177524898
  },
  "test_metrics": {
    "nmse": 0.09020156619603029,
    "rmse": 0.030661435458829978
  },
  "timing": {
    "train_states_s": 0.01923700000043027,
    "ridge_select_s": 0.01253730000462383,
    "total_s": 0.06335589999798685
  },
  "timestamp": "2026-05-12T10:15:31.099605+00:00",
  "reservoir_diagnostics": {
    "spectral_radius": 0.8999999999999965,
    "mean_abs_eigenvalue": 0.7079742795605912,
    "spectral_norm": 0.8999999999999961,
    "frobenius_norm": 7.227904506168811,
    "density": 0.02,
    "henrici_departure": 2.019962575251881e-08
  }
}