{
  "sweep_name": "cycle_comparison_cycle_jump_j7_narma10",
  "config_id": "92815a841b21",
  "seed": 123,
  "config_point": {
    "spectral_radius": 0.9,
    "input_scaling": 0.15,
    "leak_rate": 1.0
  },
  "best_ridge": 1e-10,
  "val_curve": {
    "1e-10": 0.12288091597602238,
    "1e-08": 0.12308719890438323,
    "1e-06": 0.1504099001312549,
    "0.0001": 0.18584365906143505,
    "0.01": 0.18797139004308172,
    "1.0": 0.3193780037994024
  },
  "val_metrics": {
    "nmse": 0.12288091597602238,
    "rmse": 0.03427387499314896
  },
  "test_metrics": {
    "nmse": 0.11123719144323128,
    "rmse": 0.034434893696221894
  },
  "timing": {
    "train_states_s": 0.019608600006904453,
    "ridge_select_s": 0.01396270000259392,
    "total_s": 0.06449699998483993
  },
  "timestamp": "2026-05-12T10:15:32.062847+00:00",
  "reservoir_diagnostics": {
    "spectral_radius": 0.8999999999999965,
    "mean_abs_eigenvalue": 0.7079742795605912,
    "spectral_norm": 0.8999999999999961,
    "frobenius_norm": 7.227904506168811,
    "density": 0.02,
    "henrici_departure": 2.019962575251881e-08
  }
}