{
  "sweep_name": "cycle_comparison_cycle_jump_j7_narma10",
  "config_id": "92815a841b21",
  "seed": 42,
  "config_point": {
    "spectral_radius": 0.9,
    "input_scaling": 0.15,
    "leak_rate": 1.0
  },
  "best_ridge": 1e-10,
  "val_curve": {
    "1e-10": 0.12823123029718594,
    "1e-08": 0.1285164823296978,
    "1e-06": 0.15376222273716092,
    "0.0001": 0.21490830662375635,
    "0.01": 0.23423807332988086,
    "1.0": 0.3530236361485534
  },
  "val_metrics": {
    "nmse": 0.12823123029718594,
    "rmse": 0.0441777103611627
  },
  "test_metrics": {
    "nmse": 0.12119158529779013,
    "rmse": 0.035370533124072845
  },
  "timing": {
    "train_states_s": 0.019513200008077547,
    "ridge_select_s": 0.013311700022313744,
    "total_s": 0.06377300000167452
  },
  "timestamp": "2026-05-12T10:15:31.982253+00:00",
  "reservoir_diagnostics": {
    "spectral_radius": 0.8999999999999965,
    "mean_abs_eigenvalue": 0.7079742795605912,
    "spectral_norm": 0.8999999999999961,
    "frobenius_norm": 7.227904506168811,
    "density": 0.02,
    "henrici_departure": 2.019962575251881e-08
  }
}