{
  "sweep_name": "cycle_comparison_cycle_jump_j7_narma10",
  "config_id": "92815a841b21",
  "seed": 456,
  "config_point": {
    "spectral_radius": 0.9,
    "input_scaling": 0.15,
    "leak_rate": 1.0
  },
  "best_ridge": 1e-10,
  "val_curve": {
    "1e-10": 0.12900951093448926,
    "1e-08": 0.12953419566435728,
    "1e-06": 0.15433884681909577,
    "0.0001": 0.17178051797713148,
    "0.01": 0.17855835916639162,
    "1.0": 0.3785861074610613
  },
  "val_metrics": {
    "nmse": 0.12900951093448926,
    "rmse": 0.0364636407736882
  },
  "test_metrics": {
    "nmse": 0.12778259792375143,
    "rmse": 0.03763208727319141
  },
  "timing": {
    "train_states_s": 0.020107399992411956,
    "ridge_select_s": 0.01279800001066178,
    "total_s": 0.06394170000567101
  },
  "timestamp": "2026-05-12T10:15:32.142363+00:00",
  "reservoir_diagnostics": {
    "spectral_radius": 0.8999999999999965,
    "mean_abs_eigenvalue": 0.7079742795605912,
    "spectral_norm": 0.8999999999999961,
    "frobenius_norm": 7.227904506168811,
    "density": 0.02,
    "henrici_departure": 2.019962575251881e-08
  }
}