{
  "sweep_name": "cycle_comparison_cycle_jump_j7_narma10",
  "config_id": "b5cf1e3871f2",
  "seed": 123,
  "config_point": {
    "spectral_radius": 0.9,
    "input_scaling": 0.15,
    "leak_rate": 0.9
  },
  "best_ridge": 1e-10,
  "val_curve": {
    "1e-10": 0.10833255943751817,
    "1e-08": 0.11138853219184036,
    "1e-06": 0.15616470961002804,
    "0.0001": 0.18632489793180748,
    "0.01": 0.2020589500088208,
    "1.0": 0.398415635242481
  },
  "val_metrics": {
    "nmse": 0.10833255943751817,
    "rmse": 0.03218107076155109
  },
  "test_metrics": {
    "nmse": 0.10498568137535687,
    "rmse": 0.033453285325067444
  },
  "timing": {
    "train_states_s": 0.019654700008686632,
    "ridge_select_s": 0.012923300004331395,
    "total_s": 0.06476969999494031
  },
  "timestamp": "2026-05-12T10:15:31.662297+00:00",
  "reservoir_diagnostics": {
    "spectral_radius": 0.8999999999999965,
    "mean_abs_eigenvalue": 0.7079742795605912,
    "spectral_norm": 0.8999999999999961,
    "frobenius_norm": 7.227904506168811,
    "density": 0.02,
    "henrici_departure": 2.019962575251881e-08
  }
}