{
  "sweep_name": "cycle_comparison_cycle_jump_j7_narma10",
  "config_id": "b5cf1e3871f2",
  "seed": 789,
  "config_point": {
    "spectral_radius": 0.9,
    "input_scaling": 0.15,
    "leak_rate": 0.9
  },
  "best_ridge": 1e-10,
  "val_curve": {
    "1e-10": 0.1436846668123498,
    "1e-08": 0.14554869393114156,
    "1e-06": 0.1804632291025233,
    "0.0001": 0.2161586250123621,
    "0.01": 0.23890351881315838,
    "1.0": 0.4835863929968137
  },
  "val_metrics": {
    "nmse": 0.1436846668123498,
    "rmse": 0.041912218050897926
  },
  "test_metrics": {
    "nmse": 0.11494506338695713,
    "rmse": 0.03605990952831897
  },
  "timing": {
    "train_states_s": 0.019599699997343123,
    "ridge_select_s": 0.012943599984282628,
    "total_s": 0.06456749999779277
  },
  "timestamp": "2026-05-12T10:15:31.822501+00:00",
  "reservoir_diagnostics": {
    "spectral_radius": 0.8999999999999965,
    "mean_abs_eigenvalue": 0.7079742795605912,
    "spectral_norm": 0.8999999999999961,
    "frobenius_norm": 7.227904506168811,
    "density": 0.02,
    "henrici_departure": 2.019962575251881e-08
  }
}