{
  "sweep_name": "cycle_comparison_cycle_jump_j7_narma10",
  "config_id": "b5cf1e3871f2",
  "seed": 42,
  "config_point": {
    "spectral_radius": 0.9,
    "input_scaling": 0.15,
    "leak_rate": 0.9
  },
  "best_ridge": 1e-10,
  "val_curve": {
    "1e-10": 0.10662985956110035,
    "1e-08": 0.10734631828352774,
    "1e-06": 0.14005991149463917,
    "0.0001": 0.20541320348879755,
    "0.01": 0.24371154195894207,
    "1.0": 0.38202526547048277
  },
  "val_metrics": {
    "nmse": 0.10662985956110035,
    "rmse": 0.040285217951539644
  },
  "test_metrics": {
    "nmse": 0.1043307042071445,
    "rmse": 0.03281794946566745
  },
  "timing": {
    "train_states_s": 0.019270199991296977,
    "ridge_select_s": 0.013716399989789352,
    "total_s": 0.06555450000450946
  },
  "timestamp": "2026-05-12T10:15:31.582290+00:00",
  "reservoir_diagnostics": {
    "spectral_radius": 0.8999999999999965,
    "mean_abs_eigenvalue": 0.7079742795605912,
    "spectral_norm": 0.8999999999999961,
    "frobenius_norm": 7.227904506168811,
    "density": 0.02,
    "henrici_departure": 2.019962575251881e-08
  }
}