{
  "sweep_name": "cycle_comparison_cycle_jump_j7_narma10",
  "config_id": "b5cf1e3871f2",
  "seed": 456,
  "config_point": {
    "spectral_radius": 0.9,
    "input_scaling": 0.15,
    "leak_rate": 0.9
  },
  "best_ridge": 1e-10,
  "val_curve": {
    "1e-10": 0.10839051545681776,
    "1e-08": 0.11102783495847407,
    "1e-06": 0.1575783491344674,
    "0.0001": 0.16964808143212015,
    "0.01": 0.19219098810978685,
    "1.0": 0.42972167697318253
  },
  "val_metrics": {
    "nmse": 0.10839051545681776,
    "rmse": 0.033422952036790646
  },
  "test_metrics": {
    "nmse": 0.10905000999833853,
    "rmse": 0.03476444539543958
  },
  "timing": {
    "train_states_s": 0.01916440000059083,
    "ridge_select_s": 0.013203900016378611,
    "total_s": 0.06511179998051375
  },
  "timestamp": "2026-05-12T10:15:31.742671+00:00",
  "reservoir_diagnostics": {
    "spectral_radius": 0.8999999999999965,
    "mean_abs_eigenvalue": 0.7079742795605912,
    "spectral_norm": 0.8999999999999961,
    "frobenius_norm": 7.227904506168811,
    "density": 0.02,
    "henrici_departure": 2.019962575251881e-08
  }
}