{
  "sweep_name": "region_selection_multitask_v1_narma10",
  "config_id": "01667e5bb997",
  "seed": 123,
  "config_point": {
    "spectral_radius": 0.7,
    "input_scaling": 0.4,
    "leak_rate": 0.6
  },
  "best_ridge": 1e-10,
  "val_curve": {
    "1e-10": 0.21276885660623793,
    "1e-08": 0.2267389919637235,
    "1e-06": 0.2604937233710144,
    "0.0001": 0.2959181484758894,
    "0.01": 0.374393554157141,
    "1.0": 0.5296607391489395
  },
  "val_metrics": {
    "nmse": 0.21276885660623793,
    "rmse": 0.04509984177836501
  },
  "test_metrics": {
    "nmse": 0.1901566216448189,
    "rmse": 0.04502248536553153
  },
  "timing": {
    "train_states_s": 0.01793810000162921,
    "ridge_select_s": 0.012025300002278527,
    "total_s": 0.05174280000210274
  },
  "timestamp": "2026-04-16T18:21:30.498418+00:00"
}