{
  "sweep_name": "region_selection_multitask_v1_narma10",
  "config_id": "01667e5bb997",
  "seed": 42,
  "config_point": {
    "spectral_radius": 0.7,
    "input_scaling": 0.4,
    "leak_rate": 0.6
  },
  "best_ridge": 1e-10,
  "val_curve": {
    "1e-10": 0.158274755194658,
    "1e-08": 0.1650395270038846,
    "1e-06": 0.18581452617115848,
    "0.0001": 0.2350066416820847,
    "0.01": 0.3381240283824328,
    "1.0": 0.4500459937764613
  },
  "val_metrics": {
    "nmse": 0.158274755194658,
    "rmse": 0.04908085552052002
  },
  "test_metrics": {
    "nmse": 0.19763251474170968,
    "rmse": 0.045168385867644434
  },
  "timing": {
    "train_states_s": 0.017901000002893852,
    "ridge_select_s": 0.01260309999997844,
    "total_s": 0.08050600000206032
  },
  "timestamp": "2026-04-16T18:21:30.432281+00:00"
}