{
  "sweep_name": "region_selection_multitask_v1_narma10",
  "config_id": "01667e5bb997",
  "seed": 789,
  "config_point": {
    "spectral_radius": 0.7,
    "input_scaling": 0.4,
    "leak_rate": 0.6
  },
  "best_ridge": 1e-10,
  "val_curve": {
    "1e-10": 0.20718940774595707,
    "1e-08": 0.21977941215958444,
    "1e-06": 0.24649999089944485,
    "0.0001": 0.2850582126548982,
    "0.01": 0.35780126536745777,
    "1.0": 0.49236721190590443
  },
  "val_metrics": {
    "nmse": 0.20718940774595707,
    "rmse": 0.05032910492218875
  },
  "test_metrics": {
    "nmse": 0.17910296819980795,
    "rmse": 0.045012264517727135
  },
  "timing": {
    "train_states_s": 0.01825280000048224,
    "ridge_select_s": 0.012398000002576737,
    "total_s": 0.0524321000011696
  },
  "timestamp": "2026-04-16T18:21:30.640184+00:00"
}