{
  "sweep_name": "region_selection_multitask_v1_narma10",
  "config_id": "0292ac89d7b8",
  "seed": 1024,
  "config_point": {
    "spectral_radius": 0.9,
    "input_scaling": 0.2,
    "leak_rate": 0.9
  },
  "best_ridge": 1e-10,
  "val_curve": {
    "1e-10": 0.15757349024365944,
    "1e-08": 0.16034947215916276,
    "1e-06": 0.19342276509886516,
    "0.0001": 0.23315082027705542,
    "0.01": 0.29370851238695017,
    "1.0": 0.5138531067660759
  },
  "val_metrics": {
    "nmse": 0.15757349024365944,
    "rmse": 0.050274319915926104
  },
  "test_metrics": {
    "nmse": 0.10781793011416087,
    "rmse": 0.037481011818677724
  },
  "timing": {
    "train_states_s": 0.01792889999705949,
    "ridge_select_s": 0.012364800000796095,
    "total_s": 0.05223359999945387
  },
  "timestamp": "2026-04-16T18:21:53.304168+00:00"
}