{
  "sweep_name": "region_selection_multitask_v1_narma10",
  "config_id": "0292ac89d7b8",
  "seed": 123,
  "config_point": {
    "spectral_radius": 0.9,
    "input_scaling": 0.2,
    "leak_rate": 0.9
  },
  "best_ridge": 1e-10,
  "val_curve": {
    "1e-10": 0.08450162814656086,
    "1e-08": 0.08537214515508672,
    "1e-06": 0.11411968805234239,
    "0.0001": 0.15997012951781905,
    "0.01": 0.20103576844099702,
    "1.0": 0.3564301607556353
  },
  "val_metrics": {
    "nmse": 0.08450162814656086,
    "rmse": 0.028421927469232763
  },
  "test_metrics": {
    "nmse": 0.08364049973210247,
    "rmse": 0.029859466818754156
  },
  "timing": {
    "train_states_s": 0.019744399996852735,
    "ridge_select_s": 0.013678900002560113,
    "total_s": 0.05665399999998044
  },
  "timestamp": "2026-04-16T18:21:53.092410+00:00"
}