{
  "sweep_name": "region_selection_multitask_v1_narma10",
  "config_id": "0292ac89d7b8",
  "seed": 42,
  "config_point": {
    "spectral_radius": 0.9,
    "input_scaling": 0.2,
    "leak_rate": 0.9
  },
  "best_ridge": 1e-08,
  "val_curve": {
    "1e-10": 0.10270291432615195,
    "1e-08": 0.10268301750109374,
    "1e-06": 0.11265841674493413,
    "0.0001": 0.12930254817911568,
    "0.01": 0.22282970058181775,
    "1.0": 0.38921517816053575
  },
  "val_metrics": {
    "nmse": 0.10268301750109374,
    "rmse": 0.03953262113007124
  },
  "test_metrics": {
    "nmse": 0.08316208385849798,
    "rmse": 0.029300029268124292
  },
  "timing": {
    "train_states_s": 0.0178821000008611,
    "ridge_select_s": 0.01265870000133873,
    "total_s": 0.05412129999967874
  },
  "timestamp": "2026-04-16T18:21:53.021106+00:00"
}