{
  "sweep_name": "region_selection_multitask_v1_narma10",
  "config_id": "0292ac89d7b8",
  "seed": 789,
  "config_point": {
    "spectral_radius": 0.9,
    "input_scaling": 0.2,
    "leak_rate": 0.9
  },
  "best_ridge": 1e-08,
  "val_curve": {
    "1e-10": 0.13018636486150367,
    "1e-08": 0.129395235676533,
    "1e-06": 0.14080688866746804,
    "0.0001": 0.17025960476176813,
    "0.01": 0.2002428953079391,
    "1.0": 0.41992967849811813
  },
  "val_metrics": {
    "nmse": 0.129395235676533,
    "rmse": 0.039773570096652125
  },
  "test_metrics": {
    "nmse": 0.09854738496103768,
    "rmse": 0.033388893195670385
  },
  "timing": {
    "train_states_s": 0.01788479999959236,
    "ridge_select_s": 0.012339999997493578,
    "total_s": 0.05243449999761651
  },
  "timestamp": "2026-04-16T18:21:53.237280+00:00"
}