{
  "sweep_name": "region_selection_multitask_v1_narma10",
  "config_id": "0292ac89d7b8",
  "seed": 456,
  "config_point": {
    "spectral_radius": 0.9,
    "input_scaling": 0.2,
    "leak_rate": 0.9
  },
  "best_ridge": 1e-08,
  "val_curve": {
    "1e-10": 0.09709929336039964,
    "1e-08": 0.09702075806846887,
    "1e-06": 0.10142818950730699,
    "0.0001": 0.1253765775582336,
    "0.01": 0.17649979191368578,
    "1.0": 0.3390815826754271
  },
  "val_metrics": {
    "nmse": 0.09702075806846887,
    "rmse": 0.03162142933181941
  },
  "test_metrics": {
    "nmse": 0.10442079771459008,
    "rmse": 0.03401856217675295
  },
  "timing": {
    "train_states_s": 0.018711500000790693,
    "ridge_select_s": 0.01339420000294922,
    "total_s": 0.06293779999759863
  },
  "timestamp": "2026-04-16T18:21:53.170374+00:00"
}