{
  "sweep_name": "region_selection_multitask_v1_narma10",
  "config_id": "036ddab9716a",
  "seed": 789,
  "config_point": {
    "spectral_radius": 0.8,
    "input_scaling": 0.3,
    "leak_rate": 0.8
  },
  "best_ridge": 1e-10,
  "val_curve": {
    "1e-10": 0.14403252255625246,
    "1e-08": 0.1454883538977163,
    "1e-06": 0.1613775004615228,
    "0.0001": 0.2146600068427466,
    "0.01": 0.3024502077600121,
    "1.0": 0.45980471619632995
  },
  "val_metrics": {
    "nmse": 0.14403252255625246,
    "rmse": 0.04196292141651961
  },
  "test_metrics": {
    "nmse": 0.11241833362431775,
    "rmse": 0.035661371563158954
  },
  "timing": {
    "train_states_s": 0.0180514999992738,
    "ridge_select_s": 0.013578599999163998,
    "total_s": 0.054241300000285264
  },
  "timestamp": "2026-04-16T18:21:41.931371+00:00"
}