{
  "sweep_name": "region_selection_multitask_v1_narma10",
  "config_id": "036ddab9716a",
  "seed": 1024,
  "config_point": {
    "spectral_radius": 0.8,
    "input_scaling": 0.3,
    "leak_rate": 0.8
  },
  "best_ridge": 1e-10,
  "val_curve": {
    "1e-10": 0.1675547407336752,
    "1e-08": 0.16946877540252725,
    "1e-06": 0.19208151325853104,
    "0.0001": 0.2600747059075085,
    "0.01": 0.3609529187372091,
    "1.0": 0.5646623718685595
  },
  "val_metrics": {
    "nmse": 0.1675547407336752,
    "rmse": 0.05184214794539332
  },
  "test_metrics": {
    "nmse": 0.11302249928870299,
    "rmse": 0.03837498906436454
  },
  "timing": {
    "train_states_s": 0.018437899998389184,
    "ridge_select_s": 0.014948800002457574,
    "total_s": 0.05660680000073626
  },
  "timestamp": "2026-04-16T18:21:42.015172+00:00"
}