{
  "sweep_name": "region_selection_multitask_v1_narma10",
  "config_id": "036ddab9716a",
  "seed": 456,
  "config_point": {
    "spectral_radius": 0.8,
    "input_scaling": 0.3,
    "leak_rate": 0.8
  },
  "best_ridge": 1e-10,
  "val_curve": {
    "1e-10": 0.09753173616968892,
    "1e-08": 0.09813881352906416,
    "1e-06": 0.11170970328464555,
    "0.0001": 0.1597745656602946,
    "0.01": 0.24562204025678183,
    "1.0": 0.38690821968603095
  },
  "val_metrics": {
    "nmse": 0.09753173616968892,
    "rmse": 0.031704590087713216
  },
  "test_metrics": {
    "nmse": 0.09737947159679824,
    "rmse": 0.032851572095383856
  },
  "timing": {
    "train_states_s": 0.02040829999896232,
    "ridge_select_s": 0.019035900000744732,
    "total_s": 0.07273919999715872
  },
  "timestamp": "2026-04-16T18:21:41.861488+00:00"
}