{
  "sweep_name": "region_selection_multitask_v1_narma10",
  "config_id": "0421b10f715a",
  "seed": 789,
  "config_point": {
    "spectral_radius": 1.1,
    "input_scaling": 0.3,
    "leak_rate": 0.5
  },
  "best_ridge": 1e-10,
  "val_curve": {
    "1e-10": 0.2006933403619393,
    "1e-08": 0.20080666432661629,
    "1e-06": 0.21137258432475017,
    "0.0001": 0.25447902310253767,
    "0.01": 0.2892310278665242,
    "1.0": 0.34918199183316834
  },
  "val_metrics": {
    "nmse": 0.2006933403619393,
    "rmse": 0.04953383042029095
  },
  "test_metrics": {
    "nmse": 0.1921854935923532,
    "rmse": 0.04662724680404543
  },
  "timing": {
    "train_states_s": 0.018730899999354733,
    "ridge_select_s": 0.012086700000509154,
    "total_s": 0.05317959999956656
  },
  "timestamp": "2026-04-16T18:22:19.740490+00:00"
}