{
  "sweep_name": "region_selection_multitask_v1_narma10",
  "config_id": "0421b10f715a",
  "seed": 42,
  "config_point": {
    "spectral_radius": 1.1,
    "input_scaling": 0.3,
    "leak_rate": 0.5
  },
  "best_ridge": 1e-08,
  "val_curve": {
    "1e-10": 0.1615798573675279,
    "1e-08": 0.16120177524936602,
    "1e-06": 0.17353790211140868,
    "0.0001": 0.2095982347638529,
    "0.01": 0.23699383254872264,
    "1.0": 0.30727672377195037
  },
  "val_metrics": {
    "nmse": 0.16120177524936602,
    "rmse": 0.0495326095932747
  },
  "test_metrics": {
    "nmse": 0.2335937512834535,
    "rmse": 0.049106160966507
  },
  "timing": {
    "train_states_s": 0.01905609999812441,
    "ridge_select_s": 0.012002700001175981,
    "total_s": 0.07144070000140346
  },
  "timestamp": "2026-04-16T18:22:19.531890+00:00"
}