{
  "sweep_name": "region_selection_multitask_v1_narma10",
  "config_id": "0421b10f715a",
  "seed": 1024,
  "config_point": {
    "spectral_radius": 1.1,
    "input_scaling": 0.3,
    "leak_rate": 0.5
  },
  "best_ridge": 1e-08,
  "val_curve": {
    "1e-10": 0.20918555851376866,
    "1e-08": 0.20900767310277707,
    "1e-06": 0.2179315265378249,
    "0.0001": 0.24000126162242186,
    "0.01": 0.2977420057279567,
    "1.0": 0.368053925198527
  },
  "val_metrics": {
    "nmse": 0.20900767310277707,
    "rmse": 0.057900957035671524
  },
  "test_metrics": {
    "nmse": 0.17082407144466416,
    "rmse": 0.04717808904155332
  },
  "timing": {
    "train_states_s": 0.018663099999685073,
    "ridge_select_s": 0.011799500000051921,
    "total_s": 0.05222370000046794
  },
  "timestamp": "2026-04-16T18:22:19.807431+00:00"
}