{
  "sweep_name": "region_selection_multitask_v1_narma10",
  "config_id": "04cd2014c754",
  "seed": 123,
  "config_point": {
    "spectral_radius": 0.7,
    "input_scaling": 0.3,
    "leak_rate": 0.6
  },
  "best_ridge": 1e-10,
  "val_curve": {
    "1e-10": 0.21133337219848403,
    "1e-08": 0.2289123885475854,
    "1e-06": 0.2673427235348448,
    "0.0001": 0.30762923233137424,
    "0.01": 0.3827060681088585,
    "1.0": 0.5704365266272833
  },
  "val_metrics": {
    "nmse": 0.21133337219848403,
    "rmse": 0.044947447095449
  },
  "test_metrics": {
    "nmse": 0.1890669025251228,
    "rmse": 0.044893296190350394
  },
  "timing": {
    "train_states_s": 0.01795230000061565,
    "ridge_select_s": 0.01240239999970072,
    "total_s": 0.05324470000050496
  },
  "timestamp": "2026-04-16T18:21:28.382731+00:00"
}