{
  "sweep_name": "region_selection_multitask_v1_narma10",
  "config_id": "04cd2014c754",
  "seed": 1024,
  "config_point": {
    "spectral_radius": 0.7,
    "input_scaling": 0.3,
    "leak_rate": 0.6
  },
  "best_ridge": 1e-10,
  "val_curve": {
    "1e-10": 0.21262579711523727,
    "1e-08": 0.22321832402227576,
    "1e-06": 0.2604665990620554,
    "0.0001": 0.3218911655933531,
    "0.01": 0.40905620458083836,
    "1.0": 0.569742587748296
  },
  "val_metrics": {
    "nmse": 0.21262579711523727,
    "rmse": 0.05839996736539688
  },
  "test_metrics": {
    "nmse": 0.16291110068080986,
    "rmse": 0.04607243333815102
  },
  "timing": {
    "train_states_s": 0.018309699997189455,
    "ridge_select_s": 0.012613900002179435,
    "total_s": 0.05394879999948898
  },
  "timestamp": "2026-04-16T18:21:28.587939+00:00"
}