{
  "sweep_name": "region_selection_multitask_v1_narma10",
  "config_id": "04cd2014c754",
  "seed": 789,
  "config_point": {
    "spectral_radius": 0.7,
    "input_scaling": 0.3,
    "leak_rate": 0.6
  },
  "best_ridge": 1e-10,
  "val_curve": {
    "1e-10": 0.20439200605045751,
    "1e-08": 0.2217488494990218,
    "1e-06": 0.25270004018675485,
    "0.0001": 0.30009629341163063,
    "0.01": 0.36456413243407065,
    "1.0": 0.5231910859063671
  },
  "val_metrics": {
    "nmse": 0.20439200605045751,
    "rmse": 0.04998818694829823
  },
  "test_metrics": {
    "nmse": 0.17482175606194006,
    "rmse": 0.04447103220928343
  },
  "timing": {
    "train_states_s": 0.01786030000221217,
    "ridge_select_s": 0.012451000002329238,
    "total_s": 0.052300499999546446
  },
  "timestamp": "2026-04-16T18:21:28.518924+00:00"
}