{
  "sweep_name": "region_selection_multitask_v1_narma10",
  "config_id": "04cd2014c754",
  "seed": 456,
  "config_point": {
    "spectral_radius": 0.7,
    "input_scaling": 0.3,
    "leak_rate": 0.6
  },
  "best_ridge": 1e-10,
  "val_curve": {
    "1e-10": 0.17388447812588392,
    "1e-08": 0.1837380979817546,
    "1e-06": 0.21007620415853345,
    "0.0001": 0.25539011048308796,
    "0.01": 0.32721422692430024,
    "1.0": 0.4514755498305322
  },
  "val_metrics": {
    "nmse": 0.17388447812588392,
    "rmse": 0.04233305131701037
  },
  "test_metrics": {
    "nmse": 0.17076968448961632,
    "rmse": 0.04350386459709128
  },
  "timing": {
    "train_states_s": 0.017917500001203734,
    "ridge_select_s": 0.012552000000141561,
    "total_s": 0.0536309999988589
  },
  "timestamp": "2026-04-16T18:21:28.451115+00:00"
}