{
  "sweep_name": "region_selection_multitask_v1_narma10",
  "config_id": "097547e9077d",
  "seed": 1024,
  "config_point": {
    "spectral_radius": 0.9,
    "input_scaling": 0.1,
    "leak_rate": 0.8
  },
  "best_ridge": 1e-10,
  "val_curve": {
    "1e-10": 0.1600835719795756,
    "1e-08": 0.17866331863304477,
    "1e-06": 0.2173187283938587,
    "0.0001": 0.29303148071436025,
    "0.01": 0.3636979615013369,
    "1.0": 0.5691047348651267
  },
  "val_metrics": {
    "nmse": 0.1600835719795756,
    "rmse": 0.05067316259521672
  },
  "test_metrics": {
    "nmse": 0.10674673150541007,
    "rmse": 0.037294355339982474
  },
  "timing": {
    "train_states_s": 0.018406999999569962,
    "ridge_select_s": 0.014520299999276176,
    "total_s": 0.05848890000197571
  },
  "timestamp": "2026-04-16T18:21:48.595343+00:00"
}