{
  "sweep_name": "region_selection_multitask_v1_narma10",
  "config_id": "097547e9077d",
  "seed": 789,
  "config_point": {
    "spectral_radius": 0.9,
    "input_scaling": 0.1,
    "leak_rate": 0.8
  },
  "best_ridge": 1e-10,
  "val_curve": {
    "1e-10": 0.13327338384708368,
    "1e-08": 0.14595534358998305,
    "1e-06": 0.1620429066873249,
    "0.0001": 0.1992991087684446,
    "0.01": 0.315577066923073,
    "1.0": 0.4598437334258307
  },
  "val_metrics": {
    "nmse": 0.13327338384708368,
    "rmse": 0.04036520334377551
  },
  "test_metrics": {
    "nmse": 0.10362918881550685,
    "rmse": 0.03423895648473279
  },
  "timing": {
    "train_states_s": 0.01926860000094166,
    "ridge_select_s": 0.012740899997879751,
    "total_s": 0.061727099997369805
  },
  "timestamp": "2026-04-16T18:21:48.518643+00:00"
}