{
  "sweep_name": "region_selection_multitask_v1_narma10",
  "config_id": "0a746aa19511",
  "seed": 1024,
  "config_point": {
    "spectral_radius": 0.7,
    "input_scaling": 0.15,
    "leak_rate": 0.5
  },
  "best_ridge": 1e-10,
  "val_curve": {
    "1e-10": 0.22682853197527467,
    "1e-08": 0.25162164052838226,
    "1e-06": 0.3024537167915858,
    "0.0001": 0.3873026951881367,
    "0.01": 0.4270827241967466,
    "1.0": 0.6391051777121695
  },
  "val_metrics": {
    "nmse": 0.22682853197527467,
    "rmse": 0.060318907654268
  },
  "test_metrics": {
    "nmse": 0.18343162497146906,
    "rmse": 0.048888072871244755
  },
  "timing": {
    "train_states_s": 0.017943900002137525,
    "ridge_select_s": 0.013416500001767417,
    "total_s": 0.05312500000218279
  },
  "timestamp": "2026-04-16T18:21:24.075996+00:00"
}