{
  "sweep_name": "region_selection_multitask_v1_narma10",
  "config_id": "0a746aa19511",
  "seed": 789,
  "config_point": {
    "spectral_radius": 0.7,
    "input_scaling": 0.15,
    "leak_rate": 0.5
  },
  "best_ridge": 1e-10,
  "val_curve": {
    "1e-10": 0.22938664850673027,
    "1e-08": 0.24725188864420453,
    "1e-06": 0.2897278593873345,
    "0.0001": 0.34334980016985134,
    "0.01": 0.3914286634486667,
    "1.0": 0.6418835985306065
  },
  "val_metrics": {
    "nmse": 0.22938664850673027,
    "rmse": 0.05295652759760874
  },
  "test_metrics": {
    "nmse": 0.2059321347212619,
    "rmse": 0.04826602477256433
  },
  "timing": {
    "train_states_s": 0.01800350000121398,
    "ridge_select_s": 0.01241670000308659,
    "total_s": 0.052361200003360864
  },
  "timestamp": "2026-04-16T18:21:24.001618+00:00"
}