{
  "sweep_name": "region_selection_multitask_v1_narma10",
  "config_id": "0a746aa19511",
  "seed": 123,
  "config_point": {
    "spectral_radius": 0.7,
    "input_scaling": 0.15,
    "leak_rate": 0.5
  },
  "best_ridge": 1e-10,
  "val_curve": {
    "1e-10": 0.2480081209058124,
    "1e-08": 0.2720043971434444,
    "1e-06": 0.3080719910596892,
    "0.0001": 0.36669290887057976,
    "0.01": 0.4181411894717093,
    "1.0": 0.6627382658486711
  },
  "val_metrics": {
    "nmse": 0.2480081209058124,
    "rmse": 0.048691588077744416
  },
  "test_metrics": {
    "nmse": 0.21673779681599453,
    "rmse": 0.048066341339748214
  },
  "timing": {
    "train_states_s": 0.01798409999901196,
    "ridge_select_s": 0.01216260000001057,
    "total_s": 0.052515700001094956
  },
  "timestamp": "2026-04-16T18:21:23.864544+00:00"
}