{
  "sweep_name": "region_selection_multitask_v1_narma10",
  "config_id": "0ba5d3b2b52c",
  "seed": 1024,
  "config_point": {
    "spectral_radius": 0.6,
    "input_scaling": 0.2,
    "leak_rate": 0.9
  },
  "best_ridge": 1e-10,
  "val_curve": {
    "1e-10": 0.22381035837905416,
    "1e-08": 0.24230037737439206,
    "1e-06": 0.27263998750998697,
    "0.0001": 0.4143525922461317,
    "0.01": 0.6629760095658206,
    "1.0": 0.7864125480283299
  },
  "val_metrics": {
    "nmse": 0.22381035837905416,
    "rmse": 0.05991626299265901
  },
  "test_metrics": {
    "nmse": 0.16259189976532135,
    "rmse": 0.04602727504735135
  },
  "timing": {
    "train_states_s": 0.017864700002974132,
    "ridge_select_s": 0.0121192999977211,
    "total_s": 0.05405880000034813
  },
  "timestamp": "2026-04-16T18:21:14.771812+00:00"
}