{
  "sweep_name": "region_selection_multitask_v1_narma10",
  "config_id": "0ba5d3b2b52c",
  "seed": 456,
  "config_point": {
    "spectral_radius": 0.6,
    "input_scaling": 0.2,
    "leak_rate": 0.9
  },
  "best_ridge": 1e-10,
  "val_curve": {
    "1e-10": 0.11164048341415188,
    "1e-08": 0.13886648112043815,
    "1e-06": 0.17116408739181205,
    "0.0001": 0.24264457739812037,
    "0.01": 0.48581603611175034,
    "1.0": 0.7336752811139612
  },
  "val_metrics": {
    "nmse": 0.11164048341415188,
    "rmse": 0.03392032612459463
  },
  "test_metrics": {
    "nmse": 0.11732075001482228,
    "rmse": 0.03605868343802618
  },
  "timing": {
    "train_states_s": 0.01810450000266428,
    "ridge_select_s": 0.012113299999327864,
    "total_s": 0.055627199999435106
  },
  "timestamp": "2026-04-16T18:21:14.634111+00:00"
}