{
  "sweep_name": "region_selection_multitask_v1_narma10",
  "config_id": "0ba5d3b2b52c",
  "seed": 42,
  "config_point": {
    "spectral_radius": 0.6,
    "input_scaling": 0.2,
    "leak_rate": 0.9
  },
  "best_ridge": 1e-10,
  "val_curve": {
    "1e-10": 0.14149486497156408,
    "1e-08": 0.1686176007789763,
    "1e-06": 0.2211112589919942,
    "0.0001": 0.2914568973560371,
    "0.01": 0.5279509950629779,
    "1.0": 0.8159072714185011
  },
  "val_metrics": {
    "nmse": 0.14149486497156408,
    "rmse": 0.046406267438203884
  },
  "test_metrics": {
    "nmse": 0.1250890159215338,
    "rmse": 0.035934777530000996
  },
  "timing": {
    "train_states_s": 0.018118400003004353,
    "ridge_select_s": 0.01288389999899664,
    "total_s": 0.0648135999981605
  },
  "timestamp": "2026-04-16T18:21:14.493556+00:00"
}