{
  "sweep_name": "region_selection_multitask_v1_narma10",
  "config_id": "0ba5d3b2b52c",
  "seed": 123,
  "config_point": {
    "spectral_radius": 0.6,
    "input_scaling": 0.2,
    "leak_rate": 0.9
  },
  "best_ridge": 1e-10,
  "val_curve": {
    "1e-10": 0.15015773866237098,
    "1e-08": 0.17052157834951873,
    "1e-06": 0.18339781165100374,
    "0.0001": 0.2862973358860207,
    "0.01": 0.6530982455164832,
    "1.0": 0.893993606996771
  },
  "val_metrics": {
    "nmse": 0.15015773866237098,
    "rmse": 0.037887403920797064
  },
  "test_metrics": {
    "nmse": 0.13643696781193912,
    "rmse": 0.03813640653932233
  },
  "timing": {
    "train_states_s": 0.018885499997850275,
    "ridge_select_s": 0.012334099999861792,
    "total_s": 0.054640799997287104
  },
  "timestamp": "2026-04-16T18:21:14.563365+00:00"
}