{
  "sweep_name": "region_selection_multitask_v1_narma10",
  "config_id": "0bc9dac62c1c",
  "seed": 42,
  "config_point": {
    "spectral_radius": 0.7,
    "input_scaling": 0.4,
    "leak_rate": 0.7
  },
  "best_ridge": 1e-10,
  "val_curve": {
    "1e-10": 0.1502760993892875,
    "1e-08": 0.15494203678241517,
    "1e-06": 0.1760204428937375,
    "0.0001": 0.22515459738039215,
    "0.01": 0.3292324981328105,
    "1.0": 0.4632305768999701
  },
  "val_metrics": {
    "nmse": 0.1502760993892875,
    "rmse": 0.047824590046901205
  },
  "test_metrics": {
    "nmse": 0.16215242232894417,
    "rmse": 0.04091354329376514
  },
  "timing": {
    "train_states_s": 0.018038700000033714,
    "ridge_select_s": 0.012681599997449666,
    "total_s": 0.062344399997527944
  },
  "timestamp": "2026-04-16T18:21:30.784567+00:00"
}