{
  "sweep_name": "region_selection_multitask_v1_narma10",
  "config_id": "0bc9dac62c1c",
  "seed": 456,
  "config_point": {
    "spectral_radius": 0.7,
    "input_scaling": 0.4,
    "leak_rate": 0.7
  },
  "best_ridge": 1e-10,
  "val_curve": {
    "1e-10": 0.1592219186758819,
    "1e-08": 0.1624201232535275,
    "1e-06": 0.17811037170152522,
    "0.0001": 0.21982162775471278,
    "0.01": 0.3057411835589546,
    "1.0": 0.4641615765728779
  },
  "val_metrics": {
    "nmse": 0.1592219186758819,
    "rmse": 0.04050891316477381
  },
  "test_metrics": {
    "nmse": 0.16075079186186486,
    "rmse": 0.04220841179762906
  },
  "timing": {
    "train_states_s": 0.017866800000774674,
    "ridge_select_s": 0.012083599998732097,
    "total_s": 0.05278259999977308
  },
  "timestamp": "2026-04-16T18:21:30.918799+00:00"
}