{
  "sweep_name": "region_selection_multitask_v1_narma10",
  "config_id": "0bc9dac62c1c",
  "seed": 123,
  "config_point": {
    "spectral_radius": 0.7,
    "input_scaling": 0.4,
    "leak_rate": 0.7
  },
  "best_ridge": 1e-10,
  "val_curve": {
    "1e-10": 0.18008614243551754,
    "1e-08": 0.19113322534695082,
    "1e-06": 0.22796005273039138,
    "0.0001": 0.27805252344446313,
    "0.01": 0.3612968431681733,
    "1.0": 0.5828626351162868
  },
  "val_metrics": {
    "nmse": 0.18008614243551754,
    "rmse": 0.04149169110693234
  },
  "test_metrics": {
    "nmse": 0.1648381156782178,
    "rmse": 0.041918193656922474
  },
  "timing": {
    "train_states_s": 0.017934800001967233,
    "ridge_select_s": 0.012060400000336813,
    "total_s": 0.05205749999731779
  },
  "timestamp": "2026-04-16T18:21:30.851282+00:00"
}