{
  "sweep_name": "region_selection_multitask_v1_narma10",
  "config_id": "0bc9dac62c1c",
  "seed": 1024,
  "config_point": {
    "spectral_radius": 0.7,
    "input_scaling": 0.4,
    "leak_rate": 0.7
  },
  "best_ridge": 1e-10,
  "val_curve": {
    "1e-10": 0.2089874410913772,
    "1e-08": 0.2164725349846498,
    "1e-06": 0.2443380730719456,
    "0.0001": 0.30969584370349185,
    "0.01": 0.3922086596573106,
    "1.0": 0.5909624159403628
  },
  "val_metrics": {
    "nmse": 0.2089874410913772,
    "rmse": 0.05789815455202093
  },
  "test_metrics": {
    "nmse": 0.1540941254250511,
    "rmse": 0.044808339739689784
  },
  "timing": {
    "train_states_s": 0.018496199998480733,
    "ridge_select_s": 0.012384500001644483,
    "total_s": 0.052663999998912914
  },
  "timestamp": "2026-04-16T18:21:31.053634+00:00"
}