{
  "sweep_name": "region_selection_multitask_v1_narma10",
  "config_id": "0f39b85583a2",
  "seed": 123,
  "config_point": {
    "spectral_radius": 0.9,
    "input_scaling": 0.1,
    "leak_rate": 0.7
  },
  "best_ridge": 1e-10,
  "val_curve": {
    "1e-10": 0.1269405098675108,
    "1e-08": 0.1545024100719389,
    "1e-06": 0.22081220389869655,
    "0.0001": 0.27748252155476427,
    "0.01": 0.3420525790887665,
    "1.0": 0.4789267417055175
  },
  "val_metrics": {
    "nmse": 0.1269405098675108,
    "rmse": 0.03483542453342902
  },
  "test_metrics": {
    "nmse": 0.11369402697058108,
    "rmse": 0.03481308926314176
  },
  "timing": {
    "train_states_s": 0.01830300000074203,
    "ridge_select_s": 0.012677099999564234,
    "total_s": 0.053706699996837415
  },
  "timestamp": "2026-04-16T18:21:47.993710+00:00"
}