{
  "sweep_name": "region_selection_multitask_v1_narma10",
  "config_id": "0f39b85583a2",
  "seed": 456,
  "config_point": {
    "spectral_radius": 0.9,
    "input_scaling": 0.1,
    "leak_rate": 0.7
  },
  "best_ridge": 1e-10,
  "val_curve": {
    "1e-10": 0.11051940059863931,
    "1e-08": 0.12357240797601844,
    "1e-06": 0.16587380059478413,
    "0.0001": 0.21017663937481046,
    "0.01": 0.2890364601585921,
    "1.0": 0.4260655704073369
  },
  "val_metrics": {
    "nmse": 0.11051940059863931,
    "rmse": 0.033749584100689047
  },
  "test_metrics": {
    "nmse": 0.11046329888101633,
    "rmse": 0.03498899392608764
  },
  "timing": {
    "train_states_s": 0.01828630000090925,
    "ridge_select_s": 0.01223290000052657,
    "total_s": 0.05481280000094557
  },
  "timestamp": "2026-04-16T18:21:48.063368+00:00"
}