{
  "sweep_name": "region_selection_multitask_v1_narma10",
  "config_id": "0f39b85583a2",
  "seed": 789,
  "config_point": {
    "spectral_radius": 0.9,
    "input_scaling": 0.1,
    "leak_rate": 0.7
  },
  "best_ridge": 1e-10,
  "val_curve": {
    "1e-10": 0.14292121301300928,
    "1e-08": 0.15917347631340026,
    "1e-06": 0.2046707545229442,
    "0.0001": 0.24800497753562747,
    "0.01": 0.3345869866160917,
    "1.0": 0.47305740223998227
  },
  "val_metrics": {
    "nmse": 0.14292121301300928,
    "rmse": 0.041800721602804805
  },
  "test_metrics": {
    "nmse": 0.1050164267125375,
    "rmse": 0.034467365470730864
  },
  "timing": {
    "train_states_s": 0.018070300000545103,
    "ridge_select_s": 0.011757199998100987,
    "total_s": 0.05184970000118483
  },
  "timestamp": "2026-04-16T18:21:48.129913+00:00"
}