{
  "sweep_name": "region_selection_multitask_v1_narma10",
  "config_id": "0f39b85583a2",
  "seed": 42,
  "config_point": {
    "spectral_radius": 0.9,
    "input_scaling": 0.1,
    "leak_rate": 0.7
  },
  "best_ridge": 1e-10,
  "val_curve": {
    "1e-10": 0.11311515437758383,
    "1e-08": 0.1408125344379958,
    "1e-06": 0.17253514551733568,
    "0.0001": 0.21826517974130769,
    "0.01": 0.3104022919906263,
    "1.0": 0.42930306180014716
  },
  "val_metrics": {
    "nmse": 0.11311515437758383,
    "rmse": 0.04149222222998998
  },
  "test_metrics": {
    "nmse": 0.1241537487798139,
    "rmse": 0.035800186680002774
  },
  "timing": {
    "train_states_s": 0.018137799997930415,
    "ridge_select_s": 0.012125700002798112,
    "total_s": 0.05552279999756138
  },
  "timestamp": "2026-04-16T18:21:47.925172+00:00"
}