{
  "sweep_name": "region_selection_multitask_v1_narma10",
  "config_id": "0f7757481bd5",
  "seed": 42,
  "config_point": {
    "spectral_radius": 0.6,
    "input_scaling": 0.1,
    "leak_rate": 0.6
  },
  "best_ridge": 1e-10,
  "val_curve": {
    "1e-10": 0.18682685843157656,
    "1e-08": 0.23804256199736254,
    "1e-06": 0.31176719433516736,
    "0.0001": 0.3349029292063993,
    "0.01": 0.44494158664237154,
    "1.0": 0.7702338755831704
  },
  "val_metrics": {
    "nmse": 0.18682685843157656,
    "rmse": 0.05332439717618021
  },
  "test_metrics": {
    "nmse": 0.22293843783348574,
    "rmse": 0.04797310729892198
  },
  "timing": {
    "train_states_s": 0.018966899999213638,
    "ridge_select_s": 0.012427000001480337,
    "total_s": 0.07438480000200798
  },
  "timestamp": "2026-04-16T18:21:09.202296+00:00"
}