{
  "sweep_name": "region_selection_multitask_v1_narma10",
  "config_id": "0fb1da4d091e",
  "seed": 123,
  "config_point": {
    "spectral_radius": 0.9,
    "input_scaling": 0.05,
    "leak_rate": 0.7
  },
  "best_ridge": 1e-10,
  "val_curve": {
    "1e-10": 0.13618991000329245,
    "1e-08": 0.19208975765684286,
    "1e-06": 0.2543127976281,
    "0.0001": 0.2885600330399644,
    "0.01": 0.3692647031147411,
    "1.0": 0.630647684919667
  },
  "val_metrics": {
    "nmse": 0.13618991000329245,
    "rmse": 0.03608223700546739
  },
  "test_metrics": {
    "nmse": 0.12373957908459178,
    "rmse": 0.036318512790178836
  },
  "timing": {
    "train_states_s": 0.018060800000966992,
    "ridge_select_s": 0.0116280000002007,
    "total_s": 0.052615499997045845
  },
  "timestamp": "2026-04-16T18:21:45.848635+00:00"
}