{
  "sweep_name": "region_selection_multitask_v1_narma10",
  "config_id": "0fb1da4d091e",
  "seed": 789,
  "config_point": {
    "spectral_radius": 0.9,
    "input_scaling": 0.05,
    "leak_rate": 0.7
  },
  "best_ridge": 1e-10,
  "val_curve": {
    "1e-10": 0.14699507106771503,
    "1e-08": 0.1785431365029073,
    "1e-06": 0.21779181110770018,
    "0.0001": 0.29836576514215596,
    "0.01": 0.3488916201229933,
    "1.0": 0.5153081679963282
  },
  "val_metrics": {
    "nmse": 0.14699507106771503,
    "rmse": 0.04239228424825016
  },
  "test_metrics": {
    "nmse": 0.11122937782260169,
    "rmse": 0.03547228986748875
  },
  "timing": {
    "train_states_s": 0.01795009999841568,
    "ridge_select_s": 0.012967000002390705,
    "total_s": 0.053176400000666035
  },
  "timestamp": "2026-04-16T18:21:45.985367+00:00"
}