{
  "sweep_name": "region_selection_multitask_v1_narma10",
  "config_id": "0fb1da4d091e",
  "seed": 42,
  "config_point": {
    "spectral_radius": 0.9,
    "input_scaling": 0.05,
    "leak_rate": 0.7
  },
  "best_ridge": 1e-10,
  "val_curve": {
    "1e-10": 0.11914314129400952,
    "1e-08": 0.15766597415967246,
    "1e-06": 0.1996485607784663,
    "0.0001": 0.267444219940386,
    "0.01": 0.3235181968918123,
    "1.0": 0.4802412357514299
  },
  "val_metrics": {
    "nmse": 0.11914314129400952,
    "rmse": 0.04258344786943616
  },
  "test_metrics": {
    "nmse": 0.13197499968336926,
    "rmse": 0.03691060870622094
  },
  "timing": {
    "train_states_s": 0.018226600001071347,
    "ridge_select_s": 0.012186299998575123,
    "total_s": 0.053043799998704344
  },
  "timestamp": "2026-04-16T18:21:45.781361+00:00"
}