{
  "sweep_name": "region_selection_multitask_v1_narma10",
  "config_id": "0fb1da4d091e",
  "seed": 1024,
  "config_point": {
    "spectral_radius": 0.9,
    "input_scaling": 0.05,
    "leak_rate": 0.7
  },
  "best_ridge": 1e-10,
  "val_curve": {
    "1e-10": 0.1681780341319805,
    "1e-08": 0.22156327903659737,
    "1e-06": 0.3037042823154356,
    "0.0001": 0.34848282050872964,
    "0.01": 0.3933429884087818,
    "1.0": 0.6603205016534425
  },
  "val_metrics": {
    "nmse": 0.1681780341319805,
    "rmse": 0.05193848324965304
  },
  "test_metrics": {
    "nmse": 0.11754067072353246,
    "rmse": 0.03913450939173147
  },
  "timing": {
    "train_states_s": 0.0180465000012191,
    "ridge_select_s": 0.011861300001328345,
    "total_s": 0.05126329999984591
  },
  "timestamp": "2026-04-16T18:21:46.051272+00:00"
}