{
  "sweep_name": "region_selection_multitask_v1_narma10",
  "config_id": "0fb1da4d091e",
  "seed": 456,
  "config_point": {
    "spectral_radius": 0.9,
    "input_scaling": 0.05,
    "leak_rate": 0.7
  },
  "best_ridge": 1e-10,
  "val_curve": {
    "1e-10": 0.10795979724537934,
    "1e-08": 0.14672051028991676,
    "1e-06": 0.19812286005072882,
    "0.0001": 0.25436784110757776,
    "0.01": 0.3090772363934645,
    "1.0": 0.5348169727666516
  },
  "val_metrics": {
    "nmse": 0.10795979724537934,
    "rmse": 0.03335647848974965
  },
  "test_metrics": {
    "nmse": 0.11018999308900497,
    "rmse": 0.03494568263141834
  },
  "timing": {
    "train_states_s": 0.017832200002885656,
    "ridge_select_s": 0.011829200000647688,
    "total_s": 0.05370060000132071
  },
  "timestamp": "2026-04-16T18:21:45.917234+00:00"
}