{
  "sweep_name": "region_selection_multitask_v1_narma10",
  "config_id": "10b5d24c62b0",
  "seed": 1024,
  "config_point": {
    "spectral_radius": 1.1,
    "input_scaling": 0.2,
    "leak_rate": 0.6
  },
  "best_ridge": 1e-10,
  "val_curve": {
    "1e-10": 0.18240812808346182,
    "1e-08": 0.1838868300214492,
    "1e-06": 0.20176422614022715,
    "0.0001": 0.23629546063391077,
    "0.01": 0.2904265804365562,
    "1.0": 0.37734683077485465
  },
  "val_metrics": {
    "nmse": 0.18240812808346182,
    "rmse": 0.054091212958920526
  },
  "test_metrics": {
    "nmse": 0.15022772295929407,
    "rmse": 0.04424262164579033
  },
  "timing": {
    "train_states_s": 0.017771900002117036,
    "ridge_select_s": 0.011716199998772936,
    "total_s": 0.05062680000264663
  },
  "timestamp": "2026-04-16T18:22:18.026921+00:00"
}