{
  "sweep_name": "region_selection_multitask_v1_narma10",
  "config_id": "10b5d24c62b0",
  "seed": 789,
  "config_point": {
    "spectral_radius": 1.1,
    "input_scaling": 0.2,
    "leak_rate": 0.6
  },
  "best_ridge": 1e-10,
  "val_curve": {
    "1e-10": 0.17166319921988074,
    "1e-08": 0.17227895048482122,
    "1e-06": 0.18713527377705036,
    "0.0001": 0.2454476056617237,
    "0.01": 0.27631727822831614,
    "1.0": 0.3894260703408637
  },
  "val_metrics": {
    "nmse": 0.17166319921988074,
    "rmse": 0.04581144949743401
  },
  "test_metrics": {
    "nmse": 0.15746973715317364,
    "rmse": 0.04220637195977479
  },
  "timing": {
    "train_states_s": 0.017774599997210316,
    "ridge_select_s": 0.011805900001490954,
    "total_s": 0.05172219999803929
  },
  "timestamp": "2026-04-16T18:22:17.961492+00:00"
}