{
  "sweep_name": "region_selection_multitask_v1_narma10",
  "config_id": "10b5d24c62b0",
  "seed": 456,
  "config_point": {
    "spectral_radius": 1.1,
    "input_scaling": 0.2,
    "leak_rate": 0.6
  },
  "best_ridge": 1e-10,
  "val_curve": {
    "1e-10": 0.1907559810005209,
    "1e-08": 0.1907590791242002,
    "1e-06": 0.19112471846384754,
    "0.0001": 0.20482725615413874,
    "0.01": 0.24639676198292815,
    "1.0": 0.32011168498470377
  },
  "val_metrics": {
    "nmse": 0.1907559810005209,
    "rmse": 0.04433924020737779
  },
  "test_metrics": {
    "nmse": 0.20981403515493177,
    "rmse": 0.048221389300930666
  },
  "timing": {
    "train_states_s": 0.01784820000102627,
    "ridge_select_s": 0.011736699998436961,
    "total_s": 0.053186299999651965
  },
  "timestamp": "2026-04-16T18:22:17.894688+00:00"
}