{
  "sweep_name": "region_selection_multitask_v1_narma10",
  "config_id": "10b5d24c62b0",
  "seed": 42,
  "config_point": {
    "spectral_radius": 1.1,
    "input_scaling": 0.2,
    "leak_rate": 0.6
  },
  "best_ridge": 1e-08,
  "val_curve": {
    "1e-10": 0.1573928799686239,
    "1e-08": 0.1569222387642568,
    "1e-06": 0.1576852568625157,
    "0.0001": 0.20514792766607504,
    "0.01": 0.2510124671954973,
    "1.0": 0.376886051363968
  },
  "val_metrics": {
    "nmse": 0.1569222387642568,
    "rmse": 0.048870698541495006
  },
  "test_metrics": {
    "nmse": 0.19433222392762947,
    "rmse": 0.04478966177452657
  },
  "timing": {
    "train_states_s": 0.017963900001632283,
    "ridge_select_s": 0.012898999997560168,
    "total_s": 0.06271389999892563
  },
  "timestamp": "2026-04-16T18:22:17.759341+00:00"
}