{
  "sweep_name": "region_selection_multitask_v1_narma10",
  "config_id": "129fe242d561",
  "seed": 123,
  "config_point": {
    "spectral_radius": 0.9,
    "input_scaling": 0.1,
    "leak_rate": 1.0
  },
  "best_ridge": 1e-08,
  "val_curve": {
    "1e-10": 0.10410548764671208,
    "1e-08": 0.10397704165213109,
    "1e-06": 0.14646306747750332,
    "0.0001": 0.1856723752909229,
    "0.01": 0.18968208912583637,
    "1.0": 0.4208001032929918
  },
  "val_metrics": {
    "nmse": 0.10397704165213109,
    "rmse": 0.031527513242072196
  },
  "test_metrics": {
    "nmse": 0.09906322996037316,
    "rmse": 0.03249600561439143
  },
  "timing": {
    "train_states_s": 0.017798500000935746,
    "ridge_select_s": 0.012825199999497272,
    "total_s": 0.05277569999816478
  },
  "timestamp": "2026-04-16T18:21:49.108836+00:00"
}