{
  "sweep_name": "region_selection_multitask_v1_narma10",
  "config_id": "129fe242d561",
  "seed": 42,
  "config_point": {
    "spectral_radius": 0.9,
    "input_scaling": 0.1,
    "leak_rate": 1.0
  },
  "best_ridge": 1e-10,
  "val_curve": {
    "1e-10": 0.0912296999382035,
    "1e-08": 0.09686736276885766,
    "1e-06": 0.12372198481709303,
    "0.0001": 0.1759989358511825,
    "0.01": 0.2560232314379495,
    "1.0": 0.38525895302208996
  },
  "val_metrics": {
    "nmse": 0.0912296999382035,
    "rmse": 0.03726270876788756
  },
  "test_metrics": {
    "nmse": 0.0826683583173351,
    "rmse": 0.029212924020229986
  },
  "timing": {
    "train_states_s": 0.018089799999870593,
    "ridge_select_s": 0.012259200000698911,
    "total_s": 0.08283809999920777
  },
  "timestamp": "2026-04-16T18:21:49.041171+00:00"
}