{
  "sweep_name": "region_selection_multitask_v1_narma10",
  "config_id": "129fe242d561",
  "seed": 789,
  "config_point": {
    "spectral_radius": 0.9,
    "input_scaling": 0.1,
    "leak_rate": 1.0
  },
  "best_ridge": 1e-10,
  "val_curve": {
    "1e-10": 0.12271054337097363,
    "1e-08": 0.1261897161963814,
    "1e-06": 0.15189655540621602,
    "0.0001": 0.17421521890944996,
    "0.01": 0.24408543222082585,
    "1.0": 0.42403245916762167
  },
  "val_metrics": {
    "nmse": 0.12271054337097363,
    "rmse": 0.03873257512233788
  },
  "test_metrics": {
    "nmse": 0.09330608098905085,
    "rmse": 0.03248885793575995
  },
  "timing": {
    "train_states_s": 0.017847399998572655,
    "ridge_select_s": 0.012260999999853084,
    "total_s": 0.052467500001512235
  },
  "timestamp": "2026-04-16T18:21:49.243729+00:00"
}