{
  "sweep_name": "region_selection_multitask_v1_narma10",
  "config_id": "139f2a03ac16",
  "seed": 123,
  "config_point": {
    "spectral_radius": 1.0,
    "input_scaling": 0.3,
    "leak_rate": 0.5
  },
  "best_ridge": 1e-10,
  "val_curve": {
    "1e-10": 0.22478908983142046,
    "1e-08": 0.2266298635200326,
    "1e-06": 0.2443666169499748,
    "0.0001": 0.2796092299159165,
    "0.01": 0.32502641304780455,
    "1.0": 0.41201385659606843
  },
  "val_metrics": {
    "nmse": 0.22478908983142046,
    "rmse": 0.046356282712685486
  },
  "test_metrics": {
    "nmse": 0.20641783709939446,
    "rmse": 0.04690804688975137
  },
  "timing": {
    "train_states_s": 0.01840219999940018,
    "ridge_select_s": 0.012432200001057936,
    "total_s": 0.05320870000286959
  },
  "timestamp": "2026-04-16T18:22:06.811436+00:00"
}