{
  "sweep_name": "region_selection_multitask_v1_narma10",
  "config_id": "139f2a03ac16",
  "seed": 1024,
  "config_point": {
    "spectral_radius": 1.0,
    "input_scaling": 0.3,
    "leak_rate": 0.5
  },
  "best_ridge": 1e-10,
  "val_curve": {
    "1e-10": 0.20693090965491356,
    "1e-08": 0.20912168557219588,
    "1e-06": 0.22562516734498625,
    "0.0001": 0.25223493723093876,
    "0.01": 0.31450411956409147,
    "1.0": 0.4211336262536965
  },
  "val_metrics": {
    "nmse": 0.20693090965491356,
    "rmse": 0.05761257818269108
  },
  "test_metrics": {
    "nmse": 0.17187525953349883,
    "rmse": 0.04732302465973196
  },
  "timing": {
    "train_states_s": 0.01809000000139349,
    "ridge_select_s": 0.012698599999566795,
    "total_s": 0.05202300000019022
  },
  "timestamp": "2026-04-16T18:22:07.018526+00:00"
}