{
  "sweep_name": "region_selection_multitask_v1_narma10",
  "config_id": "139f2a03ac16",
  "seed": 456,
  "config_point": {
    "spectral_radius": 1.0,
    "input_scaling": 0.3,
    "leak_rate": 0.5
  },
  "best_ridge": 1e-08,
  "val_curve": {
    "1e-10": 0.19045512602620376,
    "1e-08": 0.19017917064901765,
    "1e-06": 0.19608164334524217,
    "0.0001": 0.22105515582125093,
    "0.01": 0.25681133590415767,
    "1.0": 0.3473821309416856
  },
  "val_metrics": {
    "nmse": 0.19017917064901765,
    "rmse": 0.04427215267587522
  },
  "test_metrics": {
    "nmse": 0.18590618354667815,
    "rmse": 0.04539096002214883
  },
  "timing": {
    "train_states_s": 0.017987800001719734,
    "ridge_select_s": 0.012049599998135818,
    "total_s": 0.054829299999255454
  },
  "timestamp": "2026-04-16T18:22:06.881571+00:00"
}