{
  "sweep_name": "region_selection_multitask_v1_narma10",
  "config_id": "156850c8e8b6",
  "seed": 789,
  "config_point": {
    "spectral_radius": 0.7,
    "input_scaling": 0.15,
    "leak_rate": 0.6
  },
  "best_ridge": 1e-10,
  "val_curve": {
    "1e-10": 0.2105683354805291,
    "1e-08": 0.22946136692361957,
    "1e-06": 0.2796759170670695,
    "0.0001": 0.3356428831887872,
    "0.01": 0.38311108230756247,
    "1.0": 0.6430634872209229
  },
  "val_metrics": {
    "nmse": 0.2105683354805291,
    "rmse": 0.050737838799760134
  },
  "test_metrics": {
    "nmse": 0.1803588765713253,
    "rmse": 0.0451698066399592
  },
  "timing": {
    "train_states_s": 0.01786569999967469,
    "ridge_select_s": 0.011986599998635938,
    "total_s": 0.052184500000294065
  },
  "timestamp": "2026-04-16T18:21:24.379590+00:00"
}