{
  "sweep_name": "region_selection_multitask_v1_narma10",
  "config_id": "156850c8e8b6",
  "seed": 42,
  "config_point": {
    "spectral_radius": 0.7,
    "input_scaling": 0.15,
    "leak_rate": 0.6
  },
  "best_ridge": 1e-10,
  "val_curve": {
    "1e-10": 0.1637461855018159,
    "1e-08": 0.18140644597218472,
    "1e-06": 0.2364728746748672,
    "0.0001": 0.3222611156648329,
    "0.01": 0.3541758253720501,
    "1.0": 0.5898880294463213
  },
  "val_metrics": {
    "nmse": 0.1637461855018159,
    "rmse": 0.04992199068516877
  },
  "test_metrics": {
    "nmse": 0.19851278780710846,
    "rmse": 0.04526886613941682
  },
  "timing": {
    "train_states_s": 0.01822590000301716,
    "ridge_select_s": 0.012306799999350915,
    "total_s": 0.08442819999982021
  },
  "timestamp": "2026-04-16T18:21:24.175126+00:00"
}