{
  "sweep_name": "region_selection_multitask_v1_narma10",
  "config_id": "156850c8e8b6",
  "seed": 1024,
  "config_point": {
    "spectral_radius": 0.7,
    "input_scaling": 0.15,
    "leak_rate": 0.6
  },
  "best_ridge": 1e-10,
  "val_curve": {
    "1e-10": 0.21739801249989107,
    "1e-08": 0.24030113958972954,
    "1e-06": 0.2905440851224815,
    "0.0001": 0.3784521378898401,
    "0.01": 0.4266004886568017,
    "1.0": 0.6512677991256381
  },
  "val_metrics": {
    "nmse": 0.21739801249989107,
    "rmse": 0.059051700948945636
  },
  "test_metrics": {
    "nmse": 0.16795014118228457,
    "rmse": 0.0467795455018471
  },
  "timing": {
    "train_states_s": 0.017822499998146668,
    "ridge_select_s": 0.011607099997490877,
    "total_s": 0.0510312000005797
  },
  "timestamp": "2026-04-16T18:21:24.445203+00:00"
}