{
  "sweep_name": "region_selection_multitask_v1_narma10",
  "config_id": "156850c8e8b6",
  "seed": 456,
  "config_point": {
    "spectral_radius": 0.7,
    "input_scaling": 0.15,
    "leak_rate": 0.6
  },
  "best_ridge": 1e-10,
  "val_curve": {
    "1e-10": 0.17104979839804993,
    "1e-08": 0.192272101877675,
    "1e-06": 0.2349155982933474,
    "0.0001": 0.2835999577783727,
    "0.01": 0.34973747261825017,
    "1.0": 0.5330930836052061
  },
  "val_metrics": {
    "nmse": 0.17104979839804993,
    "rmse": 0.041986574919687096
  },
  "test_metrics": {
    "nmse": 0.17030016049887586,
    "rmse": 0.04344401741843927
  },
  "timing": {
    "train_states_s": 0.017992600001889514,
    "ridge_select_s": 0.012542399999802,
    "total_s": 0.05466270000033546
  },
  "timestamp": "2026-04-16T18:21:24.313001+00:00"
}