{
  "sweep_name": "region_selection_multitask_v1_narma10",
  "config_id": "15c44783ca07",
  "seed": 1024,
  "config_point": {
    "spectral_radius": 0.8,
    "input_scaling": 0.05,
    "leak_rate": 0.6
  },
  "best_ridge": 1e-10,
  "val_curve": {
    "1e-10": 0.22331749123935005,
    "1e-08": 0.2765748146993719,
    "1e-06": 0.3468885083290511,
    "0.0001": 0.382991057493004,
    "0.01": 0.4363133333560003,
    "1.0": 0.7654584047085483
  },
  "val_metrics": {
    "nmse": 0.22331749123935005,
    "rmse": 0.05985025390979903
  },
  "test_metrics": {
    "nmse": 0.1759097875010669,
    "rmse": 0.04787522338161518
  },
  "timing": {
    "train_states_s": 0.017817700001614867,
    "ridge_select_s": 0.012059599997883197,
    "total_s": 0.05163879999963683
  },
  "timestamp": "2026-04-16T18:21:32.801040+00:00"
}