{
  "sweep_name": "region_selection_multitask_v1_narma10",
  "config_id": "15c44783ca07",
  "seed": 42,
  "config_point": {
    "spectral_radius": 0.8,
    "input_scaling": 0.05,
    "leak_rate": 0.6
  },
  "best_ridge": 1e-10,
  "val_curve": {
    "1e-10": 0.16911239574356648,
    "1e-08": 0.20628789089604993,
    "1e-06": 0.27553973518421976,
    "0.0001": 0.3120830362082349,
    "0.01": 0.36678388452126814,
    "1.0": 0.6185734506871146
  },
  "val_metrics": {
    "nmse": 0.16911239574356648,
    "rmse": 0.05073340603087979
  },
  "test_metrics": {
    "nmse": 0.20057844923710944,
    "rmse": 0.04550378337064871
  },
  "timing": {
    "train_states_s": 0.01789930000086315,
    "ridge_select_s": 0.012485100000048988,
    "total_s": 0.055179700000735465
  },
  "timestamp": "2026-04-16T18:21:32.531912+00:00"
}