{
  "sweep_name": "region_selection_multitask_v1_narma10",
  "config_id": "15c44783ca07",
  "seed": 456,
  "config_point": {
    "spectral_radius": 0.8,
    "input_scaling": 0.05,
    "leak_rate": 0.6
  },
  "best_ridge": 1e-10,
  "val_curve": {
    "1e-10": 0.16753335689623272,
    "1e-08": 0.207858095538747,
    "1e-06": 0.25317735436228034,
    "0.0001": 0.3034639918146809,
    "0.01": 0.35500018251069443,
    "1.0": 0.602946256886747
  },
  "val_metrics": {
    "nmse": 0.16753335689623272,
    "rmse": 0.04155275374497732
  },
  "test_metrics": {
    "nmse": 0.1668804062830871,
    "rmse": 0.04300561124353209
  },
  "timing": {
    "train_states_s": 0.01793299999917508,
    "ridge_select_s": 0.012234300000272924,
    "total_s": 0.05387479999990319
  },
  "timestamp": "2026-04-16T18:21:32.668206+00:00"
}