{
  "sweep_name": "region_selection_multitask_v1_narma10",
  "config_id": "15c44783ca07",
  "seed": 123,
  "config_point": {
    "spectral_radius": 0.8,
    "input_scaling": 0.05,
    "leak_rate": 0.6
  },
  "best_ridge": 1e-10,
  "val_curve": {
    "1e-10": 0.2191948846453293,
    "1e-08": 0.26678239094892625,
    "1e-06": 0.305324641640001,
    "0.0001": 0.34388837263038685,
    "0.01": 0.4154567057287016,
    "1.0": 0.7925154293899237
  },
  "val_metrics": {
    "nmse": 0.2191948846453293,
    "rmse": 0.04577582664697961
  },
  "test_metrics": {
    "nmse": 0.19741295883379148,
    "rmse": 0.04587346739168924
  },
  "timing": {
    "train_states_s": 0.017942499998753192,
    "ridge_select_s": 0.012565500001073815,
    "total_s": 0.05308589999913238
  },
  "timestamp": "2026-04-16T18:21:32.599588+00:00"
}