{
  "sweep_name": "region_selection_multitask_v1_narma10",
  "config_id": "15d61a684a93",
  "seed": 123,
  "config_point": {
    "spectral_radius": 0.7,
    "input_scaling": 0.2,
    "leak_rate": 0.8
  },
  "best_ridge": 1e-10,
  "val_curve": {
    "1e-10": 0.12499867063072885,
    "1e-08": 0.14816424160976666,
    "1e-06": 0.20790216972824302,
    "0.0001": 0.27151378952958705,
    "0.01": 0.3716202157595146,
    "1.0": 0.7518770151973995
  },
  "val_metrics": {
    "nmse": 0.12499867063072885,
    "rmse": 0.03456795480814547
  },
  "test_metrics": {
    "nmse": 0.10579425240607297,
    "rmse": 0.033581862265045476
  },
  "timing": {
    "train_states_s": 0.017897300000186078,
    "ridge_select_s": 0.012467200001992751,
    "total_s": 0.05337110000255052
  },
  "timestamp": "2026-04-16T18:21:26.996595+00:00"
}