{
  "sweep_name": "region_selection_multitask_v1_narma10",
  "config_id": "15d61a684a93",
  "seed": 1024,
  "config_point": {
    "spectral_radius": 0.7,
    "input_scaling": 0.2,
    "leak_rate": 0.8
  },
  "best_ridge": 1e-10,
  "val_curve": {
    "1e-10": 0.1776726976039172,
    "1e-08": 0.2008299594033981,
    "1e-06": 0.2566530378914847,
    "0.0001": 0.33575340956282024,
    "0.01": 0.46539825218031444,
    "1.0": 0.6910671069120393
  },
  "val_metrics": {
    "nmse": 0.1776726976039172,
    "rmse": 0.05338447488928512
  },
  "test_metrics": {
    "nmse": 0.11907212865239589,
    "rmse": 0.03938862950578337
  },
  "timing": {
    "train_states_s": 0.01823549999971874,
    "ridge_select_s": 0.012722600000415696,
    "total_s": 0.0522315999987768
  },
  "timestamp": "2026-04-16T18:21:27.201665+00:00"
}