{
  "sweep_name": "region_selection_multitask_v1_narma10",
  "config_id": "15d61a684a93",
  "seed": 789,
  "config_point": {
    "spectral_radius": 0.7,
    "input_scaling": 0.2,
    "leak_rate": 0.8
  },
  "best_ridge": 1e-10,
  "val_curve": {
    "1e-10": 0.15438820283916346,
    "1e-08": 0.1684896939986062,
    "1e-06": 0.21721487598829106,
    "0.0001": 0.29077572470589547,
    "0.01": 0.36753635333287654,
    "1.0": 0.6696697721134924
  },
  "val_metrics": {
    "nmse": 0.15438820283916346,
    "rmse": 0.04344526875908879
  },
  "test_metrics": {
    "nmse": 0.11303310607922444,
    "rmse": 0.0357587477514837
  },
  "timing": {
    "train_states_s": 0.01841229999990901,
    "ridge_select_s": 0.012000999999145279,
    "total_s": 0.05226820000098087
  },
  "timestamp": "2026-04-16T18:21:27.134413+00:00"
}