{
  "sweep_name": "region_selection_multitask_v1_narma10",
  "config_id": "15d61a684a93",
  "seed": 42,
  "config_point": {
    "spectral_radius": 0.7,
    "input_scaling": 0.2,
    "leak_rate": 0.8
  },
  "best_ridge": 1e-10,
  "val_curve": {
    "1e-10": 0.10669844382291567,
    "1e-08": 0.1299962211392214,
    "1e-06": 0.18552388935171535,
    "0.0001": 0.2767923008816095,
    "0.01": 0.3319829734964419,
    "1.0": 0.5967691286885958
  },
  "val_metrics": {
    "nmse": 0.10669844382291567,
    "rmse": 0.04029817158296346
  },
  "test_metrics": {
    "nmse": 0.1072923887572643,
    "rmse": 0.03328049903327961
  },
  "timing": {
    "train_states_s": 0.018319500002689892,
    "ridge_select_s": 0.012257899998076027,
    "total_s": 0.053384599999844795
  },
  "timestamp": "2026-04-16T18:21:26.928242+00:00"
}