{
  "sweep_name": "region_selection_multitask_v1_narma10",
  "config_id": "15d61a684a93",
  "seed": 456,
  "config_point": {
    "spectral_radius": 0.7,
    "input_scaling": 0.2,
    "leak_rate": 0.8
  },
  "best_ridge": 1e-10,
  "val_curve": {
    "1e-10": 0.10298416076048655,
    "1e-08": 0.11398260731408506,
    "1e-06": 0.15634558293159107,
    "0.0001": 0.22741051791911757,
    "0.01": 0.3158153528964569,
    "1.0": 0.6011427838827558
  },
  "val_metrics": {
    "nmse": 0.10298416076048655,
    "rmse": 0.03257874737287832
  },
  "test_metrics": {
    "nmse": 0.09828163029097851,
    "rmse": 0.03300339569994769
  },
  "timing": {
    "train_states_s": 0.0180858999992779,
    "ridge_select_s": 0.012040399997204076,
    "total_s": 0.05620619999899645
  },
  "timestamp": "2026-04-16T18:21:27.067219+00:00"
}