{
  "sweep_name": "region_selection_multitask_v1_narma10",
  "config_id": "15dc672d4001",
  "seed": 789,
  "config_point": {
    "spectral_radius": 0.6,
    "input_scaling": 0.15,
    "leak_rate": 0.5
  },
  "best_ridge": 1e-10,
  "val_curve": {
    "1e-10": 0.23809040043716373,
    "1e-08": 0.2769408528031423,
    "1e-06": 0.3078004205706357,
    "0.0001": 0.3554772007542231,
    "0.01": 0.4123034313735741,
    "1.0": 0.7635470355617183
  },
  "val_metrics": {
    "nmse": 0.23809040043716373,
    "rmse": 0.05395185420304437
  },
  "test_metrics": {
    "nmse": 0.21716829056405804,
    "rmse": 0.04956529292286929
  },
  "timing": {
    "train_states_s": 0.018771800001559313,
    "ridge_select_s": 0.011866799999552313,
    "total_s": 0.05344909999985248
  },
  "timestamp": "2026-04-16T18:21:11.168028+00:00"
}