{
  "sweep_name": "region_selection_multitask_v1_narma10",
  "config_id": "15dc672d4001",
  "seed": 456,
  "config_point": {
    "spectral_radius": 0.6,
    "input_scaling": 0.15,
    "leak_rate": 0.5
  },
  "best_ridge": 1e-10,
  "val_curve": {
    "1e-10": 0.21172231681923373,
    "1e-08": 0.2365922874696913,
    "1e-06": 0.27532893245419743,
    "0.0001": 0.3378925412842401,
    "0.01": 0.3894889693423265,
    "1.0": 0.6237311518029469
  },
  "val_metrics": {
    "nmse": 0.21172231681923373,
    "rmse": 0.04671243255132892
  },
  "test_metrics": {
    "nmse": 0.2072557027290882,
    "rmse": 0.04792649788469555
  },
  "timing": {
    "train_states_s": 0.018117899999197107,
    "ridge_select_s": 0.012025700001686346,
    "total_s": 0.05388149999998859
  },
  "timestamp": "2026-04-16T18:21:11.099582+00:00"
}