{
  "sweep_name": "region_selection_multitask_v1_narma10",
  "config_id": "16217e21e3f8",
  "seed": 123,
  "config_point": {
    "spectral_radius": 0.9,
    "input_scaling": 0.05,
    "leak_rate": 0.9
  },
  "best_ridge": 1e-10,
  "val_curve": {
    "1e-10": 0.10358725711494625,
    "1e-08": 0.15429924989169394,
    "1e-06": 0.1831520770720807,
    "0.0001": 0.1868974423077512,
    "0.01": 0.26019206502770426,
    "1.0": 0.6229304416243839
  },
  "val_metrics": {
    "nmse": 0.10358725711494625,
    "rmse": 0.03146836328138704
  },
  "test_metrics": {
    "nmse": 0.09848082421637767,
    "rmse": 0.03240034065721976
  },
  "timing": {
    "train_states_s": 0.017989800002396805,
    "ridge_select_s": 0.012009399997623404,
    "total_s": 0.052927599997929065
  },
  "timestamp": "2026-04-16T18:21:46.575476+00:00"
}