{
  "sweep_name": "region_selection_multitask_v1_narma10",
  "config_id": "16217e21e3f8",
  "seed": 789,
  "config_point": {
    "spectral_radius": 0.9,
    "input_scaling": 0.05,
    "leak_rate": 0.9
  },
  "best_ridge": 1e-10,
  "val_curve": {
    "1e-10": 0.12986830337569363,
    "1e-08": 0.1582437608687986,
    "1e-06": 0.1685266931079455,
    "0.0001": 0.22271784612783355,
    "0.01": 0.29836226247147796,
    "1.0": 0.4790176543520468
  },
  "val_metrics": {
    "nmse": 0.12986830337569363,
    "rmse": 0.03984620965388173
  },
  "test_metrics": {
    "nmse": 0.10438904668190757,
    "rmse": 0.034364255268946466
  },
  "timing": {
    "train_states_s": 0.01798419999977341,
    "ridge_select_s": 0.012055600000167033,
    "total_s": 0.05278569999791216
  },
  "timestamp": "2026-04-16T18:21:46.714248+00:00"
}