{
  "sweep_name": "region_selection_multitask_v1_narma10",
  "config_id": "16217e21e3f8",
  "seed": 456,
  "config_point": {
    "spectral_radius": 0.9,
    "input_scaling": 0.05,
    "leak_rate": 0.9
  },
  "best_ridge": 1e-10,
  "val_curve": {
    "1e-10": 0.09856090319326158,
    "1e-08": 0.11550122703914889,
    "1e-06": 0.15119965312663677,
    "0.0001": 0.18199794324752763,
    "0.01": 0.23162471084571828,
    "1.0": 0.5690858665783961
  },
  "val_metrics": {
    "nmse": 0.09856090319326158,
    "rmse": 0.031871426514036204
  },
  "test_metrics": {
    "nmse": 0.10157937703399343,
    "rmse": 0.033552526114116236
  },
  "timing": {
    "train_states_s": 0.01827390000107698,
    "ridge_select_s": 0.012893900002381997,
    "total_s": 0.05543449999822769
  },
  "timestamp": "2026-04-16T18:21:46.646152+00:00"
}