{
  "sweep_name": "region_selection_multitask_v1_narma10",
  "config_id": "16407e9d8131",
  "seed": 456,
  "config_point": {
    "spectral_radius": 1.1,
    "input_scaling": 0.4,
    "leak_rate": 1.0
  },
  "best_ridge": 0.0001,
  "val_curve": {
    "1e-10": 0.28874150908759166,
    "1e-08": 0.288741508740535,
    "1e-06": 0.28874147405157635,
    "0.0001": 0.28873815164428296,
    "0.01": 0.2890593700476332,
    "1.0": 0.3270294346362518
  },
  "val_metrics": {
    "nmse": 0.28873815164428296,
    "rmse": 0.05455081594302142
  },
  "test_metrics": {
    "nmse": 0.32854677382762726,
    "rmse": 0.060342188058803356
  },
  "timing": {
    "train_states_s": 0.018734799999947427,
    "ridge_select_s": 0.012452399998437613,
    "total_s": 0.055949200002942234
  },
  "timestamp": "2026-04-16T18:22:23.645132+00:00"
}