{
  "sweep_name": "region_selection_multitask_v1_narma10",
  "config_id": "16407e9d8131",
  "seed": 789,
  "config_point": {
    "spectral_radius": 1.1,
    "input_scaling": 0.4,
    "leak_rate": 1.0
  },
  "best_ridge": 0.0001,
  "val_curve": {
    "1e-10": 0.21048937291869083,
    "1e-08": 0.21048936487966793,
    "1e-06": 0.21048856271719038,
    "0.0001": 0.2104248994945229,
    "0.01": 0.21882315185524465,
    "1.0": 0.3162193244202682
  },
  "val_metrics": {
    "nmse": 0.2104248994945229,
    "rmse": 0.05072055492919353
  },
  "test_metrics": {
    "nmse": 0.15852866321310602,
    "rmse": 0.042348045346776345
  },
  "timing": {
    "train_states_s": 0.018737599999440135,
    "ridge_select_s": 0.012204399998154258,
    "total_s": 0.05398399999830872
  },
  "timestamp": "2026-04-16T18:22:23.715143+00:00"
}