{
  "sweep_name": "region_selection_multitask_v1_narma10",
  "config_id": "16407e9d8131",
  "seed": 123,
  "config_point": {
    "spectral_radius": 1.1,
    "input_scaling": 0.4,
    "leak_rate": 1.0
  },
  "best_ridge": 0.0001,
  "val_curve": {
    "1e-10": 0.1663323322093828,
    "1e-08": 0.16633231725822323,
    "1e-06": 0.16633082514568004,
    "0.0001": 0.16620898920828794,
    "0.01": 0.17185560025932936,
    "1.0": 0.2178724691748167
  },
  "val_metrics": {
    "nmse": 0.16620898920828794,
    "rmse": 0.039861004851053754
  },
  "test_metrics": {
    "nmse": 0.16235380663691829,
    "rmse": 0.04160111558824164
  },
  "timing": {
    "train_states_s": 0.018815299998095725,
    "ridge_select_s": 0.012136900000768946,
    "total_s": 0.05414290000044275
  },
  "timestamp": "2026-04-16T18:22:23.574839+00:00"
}