{
  "sweep_name": "region_selection_multitask_v1_narma10",
  "config_id": "16407e9d8131",
  "seed": 42,
  "config_point": {
    "spectral_radius": 1.1,
    "input_scaling": 0.4,
    "leak_rate": 1.0
  },
  "best_ridge": 1e-10,
  "val_curve": {
    "1e-10": 0.2078496534679854,
    "1e-08": 0.20784967197504908,
    "1e-06": 0.20785152603921078,
    "0.0001": 0.2080654669125872,
    "0.01": 0.22841356156177126,
    "1.0": 0.3078249538722089
  },
  "val_metrics": {
    "nmse": 0.2078496534679854,
    "rmse": 0.056244615396159055
  },
  "test_metrics": {
    "nmse": 0.16404860552346187,
    "rmse": 0.04115206606128436
  },
  "timing": {
    "train_states_s": 0.01865149999866844,
    "ridge_select_s": 0.01205879999906756,
    "total_s": 0.06766749999951571
  },
  "timestamp": "2026-04-16T18:22:23.505746+00:00"
}