{
  "sweep_name": "region_selection_multitask_v1_narma10",
  "config_id": "1a7e4f42f613",
  "seed": 789,
  "config_point": {
    "spectral_radius": 0.9,
    "input_scaling": 0.05,
    "leak_rate": 0.5
  },
  "best_ridge": 1e-10,
  "val_curve": {
    "1e-10": 0.21712376741792197,
    "1e-08": 0.24959971963740027,
    "1e-06": 0.2665630583662358,
    "0.0001": 0.3156213282492548,
    "0.01": 0.3715050162457719,
    "1.0": 0.6340184890259971
  },
  "val_metrics": {
    "nmse": 0.21712376741792197,
    "rmse": 0.05152157315782181
  },
  "test_metrics": {
    "nmse": 0.19294065354510279,
    "rmse": 0.04671876387877081
  },
  "timing": {
    "train_states_s": 0.019130500000756,
    "ridge_select_s": 0.011756500000046799,
    "total_s": 0.0539662999981374
  },
  "timestamp": "2026-04-16T18:21:45.295421+00:00"
}