{
  "sweep_name": "region_selection_multitask_v1_narma10",
  "config_id": "1a7e4f42f613",
  "seed": 1024,
  "config_point": {
    "spectral_radius": 0.9,
    "input_scaling": 0.05,
    "leak_rate": 0.5
  },
  "best_ridge": 1e-10,
  "val_curve": {
    "1e-10": 0.21965114539737973,
    "1e-08": 0.26034382122868144,
    "1e-06": 0.3353135291113399,
    "0.0001": 0.3695154378365324,
    "0.01": 0.41867905721752635,
    "1.0": 0.6492429346109118
  },
  "val_metrics": {
    "nmse": 0.21965114539737973,
    "rmse": 0.05935692077239131
  },
  "test_metrics": {
    "nmse": 0.17823382215274017,
    "rmse": 0.04819043777913932
  },
  "timing": {
    "train_states_s": 0.01795000000129221,
    "ridge_select_s": 0.011851299997942988,
    "total_s": 0.051456400000461144
  },
  "timestamp": "2026-04-16T18:21:45.361562+00:00"
}