{
  "sweep_name": "region_selection_multitask_v1_narma10",
  "config_id": "1a7e4f42f613",
  "seed": 123,
  "config_point": {
    "spectral_radius": 0.9,
    "input_scaling": 0.05,
    "leak_rate": 0.5
  },
  "best_ridge": 1e-10,
  "val_curve": {
    "1e-10": 0.23499026208336474,
    "1e-08": 0.2731942624160219,
    "1e-06": 0.3174311185899862,
    "0.0001": 0.34604375145365135,
    "0.01": 0.4132838531114934,
    "1.0": 0.6432873222877307
  },
  "val_metrics": {
    "nmse": 0.23499026208336474,
    "rmse": 0.04739646168041242
  },
  "test_metrics": {
    "nmse": 0.2096413664297667,
    "rmse": 0.04727289832539581
  },
  "timing": {
    "train_states_s": 0.01880929999970249,
    "ridge_select_s": 0.01276270000016666,
    "total_s": 0.05460950000269804
  },
  "timestamp": "2026-04-16T18:21:45.156938+00:00"
}