{
  "sweep_name": "region_selection_multitask_v1_narma10",
  "config_id": "1a7e4f42f613",
  "seed": 456,
  "config_point": {
    "spectral_radius": 0.9,
    "input_scaling": 0.05,
    "leak_rate": 0.5
  },
  "best_ridge": 1e-10,
  "val_curve": {
    "1e-10": 0.18468023646331685,
    "1e-08": 0.21434440539101404,
    "1e-06": 0.24466812543013294,
    "0.0001": 0.3079761002607482,
    "0.01": 0.3603044287252062,
    "1.0": 0.5377060246025349
  },
  "val_metrics": {
    "nmse": 0.18468023646331685,
    "rmse": 0.04362740443659015
  },
  "test_metrics": {
    "nmse": 0.1815250617369033,
    "rmse": 0.04485292263239256
  },
  "timing": {
    "train_states_s": 0.018151500000385568,
    "ridge_select_s": 0.01234150000163936,
    "total_s": 0.05421109999952023
  },
  "timestamp": "2026-04-16T18:21:45.226372+00:00"
}