{
  "sweep_name": "region_selection_multitask_v1_narma10",
  "config_id": "1aa27eda48ff",
  "seed": 123,
  "config_point": {
    "spectral_radius": 0.7,
    "input_scaling": 0.15,
    "leak_rate": 0.8
  },
  "best_ridge": 1e-10,
  "val_curve": {
    "1e-10": 0.13104111923632594,
    "1e-08": 0.15910420568822084,
    "1e-06": 0.21743503556782678,
    "0.0001": 0.28411911955181635,
    "0.01": 0.4006746895070793,
    "1.0": 0.7915883548741756
  },
  "val_metrics": {
    "nmse": 0.13104111923632594,
    "rmse": 0.03539360382041471
  },
  "test_metrics": {
    "nmse": 0.1115121343707166,
    "rmse": 0.03447742348025525
  },
  "timing": {
    "train_states_s": 0.01800829999774578,
    "ridge_select_s": 0.012639699998544529,
    "total_s": 0.05281430000104592
  },
  "timestamp": "2026-04-16T18:21:24.933712+00:00"
}