{
  "sweep_name": "region_selection_multitask_v1_narma10",
  "config_id": "1aa27eda48ff",
  "seed": 789,
  "config_point": {
    "spectral_radius": 0.7,
    "input_scaling": 0.15,
    "leak_rate": 0.8
  },
  "best_ridge": 1e-10,
  "val_curve": {
    "1e-10": 0.1549173728680349,
    "1e-08": 0.17641586481697202,
    "1e-06": 0.22903641687369777,
    "0.0001": 0.3004822795308695,
    "0.01": 0.3912699433820465,
    "1.0": 0.7066072398387198
  },
  "val_metrics": {
    "nmse": 0.1549173728680349,
    "rmse": 0.043519660026438305
  },
  "test_metrics": {
    "nmse": 0.11309020102903604,
    "rmse": 0.03576777778802259
  },
  "timing": {
    "train_states_s": 0.017870400002721,
    "ridge_select_s": 0.012980100000277162,
    "total_s": 0.05306410000048345
  },
  "timestamp": "2026-04-16T18:21:25.071534+00:00"
}