{
  "sweep_name": "region_selection_multitask_v1_narma10",
  "config_id": "1aa27eda48ff",
  "seed": 1024,
  "config_point": {
    "spectral_radius": 0.7,
    "input_scaling": 0.15,
    "leak_rate": 0.8
  },
  "best_ridge": 1e-10,
  "val_curve": {
    "1e-10": 0.18134386890500043,
    "1e-08": 0.20894801597792262,
    "1e-06": 0.2659587858050354,
    "0.0001": 0.34944556031778873,
    "0.01": 0.496369989684764,
    "1.0": 0.7145660630412103
  },
  "val_metrics": {
    "nmse": 0.18134386890500043,
    "rmse": 0.05393318468186253
  },
  "test_metrics": {
    "nmse": 0.12392879497437696,
    "rmse": 0.04018388523331868
  },
  "timing": {
    "train_states_s": 0.018001200001890538,
    "ridge_select_s": 0.012887699998827884,
    "total_s": 0.05244640000091749
  },
  "timestamp": "2026-04-16T18:21:25.139366+00:00"
}