{
  "sweep_name": "region_selection_multitask_v1_narma10",
  "config_id": "1aa27eda48ff",
  "seed": 42,
  "config_point": {
    "spectral_radius": 0.7,
    "input_scaling": 0.15,
    "leak_rate": 0.8
  },
  "best_ridge": 1e-10,
  "val_curve": {
    "1e-10": 0.11142341641291374,
    "1e-08": 0.13619122296093558,
    "1e-06": 0.21496232034360693,
    "0.0001": 0.28721571044913813,
    "0.01": 0.3422096847682912,
    "1.0": 0.6481275831434081
  },
  "val_metrics": {
    "nmse": 0.11142341641291374,
    "rmse": 0.04118077677220323
  },
  "test_metrics": {
    "nmse": 0.11458810140063846,
    "rmse": 0.034393401881786995
  },
  "timing": {
    "train_states_s": 0.018016599999100436,
    "ridge_select_s": 0.013085200000205077,
    "total_s": 0.05393019999974058
  },
  "timestamp": "2026-04-16T18:21:24.865750+00:00"
}