{
  "sweep_name": "region_selection_multitask_v1_narma10",
  "config_id": "1aa88b85cacc",
  "seed": 1024,
  "config_point": {
    "spectral_radius": 0.6,
    "input_scaling": 0.1,
    "leak_rate": 1.0
  },
  "best_ridge": 1e-10,
  "val_curve": {
    "1e-10": 0.2432174071978508,
    "1e-08": 0.26192608137625334,
    "1e-06": 0.29777343061486716,
    "0.0001": 0.5473521694706344,
    "0.01": 0.7281217619887526,
    "1.0": 0.943680342794783
  },
  "val_metrics": {
    "nmse": 0.2432174071978508,
    "rmse": 0.06245999631111779
  },
  "test_metrics": {
    "nmse": 0.1772859704793862,
    "rmse": 0.048062128020340454
  },
  "timing": {
    "train_states_s": 0.01870450000205892,
    "ridge_select_s": 0.012499799999204697,
    "total_s": 0.05323889999999665
  },
  "timestamp": "2026-04-16T18:21:10.876082+00:00"
}