{
  "sweep_name": "region_selection_multitask_v1_narma10",
  "config_id": "1aa88b85cacc",
  "seed": 789,
  "config_point": {
    "spectral_radius": 0.6,
    "input_scaling": 0.1,
    "leak_rate": 1.0
  },
  "best_ridge": 1e-10,
  "val_curve": {
    "1e-10": 0.1958051779540449,
    "1e-08": 0.21680090560130358,
    "1e-06": 0.23224766841864639,
    "0.0001": 0.41367011653831687,
    "0.01": 0.7659176236966173,
    "1.0": 1.0348530101870266
  },
  "val_metrics": {
    "nmse": 0.1958051779540449,
    "rmse": 0.048926879564288574
  },
  "test_metrics": {
    "nmse": 0.15513054580597324,
    "rmse": 0.04189171410449373
  },
  "timing": {
    "train_states_s": 0.017796299998735776,
    "ridge_select_s": 0.012263600001460873,
    "total_s": 0.05213099999673432
  },
  "timestamp": "2026-04-16T18:21:10.807626+00:00"
}