{
  "sweep_name": "region_selection_multitask_v1_narma10",
  "config_id": "1aa88b85cacc",
  "seed": 123,
  "config_point": {
    "spectral_radius": 0.6,
    "input_scaling": 0.1,
    "leak_rate": 1.0
  },
  "best_ridge": 1e-10,
  "val_curve": {
    "1e-10": 0.1712175621752536,
    "1e-08": 0.1769426284574603,
    "1e-06": 0.189577461457562,
    "0.0001": 0.36238818471971346,
    "0.01": 0.7934903116983417,
    "1.0": 1.0587706030027186
  },
  "val_metrics": {
    "nmse": 0.1712175621752536,
    "rmse": 0.040457136708044454
  },
  "test_metrics": {
    "nmse": 0.16513040876701238,
    "rmse": 0.04195534213903357
  },
  "timing": {
    "train_states_s": 0.017963900001632283,
    "ridge_select_s": 0.012652099998376798,
    "total_s": 0.05295560000013211
  },
  "timestamp": "2026-04-16T18:21:10.669680+00:00"
}