{
  "sweep_name": "region_selection_multitask_v1_narma10",
  "config_id": "1af9a7301069",
  "seed": 789,
  "config_point": {
    "spectral_radius": 0.7,
    "input_scaling": 0.4,
    "leak_rate": 0.5
  },
  "best_ridge": 1e-10,
  "val_curve": {
    "1e-10": 0.21882644779711138,
    "1e-08": 0.2310984343981623,
    "1e-06": 0.25788896183597526,
    "0.0001": 0.28740294754826823,
    "0.01": 0.3675511921515208,
    "1.0": 0.46944133037425007
  },
  "val_metrics": {
    "nmse": 0.21882644779711138,
    "rmse": 0.05172319424203619
  },
  "test_metrics": {
    "nmse": 0.19948055526846162,
    "rmse": 0.047503953478606774
  },
  "timing": {
    "train_states_s": 0.018055199998343596,
    "ridge_select_s": 0.012395800000376767,
    "total_s": 0.052593399999750545
  },
  "timestamp": "2026-04-16T18:21:30.269426+00:00"
}