{
  "sweep_name": "region_selection_multitask_v1_narma10",
  "config_id": "1af9a7301069",
  "seed": 456,
  "config_point": {
    "spectral_radius": 0.7,
    "input_scaling": 0.4,
    "leak_rate": 0.5
  },
  "best_ridge": 1e-10,
  "val_curve": {
    "1e-10": 0.19792720355990176,
    "1e-08": 0.2068546252882919,
    "1e-06": 0.2296572273977525,
    "0.0001": 0.2674815420816418,
    "0.01": 0.32411521165705653,
    "1.0": 0.41950262607703687
  },
  "val_metrics": {
    "nmse": 0.19792720355990176,
    "rmse": 0.045164989050293196
  },
  "test_metrics": {
    "nmse": 0.188128740391912,
    "rmse": 0.04566148425227344
  },
  "timing": {
    "train_states_s": 0.017985499998758314,
    "ridge_select_s": 0.012800100001186365,
    "total_s": 0.05556109999815817
  },
  "timestamp": "2026-04-16T18:21:30.202179+00:00"
}