{
  "sweep_name": "region_selection_multitask_v1_narma10",
  "config_id": "1af9a7301069",
  "seed": 42,
  "config_point": {
    "spectral_radius": 0.7,
    "input_scaling": 0.4,
    "leak_rate": 0.5
  },
  "best_ridge": 1e-10,
  "val_curve": {
    "1e-10": 0.16605207981280284,
    "1e-08": 0.1765418655029265,
    "1e-06": 0.20234453659112106,
    "0.0001": 0.24547285593694482,
    "0.01": 0.34480962235490464,
    "1.0": 0.4519155499438434
  },
  "val_metrics": {
    "nmse": 0.16605207981280284,
    "rmse": 0.05027226570748475
  },
  "test_metrics": {
    "nmse": 0.22696238421317697,
    "rmse": 0.048404118452877704
  },
  "timing": {
    "train_states_s": 0.018188300000474555,
    "ridge_select_s": 0.012122600001021056,
    "total_s": 0.06436119999852963
  },
  "timestamp": "2026-04-16T18:21:30.064223+00:00"
}