{
  "sweep_name": "region_selection_multitask_v1_narma10",
  "config_id": "1b0a13327b42",
  "seed": 789,
  "config_point": {
    "spectral_radius": 0.9,
    "input_scaling": 0.15,
    "leak_rate": 0.6
  },
  "best_ridge": 1e-10,
  "val_curve": {
    "1e-10": 0.18219502735122445,
    "1e-08": 0.195005740247353,
    "1e-06": 0.23041022848462886,
    "0.0001": 0.25851599259115204,
    "0.01": 0.3261193467680934,
    "1.0": 0.4728063679981441
  },
  "val_metrics": {
    "nmse": 0.18219502735122445,
    "rmse": 0.04719583694898311
  },
  "test_metrics": {
    "nmse": 0.15501790632369847,
    "rmse": 0.04187650266491643
  },
  "timing": {
    "train_states_s": 0.017885299999761628,
    "ridge_select_s": 0.013131399999110727,
    "total_s": 0.05325749999974505
  },
  "timestamp": "2026-04-16T18:21:49.984609+00:00"
}