{
  "sweep_name": "region_selection_multitask_v1_narma10",
  "config_id": "1b0a13327b42",
  "seed": 1024,
  "config_point": {
    "spectral_radius": 0.9,
    "input_scaling": 0.15,
    "leak_rate": 0.6
  },
  "best_ridge": 1e-10,
  "val_curve": {
    "1e-10": 0.19599891445690626,
    "1e-08": 0.20621077544853605,
    "1e-06": 0.237512338758482,
    "0.0001": 0.30118269655781504,
    "0.01": 0.3892108854312736,
    "1.0": 0.47683500966079034
  },
  "val_metrics": {
    "nmse": 0.19599891445690626,
    "rmse": 0.05607011670616017
  },
  "test_metrics": {
    "nmse": 0.14490022989039,
    "rmse": 0.043451057296585466
  },
  "timing": {
    "train_states_s": 0.01803190000282484,
    "ridge_select_s": 0.012286799999856157,
    "total_s": 0.051657200001500314
  },
  "timestamp": "2026-04-16T18:21:50.051184+00:00"
}