{
  "sweep_name": "region_selection_multitask_v1_narma10",
  "config_id": "1b0a13327b42",
  "seed": 456,
  "config_point": {
    "spectral_radius": 0.9,
    "input_scaling": 0.15,
    "leak_rate": 0.6
  },
  "best_ridge": 1e-10,
  "val_curve": {
    "1e-10": 0.15172542955519258,
    "1e-08": 0.1575497106940331,
    "1e-06": 0.18401024013413725,
    "0.0001": 0.22471833619966086,
    "0.01": 0.3018376068403507,
    "1.0": 0.3876821035921748
  },
  "val_metrics": {
    "nmse": 0.15172542955519258,
    "rmse": 0.039543795614921
  },
  "test_metrics": {
    "nmse": 0.15808100796372956,
    "rmse": 0.041856441064066656
  },
  "timing": {
    "train_states_s": 0.017965999999432825,
    "ridge_select_s": 0.01176610000038636,
    "total_s": 0.054440899999463
  },
  "timestamp": "2026-04-16T18:21:49.916716+00:00"
}