{
  "sweep_name": "region_selection_multitask_v1_narma10",
  "config_id": "1b0a13327b42",
  "seed": 42,
  "config_point": {
    "spectral_radius": 0.9,
    "input_scaling": 0.15,
    "leak_rate": 0.6
  },
  "best_ridge": 1e-10,
  "val_curve": {
    "1e-10": 0.13733469834009063,
    "1e-08": 0.15518589244409128,
    "1e-06": 0.17871655480840068,
    "0.0001": 0.20324977352026988,
    "0.01": 0.30407927502992554,
    "1.0": 0.42682495103839785
  },
  "val_metrics": {
    "nmse": 0.13733469834009063,
    "rmse": 0.045718970033652155
  },
  "test_metrics": {
    "nmse": 0.16895343644601066,
    "rmse": 0.04176273066276313
  },
  "timing": {
    "train_states_s": 0.019280299999081763,
    "ridge_select_s": 0.01672830000097747,
    "total_s": 0.07444849999956205
  },
  "timestamp": "2026-04-16T18:21:49.774070+00:00"
}