{
  "sweep_name": "region_selection_multitask_v1_narma10",
  "config_id": "1b1ae801a319",
  "seed": 42,
  "config_point": {
    "spectral_radius": 0.8,
    "input_scaling": 0.4,
    "leak_rate": 0.6
  },
  "best_ridge": 1e-10,
  "val_curve": {
    "1e-10": 0.15255258743350616,
    "1e-08": 0.15756919974874786,
    "1e-06": 0.16930429822690252,
    "0.0001": 0.19540226550703627,
    "0.01": 0.29519613780004567,
    "1.0": 0.41170461368889305
  },
  "val_metrics": {
    "nmse": 0.15255258743350616,
    "rmse": 0.048185468735761045
  },
  "test_metrics": {
    "nmse": 0.1906929087342066,
    "rmse": 0.044368285231375204
  },
  "timing": {
    "train_states_s": 0.018395999999484047,
    "ridge_select_s": 0.012720699996862095,
    "total_s": 0.05610320000050706
  },
  "timestamp": "2026-04-16T18:21:43.225268+00:00"
}