{
  "sweep_name": "region_selection_multitask_v1_narma10",
  "config_id": "1b1ae801a319",
  "seed": 1024,
  "config_point": {
    "spectral_radius": 0.8,
    "input_scaling": 0.4,
    "leak_rate": 0.6
  },
  "best_ridge": 1e-10,
  "val_curve": {
    "1e-10": 0.2029364332121648,
    "1e-08": 0.21618427943083848,
    "1e-06": 0.22775802743115633,
    "0.0001": 0.2712024348049294,
    "0.01": 0.35903898258352923,
    "1.0": 0.4731094908524924
  },
  "val_metrics": {
    "nmse": 0.2029364332121648,
    "rmse": 0.05705380829768286
  },
  "test_metrics": {
    "nmse": 0.15629506196688306,
    "rmse": 0.04512720541545882
  },
  "timing": {
    "train_states_s": 0.018251400000735885,
    "ridge_select_s": 0.012430999999196501,
    "total_s": 0.05246350000015809
  },
  "timestamp": "2026-04-16T18:21:43.504961+00:00"
}