{
  "sweep_name": "region_selection_multitask_v1_narma10",
  "config_id": "1b1ae801a319",
  "seed": 456,
  "config_point": {
    "spectral_radius": 0.8,
    "input_scaling": 0.4,
    "leak_rate": 0.6
  },
  "best_ridge": 1e-10,
  "val_curve": {
    "1e-10": 0.1728558156009042,
    "1e-08": 0.17346704597105891,
    "1e-06": 0.18573326834069837,
    "0.0001": 0.21861557352806807,
    "0.01": 0.27217717741921443,
    "1.0": 0.37833203399408916
  },
  "val_metrics": {
    "nmse": 0.1728558156009042,
    "rmse": 0.04220764904445067
  },
  "test_metrics": {
    "nmse": 0.17559373571251227,
    "rmse": 0.04411405290957747
  },
  "timing": {
    "train_states_s": 0.019296300000860356,
    "ridge_select_s": 0.013598800000181654,
    "total_s": 0.058105000000068685
  },
  "timestamp": "2026-04-16T18:21:43.368808+00:00"
}