{
  "sweep_name": "region_selection_multitask_v1_narma10",
  "config_id": "20d37f6f5acf",
  "seed": 1024,
  "config_point": {
    "spectral_radius": 0.9,
    "input_scaling": 0.2,
    "leak_rate": 0.7
  },
  "best_ridge": 1e-10,
  "val_curve": {
    "1e-10": 0.1763440101269363,
    "1e-08": 0.18045079844752465,
    "1e-06": 0.20507085545262257,
    "0.0001": 0.2662167354986048,
    "0.01": 0.36636370013806757,
    "1.0": 0.46027571058816547
  },
  "val_metrics": {
    "nmse": 0.1763440101269363,
    "rmse": 0.05318448807780713
  },
  "test_metrics": {
    "nmse": 0.11984522957927679,
    "rmse": 0.039516292117192195
  },
  "timing": {
    "train_states_s": 0.018026800000370713,
    "ridge_select_s": 0.012660500000492902,
    "total_s": 0.05228809999971418
  },
  "timestamp": "2026-04-16T18:21:52.602869+00:00"
}