{
  "sweep_name": "region_selection_multitask_v1_narma10",
  "config_id": "20d37f6f5acf",
  "seed": 789,
  "config_point": {
    "spectral_radius": 0.9,
    "input_scaling": 0.2,
    "leak_rate": 0.7
  },
  "best_ridge": 1e-10,
  "val_curve": {
    "1e-10": 0.15669400990830173,
    "1e-08": 0.16014498853122208,
    "1e-06": 0.19107677904292625,
    "0.0001": 0.22950315953087985,
    "0.01": 0.2873827507837619,
    "1.0": 0.450317336358981
  },
  "val_metrics": {
    "nmse": 0.15669400990830173,
    "rmse": 0.043768496624117074
  },
  "test_metrics": {
    "nmse": 0.12212552680047989,
    "rmse": 0.0371691556653477
  },
  "timing": {
    "train_states_s": 0.018132599998352816,
    "ridge_select_s": 0.013332999998965533,
    "total_s": 0.05426810000062687
  },
  "timestamp": "2026-04-16T18:21:52.535188+00:00"
}