{
  "sweep_name": "region_selection_multitask_v1_narma10",
  "config_id": "228f44594510",
  "seed": 42,
  "config_point": {
    "spectral_radius": 1.1,
    "input_scaling": 0.2,
    "leak_rate": 0.5
  },
  "best_ridge": 1e-08,
  "val_curve": {
    "1e-10": 0.16247156520925482,
    "1e-08": 0.1616104525798201,
    "1e-06": 0.1753408578969933,
    "0.0001": 0.21475933243753137,
    "0.01": 0.24834711991156957,
    "1.0": 0.3582224171180447
  },
  "val_metrics": {
    "nmse": 0.1616104525798201,
    "rmse": 0.04959535716844274
  },
  "test_metrics": {
    "nmse": 0.2566183829252072,
    "rmse": 0.051469417657571806
  },
  "timing": {
    "train_states_s": 0.01791419999790378,
    "ridge_select_s": 0.012624200000573182,
    "total_s": 0.07025209999846993
  },
  "timestamp": "2026-04-16T18:22:17.409823+00:00"
}