{
  "sweep_name": "region_selection_multitask_v1_narma10",
  "config_id": "228f44594510",
  "seed": 456,
  "config_point": {
    "spectral_radius": 1.1,
    "input_scaling": 0.2,
    "leak_rate": 0.5
  },
  "best_ridge": 1e-06,
  "val_curve": {
    "1e-10": 0.2164841393695193,
    "1e-08": 0.21639875507744286,
    "1e-06": 0.2154875386604871,
    "0.0001": 0.23005406784491697,
    "0.01": 0.2606754975895576,
    "1.0": 0.34486691277216086
  },
  "val_metrics": {
    "nmse": 0.2154875386604871,
    "rmse": 0.047125963789593356
  },
  "test_metrics": {
    "nmse": 0.20880067216842238,
    "rmse": 0.048104798156021096
  },
  "timing": {
    "train_states_s": 0.01814379999996163,
    "ridge_select_s": 0.012187799999082927,
    "total_s": 0.05432730000029551
  },
  "timestamp": "2026-04-16T18:22:17.547565+00:00"
}