{
  "sweep_name": "region_selection_multitask_v1_narma10",
  "config_id": "228f44594510",
  "seed": 1024,
  "config_point": {
    "spectral_radius": 1.1,
    "input_scaling": 0.2,
    "leak_rate": 0.5
  },
  "best_ridge": 1e-10,
  "val_curve": {
    "1e-10": 0.1973367732515957,
    "1e-08": 0.19900952251489026,
    "1e-06": 0.2173475487044591,
    "0.0001": 0.2505356787629004,
    "0.01": 0.3093728426073009,
    "1.0": 0.38729226829522434
  },
  "val_metrics": {
    "nmse": 0.1973367732515957,
    "rmse": 0.05626115430864543
  },
  "test_metrics": {
    "nmse": 0.1648469137726124,
    "rmse": 0.04634535591928415
  },
  "timing": {
    "train_states_s": 0.01819239999895217,
    "ridge_select_s": 0.012581900002260227,
    "total_s": 0.051850399999239016
  },
  "timestamp": "2026-04-16T18:22:17.681922+00:00"
}