{
  "sweep_name": "region_selection_multitask_v1_narma10",
  "config_id": "228f44594510",
  "seed": 789,
  "config_point": {
    "spectral_radius": 1.1,
    "input_scaling": 0.2,
    "leak_rate": 0.5
  },
  "best_ridge": 1e-10,
  "val_curve": {
    "1e-10": 0.19251485857581857,
    "1e-08": 0.19320590133287618,
    "1e-06": 0.21675810404621898,
    "0.0001": 0.2671693056603556,
    "0.01": 0.2914809034593639,
    "1.0": 0.38150610786811123
  },
  "val_metrics": {
    "nmse": 0.19251485857581857,
    "rmse": 0.04851405314050394
  },
  "test_metrics": {
    "nmse": 0.18599184124100016,
    "rmse": 0.04586975469695283
  },
  "timing": {
    "train_states_s": 0.01795280000078492,
    "ridge_select_s": 0.012604499999724794,
    "total_s": 0.05246389999956591
  },
  "timestamp": "2026-04-16T18:22:17.614989+00:00"
}