{
  "sweep_name": "region_selection_multitask_v1_narma10",
  "config_id": "243378fb693a",
  "seed": 42,
  "config_point": {
    "spectral_radius": 0.7,
    "input_scaling": 0.05,
    "leak_rate": 1.0
  },
  "best_ridge": 1e-10,
  "val_curve": {
    "1e-10": 0.16168015309784758,
    "1e-08": 0.2138909026457342,
    "1e-06": 0.23551532431757533,
    "0.0001": 0.24540953145776928,
    "0.01": 0.5598013883023739,
    "1.0": 1.0106228306732783
  },
  "val_metrics": {
    "nmse": 0.16168015309784758,
    "rmse": 0.04960605093667
  },
  "test_metrics": {
    "nmse": 0.15001412334223674,
    "rmse": 0.039352420184455096
  },
  "timing": {
    "train_states_s": 0.017895999997563194,
    "ridge_select_s": 0.012736699998640688,
    "total_s": 0.05974240000068676
  },
  "timestamp": "2026-04-16T18:21:21.375110+00:00"
}