{
  "sweep_name": "region_selection_multitask_v1_narma10",
  "config_id": "243378fb693a",
  "seed": 456,
  "config_point": {
    "spectral_radius": 0.7,
    "input_scaling": 0.05,
    "leak_rate": 1.0
  },
  "best_ridge": 1e-10,
  "val_curve": {
    "1e-10": 0.12867878002606675,
    "1e-08": 0.15910911408203576,
    "1e-06": 0.185479334414694,
    "0.0001": 0.21134466231297275,
    "0.01": 0.4897283590235217,
    "1.0": 0.8678983862792231
  },
  "val_metrics": {
    "nmse": 0.12867878002606675,
    "rmse": 0.03641687138453818
  },
  "test_metrics": {
    "nmse": 0.13268266184725708,
    "rmse": 0.0383468361981682
  },
  "timing": {
    "train_states_s": 0.01808820000223932,
    "ridge_select_s": 0.012764499999320833,
    "total_s": 0.05663229999845498
  },
  "timestamp": "2026-04-16T18:21:21.515032+00:00"
}