{
  "sweep_name": "region_selection_multitask_v1_narma10",
  "config_id": "243378fb693a",
  "seed": 123,
  "config_point": {
    "spectral_radius": 0.7,
    "input_scaling": 0.05,
    "leak_rate": 1.0
  },
  "best_ridge": 1e-10,
  "val_curve": {
    "1e-10": 0.16018264073143984,
    "1e-08": 0.17649985048044944,
    "1e-06": 0.18687176589882604,
    "0.0001": 0.2113695567353706,
    "0.01": 0.7014710623843895,
    "1.0": 1.1237549388495016
  },
  "val_metrics": {
    "nmse": 0.16018264073143984,
    "rmse": 0.039131699778410085
  },
  "test_metrics": {
    "nmse": 0.15818511227963386,
    "rmse": 0.041063554784957594
  },
  "timing": {
    "train_states_s": 0.01792859999841312,
    "ridge_select_s": 0.013032899998506764,
    "total_s": 0.053481300001294585
  },
  "timestamp": "2026-04-16T18:21:21.443214+00:00"
}