{
  "sweep_name": "region_selection_multitask_v1_narma10",
  "config_id": "243378fb693a",
  "seed": 1024,
  "config_point": {
    "spectral_radius": 0.7,
    "input_scaling": 0.05,
    "leak_rate": 1.0
  },
  "best_ridge": 1e-10,
  "val_curve": {
    "1e-10": 0.23332312889737544,
    "1e-08": 0.25793765908425303,
    "1e-06": 0.28530141323664526,
    "0.0001": 0.38255959961960223,
    "0.01": 0.7036459279159427,
    "1.0": 1.0327771739069445
  },
  "val_metrics": {
    "nmse": 0.23332312889737544,
    "rmse": 0.06117634451509867
  },
  "test_metrics": {
    "nmse": 0.1668267620685045,
    "rmse": 0.046622834305516815
  },
  "timing": {
    "train_states_s": 0.019255600000178674,
    "ridge_select_s": 0.012516800001321826,
    "total_s": 0.0532591000010143
  },
  "timestamp": "2026-04-16T18:21:21.650800+00:00"
}