{
  "sweep_name": "region_selection_multitask_v1_narma10",
  "config_id": "25bd86eebe2f",
  "seed": 42,
  "config_point": {
    "spectral_radius": 0.6,
    "input_scaling": 0.1,
    "leak_rate": 0.7
  },
  "best_ridge": 1e-10,
  "val_curve": {
    "1e-10": 0.17765499104564858,
    "1e-08": 0.2309504667477797,
    "1e-06": 0.29463945556409743,
    "0.0001": 0.3255202279457215,
    "0.01": 0.4838464395748422,
    "1.0": 0.8154853770086411
  },
  "val_metrics": {
    "nmse": 0.17765499104564858,
    "rmse": 0.051999001653335646
  },
  "test_metrics": {
    "nmse": 0.19251009036031588,
    "rmse": 0.044579184698651804
  },
  "timing": {
    "train_states_s": 0.018108299998857547,
    "ridge_select_s": 0.01249679999818909,
    "total_s": 0.05399760000000242
  },
  "timestamp": "2026-04-16T18:21:09.552700+00:00"
}