{
  "sweep_name": "region_selection_multitask_v1_narma10",
  "config_id": "25bd86eebe2f",
  "seed": 456,
  "config_point": {
    "spectral_radius": 0.6,
    "input_scaling": 0.1,
    "leak_rate": 0.7
  },
  "best_ridge": 1e-10,
  "val_curve": {
    "1e-10": 0.1701881654097773,
    "1e-08": 0.20986274171349167,
    "1e-06": 0.25263484064687475,
    "0.0001": 0.31915253024499385,
    "0.01": 0.47047311028055144,
    "1.0": 0.7157252706830471
  },
  "val_metrics": {
    "nmse": 0.1701881654097773,
    "rmse": 0.04188069145098207
  },
  "test_metrics": {
    "nmse": 0.17230323565384584,
    "rmse": 0.04369876538188955
  },
  "timing": {
    "train_states_s": 0.017738800001097843,
    "ridge_select_s": 0.011969400002271868,
    "total_s": 0.05433200000334182
  },
  "timestamp": "2026-04-16T18:21:09.690107+00:00"
}