{
  "sweep_name": "region_selection_multitask_v1_narma10",
  "config_id": "25bd86eebe2f",
  "seed": 789,
  "config_point": {
    "spectral_radius": 0.6,
    "input_scaling": 0.1,
    "leak_rate": 0.7
  },
  "best_ridge": 1e-10,
  "val_curve": {
    "1e-10": 0.21954804586310409,
    "1e-08": 0.2594527602639788,
    "1e-06": 0.31403238317010224,
    "0.0001": 0.34310331979476794,
    "0.01": 0.5685221626357713,
    "1.0": 0.8753856444936833
  },
  "val_metrics": {
    "nmse": 0.21954804586310409,
    "rmse": 0.05180840477927109
  },
  "test_metrics": {
    "nmse": 0.18796753392880328,
    "rmse": 0.04611273617409582
  },
  "timing": {
    "train_states_s": 0.01884520000021439,
    "ridge_select_s": 0.01222069999857922,
    "total_s": 0.0536376999989443
  },
  "timestamp": "2026-04-16T18:21:09.758881+00:00"
}