{
  "sweep_name": "region_selection_multitask_v1_narma10",
  "config_id": "25bd86eebe2f",
  "seed": 1024,
  "config_point": {
    "spectral_radius": 0.6,
    "input_scaling": 0.1,
    "leak_rate": 0.7
  },
  "best_ridge": 1e-10,
  "val_curve": {
    "1e-10": 0.2419093652424454,
    "1e-08": 0.2852247668761721,
    "1e-06": 0.35080993765177854,
    "0.0001": 0.39700694075104676,
    "0.01": 0.5951262452176761,
    "1.0": 0.8179490496532184
  },
  "val_metrics": {
    "nmse": 0.2419093652424454,
    "rmse": 0.06229181254365153
  },
  "test_metrics": {
    "nmse": 0.18517517287500407,
    "rmse": 0.04911986796646099
  },
  "timing": {
    "train_states_s": 0.01795680000213906,
    "ridge_select_s": 0.01254999999946449,
    "total_s": 0.052327299999888055
  },
  "timestamp": "2026-04-16T18:21:09.825978+00:00"
}