{
  "sweep_name": "region_selection_multitask_v1_narma10",
  "config_id": "25de579150b8",
  "seed": 456,
  "config_point": {
    "spectral_radius": 0.7,
    "input_scaling": 0.1,
    "leak_rate": 1.0
  },
  "best_ridge": 1e-10,
  "val_curve": {
    "1e-10": 0.09552890988057457,
    "1e-08": 0.13721185910463551,
    "1e-06": 0.16858845333216244,
    "0.0001": 0.20284832846190662,
    "0.01": 0.31147424810767277,
    "1.0": 0.7588223868677068
  },
  "val_metrics": {
    "nmse": 0.09552890988057457,
    "rmse": 0.031377372668138385
  },
  "test_metrics": {
    "nmse": 0.09624588202139231,
    "rmse": 0.032659800604353334
  },
  "timing": {
    "train_states_s": 0.018208499997854233,
    "ridge_select_s": 0.012818100000004051,
    "total_s": 0.057711699999345
  },
  "timestamp": "2026-04-16T18:21:23.583235+00:00"
}