{
  "sweep_name": "region_selection_multitask_v1_narma10",
  "config_id": "25de579150b8",
  "seed": 1024,
  "config_point": {
    "spectral_radius": 0.7,
    "input_scaling": 0.1,
    "leak_rate": 1.0
  },
  "best_ridge": 1e-10,
  "val_curve": {
    "1e-10": 0.21640834023654779,
    "1e-08": 0.23855313491863755,
    "1e-06": 0.2665303514099051,
    "0.0001": 0.3162473808752845,
    "0.01": 0.6521038499020148,
    "1.0": 0.8272536326038775
  },
  "val_metrics": {
    "nmse": 0.21640834023654779,
    "rmse": 0.05891713556440109
  },
  "test_metrics": {
    "nmse": 0.1555341007654031,
    "rmse": 0.04501721488746444
  },
  "timing": {
    "train_states_s": 0.017968599997402634,
    "ridge_select_s": 0.012427699999534525,
    "total_s": 0.05219000000215601
  },
  "timestamp": "2026-04-16T18:21:23.717934+00:00"
}