{
  "sweep_name": "region_selection_multitask_v1_narma10",
  "config_id": "25de579150b8",
  "seed": 42,
  "config_point": {
    "spectral_radius": 0.7,
    "input_scaling": 0.1,
    "leak_rate": 1.0
  },
  "best_ridge": 1e-10,
  "val_curve": {
    "1e-10": 0.13921544135427924,
    "1e-08": 0.1584288372229434,
    "1e-06": 0.2191325471471607,
    "0.0001": 0.2392312604671592,
    "0.01": 0.4523695989027523,
    "1.0": 0.8066088236020914
  },
  "val_metrics": {
    "nmse": 0.13921544135427924,
    "rmse": 0.04603095691167572
  },
  "test_metrics": {
    "nmse": 0.1276738911606402,
    "rmse": 0.03630416228526922
  },
  "timing": {
    "train_states_s": 0.01850890000059735,
    "ridge_select_s": 0.013017500001296867,
    "total_s": 0.05735869999989518
  },
  "timestamp": "2026-04-16T18:21:23.442296+00:00"
}