{
  "sweep_name": "region_selection_multitask_v1_narma10",
  "config_id": "25de579150b8",
  "seed": 123,
  "config_point": {
    "spectral_radius": 0.7,
    "input_scaling": 0.1,
    "leak_rate": 1.0
  },
  "best_ridge": 1e-10,
  "val_curve": {
    "1e-10": 0.13440411717837056,
    "1e-08": 0.16606254131923817,
    "1e-06": 0.18115938198095288,
    "0.0001": 0.1923237420938915,
    "0.01": 0.5508726598272349,
    "1.0": 0.9407324397723013
  },
  "val_metrics": {
    "nmse": 0.13440411717837056,
    "rmse": 0.03584489187514853
  },
  "test_metrics": {
    "nmse": 0.12478122747466812,
    "rmse": 0.03647105831264125
  },
  "timing": {
    "train_states_s": 0.018135099999199156,
    "ridge_select_s": 0.01276539999889792,
    "total_s": 0.05318800000168267
  },
  "timestamp": "2026-04-16T18:21:23.510585+00:00"
}