{
  "sweep_name": "region_selection_multitask_v1_narma10",
  "config_id": "25de579150b8",
  "seed": 789,
  "config_point": {
    "spectral_radius": 0.7,
    "input_scaling": 0.1,
    "leak_rate": 1.0
  },
  "best_ridge": 1e-10,
  "val_curve": {
    "1e-10": 0.16892239635354478,
    "1e-08": 0.19028704536083724,
    "1e-06": 0.21986870511336443,
    "0.0001": 0.23347118911082107,
    "0.01": 0.5472938430914923,
    "1.0": 0.8357990641605993
  },
  "val_metrics": {
    "nmse": 0.16892239635354478,
    "rmse": 0.0454442613857684
  },
  "test_metrics": {
    "nmse": 0.13630470888953347,
    "rmse": 0.039267649015972815
  },
  "timing": {
    "train_states_s": 0.018118899999535643,
    "ridge_select_s": 0.012164899999334011,
    "total_s": 0.0524662999996508
  },
  "timestamp": "2026-04-16T18:21:23.650712+00:00"
}