{
  "sweep_name": "region_selection_multitask_v1_narma10",
  "config_id": "26e138b087c3",
  "seed": 123,
  "config_point": {
    "spectral_radius": 0.7,
    "input_scaling": 0.1,
    "leak_rate": 0.9
  },
  "best_ridge": 1e-10,
  "val_curve": {
    "1e-10": 0.1433059799814791,
    "1e-08": 0.1658471821486211,
    "1e-06": 0.1799703523697387,
    "0.0001": 0.2282422237313491,
    "0.01": 0.5101939882350268,
    "1.0": 0.8932925110951005
  },
  "val_metrics": {
    "nmse": 0.1433059799814791,
    "rmse": 0.03701290265961695
  },
  "test_metrics": {
    "nmse": 0.1288186419311367,
    "rmse": 0.037056389039575165
  },
  "timing": {
    "train_states_s": 0.018033399999694666,
    "ridge_select_s": 0.012505399998190114,
    "total_s": 0.05300279999937629
  },
  "timestamp": "2026-04-16T18:21:23.164229+00:00"
}