{
  "sweep_name": "region_selection_multitask_v1_narma10",
  "config_id": "26e138b087c3",
  "seed": 42,
  "config_point": {
    "spectral_radius": 0.7,
    "input_scaling": 0.1,
    "leak_rate": 0.9
  },
  "best_ridge": 1e-10,
  "val_curve": {
    "1e-10": 0.12443554955431944,
    "1e-08": 0.15052654492483827,
    "1e-06": 0.22067094721736122,
    "0.0001": 0.27140844083714605,
    "0.01": 0.4059746187494627,
    "1.0": 0.7648418479265063
  },
  "val_metrics": {
    "nmse": 0.12443554955431944,
    "rmse": 0.04351896259251906
  },
  "test_metrics": {
    "nmse": 0.11781191608397928,
    "rmse": 0.03487385698712766
  },
  "timing": {
    "train_states_s": 0.01810979999936535,
    "ridge_select_s": 0.012424700002156897,
    "total_s": 0.0652230999985477
  },
  "timestamp": "2026-04-16T18:21:23.096547+00:00"
}