{
  "sweep_name": "region_selection_multitask_v1_narma10",
  "config_id": "28ab2bffee5c",
  "seed": 123,
  "config_point": {
    "spectral_radius": 1.0,
    "input_scaling": 0.1,
    "leak_rate": 0.5
  },
  "best_ridge": 1e-10,
  "val_curve": {
    "1e-10": 0.2106097606852396,
    "1e-08": 0.2323376016298799,
    "1e-06": 0.26953373668907454,
    "0.0001": 0.30754669067079077,
    "0.01": 0.3640157242406153,
    "1.0": 0.5094340403377429
  },
  "val_metrics": {
    "nmse": 0.2106097606852396,
    "rmse": 0.044870430439646794
  },
  "test_metrics": {
    "nmse": 0.1937613528910289,
    "rmse": 0.04544721952964534
  },
  "timing": {
    "train_states_s": 0.018780800000968156,
    "ridge_select_s": 0.013303100000484847,
    "total_s": 0.05591619999904651
  },
  "timestamp": "2026-04-16T18:22:00.398676+00:00"
}