{
  "sweep_name": "region_selection_multitask_v1_narma10",
  "config_id": "28ab2bffee5c",
  "seed": 1024,
  "config_point": {
    "spectral_radius": 1.0,
    "input_scaling": 0.1,
    "leak_rate": 0.5
  },
  "best_ridge": 1e-10,
  "val_curve": {
    "1e-10": 0.20221931750680028,
    "1e-08": 0.21824799838204526,
    "1e-06": 0.24815059320194288,
    "0.0001": 0.3234118146392305,
    "0.01": 0.37113148571742555,
    "1.0": 0.5012540059652787
  },
  "val_metrics": {
    "nmse": 0.20221931750680028,
    "rmse": 0.056952913672925785
  },
  "test_metrics": {
    "nmse": 0.16367142088209144,
    "rmse": 0.04617982020424806
  },
  "timing": {
    "train_states_s": 0.018873100001655985,
    "ridge_select_s": 0.012413899999955902,
    "total_s": 0.05618809999941732
  },
  "timestamp": "2026-04-16T18:22:00.613537+00:00"
}