{
  "sweep_name": "region_selection_multitask_v1_narma10",
  "config_id": "28ab2bffee5c",
  "seed": 42,
  "config_point": {
    "spectral_radius": 1.0,
    "input_scaling": 0.1,
    "leak_rate": 0.5
  },
  "best_ridge": 1e-10,
  "val_curve": {
    "1e-10": 0.15035268560314674,
    "1e-08": 0.1563876580493456,
    "1e-06": 0.20696104490895426,
    "0.0001": 0.23309408430504888,
    "0.01": 0.2667131066633177,
    "1.0": 0.506862869632535
  },
  "val_metrics": {
    "nmse": 0.15035268560314674,
    "rmse": 0.04783677507749723
  },
  "test_metrics": {
    "nmse": 0.20070480619703784,
    "rmse": 0.04551811395928264
  },
  "timing": {
    "train_states_s": 0.018396599996776786,
    "ridge_select_s": 0.014540200001647463,
    "total_s": 0.06921750000037719
  },
  "timestamp": "2026-04-16T18:22:00.327069+00:00"
}