{
  "sweep_name": "region_selection_multitask_v1_narma10",
  "config_id": "28ab2bffee5c",
  "seed": 789,
  "config_point": {
    "spectral_radius": 1.0,
    "input_scaling": 0.1,
    "leak_rate": 0.5
  },
  "best_ridge": 1e-10,
  "val_curve": {
    "1e-10": 0.18272986899359084,
    "1e-08": 0.20472392003328077,
    "1e-06": 0.24936503391894416,
    "0.0001": 0.27563832396111615,
    "0.01": 0.3061736762683374,
    "1.0": 0.559677150939656
  },
  "val_metrics": {
    "nmse": 0.18272986899359084,
    "rmse": 0.04726505892907761
  },
  "test_metrics": {
    "nmse": 0.17338276023228633,
    "rmse": 0.044287628660225106
  },
  "timing": {
    "train_states_s": 0.01824029999988852,
    "ridge_select_s": 0.013872199997422285,
    "total_s": 0.05520240000259946
  },
  "timestamp": "2026-04-16T18:22:00.541714+00:00"
}