{
  "sweep_name": "region_selection_multitask_v1_narma10",
  "config_id": "2b6b533a6eee",
  "seed": 1024,
  "config_point": {
    "spectral_radius": 0.7,
    "input_scaling": 0.05,
    "leak_rate": 0.8
  },
  "best_ridge": 1e-10,
  "val_curve": {
    "1e-10": 0.21843454978024515,
    "1e-08": 0.2576022200804371,
    "1e-06": 0.3304115072687739,
    "0.0001": 0.3837780741212432,
    "0.01": 0.6168872704444845,
    "1.0": 0.957596802383717
  },
  "val_metrics": {
    "nmse": 0.21843454978024515,
    "rmse": 0.059192310566074276
  },
  "test_metrics": {
    "nmse": 0.1555939683789896,
    "rmse": 0.04502587798423179
  },
  "timing": {
    "train_states_s": 0.01900759999989532,
    "ridge_select_s": 0.012519399999291636,
    "total_s": 0.05404550000093877
  },
  "timestamp": "2026-04-16T18:21:20.917553+00:00"
}