{
  "sweep_name": "region_selection_multitask_v1_narma10",
  "config_id": "2b6b533a6eee",
  "seed": 456,
  "config_point": {
    "spectral_radius": 0.7,
    "input_scaling": 0.05,
    "leak_rate": 0.8
  },
  "best_ridge": 1e-10,
  "val_curve": {
    "1e-10": 0.12409236529151532,
    "1e-08": 0.15788646426244268,
    "1e-06": 0.2280702302661303,
    "0.0001": 0.2834075025203218,
    "0.01": 0.4529499251580568,
    "1.0": 0.7763924897816848
  },
  "val_metrics": {
    "nmse": 0.12409236529151532,
    "rmse": 0.03576199154980612
  },
  "test_metrics": {
    "nmse": 0.12889832390735964,
    "rmse": 0.03779602134667987
  },
  "timing": {
    "train_states_s": 0.018795600000885315,
    "ridge_select_s": 0.012700100000074599,
    "total_s": 0.05622100000255159
  },
  "timestamp": "2026-04-16T18:21:20.780481+00:00"
}