{
  "sweep_name": "region_selection_multitask_v1_narma10",
  "config_id": "2b6b533a6eee",
  "seed": 789,
  "config_point": {
    "spectral_radius": 0.7,
    "input_scaling": 0.05,
    "leak_rate": 0.8
  },
  "best_ridge": 1e-10,
  "val_curve": {
    "1e-10": 0.18163878687302354,
    "1e-08": 0.21713753930470212,
    "1e-06": 0.28103460535675784,
    "0.0001": 0.3212388645481619,
    "0.01": 0.5415677696704353,
    "1.0": 0.9047377069146461
  },
  "val_metrics": {
    "nmse": 0.18163878687302354,
    "rmse": 0.04712373755383259
  },
  "test_metrics": {
    "nmse": 0.1408406682336225,
    "rmse": 0.039915677879551165
  },
  "timing": {
    "train_states_s": 0.018093800001224736,
    "ridge_select_s": 0.012751099999150028,
    "total_s": 0.05322099999830243
  },
  "timestamp": "2026-04-16T18:21:20.848277+00:00"
}