{
  "sweep_name": "region_selection_multitask_v1_narma10",
  "config_id": "2b6b533a6eee",
  "seed": 42,
  "config_point": {
    "spectral_radius": 0.7,
    "input_scaling": 0.05,
    "leak_rate": 0.8
  },
  "best_ridge": 1e-10,
  "val_curve": {
    "1e-10": 0.143697592920684,
    "1e-08": 0.23508037050343766,
    "1e-06": 0.2769566772576947,
    "0.0001": 0.3027800527589545,
    "0.01": 0.4368286860665504,
    "1.0": 0.8955302501994671
  },
  "val_metrics": {
    "nmse": 0.143697592920684,
    "rmse": 0.04676608833695745
  },
  "test_metrics": {
    "nmse": 0.14114869715875797,
    "rmse": 0.03817190281664144
  },
  "timing": {
    "train_states_s": 0.019440199997916352,
    "ridge_select_s": 0.012270700000954093,
    "total_s": 0.08899889999884181
  },
  "timestamp": "2026-04-16T18:21:20.641567+00:00"
}