{
  "sweep_name": "region_selection_multitask_v1_narma10",
  "config_id": "2d1d46a68d05",
  "seed": 789,
  "config_point": {
    "spectral_radius": 1.1,
    "input_scaling": 0.15,
    "leak_rate": 0.5
  },
  "best_ridge": 1e-10,
  "val_curve": {
    "1e-10": 0.1874125647363895,
    "1e-08": 0.1902903149277626,
    "1e-06": 0.22651200471570934,
    "0.0001": 0.27144112526587416,
    "0.01": 0.29392903013832206,
    "1.0": 0.4241423062574906
  },
  "val_metrics": {
    "nmse": 0.1874125647363895,
    "rmse": 0.04786684291417475
  },
  "test_metrics": {
    "nmse": 0.18226590700920928,
    "rmse": 0.04540798091820015
  },
  "timing": {
    "train_states_s": 0.018007099999522325,
    "ridge_select_s": 0.012427300000126706,
    "total_s": 0.05292840000038268
  },
  "timestamp": "2026-04-16T18:22:15.534100+00:00"
}