{
  "sweep_name": "region_selection_multitask_v1_narma10",
  "config_id": "2d1d46a68d05",
  "seed": 123,
  "config_point": {
    "spectral_radius": 1.1,
    "input_scaling": 0.15,
    "leak_rate": 0.5
  },
  "best_ridge": 1e-08,
  "val_curve": {
    "1e-10": 0.22224877661218312,
    "1e-08": 0.22202733783669024,
    "1e-06": 0.24420919682275982,
    "0.0001": 0.28101515345282146,
    "0.01": 0.31604508080402827,
    "1.0": 0.42227777675647443
  },
  "val_metrics": {
    "nmse": 0.22202733783669024,
    "rmse": 0.046070636694229235
  },
  "test_metrics": {
    "nmse": 0.20686402071387008,
    "rmse": 0.04695871669689191
  },
  "timing": {
    "train_states_s": 0.01791840000078082,
    "ridge_select_s": 0.012854299999162322,
    "total_s": 0.052939299999707146
  },
  "timestamp": "2026-04-16T18:22:15.395894+00:00"
}