{
  "sweep_name": "region_selection_multitask_v1_narma10",
  "config_id": "2d1d46a68d05",
  "seed": 1024,
  "config_point": {
    "spectral_radius": 1.1,
    "input_scaling": 0.15,
    "leak_rate": 0.5
  },
  "best_ridge": 1e-10,
  "val_curve": {
    "1e-10": 0.19080144361185358,
    "1e-08": 0.19616092576213134,
    "1e-06": 0.21820593440927014,
    "0.0001": 0.26101921274335366,
    "0.01": 0.3147963236143816,
    "1.0": 0.4069212478711284
  },
  "val_metrics": {
    "nmse": 0.19080144361185358,
    "rmse": 0.05532169209602628
  },
  "test_metrics": {
    "nmse": 0.16078696617537216,
    "rmse": 0.045771087559430455
  },
  "timing": {
    "train_states_s": 0.01782939999975497,
    "ridge_select_s": 0.01279199999771663,
    "total_s": 0.05223929999920074
  },
  "timestamp": "2026-04-16T18:22:15.601163+00:00"
}