{
  "sweep_name": "region_selection_multitask_v1_narma10",
  "config_id": "2d1d46a68d05",
  "seed": 456,
  "config_point": {
    "spectral_radius": 1.1,
    "input_scaling": 0.15,
    "leak_rate": 0.5
  },
  "best_ridge": 1e-08,
  "val_curve": {
    "1e-10": 0.21217210489088248,
    "1e-08": 0.2118867960979182,
    "1e-06": 0.21399161973620504,
    "0.0001": 0.23125803007193987,
    "0.01": 0.27599769980967354,
    "1.0": 0.3684289901752894
  },
  "val_metrics": {
    "nmse": 0.2118867960979182,
    "rmse": 0.04673057361388256
  },
  "test_metrics": {
    "nmse": 0.2051979610658652,
    "rmse": 0.047687984875400824
  },
  "timing": {
    "train_states_s": 0.01792389999900479,
    "ridge_select_s": 0.012977700000192272,
    "total_s": 0.055061799997929484
  },
  "timestamp": "2026-04-16T18:22:15.466103+00:00"
}