{
  "sweep_name": "region_selection_multitask_v1_narma10",
  "config_id": "2d382bf713db",
  "seed": 789,
  "config_point": {
    "spectral_radius": 0.7,
    "input_scaling": 0.4,
    "leak_rate": 0.8
  },
  "best_ridge": 1e-08,
  "val_curve": {
    "1e-10": 0.1650373603241843,
    "1e-08": 0.1633867549778037,
    "1e-06": 0.19613788994147777,
    "0.0001": 0.25728862802827374,
    "0.01": 0.3366741065012265,
    "1.0": 0.5917079990784442
  },
  "val_metrics": {
    "nmse": 0.1633867549778037,
    "rmse": 0.044693447499455724
  },
  "test_metrics": {
    "nmse": 0.12240415986576463,
    "rmse": 0.03721153278165972
  },
  "timing": {
    "train_states_s": 0.01789959999950952,
    "ridge_select_s": 0.012110499999835156,
    "total_s": 0.051773699997283984
  },
  "timestamp": "2026-04-16T18:21:31.328022+00:00"
}