{
  "sweep_name": "region_selection_multitask_v1_narma10",
  "config_id": "2d382bf713db",
  "seed": 123,
  "config_point": {
    "spectral_radius": 0.7,
    "input_scaling": 0.4,
    "leak_rate": 0.8
  },
  "best_ridge": 1e-10,
  "val_curve": {
    "1e-10": 0.13079324286336397,
    "1e-08": 0.13845850369412493,
    "1e-06": 0.18559585393435826,
    "0.0001": 0.248936035913187,
    "0.01": 0.3364889950667362,
    "1.0": 0.640554087308259
  },
  "val_metrics": {
    "nmse": 0.13079324286336397,
    "rmse": 0.03536011284075786
  },
  "test_metrics": {
    "nmse": 0.11112910474051815,
    "rmse": 0.034418159820419555
  },
  "timing": {
    "train_states_s": 0.01790889999756473,
    "ridge_select_s": 0.012588999998115469,
    "total_s": 0.05276899999807938
  },
  "timestamp": "2026-04-16T18:21:31.190973+00:00"
}