{
  "sweep_name": "region_selection_multitask_v1_narma10",
  "config_id": "2d6414c08afe",
  "seed": 42,
  "config_point": {
    "spectral_radius": 1.0,
    "input_scaling": 0.1,
    "leak_rate": 0.8
  },
  "best_ridge": 1e-10,
  "val_curve": {
    "1e-10": 0.08236325765542284,
    "1e-08": 0.08733531302947423,
    "1e-06": 0.13162342471398666,
    "0.0001": 0.17340480807485012,
    "0.01": 0.2149233477359243,
    "1.0": 0.436523793182759
  },
  "val_metrics": {
    "nmse": 0.08236325765542284,
    "rmse": 0.03540568953630127
  },
  "test_metrics": {
    "nmse": 0.085535340008724,
    "rmse": 0.029715166331841757
  },
  "timing": {
    "train_states_s": 0.018043100000795675,
    "ridge_select_s": 0.012101700001949212,
    "total_s": 0.07129140000324696
  },
  "timestamp": "2026-04-16T18:22:01.395623+00:00"
}