{
  "sweep_name": "region_selection_multitask_v1_narma10",
  "config_id": "2d6414c08afe",
  "seed": 1024,
  "config_point": {
    "spectral_radius": 1.0,
    "input_scaling": 0.1,
    "leak_rate": 0.8
  },
  "best_ridge": 1e-10,
  "val_curve": {
    "1e-10": 0.15268740494605107,
    "1e-08": 0.1588473580384969,
    "1e-06": 0.1950153017814833,
    "0.0001": 0.25000281078795666,
    "0.01": 0.33478856644694105,
    "1.0": 0.44964574762399945
  },
  "val_metrics": {
    "nmse": 0.15268740494605107,
    "rmse": 0.0494887214661548
  },
  "test_metrics": {
    "nmse": 0.10667887055730219,
    "rmse": 0.03728249908626392
  },
  "timing": {
    "train_states_s": 0.018643700001121033,
    "ridge_select_s": 0.012908299999253359,
    "total_s": 0.05329399999754969
  },
  "timestamp": "2026-04-16T18:22:01.669862+00:00"
}