{
  "sweep_name": "region_selection_multitask_v1_narma10",
  "config_id": "2d6414c08afe",
  "seed": 456,
  "config_point": {
    "spectral_radius": 1.0,
    "input_scaling": 0.1,
    "leak_rate": 0.8
  },
  "best_ridge": 1e-08,
  "val_curve": {
    "1e-10": 0.11275490244790409,
    "1e-08": 0.11275003401316488,
    "1e-06": 0.12282978774338268,
    "0.0001": 0.1464780334119503,
    "0.01": 0.22581001913056517,
    "1.0": 0.3629248357227787
  },
  "val_metrics": {
    "nmse": 0.11275003401316488,
    "rmse": 0.034088469730440864
  },
  "test_metrics": {
    "nmse": 0.11646283619092963,
    "rmse": 0.03592660107155908
  },
  "timing": {
    "train_states_s": 0.017943100003321888,
    "ridge_select_s": 0.012520299998868722,
    "total_s": 0.05479180000111228
  },
  "timestamp": "2026-04-16T18:22:01.532229+00:00"
}