{
  "sweep_name": "region_selection_multitask_v1_narma10",
  "config_id": "2d6414c08afe",
  "seed": 123,
  "config_point": {
    "spectral_radius": 1.0,
    "input_scaling": 0.1,
    "leak_rate": 0.8
  },
  "best_ridge": 1e-10,
  "val_curve": {
    "1e-10": 0.10472382466765479,
    "1e-08": 0.1142865551935629,
    "1e-06": 0.1368572115695934,
    "0.0001": 0.1778628254129531,
    "0.01": 0.25642363513666416,
    "1.0": 0.3899210595020301
  },
  "val_metrics": {
    "nmse": 0.10472382466765479,
    "rmse": 0.031640528997347796
  },
  "test_metrics": {
    "nmse": 0.10251185265697985,
    "rmse": 0.03305679772010026
  },
  "timing": {
    "train_states_s": 0.017795700001443038,
    "ridge_select_s": 0.01207099999737693,
    "total_s": 0.052220699999452336
  },
  "timestamp": "2026-04-16T18:22:01.462633+00:00"
}