{
  "sweep_name": "region_selection_multitask_v1_narma10",
  "config_id": "2d6414c08afe",
  "seed": 789,
  "config_point": {
    "spectral_radius": 1.0,
    "input_scaling": 0.1,
    "leak_rate": 0.8
  },
  "best_ridge": 1e-10,
  "val_curve": {
    "1e-10": 0.10973553349195947,
    "1e-08": 0.11414729073564446,
    "1e-06": 0.1539132145300196,
    "0.0001": 0.179892925876817,
    "0.01": 0.24677125586786475,
    "1.0": 0.524775539983328
  },
  "val_metrics": {
    "nmse": 0.10973553349195947,
    "rmse": 0.036627651380542456
  },
  "test_metrics": {
    "nmse": 0.08713555561208279,
    "rmse": 0.0313962062280041
  },
  "timing": {
    "train_states_s": 0.018161500000132946,
    "ridge_select_s": 0.013651499997649807,
    "total_s": 0.05465650000041933
  },
  "timestamp": "2026-04-16T18:22:01.601788+00:00"
}