{
  "sweep_name": "region_selection_multitask_v1_narma10",
  "config_id": "2e460f1e65c7",
  "seed": 789,
  "config_point": {
    "spectral_radius": 1.0,
    "input_scaling": 0.05,
    "leak_rate": 0.9
  },
  "best_ridge": 1e-10,
  "val_curve": {
    "1e-10": 0.10377124620593471,
    "1e-08": 0.12273232037950353,
    "1e-06": 0.16748732026632623,
    "0.0001": 0.17786177304859394,
    "0.01": 0.22249000417162207,
    "1.0": 0.5954834729189493
  },
  "val_metrics": {
    "nmse": 0.10377124620593471,
    "rmse": 0.03561836240579436
  },
  "test_metrics": {
    "nmse": 0.07590876497145524,
    "rmse": 0.02930390066632845
  },
  "timing": {
    "train_states_s": 0.019698100000823615,
    "ridge_select_s": 0.01337509999939357,
    "total_s": 0.057026099999347934
  },
  "timestamp": "2026-04-16T18:21:59.807507+00:00"
}