{
  "sweep_name": "region_selection_multitask_v1_narma10",
  "config_id": "2e460f1e65c7",
  "seed": 456,
  "config_point": {
    "spectral_radius": 1.0,
    "input_scaling": 0.05,
    "leak_rate": 0.9
  },
  "best_ridge": 1e-10,
  "val_curve": {
    "1e-10": 0.12595670139790485,
    "1e-08": 0.12716090743431813,
    "1e-06": 0.14220056013006552,
    "0.0001": 0.1782554253200062,
    "0.01": 0.20654389525342656,
    "1.0": 0.4930751108647752
  },
  "val_metrics": {
    "nmse": 0.12595670139790485,
    "rmse": 0.03602963016654698
  },
  "test_metrics": {
    "nmse": 0.11970206803861838,
    "rmse": 0.036422795656643206
  },
  "timing": {
    "train_states_s": 0.018835299997590482,
    "ridge_select_s": 0.013560899998992682,
    "total_s": 0.05745559999922989
  },
  "timestamp": "2026-04-16T18:21:59.734564+00:00"
}