{
  "sweep_name": "region_selection_multitask_v1_narma10",
  "config_id": "2e460f1e65c7",
  "seed": 123,
  "config_point": {
    "spectral_radius": 1.0,
    "input_scaling": 0.05,
    "leak_rate": 0.9
  },
  "best_ridge": 1e-10,
  "val_curve": {
    "1e-10": 0.09373736654611757,
    "1e-08": 0.12357648199704684,
    "1e-06": 0.16017271603721636,
    "0.0001": 0.1851907506785417,
    "0.01": 0.20140339575604507,
    "1.0": 0.410157142450865
  },
  "val_metrics": {
    "nmse": 0.09373736654611757,
    "rmse": 0.029934869041783288
  },
  "test_metrics": {
    "nmse": 0.09297737385567216,
    "rmse": 0.03148200450669892
  },
  "timing": {
    "train_states_s": 0.020244499999535037,
    "ridge_select_s": 0.015545599999313708,
    "total_s": 0.06056360000002314
  },
  "timestamp": "2026-04-16T18:21:59.661399+00:00"
}