{
  "sweep_name": "region_selection_multitask_v1_narma10",
  "config_id": "2e8562f7a417",
  "seed": 789,
  "config_point": {
    "spectral_radius": 0.8,
    "input_scaling": 0.15,
    "leak_rate": 0.7
  },
  "best_ridge": 1e-10,
  "val_curve": {
    "1e-10": 0.16159074929328718,
    "1e-08": 0.1847154158819472,
    "1e-06": 0.21697526439186104,
    "0.0001": 0.2831932247213683,
    "0.01": 0.3422903406348148,
    "1.0": 0.4953101031070797
  },
  "val_metrics": {
    "nmse": 0.16159074929328718,
    "rmse": 0.04444712552909275
  },
  "test_metrics": {
    "nmse": 0.12505015577651232,
    "rmse": 0.03761158099270505
  },
  "timing": {
    "train_states_s": 0.017994699999690056,
    "ridge_select_s": 0.01252300000123796,
    "total_s": 0.05267989999993006
  },
  "timestamp": "2026-04-16T18:21:37.270087+00:00"
}