{
  "sweep_name": "region_selection_multitask_v1_narma10",
  "config_id": "2e8562f7a417",
  "seed": 123,
  "config_point": {
    "spectral_radius": 0.8,
    "input_scaling": 0.15,
    "leak_rate": 0.7
  },
  "best_ridge": 1e-10,
  "val_curve": {
    "1e-10": 0.1382795974166489,
    "1e-08": 0.1798943307078985,
    "1e-06": 0.22837014904215389,
    "0.0001": 0.2859380893382351,
    "0.01": 0.3583935447560438,
    "1.0": 0.5744049335226092
  },
  "val_metrics": {
    "nmse": 0.1382795974166489,
    "rmse": 0.03635800471555586
  },
  "test_metrics": {
    "nmse": 0.12609575109175425,
    "rmse": 0.036662659510339715
  },
  "timing": {
    "train_states_s": 0.01824080000005779,
    "ridge_select_s": 0.012492699999711476,
    "total_s": 0.053167000001849374
  },
  "timestamp": "2026-04-16T18:21:37.133586+00:00"
}