{
  "sweep_name": "region_selection_multitask_v1_narma10",
  "config_id": "2e8562f7a417",
  "seed": 456,
  "config_point": {
    "spectral_radius": 0.8,
    "input_scaling": 0.15,
    "leak_rate": 0.7
  },
  "best_ridge": 1e-10,
  "val_curve": {
    "1e-10": 0.12183729935964,
    "1e-08": 0.14444138582004948,
    "1e-06": 0.17320503437272447,
    "0.0001": 0.22601095519680775,
    "0.01": 0.3102307562493098,
    "1.0": 0.45689017811653326
  },
  "val_metrics": {
    "nmse": 0.12183729935964,
    "rmse": 0.03543555970690095
  },
  "test_metrics": {
    "nmse": 0.11936119112060874,
    "rmse": 0.03637089788154466
  },
  "timing": {
    "train_states_s": 0.017880799998238217,
    "ridge_select_s": 0.012853600001108134,
    "total_s": 0.054679299999406794
  },
  "timestamp": "2026-04-16T18:21:37.202825+00:00"
}