{
  "sweep_name": "region_selection_multitask_v1_narma10",
  "config_id": "2e8562f7a417",
  "seed": 1024,
  "config_point": {
    "spectral_radius": 0.8,
    "input_scaling": 0.15,
    "leak_rate": 0.7
  },
  "best_ridge": 1e-10,
  "val_curve": {
    "1e-10": 0.18430241716867457,
    "1e-08": 0.20205127987670296,
    "1e-06": 0.2573300855542468,
    "0.0001": 0.3303635628721271,
    "0.01": 0.38996002341459163,
    "1.0": 0.5912100982890235
  },
  "val_metrics": {
    "nmse": 0.18430241716867457,
    "rmse": 0.0543713532885056
  },
  "test_metrics": {
    "nmse": 0.1273989485283428,
    "rmse": 0.04074259934449646
  },
  "timing": {
    "train_states_s": 0.01783399999840185,
    "ridge_select_s": 0.012560899998788955,
    "total_s": 0.051787300002615666
  },
  "timestamp": "2026-04-16T18:21:37.337043+00:00"
}