{
  "sweep_name": "region_selection_multitask_v1_narma10",
  "config_id": "3027d42332fd",
  "seed": 789,
  "config_point": {
    "spectral_radius": 0.6,
    "input_scaling": 0.05,
    "leak_rate": 0.5
  },
  "best_ridge": 1e-10,
  "val_curve": {
    "1e-10": 0.2768775058128988,
    "1e-08": 0.3184161746170356,
    "1e-06": 0.34640330838949224,
    "0.0001": 0.38143690636354505,
    "0.01": 0.5359231517590914,
    "1.0": 0.9776199691401088
  },
  "val_metrics": {
    "nmse": 0.2768775058128988,
    "rmse": 0.058180743827384654
  },
  "test_metrics": {
    "nmse": 0.2502366563848355,
    "rmse": 0.05320530473262772
  },
  "timing": {
    "train_states_s": 0.019585099998948863,
    "ridge_select_s": 0.013753899998846464,
    "total_s": 0.05754019999949378
  },
  "timestamp": "2026-04-16T18:21:06.931608+00:00"
}