{
  "sweep_name": "region_selection_multitask_v1_narma10",
  "config_id": "3027d42332fd",
  "seed": 42,
  "config_point": {
    "spectral_radius": 0.6,
    "input_scaling": 0.05,
    "leak_rate": 0.5
  },
  "best_ridge": 1e-10,
  "val_curve": {
    "1e-10": 0.23245291951602412,
    "1e-08": 0.2945765239950153,
    "1e-06": 0.33240634649265133,
    "0.0001": 0.35445528681352745,
    "0.01": 0.5186519961537737,
    "1.0": 0.8920960636404918
  },
  "val_metrics": {
    "nmse": 0.23245291951602412,
    "rmse": 0.059480389196201515
  },
  "test_metrics": {
    "nmse": 0.26748694889229224,
    "rmse": 0.05254805805278955
  },
  "timing": {
    "train_states_s": 0.01893500000005588,
    "ridge_select_s": 0.013964800000394462,
    "total_s": 0.05934300000080839
  },
  "timestamp": "2026-04-16T18:21:06.709253+00:00"
}