{
  "sweep_name": "region_selection_multitask_v1_narma10",
  "config_id": "3027d42332fd",
  "seed": 456,
  "config_point": {
    "spectral_radius": 0.6,
    "input_scaling": 0.05,
    "leak_rate": 0.5
  },
  "best_ridge": 1e-10,
  "val_curve": {
    "1e-10": 0.23732752576016986,
    "1e-08": 0.2756126017308091,
    "1e-06": 0.3278341508845762,
    "0.0001": 0.36538569669652876,
    "0.01": 0.44603044326263197,
    "1.0": 0.8172853137765146
  },
  "val_metrics": {
    "nmse": 0.23732752576016986,
    "rmse": 0.049456482039546015
  },
  "test_metrics": {
    "nmse": 0.22738256069461715,
    "rmse": 0.05019968905168056
  },
  "timing": {
    "train_states_s": 0.01921109999966575,
    "ridge_select_s": 0.014236899998650188,
    "total_s": 0.059421300000394695
  },
  "timestamp": "2026-04-16T18:21:06.857196+00:00"
}