{
  "sweep_name": "region_selection_multitask_v1_narma10",
  "config_id": "3027d42332fd",
  "seed": 123,
  "config_point": {
    "spectral_radius": 0.6,
    "input_scaling": 0.05,
    "leak_rate": 0.5
  },
  "best_ridge": 1e-10,
  "val_curve": {
    "1e-10": 0.28211913372375147,
    "1e-08": 0.3275519215094455,
    "1e-06": 0.3664342718190587,
    "0.0001": 0.4104947200411463,
    "0.01": 0.5628948192181619,
    "1.0": 1.00963118847815
  },
  "val_metrics": {
    "nmse": 0.28211913372375147,
    "rmse": 0.0519322643617174
  },
  "test_metrics": {
    "nmse": 0.2491018637418357,
    "rmse": 0.05153024739488796
  },
  "timing": {
    "train_states_s": 0.019458699996903306,
    "ridge_select_s": 0.013825800000631716,
    "total_s": 0.05717170000207261
  },
  "timestamp": "2026-04-16T18:21:06.782175+00:00"
}