{
  "sweep_name": "region_selection_multitask_v1_narma10",
  "config_id": "30b7fd6f1fe3",
  "seed": 1024,
  "config_point": {
    "spectral_radius": 1.0,
    "input_scaling": 0.2,
    "leak_rate": 0.5
  },
  "best_ridge": 1e-10,
  "val_curve": {
    "1e-10": 0.20384545948984648,
    "1e-08": 0.20977030770593272,
    "1e-06": 0.2279356730694175,
    "0.0001": 0.2689107965265621,
    "0.01": 0.3489762814239251,
    "1.0": 0.43771709981304086
  },
  "val_metrics": {
    "nmse": 0.20384545948984648,
    "rmse": 0.057181447926253806
  },
  "test_metrics": {
    "nmse": 0.16858253315140675,
    "rmse": 0.0468675335599579
  },
  "timing": {
    "train_states_s": 0.017967499999940628,
    "ridge_select_s": 0.012464099996577716,
    "total_s": 0.051976200000353856
  },
  "timestamp": "2026-04-16T18:22:04.871873+00:00"
}