{
  "sweep_name": "region_selection_multitask_v1_narma10",
  "config_id": "30b7fd6f1fe3",
  "seed": 789,
  "config_point": {
    "spectral_radius": 1.0,
    "input_scaling": 0.2,
    "leak_rate": 0.5
  },
  "best_ridge": 1e-10,
  "val_curve": {
    "1e-10": 0.19289020899225293,
    "1e-08": 0.1969574399303697,
    "1e-06": 0.23411034019543328,
    "0.0001": 0.26953761581764896,
    "0.01": 0.29399018337829486,
    "1.0": 0.42190234423892836
  },
  "val_metrics": {
    "nmse": 0.19289020899225293,
    "rmse": 0.04856132456368078
  },
  "test_metrics": {
    "nmse": 0.18155574673442704,
    "rmse": 0.04531943332058566
  },
  "timing": {
    "train_states_s": 0.017925099997228244,
    "ridge_select_s": 0.011996000001090579,
    "total_s": 0.05188379999890458
  },
  "timestamp": "2026-04-16T18:22:04.804954+00:00"
}