{
  "sweep_name": "region_selection_multitask_v1_narma10",
  "config_id": "31ed3fdf679f",
  "seed": 1024,
  "config_point": {
    "spectral_radius": 1.0,
    "input_scaling": 0.05,
    "leak_rate": 0.8
  },
  "best_ridge": 1e-10,
  "val_curve": {
    "1e-10": 0.15699002964506853,
    "1e-08": 0.19098242595066106,
    "1e-06": 0.23736166628989608,
    "0.0001": 0.2793957099096119,
    "0.01": 0.3534058599162233,
    "1.0": 0.5441599850081353
  },
  "val_metrics": {
    "nmse": 0.15699002964506853,
    "rmse": 0.0501811561208797
  },
  "test_metrics": {
    "nmse": 0.10671335077877767,
    "rmse": 0.03728852373276494
  },
  "timing": {
    "train_states_s": 0.01824080000005779,
    "ridge_select_s": 0.012977300000784453,
    "total_s": 0.05318569999872125
  },
  "timestamp": "2026-04-16T18:21:59.497069+00:00"
}