{
  "sweep_name": "region_selection_multitask_v1_narma10",
  "config_id": "31ed3fdf679f",
  "seed": 456,
  "config_point": {
    "spectral_radius": 1.0,
    "input_scaling": 0.05,
    "leak_rate": 0.8
  },
  "best_ridge": 1e-10,
  "val_curve": {
    "1e-10": 0.11210104730543632,
    "1e-08": 0.12003553589631177,
    "1e-06": 0.14080142372053925,
    "0.0001": 0.1850018059647595,
    "0.01": 0.2538207505494719,
    "1.0": 0.501787694657831
  },
  "val_metrics": {
    "nmse": 0.11210104730543632,
    "rmse": 0.03399022190856766
  },
  "test_metrics": {
    "nmse": 0.11560415206424862,
    "rmse": 0.03579391206343196
  },
  "timing": {
    "train_states_s": 0.018255800001497846,
    "ridge_select_s": 0.012530899999546818,
    "total_s": 0.05522000000200933
  },
  "timestamp": "2026-04-16T18:21:59.361428+00:00"
}