{
  "sweep_name": "region_selection_multitask_v1_narma10",
  "config_id": "31ed3fdf679f",
  "seed": 123,
  "config_point": {
    "spectral_radius": 1.0,
    "input_scaling": 0.05,
    "leak_rate": 0.8
  },
  "best_ridge": 1e-10,
  "val_curve": {
    "1e-10": 0.11270628144260214,
    "1e-08": 0.13319459815818324,
    "1e-06": 0.1644616823987035,
    "0.0001": 0.21017578541555185,
    "0.01": 0.279163377154456,
    "1.0": 0.46100156122027236
  },
  "val_metrics": {
    "nmse": 0.11270628144260214,
    "rmse": 0.032824267934770106
  },
  "test_metrics": {
    "nmse": 0.10794441135408499,
    "rmse": 0.03392140407239199
  },
  "timing": {
    "train_states_s": 0.01842409999881056,
    "ridge_select_s": 0.01182130000233883,
    "total_s": 0.052873900000122376
  },
  "timestamp": "2026-04-16T18:21:59.291236+00:00"
}