{
  "sweep_name": "region_selection_multitask_v1_narma10",
  "config_id": "31ed3fdf679f",
  "seed": 42,
  "config_point": {
    "spectral_radius": 1.0,
    "input_scaling": 0.05,
    "leak_rate": 0.8
  },
  "best_ridge": 1e-10,
  "val_curve": {
    "1e-10": 0.08911856796809504,
    "1e-08": 0.10914523079234692,
    "1e-06": 0.15229143331940262,
    "0.0001": 0.18924640285374172,
    "0.01": 0.24009164272415986,
    "1.0": 0.6012211618463265
  },
  "val_metrics": {
    "nmse": 0.08911856796809504,
    "rmse": 0.03682904001100548
  },
  "test_metrics": {
    "nmse": 0.08814354643909478,
    "rmse": 0.030164812676241715
  },
  "timing": {
    "train_states_s": 0.018000300002313452,
    "ridge_select_s": 0.012243499997566687,
    "total_s": 0.07538449999992736
  },
  "timestamp": "2026-04-16T18:21:59.223699+00:00"
}