{
  "sweep_name": "region_selection_multitask_v1_narma10",
  "config_id": "368e64069d5f",
  "seed": 42,
  "config_point": {
    "spectral_radius": 0.9,
    "input_scaling": 0.3,
    "leak_rate": 0.6
  },
  "best_ridge": 1e-10,
  "val_curve": {
    "1e-10": 0.1410764799890673,
    "1e-08": 0.14341509960303447,
    "1e-06": 0.16078150076674613,
    "0.0001": 0.19516788937042373,
    "0.01": 0.23349523466255467,
    "1.0": 0.3979875607284472
  },
  "val_metrics": {
    "nmse": 0.1410764799890673,
    "rmse": 0.04633760749364717
  },
  "test_metrics": {
    "nmse": 0.18337614410605546,
    "rmse": 0.04350876848665138
  },
  "timing": {
    "train_states_s": 0.017781399998057168,
    "ridge_select_s": 0.01227659999858588,
    "total_s": 0.05523669999820413
  },
  "timestamp": "2026-04-16T18:21:54.105097+00:00"
}