{
  "sweep_name": "region_selection_multitask_v1_narma10",
  "config_id": "368e64069d5f",
  "seed": 456,
  "config_point": {
    "spectral_radius": 0.9,
    "input_scaling": 0.3,
    "leak_rate": 0.6
  },
  "best_ridge": 1e-08,
  "val_curve": {
    "1e-10": 0.16297095715004034,
    "1e-08": 0.1626720102697587,
    "1e-06": 0.17316294250996947,
    "0.0001": 0.2028057793008026,
    "0.01": 0.2533619642940147,
    "1.0": 0.3585350771113003
  },
  "val_metrics": {
    "nmse": 0.1626720102697587,
    "rmse": 0.0409454437079102
  },
  "test_metrics": {
    "nmse": 0.16822279854462516,
    "rmse": 0.043178234169285463
  },
  "timing": {
    "train_states_s": 0.017928900000697467,
    "ridge_select_s": 0.011981600000581238,
    "total_s": 0.054417999999714084
  },
  "timestamp": "2026-04-16T18:21:54.241030+00:00"
}