{
  "sweep_name": "region_selection_multitask_v1_narma10",
  "config_id": "3810619288b7",
  "seed": 456,
  "config_point": {
    "spectral_radius": 1.0,
    "input_scaling": 0.15,
    "leak_rate": 0.5
  },
  "best_ridge": 1e-10,
  "val_curve": {
    "1e-10": 0.1804892672411954,
    "1e-08": 0.18181519966198764,
    "1e-06": 0.20618805431936685,
    "0.0001": 0.23553797986110692,
    "0.01": 0.2833825549695942,
    "1.0": 0.3883090797608765
  },
  "val_metrics": {
    "nmse": 0.1804892672411954,
    "rmse": 0.043129542941792
  },
  "test_metrics": {
    "nmse": 0.18067630617210484,
    "rmse": 0.04474794051147556
  },
  "timing": {
    "train_states_s": 0.017913200001203222,
    "ridge_select_s": 0.012236800001119263,
    "total_s": 0.0540127999993274
  },
  "timestamp": "2026-04-16T18:22:02.647203+00:00"
}