{
  "sweep_name": "region_selection_multitask_v1_narma10",
  "config_id": "3810619288b7",
  "seed": 1024,
  "config_point": {
    "spectral_radius": 1.0,
    "input_scaling": 0.15,
    "leak_rate": 0.5
  },
  "best_ridge": 1e-10,
  "val_curve": {
    "1e-10": 0.20185042331184158,
    "1e-08": 0.21231311713727166,
    "1e-06": 0.23220513750745023,
    "0.0001": 0.2857655119026945,
    "0.01": 0.3615591949127178,
    "1.0": 0.45806136918033774
  },
  "val_metrics": {
    "nmse": 0.20185042331184158,
    "rmse": 0.056900942402760446
  },
  "test_metrics": {
    "nmse": 0.16589320179248462,
    "rmse": 0.04649220092230679
  },
  "timing": {
    "train_states_s": 0.018101500001648674,
    "ridge_select_s": 0.012721200000669342,
    "total_s": 0.05302469999878667
  },
  "timestamp": "2026-04-16T18:22:02.782099+00:00"
}