{
  "sweep_name": "region_selection_multitask_v1_narma10",
  "config_id": "3d29e97f411f",
  "seed": 789,
  "config_point": {
    "spectral_radius": 0.9,
    "input_scaling": 0.05,
    "leak_rate": 1.0
  },
  "best_ridge": 1e-10,
  "val_curve": {
    "1e-10": 0.12197452537289405,
    "1e-08": 0.14719112742231508,
    "1e-06": 0.1693637187534523,
    "0.0001": 0.2234518510610919,
    "0.01": 0.2637640808279015,
    "1.0": 0.4649736942300309
  },
  "val_metrics": {
    "nmse": 0.12197452537289405,
    "rmse": 0.03861624139964307
  },
  "test_metrics": {
    "nmse": 0.09558476888702508,
    "rmse": 0.032883180617824394
  },
  "timing": {
    "train_states_s": 0.018045699998765485,
    "ridge_select_s": 0.012174399998912122,
    "total_s": 0.05238599999938742
  },
  "timestamp": "2026-04-16T18:21:47.090644+00:00"
}