{
  "sweep_name": "region_selection_multitask_v1_narma10",
  "config_id": "3d29e97f411f",
  "seed": 42,
  "config_point": {
    "spectral_radius": 0.9,
    "input_scaling": 0.05,
    "leak_rate": 1.0
  },
  "best_ridge": 1e-10,
  "val_curve": {
    "1e-10": 0.09511161585793984,
    "1e-08": 0.12100950511549168,
    "1e-06": 0.1645612724321398,
    "0.0001": 0.2341392864457093,
    "0.01": 0.25310646350497346,
    "1.0": 0.4415205480637483
  },
  "val_metrics": {
    "nmse": 0.09511161585793984,
    "rmse": 0.03804723308637998
  },
  "test_metrics": {
    "nmse": 0.08826357741576792,
    "rmse": 0.030185344412653182
  },
  "timing": {
    "train_states_s": 0.018155300000216812,
    "ridge_select_s": 0.012025699998048367,
    "total_s": 0.08941539999796078
  },
  "timestamp": "2026-04-16T18:21:46.885891+00:00"
}