{
  "sweep_name": "region_selection_multitask_v1_narma10",
  "config_id": "3d29e97f411f",
  "seed": 1024,
  "config_point": {
    "spectral_radius": 0.9,
    "input_scaling": 0.05,
    "leak_rate": 1.0
  },
  "best_ridge": 1e-10,
  "val_curve": {
    "1e-10": 0.18799117668996984,
    "1e-08": 0.2220383185173567,
    "1e-06": 0.2703182801292479,
    "0.0001": 0.28319842491215724,
    "0.01": 0.32713934279495427,
    "1.0": 0.7313934259811221
  },
  "val_metrics": {
    "nmse": 0.18799117668996984,
    "rmse": 0.05491277107718653
  },
  "test_metrics": {
    "nmse": 0.12828262133933407,
    "rmse": 0.04088365588965922
  },
  "timing": {
    "train_states_s": 0.017842900000687223,
    "ridge_select_s": 0.011830999999801861,
    "total_s": 0.05117460000110441
  },
  "timestamp": "2026-04-16T18:21:47.156707+00:00"
}