{
  "sweep_name": "region_selection_multitask_v1_narma10",
  "config_id": "3d29e97f411f",
  "seed": 123,
  "config_point": {
    "spectral_radius": 0.9,
    "input_scaling": 0.05,
    "leak_rate": 1.0
  },
  "best_ridge": 1e-10,
  "val_curve": {
    "1e-10": 0.10330069962307185,
    "1e-08": 0.14271162055047593,
    "1e-06": 0.18262555532753438,
    "0.0001": 0.18609513324442484,
    "0.01": 0.19618140030751907,
    "1.0": 0.6254965719311458
  },
  "val_metrics": {
    "nmse": 0.10330069962307185,
    "rmse": 0.03142480705395996
  },
  "test_metrics": {
    "nmse": 0.09835480842316165,
    "rmse": 0.03237960432793122
  },
  "timing": {
    "train_states_s": 0.01802069999757805,
    "ridge_select_s": 0.011732999999367166,
    "total_s": 0.053091699999640696
  },
  "timestamp": "2026-04-16T18:21:46.953957+00:00"
}