{
  "sweep_name": "region_selection_multitask_v1_narma10",
  "config_id": "3d29e97f411f",
  "seed": 456,
  "config_point": {
    "spectral_radius": 0.9,
    "input_scaling": 0.05,
    "leak_rate": 1.0
  },
  "best_ridge": 1e-10,
  "val_curve": {
    "1e-10": 0.09716249161388212,
    "1e-08": 0.10714108346827464,
    "1e-06": 0.15395593361322205,
    "0.0001": 0.18522466401178594,
    "0.01": 0.22286310641404092,
    "1.0": 0.560913841756809
  },
  "val_metrics": {
    "nmse": 0.09716249161388212,
    "rmse": 0.031644518110701986
  },
  "test_metrics": {
    "nmse": 0.09233439179136578,
    "rmse": 0.03198926023299751
  },
  "timing": {
    "train_states_s": 0.018007200000283774,
    "ridge_select_s": 0.011714399999618763,
    "total_s": 0.05464809999830322
  },
  "timestamp": "2026-04-16T18:21:47.023512+00:00"
}