{
  "sweep_name": "region_selection_multitask_v1_narma10",
  "config_id": "3d53c19c2941",
  "seed": 42,
  "config_point": {
    "spectral_radius": 0.8,
    "input_scaling": 0.1,
    "leak_rate": 0.7
  },
  "best_ridge": 1e-10,
  "val_curve": {
    "1e-10": 0.13036881795933095,
    "1e-08": 0.15891018468871038,
    "1e-06": 0.21168909021353527,
    "0.0001": 0.29156410429293395,
    "0.01": 0.3320396331230585,
    "1.0": 0.4812330616132713
  },
  "val_metrics": {
    "nmse": 0.13036881795933095,
    "rmse": 0.044544405070345114
  },
  "test_metrics": {
    "nmse": 0.14532509207542546,
    "rmse": 0.038732513056017326
  },
  "timing": {
    "train_states_s": 0.018101699999533594,
    "ridge_select_s": 0.011778300002333708,
    "total_s": 0.05566790000011679
  },
  "timestamp": "2026-04-16T18:21:34.952527+00:00"
}