{
  "sweep_name": "region_selection_multitask_v1_narma10",
  "config_id": "3d53c19c2941",
  "seed": 123,
  "config_point": {
    "spectral_radius": 0.8,
    "input_scaling": 0.1,
    "leak_rate": 0.7
  },
  "best_ridge": 1e-10,
  "val_curve": {
    "1e-10": 0.14148868714514062,
    "1e-08": 0.19917387269784081,
    "1e-06": 0.24637081065056043,
    "0.0001": 0.299899315749844,
    "0.01": 0.37212293084540565,
    "1.0": 0.6630681380217578
  },
  "val_metrics": {
    "nmse": 0.14148868714514062,
    "rmse": 0.03677746973949016
  },
  "test_metrics": {
    "nmse": 0.1288371290622066,
    "rmse": 0.037059047978272586
  },
  "timing": {
    "train_states_s": 0.0178751999992528,
    "ridge_select_s": 0.01196209999761777,
    "total_s": 0.05157129999861354
  },
  "timestamp": "2026-04-16T18:21:35.019087+00:00"
}