{
  "sweep_name": "region_selection_multitask_v1_narma10",
  "config_id": "3d53c19c2941",
  "seed": 1024,
  "config_point": {
    "spectral_radius": 0.8,
    "input_scaling": 0.1,
    "leak_rate": 0.7
  },
  "best_ridge": 1e-10,
  "val_curve": {
    "1e-10": 0.178992479314406,
    "1e-08": 0.219088138083547,
    "1e-06": 0.27711017378566893,
    "0.0001": 0.3557720650643749,
    "0.01": 0.4023960588486331,
    "1.0": 0.643139910829262
  },
  "val_metrics": {
    "nmse": 0.178992479314406,
    "rmse": 0.05358238233046386
  },
  "test_metrics": {
    "nmse": 0.12543697020082453,
    "rmse": 0.04042765856169156
  },
  "timing": {
    "train_states_s": 0.01810010000190232,
    "ridge_select_s": 0.012197399999422487,
    "total_s": 0.051768600002105813
  },
  "timestamp": "2026-04-16T18:21:35.221725+00:00"
}