{
  "sweep_name": "region_selection_multitask_v1_narma10",
  "config_id": "3d53c19c2941",
  "seed": 456,
  "config_point": {
    "spectral_radius": 0.8,
    "input_scaling": 0.1,
    "leak_rate": 0.7
  },
  "best_ridge": 1e-10,
  "val_curve": {
    "1e-10": 0.11659280457812683,
    "1e-08": 0.14976234623120577,
    "1e-06": 0.191085472878967,
    "0.0001": 0.2540398328613979,
    "0.01": 0.32456883526147545,
    "1.0": 0.5172284896946197
  },
  "val_metrics": {
    "nmse": 0.11659280457812683,
    "rmse": 0.03466450791545158
  },
  "test_metrics": {
    "nmse": 0.1146096040266763,
    "rmse": 0.03563961111508047
  },
  "timing": {
    "train_states_s": 0.01787780000086059,
    "ridge_select_s": 0.012572799998451956,
    "total_s": 0.05422249999901396
  },
  "timestamp": "2026-04-16T18:21:35.087843+00:00"
}