{
  "sweep_name": "region_selection_multitask_v1_narma10",
  "config_id": "3d53c19c2941",
  "seed": 789,
  "config_point": {
    "spectral_radius": 0.8,
    "input_scaling": 0.1,
    "leak_rate": 0.7
  },
  "best_ridge": 1e-10,
  "val_curve": {
    "1e-10": 0.15658736836021062,
    "1e-08": 0.1919013524198297,
    "1e-06": 0.23327710231120719,
    "0.0001": 0.3110363395742877,
    "0.01": 0.352959535646947,
    "1.0": 0.5417836836651246
  },
  "val_metrics": {
    "nmse": 0.15658736836021062,
    "rmse": 0.043753600283599835
  },
  "test_metrics": {
    "nmse": 0.12339635859186338,
    "rmse": 0.03736204530101777
  },
  "timing": {
    "train_states_s": 0.017891100000269944,
    "ridge_select_s": 0.012176400003227172,
    "total_s": 0.052192199997080024
  },
  "timestamp": "2026-04-16T18:21:35.154888+00:00"
}