{
  "sweep_name": "region_selection_multitask_v1_narma10",
  "config_id": "3ea215ff899d",
  "seed": 789,
  "config_point": {
    "spectral_radius": 1.1,
    "input_scaling": 0.05,
    "leak_rate": 0.7
  },
  "best_ridge": 1e-10,
  "val_curve": {
    "1e-10": 0.12156319296588229,
    "1e-08": 0.13524739008064884,
    "1e-06": 0.19572185841872475,
    "0.0001": 0.24199950535399675,
    "0.01": 0.2800754839817763,
    "1.0": 0.6540354797638438
  },
  "val_metrics": {
    "nmse": 0.12156319296588229,
    "rmse": 0.038551073998800464
  },
  "test_metrics": {
    "nmse": 0.10114315805868938,
    "rmse": 0.0338257726535869
  },
  "timing": {
    "train_states_s": 0.018173299999034498,
    "ridge_select_s": 0.011836500001663808,
    "total_s": 0.052152800002659205
  },
  "timestamp": "2026-04-16T18:22:11.855314+00:00"
}