{
  "sweep_name": "region_selection_multitask_v1_narma10",
  "config_id": "3ea215ff899d",
  "seed": 456,
  "config_point": {
    "spectral_radius": 1.1,
    "input_scaling": 0.05,
    "leak_rate": 0.7
  },
  "best_ridge": 1e-08,
  "val_curve": {
    "1e-10": 0.21372676172121266,
    "1e-08": 0.21372070401209273,
    "1e-06": 0.21509850227851504,
    "0.0001": 0.2272824292887361,
    "0.01": 0.2728680436228796,
    "1.0": 0.5010813410804928
  },
  "val_metrics": {
    "nmse": 0.21372070401209273,
    "rmse": 0.04693236752762633
  },
  "test_metrics": {
    "nmse": 0.22119300713729173,
    "rmse": 0.04951173519989648
  },
  "timing": {
    "train_states_s": 0.01793790000010631,
    "ridge_select_s": 0.012567099998705089,
    "total_s": 0.05460949999906006
  },
  "timestamp": "2026-04-16T18:22:11.788569+00:00"
}