{
  "sweep_name": "region_selection_multitask_v1_narma10",
  "config_id": "3ea215ff899d",
  "seed": 123,
  "config_point": {
    "spectral_radius": 1.1,
    "input_scaling": 0.05,
    "leak_rate": 0.7
  },
  "best_ridge": 1e-10,
  "val_curve": {
    "1e-10": 0.11591065002679715,
    "1e-08": 0.1269505556130012,
    "1e-06": 0.173667170266283,
    "0.0001": 0.22833042760479563,
    "0.01": 0.2881967892986866,
    "1.0": 0.48165909369475984
  },
  "val_metrics": {
    "nmse": 0.11591065002679715,
    "rmse": 0.03328761340965768
  },
  "test_metrics": {
    "nmse": 0.11298966914158565,
    "rmse": 0.034705084609401374
  },
  "timing": {
    "train_states_s": 0.017895199998747557,
    "ridge_select_s": 0.012019300000247313,
    "total_s": 0.05228710000301362
  },
  "timestamp": "2026-04-16T18:22:11.718932+00:00"
}