{
  "sweep_name": "region_selection_multitask_v1_narma10",
  "config_id": "3ea215ff899d",
  "seed": 1024,
  "config_point": {
    "spectral_radius": 1.1,
    "input_scaling": 0.05,
    "leak_rate": 0.7
  },
  "best_ridge": 1e-10,
  "val_curve": {
    "1e-10": 0.14093334170533675,
    "1e-08": 0.15675251991208014,
    "1e-06": 0.19523737663097984,
    "0.0001": 0.24527528455561362,
    "0.01": 0.30502032498763726,
    "1.0": 0.5297026345902083
  },
  "val_metrics": {
    "nmse": 0.14093334170533675,
    "rmse": 0.04754572804217908
  },
  "test_metrics": {
    "nmse": 0.1030666851903843,
    "rmse": 0.03664586401228931
  },
  "timing": {
    "train_states_s": 0.018199800000729738,
    "ridge_select_s": 0.012372699999104952,
    "total_s": 0.05265309999958845
  },
  "timestamp": "2026-04-16T18:22:11.922983+00:00"
}