{
  "sweep_name": "region_selection_multitask_v1_narma10",
  "config_id": "40baa4e14728",
  "seed": 1024,
  "config_point": {
    "spectral_radius": 0.7,
    "input_scaling": 0.2,
    "leak_rate": 0.9
  },
  "best_ridge": 1e-10,
  "val_curve": {
    "1e-10": 0.19169728482243079,
    "1e-08": 0.217427410764863,
    "1e-06": 0.24295813935371002,
    "0.0001": 0.28919638381602103,
    "0.01": 0.5334739801536668,
    "1.0": 0.726261196228295
  },
  "val_metrics": {
    "nmse": 0.19169728482243079,
    "rmse": 0.055451411805146525
  },
  "test_metrics": {
    "nmse": 0.13800448322022998,
    "rmse": 0.04240454513125874
  },
  "timing": {
    "train_states_s": 0.01781219999975292,
    "ridge_select_s": 0.01216049999857205,
    "total_s": 0.051401099997747224
  },
  "timestamp": "2026-04-16T18:21:27.542410+00:00"
}