{
  "sweep_name": "region_selection_multitask_v1_narma10",
  "config_id": "40baa4e14728",
  "seed": 456,
  "config_point": {
    "spectral_radius": 0.7,
    "input_scaling": 0.2,
    "leak_rate": 0.9
  },
  "best_ridge": 1e-10,
  "val_curve": {
    "1e-10": 0.09978736870446923,
    "1e-08": 0.10845673001011885,
    "1e-06": 0.14019156640211133,
    "0.0001": 0.18271051898352128,
    "0.01": 0.2876340834424294,
    "1.0": 0.6488667364223347
  },
  "val_metrics": {
    "nmse": 0.09978736870446923,
    "rmse": 0.03206911317789546
  },
  "test_metrics": {
    "nmse": 0.10478542336084046,
    "rmse": 0.03407790490816629
  },
  "timing": {
    "train_states_s": 0.018568300001788884,
    "ridge_select_s": 0.012883399998827372,
    "total_s": 0.055598499999177875
  },
  "timestamp": "2026-04-16T18:21:27.409930+00:00"
}