{
  "sweep_name": "region_selection_multitask_v1_narma10",
  "config_id": "40baa4e14728",
  "seed": 789,
  "config_point": {
    "spectral_radius": 0.7,
    "input_scaling": 0.2,
    "leak_rate": 0.9
  },
  "best_ridge": 1e-10,
  "val_curve": {
    "1e-10": 0.1603448569573659,
    "1e-08": 0.17257232730795677,
    "1e-06": 0.19309691699431625,
    "0.0001": 0.23480054765391564,
    "0.01": 0.39042631611984174,
    "1.0": 0.7114220815551295
  },
  "val_metrics": {
    "nmse": 0.1603448569573659,
    "rmse": 0.0442754464972448
  },
  "test_metrics": {
    "nmse": 0.11966578397163632,
    "rmse": 0.036792937770011115
  },
  "timing": {
    "train_states_s": 0.01791840000078082,
    "ridge_select_s": 0.011928300002182368,
    "total_s": 0.05178410000007716
  },
  "timestamp": "2026-04-16T18:21:27.476496+00:00"
}