{
  "sweep_name": "region_selection_multitask_v1_narma10",
  "config_id": "428a9663f05d",
  "seed": 456,
  "config_point": {
    "spectral_radius": 0.8,
    "input_scaling": 0.3,
    "leak_rate": 0.5
  },
  "best_ridge": 1e-10,
  "val_curve": {
    "1e-10": 0.19219828680179238,
    "1e-08": 0.199566608987006,
    "1e-06": 0.21578328225978444,
    "0.0001": 0.25516227991710116,
    "0.01": 0.29903957700634265,
    "1.0": 0.4001641825495331
  },
  "val_metrics": {
    "nmse": 0.19219828680179238,
    "rmse": 0.044506549025196726
  },
  "test_metrics": {
    "nmse": 0.1838653596750605,
    "rmse": 0.04514112812318802
  },
  "timing": {
    "train_states_s": 0.017911999999341788,
    "ridge_select_s": 0.012597299999470124,
    "total_s": 0.054398799999034964
  },
  "timestamp": "2026-04-16T18:21:40.704301+00:00"
}