{
  "sweep_name": "region_selection_multitask_v1_narma10",
  "config_id": "428a9663f05d",
  "seed": 123,
  "config_point": {
    "spectral_radius": 0.8,
    "input_scaling": 0.3,
    "leak_rate": 0.5
  },
  "best_ridge": 1e-10,
  "val_curve": {
    "1e-10": 0.2166558675830325,
    "1e-08": 0.24529647830732187,
    "1e-06": 0.27515279641787665,
    "0.0001": 0.30758119927805955,
    "0.01": 0.38523411393744356,
    "1.0": 0.46428599118177716
  },
  "val_metrics": {
    "nmse": 0.2166558675830325,
    "rmse": 0.04550993508685139
  },
  "test_metrics": {
    "nmse": 0.19578748832006224,
    "rmse": 0.04568421918920154
  },
  "timing": {
    "train_states_s": 0.017963700000109384,
    "ridge_select_s": 0.012515499998698942,
    "total_s": 0.052944499999284744
  },
  "timestamp": "2026-04-16T18:21:40.635123+00:00"
}