{
  "sweep_name": "region_selection_multitask_v1_narma10",
  "config_id": "428a9663f05d",
  "seed": 1024,
  "config_point": {
    "spectral_radius": 0.8,
    "input_scaling": 0.3,
    "leak_rate": 0.5
  },
  "best_ridge": 1e-10,
  "val_curve": {
    "1e-10": 0.21183845860747472,
    "1e-08": 0.2270498643344704,
    "1e-06": 0.24694820274370638,
    "0.0001": 0.2928602641039091,
    "0.01": 0.3931395754767966,
    "1.0": 0.48138010502818235
  },
  "val_metrics": {
    "nmse": 0.21183845860747472,
    "rmse": 0.05829174157985795
  },
  "test_metrics": {
    "nmse": 0.17035504325436376,
    "rmse": 0.04711327656101267
  },
  "timing": {
    "train_states_s": 0.017864800000097603,
    "ridge_select_s": 0.012299199999688426,
    "total_s": 0.051712699998461176
  },
  "timestamp": "2026-04-16T18:21:40.838550+00:00"
}