{
  "sweep_name": "region_selection_multitask_v1_narma10",
  "config_id": "428a9663f05d",
  "seed": 42,
  "config_point": {
    "spectral_radius": 0.8,
    "input_scaling": 0.3,
    "leak_rate": 0.5
  },
  "best_ridge": 1e-10,
  "val_curve": {
    "1e-10": 0.1602689389546891,
    "1e-08": 0.16966266740581154,
    "1e-06": 0.1877458164555574,
    "0.0001": 0.2269865100641702,
    "0.01": 0.33217606636072905,
    "1.0": 0.42814817266282956
  },
  "val_metrics": {
    "nmse": 0.1602689389546891,
    "rmse": 0.049389084946746695
  },
  "test_metrics": {
    "nmse": 0.21840716561842236,
    "rmse": 0.04748307258309801
  },
  "timing": {
    "train_states_s": 0.01819479999903706,
    "ridge_select_s": 0.01265889999922365,
    "total_s": 0.06311930000083521
  },
  "timestamp": "2026-04-16T18:21:40.567236+00:00"
}