{
  "sweep_name": "region_selection_multitask_v1_narma10",
  "config_id": "4301cfd62e59",
  "seed": 789,
  "config_point": {
    "spectral_radius": 0.9,
    "input_scaling": 0.2,
    "leak_rate": 0.5
  },
  "best_ridge": 1e-10,
  "val_curve": {
    "1e-10": 0.1972974937010776,
    "1e-08": 0.21794989728611347,
    "1e-06": 0.24796255040801793,
    "0.0001": 0.27088301573550916,
    "0.01": 0.31362028098442346,
    "1.0": 0.4679374946017323
  },
  "val_metrics": {
    "nmse": 0.1972974937010776,
    "rmse": 0.04911297209449064
  },
  "test_metrics": {
    "nmse": 0.18265144112688603,
    "rmse": 0.04545597968673595
  },
  "timing": {
    "train_states_s": 0.01822099999844795,
    "ridge_select_s": 0.012084000001777895,
    "total_s": 0.052409999996598344
  },
  "timestamp": "2026-04-16T18:21:51.788778+00:00"
}