{
  "sweep_name": "region_selection_multitask_v1_narma10",
  "config_id": "4301cfd62e59",
  "seed": 1024,
  "config_point": {
    "spectral_radius": 0.9,
    "input_scaling": 0.2,
    "leak_rate": 0.5
  },
  "best_ridge": 1e-10,
  "val_curve": {
    "1e-10": 0.20685638516670757,
    "1e-08": 0.21958613499130403,
    "1e-06": 0.2393610853545136,
    "0.0001": 0.2932232223027056,
    "0.01": 0.3873416231618335,
    "1.0": 0.47177675451929124
  },
  "val_metrics": {
    "nmse": 0.20685638516670757,
    "rmse": 0.05760220289716295
  },
  "test_metrics": {
    "nmse": 0.16855857358049928,
    "rmse": 0.04686420294831616
  },
  "timing": {
    "train_states_s": 0.018442000000504777,
    "ridge_select_s": 0.012279000002308749,
    "total_s": 0.052034500000445405
  },
  "timestamp": "2026-04-16T18:21:51.856225+00:00"
}