{
  "sweep_name": "region_selection_multitask_v1_narma10",
  "config_id": "4301cfd62e59",
  "seed": 123,
  "config_point": {
    "spectral_radius": 0.9,
    "input_scaling": 0.2,
    "leak_rate": 0.5
  },
  "best_ridge": 1e-10,
  "val_curve": {
    "1e-10": 0.2123548121986804,
    "1e-08": 0.2367071658970294,
    "1e-06": 0.26664033584872693,
    "0.0001": 0.3080174300587876,
    "0.01": 0.36700958383440213,
    "1.0": 0.4640588381339563
  },
  "val_metrics": {
    "nmse": 0.2123548121986804,
    "rmse": 0.04505593866464472
  },
  "test_metrics": {
    "nmse": 0.1960544994464024,
    "rmse": 0.04571536019531297
  },
  "timing": {
    "train_states_s": 0.017874299999675713,
    "ridge_select_s": 0.0118094999997993,
    "total_s": 0.052433799999562325
  },
  "timestamp": "2026-04-16T18:21:51.651254+00:00"
}