{
  "sweep_name": "region_selection_multitask_v1_narma10",
  "config_id": "4301cfd62e59",
  "seed": 42,
  "config_point": {
    "spectral_radius": 0.9,
    "input_scaling": 0.2,
    "leak_rate": 0.5
  },
  "best_ridge": 1e-10,
  "val_curve": {
    "1e-10": 0.15273127911216305,
    "1e-08": 0.15722278583873178,
    "1e-06": 0.1825092336447185,
    "0.0001": 0.21874913308645258,
    "0.01": 0.29534888593176467,
    "1.0": 0.42463953463603427
  },
  "val_metrics": {
    "nmse": 0.15273127911216305,
    "rmse": 0.048213681375401655
  },
  "test_metrics": {
    "nmse": 0.213138293111505,
    "rmse": 0.046906833272662075
  },
  "timing": {
    "train_states_s": 0.018588399998407112,
    "ridge_select_s": 0.01226650000171503,
    "total_s": 0.07853519999844139
  },
  "timestamp": "2026-04-16T18:21:51.583862+00:00"
}