{
  "sweep_name": "region_selection_multitask_v1_narma10",
  "config_id": "4301cfd62e59",
  "seed": 456,
  "config_point": {
    "spectral_radius": 0.9,
    "input_scaling": 0.2,
    "leak_rate": 0.5
  },
  "best_ridge": 1e-10,
  "val_curve": {
    "1e-10": 0.18180023238694762,
    "1e-08": 0.19175404916462627,
    "1e-06": 0.21099849654090683,
    "0.0001": 0.24677025317212178,
    "0.01": 0.2994545212878036,
    "1.0": 0.397136720109879
  },
  "val_metrics": {
    "nmse": 0.18180023238694762,
    "rmse": 0.04328589303693348
  },
  "test_metrics": {
    "nmse": 0.18082919255868282,
    "rmse": 0.044766869125909735
  },
  "timing": {
    "train_states_s": 0.01797660000011092,
    "ridge_select_s": 0.012033099999825936,
    "total_s": 0.055370500002027256
  },
  "timestamp": "2026-04-16T18:21:51.721537+00:00"
}