{
  "sweep_name": "region_selection_multitask_v1_narma10",
  "config_id": "436b06916e16",
  "seed": 123,
  "config_point": {
    "spectral_radius": 0.7,
    "input_scaling": 0.2,
    "leak_rate": 0.5
  },
  "best_ridge": 1e-10,
  "val_curve": {
    "1e-10": 0.24303699363321007,
    "1e-08": 0.2675300850794472,
    "1e-06": 0.30004103080453715,
    "0.0001": 0.3569032891293795,
    "0.01": 0.4133153464344099,
    "1.0": 0.6150200120928843
  },
  "val_metrics": {
    "nmse": 0.24303699363321007,
    "rmse": 0.04820112565464204
  },
  "test_metrics": {
    "nmse": 0.21409702670002212,
    "rmse": 0.04777261967711092
  },
  "timing": {
    "train_states_s": 0.01780470000085188,
    "ridge_select_s": 0.012699599999905331,
    "total_s": 0.053046100001665764
  },
  "timestamp": "2026-04-16T18:21:25.959464+00:00"
}