{
  "sweep_name": "region_selection_multitask_v1_narma10",
  "config_id": "436b06916e16",
  "seed": 1024,
  "config_point": {
    "spectral_radius": 0.7,
    "input_scaling": 0.2,
    "leak_rate": 0.5
  },
  "best_ridge": 1e-10,
  "val_curve": {
    "1e-10": 0.22602795939799697,
    "1e-08": 0.23927609594689753,
    "1e-06": 0.28917347370593677,
    "0.0001": 0.36564643825826965,
    "0.01": 0.42304629255103215,
    "1.0": 0.6015899782339263
  },
  "val_metrics": {
    "nmse": 0.22602795939799697,
    "rmse": 0.060212368263276174
  },
  "test_metrics": {
    "nmse": 0.18007609382171122,
    "rmse": 0.048438852031145604
  },
  "timing": {
    "train_states_s": 0.017907400000694906,
    "ridge_select_s": 0.013694999997824198,
    "total_s": 0.053128200001083314
  },
  "timestamp": "2026-04-16T18:21:26.167627+00:00"
}