{
  "sweep_name": "region_selection_multitask_v1_narma10",
  "config_id": "436b06916e16",
  "seed": 456,
  "config_point": {
    "spectral_radius": 0.7,
    "input_scaling": 0.2,
    "leak_rate": 0.5
  },
  "best_ridge": 1e-10,
  "val_curve": {
    "1e-10": 0.19652933543897083,
    "1e-08": 0.2122628426531545,
    "1e-06": 0.24826729139906592,
    "0.0001": 0.2840427694086782,
    "0.01": 0.36658029527666763,
    "1.0": 0.48117608175116855
  },
  "val_metrics": {
    "nmse": 0.19652933543897083,
    "rmse": 0.04500521675673229
  },
  "test_metrics": {
    "nmse": 0.18786632645625637,
    "rmse": 0.04562962736780869
  },
  "timing": {
    "train_states_s": 0.017827800002123695,
    "ridge_select_s": 0.012585200001922203,
    "total_s": 0.05625510000027134
  },
  "timestamp": "2026-04-16T18:21:26.030574+00:00"
}