{
  "sweep_name": "region_selection_multitask_v1_narma10",
  "config_id": "44690489abe6",
  "seed": 42,
  "config_point": {
    "spectral_radius": 1.1,
    "input_scaling": 0.2,
    "leak_rate": 0.9
  },
  "best_ridge": 1e-10,
  "val_curve": {
    "1e-10": 0.18745972024032959,
    "1e-08": 0.18746131720055106,
    "1e-06": 0.18767643607707774,
    "0.0001": 0.200643837576016,
    "0.01": 0.20405754373451454,
    "1.0": 0.3532524244025834
  },
  "val_metrics": {
    "nmse": 0.18745972024032959,
    "rmse": 0.05341463699556115
  },
  "test_metrics": {
    "nmse": 0.13004981856041908,
    "rmse": 0.03664040351669564
  },
  "timing": {
    "train_states_s": 0.017856899998150766,
    "ridge_select_s": 0.012531300002592616,
    "total_s": 0.05533400000058464
  },
  "timestamp": "2026-04-16T18:22:18.814307+00:00"
}