{
  "sweep_name": "region_selection_multitask_v1_narma10",
  "config_id": "44690489abe6",
  "seed": 789,
  "config_point": {
    "spectral_radius": 1.1,
    "input_scaling": 0.2,
    "leak_rate": 0.9
  },
  "best_ridge": 1e-10,
  "val_curve": {
    "1e-10": 0.11992823406050201,
    "1e-08": 0.11994093156058329,
    "1e-06": 0.1212262653183744,
    "0.0001": 0.1504440926046651,
    "0.01": 0.19116960477083905,
    "1.0": 0.31839898860867955
  },
  "val_metrics": {
    "nmse": 0.11992823406050201,
    "rmse": 0.03829095090839497
  },
  "test_metrics": {
    "nmse": 0.09018598524749108,
    "rmse": 0.031941035964897745
  },
  "timing": {
    "train_states_s": 0.017913299998326693,
    "ridge_select_s": 0.013001100000110455,
    "total_s": 0.05298379999658209
  },
  "timestamp": "2026-04-16T18:22:19.021688+00:00"
}