{
  "sweep_name": "region_selection_multitask_v1_narma10",
  "config_id": "44690489abe6",
  "seed": 456,
  "config_point": {
    "spectral_radius": 1.1,
    "input_scaling": 0.2,
    "leak_rate": 0.9
  },
  "best_ridge": 0.0001,
  "val_curve": {
    "1e-10": 0.2282595135817332,
    "1e-08": 0.22825949143928306,
    "1e-06": 0.2282572827019641,
    "0.0001": 0.22807995827798913,
    "0.01": 0.2330187941165246,
    "1.0": 0.30205730104008305
  },
  "val_metrics": {
    "nmse": 0.22807995827798913,
    "rmse": 0.04848336196652713
  },
  "test_metrics": {
    "nmse": 0.22930165472053277,
    "rmse": 0.05041108500244463
  },
  "timing": {
    "train_states_s": 0.017965099999855738,
    "ridge_select_s": 0.012756899999658344,
    "total_s": 0.054190400001971284
  },
  "timestamp": "2026-04-16T18:22:18.950938+00:00"
}