{
  "sweep_name": "region_selection_multitask_v1_narma10",
  "config_id": "4624975b8b19",
  "seed": 123,
  "config_point": {
    "spectral_radius": 1.1,
    "input_scaling": 0.1,
    "leak_rate": 0.6
  },
  "best_ridge": 1e-10,
  "val_curve": {
    "1e-10": 0.1719841111644326,
    "1e-08": 0.17674175877974937,
    "1e-06": 0.20993225528368334,
    "0.0001": 0.25445234662057387,
    "0.01": 0.2937899829243499,
    "1.0": 0.42747107121689726
  },
  "val_metrics": {
    "nmse": 0.1719841111644326,
    "rmse": 0.04054759981059011
  },
  "test_metrics": {
    "nmse": 0.16812865284047168,
    "rmse": 0.04233451665038438
  },
  "timing": {
    "train_states_s": 0.018154700002924073,
    "ridge_select_s": 0.012116400001104921,
    "total_s": 0.05346500000086962
  },
  "timestamp": "2026-04-16T18:22:13.597372+00:00"
}