{
  "sweep_name": "region_selection_multitask_v1_narma10",
  "config_id": "4624975b8b19",
  "seed": 42,
  "config_point": {
    "spectral_radius": 1.1,
    "input_scaling": 0.1,
    "leak_rate": 0.6
  },
  "best_ridge": 1e-08,
  "val_curve": {
    "1e-10": 0.189198424844022,
    "1e-08": 0.18724533433225524,
    "1e-06": 0.20464961994052197,
    "0.0001": 0.22656769772405966,
    "0.01": 0.2626010368492232,
    "1.0": 0.5179020544131258
  },
  "val_metrics": {
    "nmse": 0.18724533433225524,
    "rmse": 0.053384084775164924
  },
  "test_metrics": {
    "nmse": 0.19093071254805793,
    "rmse": 0.04439594137278256
  },
  "timing": {
    "train_states_s": 0.017898599999170983,
    "ridge_select_s": 0.012109899998904439,
    "total_s": 0.06997780000165221
  },
  "timestamp": "2026-04-16T18:22:13.529283+00:00"
}