{
  "sweep_name": "region_selection_multitask_v1_narma10",
  "config_id": "48d26dd61317",
  "seed": 42,
  "config_point": {
    "spectral_radius": 1.1,
    "input_scaling": 0.4,
    "leak_rate": 0.8
  },
  "best_ridge": 1e-06,
  "val_curve": {
    "1e-10": 0.15207904084251128,
    "1e-08": 0.15207704868658617,
    "1e-06": 0.15192163694937943,
    "0.0001": 0.16750671926004534,
    "0.01": 0.22106124199206384,
    "1.0": 0.3126871464026453
  },
  "val_metrics": {
    "nmse": 0.15192163694937943,
    "rmse": 0.04808571904779685
  },
  "test_metrics": {
    "nmse": 0.12525781271934416,
    "rmse": 0.035959014791905816
  },
  "timing": {
    "train_states_s": 0.018670100002054824,
    "ridge_select_s": 0.012337700001808116,
    "total_s": 0.06832809999832534
  },
  "timestamp": "2026-04-16T18:22:22.784985+00:00"
}