{
  "sweep_name": "region_selection_multitask_v1_narma10",
  "config_id": "48d26dd61317",
  "seed": 789,
  "config_point": {
    "spectral_radius": 1.1,
    "input_scaling": 0.4,
    "leak_rate": 0.8
  },
  "best_ridge": 1e-10,
  "val_curve": {
    "1e-10": 0.14741324923335897,
    "1e-08": 0.14741548975862667,
    "1e-06": 0.14765729310674894,
    "0.0001": 0.1602574987106686,
    "0.01": 0.20701201726923715,
    "1.0": 0.31495151177125236
  },
  "val_metrics": {
    "nmse": 0.14741324923335897,
    "rmse": 0.04245254115830003
  },
  "test_metrics": {
    "nmse": 0.11478091707648165,
    "rmse": 0.036034152807581016
  },
  "timing": {
    "train_states_s": 0.01860120000128518,
    "ridge_select_s": 0.012369000000035157,
    "total_s": 0.05373959999997169
  },
  "timestamp": "2026-04-16T18:22:22.995216+00:00"
}