{
  "sweep_name": "region_selection_multitask_v1_narma10",
  "config_id": "48d26dd61317",
  "seed": 456,
  "config_point": {
    "spectral_radius": 1.1,
    "input_scaling": 0.4,
    "leak_rate": 0.8
  },
  "best_ridge": 0.0001,
  "val_curve": {
    "1e-10": 0.22392046150606032,
    "1e-08": 0.2239204411725214,
    "1e-06": 0.22391841117848746,
    "0.0001": 0.22374536559082436,
    "0.01": 0.22800219221348217,
    "1.0": 0.29757277866280707
  },
  "val_metrics": {
    "nmse": 0.22374536559082436,
    "rmse": 0.04802044598627723
  },
  "test_metrics": {
    "nmse": 0.2229981402929074,
    "rmse": 0.04971335475073666
  },
  "timing": {
    "train_states_s": 0.019118299998808652,
    "ridge_select_s": 0.01195200000074692,
    "total_s": 0.05649740000080783
  },
  "timestamp": "2026-04-16T18:22:22.926517+00:00"
}