{
  "sweep_name": "region_selection_multitask_v1_narma10",
  "config_id": "4a5de2fdccd6",
  "seed": 123,
  "config_point": {
    "spectral_radius": 0.8,
    "input_scaling": 0.2,
    "leak_rate": 0.8
  },
  "best_ridge": 1e-10,
  "val_curve": {
    "1e-10": 0.11357312779695265,
    "1e-08": 0.12423729564454285,
    "1e-06": 0.1605920688582822,
    "0.0001": 0.2330110298578525,
    "0.01": 0.3136585374099396,
    "1.0": 0.5450108083226928
  },
  "val_metrics": {
    "nmse": 0.11357312779695265,
    "rmse": 0.03295025512667764
  },
  "test_metrics": {
    "nmse": 0.1019217403296109,
    "rmse": 0.03296151420948488
  },
  "timing": {
    "train_states_s": 0.0179625999990094,
    "ridge_select_s": 0.012359600001218496,
    "total_s": 0.05269630000111647
  },
  "timestamp": "2026-04-16T18:21:39.586371+00:00"
}