{
  "sweep_name": "region_selection_multitask_v1_narma10",
  "config_id": "4a5de2fdccd6",
  "seed": 456,
  "config_point": {
    "spectral_radius": 0.8,
    "input_scaling": 0.2,
    "leak_rate": 0.8
  },
  "best_ridge": 1e-10,
  "val_curve": {
    "1e-10": 0.09537786650910396,
    "1e-08": 0.0975448742221969,
    "1e-06": 0.11941905568463904,
    "0.0001": 0.18060623730543326,
    "0.01": 0.2732853957079483,
    "1.0": 0.4351331041565652
  },
  "val_metrics": {
    "nmse": 0.09537786650910396,
    "rmse": 0.0313525570441521
  },
  "test_metrics": {
    "nmse": 0.09659170870007917,
    "rmse": 0.032718423905793236
  },
  "timing": {
    "train_states_s": 0.018331700000999263,
    "ridge_select_s": 0.012414000000717351,
    "total_s": 0.056343999996897765
  },
  "timestamp": "2026-04-16T18:21:39.657401+00:00"
}