{
  "sweep_name": "region_selection_multitask_v1_narma10",
  "config_id": "4a5de2fdccd6",
  "seed": 789,
  "config_point": {
    "spectral_radius": 0.8,
    "input_scaling": 0.2,
    "leak_rate": 0.8
  },
  "best_ridge": 1e-10,
  "val_curve": {
    "1e-10": 0.13983850390544533,
    "1e-08": 0.14614727400052505,
    "1e-06": 0.16707707485378934,
    "0.0001": 0.23079161665351866,
    "0.01": 0.3208658807180156,
    "1.0": 0.48924035712750513
  },
  "val_metrics": {
    "nmse": 0.13983850390544533,
    "rmse": 0.04134745819090281
  },
  "test_metrics": {
    "nmse": 0.10992356157455783,
    "rmse": 0.035263455449777964
  },
  "timing": {
    "train_states_s": 0.017965099999855738,
    "ridge_select_s": 0.012597699998877943,
    "total_s": 0.053251999997883104
  },
  "timestamp": "2026-04-16T18:21:39.725879+00:00"
}