{
  "sweep_name": "region_selection_multitask_v1_narma10",
  "config_id": "4b181bf29230",
  "seed": 123,
  "config_point": {
    "spectral_radius": 0.8,
    "input_scaling": 0.4,
    "leak_rate": 1.0
  },
  "best_ridge": 1e-08,
  "val_curve": {
    "1e-10": 0.11173320517348954,
    "1e-08": 0.11170460233451976,
    "1e-06": 0.11301709998186457,
    "0.0001": 0.15516341928315924,
    "0.01": 0.19596123824997672,
    "1.0": 0.4379555734515125
  },
  "val_metrics": {
    "nmse": 0.11170460233451976,
    "rmse": 0.0326780792597298
  },
  "test_metrics": {
    "nmse": 0.1032846760131947,
    "rmse": 0.03318116917741149
  },
  "timing": {
    "train_states_s": 0.017982199999096338,
    "ridge_select_s": 0.012492899997596396,
    "total_s": 0.05296390000148676
  },
  "timestamp": "2026-04-16T18:21:44.771778+00:00"
}