{
  "sweep_name": "region_selection_multitask_v1_narma10",
  "config_id": "4b181bf29230",
  "seed": 42,
  "config_point": {
    "spectral_radius": 0.8,
    "input_scaling": 0.4,
    "leak_rate": 1.0
  },
  "best_ridge": 1e-10,
  "val_curve": {
    "1e-10": 0.11420367299462555,
    "1e-08": 0.11425649129804707,
    "1e-06": 0.12006268984623134,
    "0.0001": 0.14035286740495126,
    "0.01": 0.219611832407569,
    "1.0": 0.4133791997789829
  },
  "val_metrics": {
    "nmse": 0.11420367299462555,
    "rmse": 0.041691386167448156
  },
  "test_metrics": {
    "nmse": 0.09287047697092078,
    "rmse": 0.030963083970834557
  },
  "timing": {
    "train_states_s": 0.017927100001543295,
    "ridge_select_s": 0.01159170000028098,
    "total_s": 0.06618759999764734
  },
  "timestamp": "2026-04-16T18:21:44.704028+00:00"
}