{
  "sweep_name": "region_selection_multitask_v1_narma10",
  "config_id": "4b181bf29230",
  "seed": 1024,
  "config_point": {
    "spectral_radius": 0.8,
    "input_scaling": 0.4,
    "leak_rate": 1.0
  },
  "best_ridge": 1e-10,
  "val_curve": {
    "1e-10": 0.20261982738903353,
    "1e-08": 0.20265656954839675,
    "1e-06": 0.20771196986179727,
    "0.0001": 0.24328546857154387,
    "0.01": 0.2967488324224204,
    "1.0": 0.6130974183680425
  },
  "val_metrics": {
    "nmse": 0.20261982738903353,
    "rmse": 0.05700928544266483
  },
  "test_metrics": {
    "nmse": 0.13924639811322195,
    "rmse": 0.042594918971347526
  },
  "timing": {
    "train_states_s": 0.01789459999781684,
    "ridge_select_s": 0.012194499999168329,
    "total_s": 0.051536099999793805
  },
  "timestamp": "2026-04-16T18:21:44.976926+00:00"
}