{
  "sweep_name": "region_selection_multitask_v1_narma10",
  "config_id": "4b181bf29230",
  "seed": 456,
  "config_point": {
    "spectral_radius": 0.8,
    "input_scaling": 0.4,
    "leak_rate": 1.0
  },
  "best_ridge": 1e-06,
  "val_curve": {
    "1e-10": 0.10846197345170791,
    "1e-08": 0.10845964597257493,
    "1e-06": 0.1083396181025726,
    "0.0001": 0.12662130665289723,
    "0.01": 0.19458221393027067,
    "1.0": 0.29941435332897426
  },
  "val_metrics": {
    "nmse": 0.1083396181025726,
    "rmse": 0.03341510384282196
  },
  "test_metrics": {
    "nmse": 0.10389059056071187,
    "rmse": 0.03393208592026825
  },
  "timing": {
    "train_states_s": 0.018181600000389153,
    "ridge_select_s": 0.012338900000031572,
    "total_s": 0.055211799997778144
  },
  "timestamp": "2026-04-16T18:21:44.841783+00:00"
}