{
  "sweep_name": "region_selection_multitask_v1_narma10",
  "config_id": "4bf4f06eba9c",
  "seed": 42,
  "config_point": {
    "spectral_radius": 0.8,
    "input_scaling": 0.2,
    "leak_rate": 1.0
  },
  "best_ridge": 1e-10,
  "val_curve": {
    "1e-10": 0.1047176609907551,
    "1e-08": 0.10912444595895099,
    "1e-06": 0.1273059609536847,
    "0.0001": 0.1746946466323145,
    "0.01": 0.25058775939336614,
    "1.0": 0.46857298828139565
  },
  "val_metrics": {
    "nmse": 0.1047176609907551,
    "rmse": 0.039922365421358935
  },
  "test_metrics": {
    "nmse": 0.09089423619295756,
    "rmse": 0.030631872439039726
  },
  "timing": {
    "train_states_s": 0.01794579999841517,
    "ridge_select_s": 0.013246900001831818,
    "total_s": 0.06724419999954989
  },
  "timestamp": "2026-04-16T18:21:40.215546+00:00"
}