{
  "sweep_name": "region_selection_multitask_v1_narma10",
  "config_id": "4bf4f06eba9c",
  "seed": 1024,
  "config_point": {
    "spectral_radius": 0.8,
    "input_scaling": 0.2,
    "leak_rate": 1.0
  },
  "best_ridge": 1e-10,
  "val_curve": {
    "1e-10": 0.1888141496727118,
    "1e-08": 0.19222724732286706,
    "1e-06": 0.22176699639148295,
    "0.0001": 0.25619871800320054,
    "0.01": 0.3263050158509746,
    "1.0": 0.6818151924568252
  },
  "val_metrics": {
    "nmse": 0.1888141496727118,
    "rmse": 0.05503283622217395
  },
  "test_metrics": {
    "nmse": 0.12909687767899444,
    "rmse": 0.041013202343682
  },
  "timing": {
    "train_states_s": 0.017856300000858027,
    "ridge_select_s": 0.012454899999283953,
    "total_s": 0.05173120000108611
  },
  "timestamp": "2026-04-16T18:21:40.488878+00:00"
}