{
  "sweep_name": "region_selection_multitask_v1_narma10",
  "config_id": "4bf4f06eba9c",
  "seed": 789,
  "config_point": {
    "spectral_radius": 0.8,
    "input_scaling": 0.2,
    "leak_rate": 1.0
  },
  "best_ridge": 1e-10,
  "val_curve": {
    "1e-10": 0.1480835887607571,
    "1e-08": 0.14815846829867907,
    "1e-06": 0.16176525238487482,
    "0.0001": 0.193207985296254,
    "0.01": 0.2434294907022341,
    "1.0": 0.5371568954195329
  },
  "val_metrics": {
    "nmse": 0.1480835887607571,
    "rmse": 0.042548954941299386
  },
  "test_metrics": {
    "nmse": 0.11705063988066862,
    "rmse": 0.03638868544519776
  },
  "timing": {
    "train_states_s": 0.017904899999848567,
    "ridge_select_s": 0.012479900000471389,
    "total_s": 0.0527079000021331
  },
  "timestamp": "2026-04-16T18:21:40.422534+00:00"
}