{
  "sweep_name": "region_selection_multitask_v1_narma10",
  "config_id": "4c9884e52c0b",
  "seed": 42,
  "config_point": {
    "spectral_radius": 1.1,
    "input_scaling": 0.05,
    "leak_rate": 0.8
  },
  "best_ridge": 1e-08,
  "val_curve": {
    "1e-10": 0.15182299766666452,
    "1e-08": 0.15157559514943758,
    "1e-06": 0.15602178998314642,
    "0.0001": 0.17570840769810048,
    "0.01": 0.2762920783465114,
    "1.0": 0.6861167796038412
  },
  "val_metrics": {
    "nmse": 0.15157559514943758,
    "rmse": 0.048030923841446055
  },
  "test_metrics": {
    "nmse": 0.1445467573390567,
    "rmse": 0.03862865165934149
  },
  "timing": {
    "train_states_s": 0.018803700000717072,
    "ridge_select_s": 0.01240499999767053,
    "total_s": 0.07341309999901569
  },
  "timestamp": "2026-04-16T18:22:12.011628+00:00"
}