{
  "sweep_name": "region_selection_multitask_v1_narma10",
  "config_id": "4cf2b39e2665",
  "seed": 42,
  "config_point": {
    "spectral_radius": 0.9,
    "input_scaling": 0.3,
    "leak_rate": 0.5
  },
  "best_ridge": 1e-08,
  "val_curve": {
    "1e-10": 0.15361444737667582,
    "1e-08": 0.15280817336666286,
    "1e-06": 0.16893887824266698,
    "0.0001": 0.21021087842842015,
    "0.01": 0.2565577344595719,
    "1.0": 0.3983930510229718
  },
  "val_metrics": {
    "nmse": 0.15280817336666286,
    "rmse": 0.048225816704188865
  },
  "test_metrics": {
    "nmse": 0.22069650387091244,
    "rmse": 0.04773128201588046
  },
  "timing": {
    "train_states_s": 0.01787260000128299,
    "ridge_select_s": 0.01217739999992773,
    "total_s": 0.05958470000041416
  },
  "timestamp": "2026-04-16T18:21:53.763919+00:00"
}