{
  "sweep_name": "region_selection_multitask_v1_narma10",
  "config_id": "4cf2b39e2665",
  "seed": 789,
  "config_point": {
    "spectral_radius": 0.9,
    "input_scaling": 0.3,
    "leak_rate": 0.5
  },
  "best_ridge": 1e-10,
  "val_curve": {
    "1e-10": 0.2041087372240273,
    "1e-08": 0.21229652013333938,
    "1e-06": 0.23937674678633503,
    "0.0001": 0.26961854386792705,
    "0.01": 0.2940303173158623,
    "1.0": 0.4331357931570591
  },
  "val_metrics": {
    "nmse": 0.2041087372240273,
    "rmse": 0.04995353538613284
  },
  "test_metrics": {
    "nmse": 0.18900603839893435,
    "rmse": 0.0462399451635394
  },
  "timing": {
    "train_states_s": 0.018081999998685205,
    "ridge_select_s": 0.012113499997212784,
    "total_s": 0.051734299999225186
  },
  "timestamp": "2026-04-16T18:21:53.968653+00:00"
}