{
  "sweep_name": "region_selection_multitask_v1_narma10",
  "config_id": "4cf2b39e2665",
  "seed": 123,
  "config_point": {
    "spectral_radius": 0.9,
    "input_scaling": 0.3,
    "leak_rate": 0.5
  },
  "best_ridge": 1e-10,
  "val_curve": {
    "1e-10": 0.21555657142726767,
    "1e-08": 0.22895462505473965,
    "1e-06": 0.2570139692186932,
    "0.0001": 0.291457825796378,
    "0.01": 0.35340943227306515,
    "1.0": 0.43756738624301394
  },
  "val_metrics": {
    "nmse": 0.21555657142726767,
    "rmse": 0.04539433120428161
  },
  "test_metrics": {
    "nmse": 0.19793194868110608,
    "rmse": 0.045933727460379534
  },
  "timing": {
    "train_states_s": 0.017956499999854714,
    "ridge_select_s": 0.0133337000006577,
    "total_s": 0.05332320000161417
  },
  "timestamp": "2026-04-16T18:21:53.831988+00:00"
}