{
  "sweep_name": "region_selection_multitask_v1_narma10",
  "config_id": "4d2160951482",
  "seed": 456,
  "config_point": {
    "spectral_radius": 1.0,
    "input_scaling": 0.2,
    "leak_rate": 0.9
  },
  "best_ridge": 1e-06,
  "val_curve": {
    "1e-10": 0.1277836744691063,
    "1e-08": 0.12778086978701825,
    "1e-06": 0.1276349023991766,
    "0.0001": 0.13289123010337112,
    "0.01": 0.15715472488932478,
    "1.0": 0.25743556524052297
  },
  "val_metrics": {
    "nmse": 0.1276349023991766,
    "rmse": 0.03626885875914562
  },
  "test_metrics": {
    "nmse": 0.12587133005534953,
    "rmse": 0.037349591927082884
  },
  "timing": {
    "train_states_s": 0.018141900000046007,
    "ridge_select_s": 0.011955199999647448,
    "total_s": 0.05471580000084941
  },
  "timestamp": "2026-04-16T18:22:06.192775+00:00"
}