{
  "sweep_name": "region_selection_multitask_v1_narma10",
  "config_id": "4d2160951482",
  "seed": 42,
  "config_point": {
    "spectral_radius": 1.0,
    "input_scaling": 0.2,
    "leak_rate": 0.9
  },
  "best_ridge": 1e-10,
  "val_curve": {
    "1e-10": 0.1002443953130728,
    "1e-08": 0.10025005570956796,
    "1e-06": 0.10578623162393547,
    "0.0001": 0.14209029541481852,
    "0.01": 0.16781851087262506,
    "1.0": 0.32044755133555136
  },
  "val_metrics": {
    "nmse": 0.1002443953130728,
    "rmse": 0.03906036967679064
  },
  "test_metrics": {
    "nmse": 0.08358209408958155,
    "rmse": 0.02937392600294643
  },
  "timing": {
    "train_states_s": 0.01787799999874551,
    "ridge_select_s": 0.011859199999889825,
    "total_s": 0.05682410000008531
  },
  "timestamp": "2026-04-16T18:22:06.049195+00:00"
}