{
  "sweep_name": "region_selection_multitask_v1_narma10",
  "config_id": "4d2160951482",
  "seed": 1024,
  "config_point": {
    "spectral_radius": 1.0,
    "input_scaling": 0.2,
    "leak_rate": 0.9
  },
  "best_ridge": 1e-10,
  "val_curve": {
    "1e-10": 0.14561265362506817,
    "1e-08": 0.14576419745652458,
    "1e-06": 0.15649143685557648,
    "0.0001": 0.21307471590586682,
    "0.01": 0.27661475546468417,
    "1.0": 0.37738496562272106
  },
  "val_metrics": {
    "nmse": 0.14561265362506817,
    "rmse": 0.048328596745492225
  },
  "test_metrics": {
    "nmse": 0.09657342727827081,
    "rmse": 0.03547273165179167
  },
  "timing": {
    "train_states_s": 0.017936899999767775,
    "ridge_select_s": 0.012050599998474354,
    "total_s": 0.05165620000116178
  },
  "timestamp": "2026-04-16T18:22:06.327086+00:00"
}