{
  "sweep_name": "region_selection_multitask_v1_narma10",
  "config_id": "4df7ca5b3a5c",
  "seed": 123,
  "config_point": {
    "spectral_radius": 1.0,
    "input_scaling": 0.4,
    "leak_rate": 0.5
  },
  "best_ridge": 1e-10,
  "val_curve": {
    "1e-10": 0.23125558929400464,
    "1e-08": 0.23171016600109384,
    "1e-06": 0.24288059347576924,
    "0.0001": 0.2730198274584133,
    "0.01": 0.3146743075149035,
    "1.0": 0.4029461851451549
  },
  "val_metrics": {
    "nmse": 0.23125558929400464,
    "rmse": 0.04701832000772851
  },
  "test_metrics": {
    "nmse": 0.20919234741797438,
    "rmse": 0.04722224561175484
  },
  "timing": {
    "train_states_s": 0.017997499999182764,
    "ridge_select_s": 0.011800799999036826,
    "total_s": 0.05237720000150148
  },
  "timestamp": "2026-04-16T18:22:08.939467+00:00"
}