{
  "sweep_name": "region_selection_multitask_v1_narma10",
  "config_id": "4df7ca5b3a5c",
  "seed": 42,
  "config_point": {
    "spectral_radius": 1.0,
    "input_scaling": 0.4,
    "leak_rate": 0.5
  },
  "best_ridge": 1e-08,
  "val_curve": {
    "1e-10": 0.15760548148721779,
    "1e-08": 0.15725169757826127,
    "1e-06": 0.16127945248271394,
    "0.0001": 0.189350358115576,
    "0.01": 0.23966206225432504,
    "1.0": 0.29936203358071845
  },
  "val_metrics": {
    "nmse": 0.15725169757826127,
    "rmse": 0.048921973747616886
  },
  "test_metrics": {
    "nmse": 0.2153953521526919,
    "rmse": 0.04715454258735088
  },
  "timing": {
    "train_states_s": 0.01786580000043614,
    "ridge_select_s": 0.012360799999441952,
    "total_s": 0.05696660000103293
  },
  "timestamp": "2026-04-16T18:22:08.871749+00:00"
}