{
  "sweep_name": "region_selection_multitask_v1_narma10",
  "config_id": "4df7ca5b3a5c",
  "seed": 789,
  "config_point": {
    "spectral_radius": 1.0,
    "input_scaling": 0.4,
    "leak_rate": 0.5
  },
  "best_ridge": 1e-08,
  "val_curve": {
    "1e-10": 0.20806902988651882,
    "1e-08": 0.20774305035987814,
    "1e-06": 0.21792739797994107,
    "0.0001": 0.2578114994817778,
    "0.01": 0.2904345036696747,
    "1.0": 0.3576135598837621
  },
  "val_metrics": {
    "nmse": 0.20774305035987814,
    "rmse": 0.050396303694236956
  },
  "test_metrics": {
    "nmse": 0.19338651782116306,
    "rmse": 0.04677271364844234
  },
  "timing": {
    "train_states_s": 0.01789680000001681,
    "ridge_select_s": 0.011783699999796227,
    "total_s": 0.05192380000153207
  },
  "timestamp": "2026-04-16T18:22:09.077282+00:00"
}