{
  "sweep_name": "region_selection_multitask_v1_narma10",
  "config_id": "4e018c35c4e2",
  "seed": 456,
  "config_point": {
    "spectral_radius": 1.0,
    "input_scaling": 0.4,
    "leak_rate": 0.9
  },
  "best_ridge": 1e-06,
  "val_curve": {
    "1e-10": 0.1310111150720204,
    "1e-08": 0.1310110707168223,
    "1e-06": 0.13100687021497903,
    "0.0001": 0.13140235615154122,
    "0.01": 0.14525976358345402,
    "1.0": 0.19515547163260225
  },
  "val_metrics": {
    "nmse": 0.13100687021497903,
    "rmse": 0.03674482645888559
  },
  "test_metrics": {
    "nmse": 0.13988653603007856,
    "rmse": 0.039374079017538186
  },
  "timing": {
    "train_states_s": 0.017990399999689544,
    "ridge_select_s": 0.012414600001648068,
    "total_s": 0.055787000001146225
  },
  "timestamp": "2026-04-16T18:22:10.414831+00:00"
}