{
  "sweep_name": "region_selection_multitask_v1_narma10",
  "config_id": "4e018c35c4e2",
  "seed": 1024,
  "config_point": {
    "spectral_radius": 1.0,
    "input_scaling": 0.4,
    "leak_rate": 0.9
  },
  "best_ridge": 1e-10,
  "val_curve": {
    "1e-10": 0.15937572865324975,
    "1e-08": 0.15938142684450476,
    "1e-06": 0.15993411259174034,
    "0.0001": 0.1794616353422105,
    "0.01": 0.2420938927674092,
    "1.0": 0.3605309509027999
  },
  "val_metrics": {
    "nmse": 0.15937572865324975,
    "rmse": 0.05056100743263267
  },
  "test_metrics": {
    "nmse": 0.10440320828506786,
    "rmse": 0.03688270234337008
  },
  "timing": {
    "train_states_s": 0.017841900000348687,
    "ridge_select_s": 0.012060899996868102,
    "total_s": 0.05286989999876823
  },
  "timestamp": "2026-04-16T18:22:10.549462+00:00"
}