{
  "sweep_name": "region_selection_multitask_v1_narma10",
  "config_id": "4f45ab3701e0",
  "seed": 1024,
  "config_point": {
    "spectral_radius": 0.7,
    "input_scaling": 0.05,
    "leak_rate": 0.6
  },
  "best_ridge": 1e-10,
  "val_curve": {
    "1e-10": 0.25263611327506436,
    "1e-08": 0.3092631850725703,
    "1e-06": 0.36665247411821467,
    "0.0001": 0.39322458337552046,
    "0.01": 0.5078848173051982,
    "1.0": 0.8966978620570424
  },
  "val_metrics": {
    "nmse": 0.25263611327506436,
    "rmse": 0.06365790513192351
  },
  "test_metrics": {
    "nmse": 0.19738350135955388,
    "rmse": 0.05071322572488403
  },
  "timing": {
    "train_states_s": 0.01883520000046701,
    "ridge_select_s": 0.012545600002340507,
    "total_s": 0.05383900000015274
  },
  "timestamp": "2026-04-16T18:21:20.166170+00:00"
}