{
  "sweep_name": "region_selection_multitask_v1_narma10",
  "config_id": "4f45ab3701e0",
  "seed": 123,
  "config_point": {
    "spectral_radius": 0.7,
    "input_scaling": 0.05,
    "leak_rate": 0.6
  },
  "best_ridge": 1e-10,
  "val_curve": {
    "1e-10": 0.24617285005217862,
    "1e-08": 0.2845183725380859,
    "1e-06": 0.3187823787522975,
    "0.0001": 0.3653836245623601,
    "0.01": 0.4885573628183251,
    "1.0": 0.9256811687917681
  },
  "val_metrics": {
    "nmse": 0.24617285005217862,
    "rmse": 0.04851109360893229
  },
  "test_metrics": {
    "nmse": 0.22568666281704008,
    "rmse": 0.04904860798122803
  },
  "timing": {
    "train_states_s": 0.017839500000263797,
    "ridge_select_s": 0.012714799999230308,
    "total_s": 0.052431200001592515
  },
  "timestamp": "2026-04-16T18:21:19.958653+00:00"
}