{
  "sweep_name": "region_selection_multitask_v1_narma10",
  "config_id": "4f45ab3701e0",
  "seed": 789,
  "config_point": {
    "spectral_radius": 0.7,
    "input_scaling": 0.05,
    "leak_rate": 0.6
  },
  "best_ridge": 1e-10,
  "val_curve": {
    "1e-10": 0.234809116107929,
    "1e-08": 0.2885994629623734,
    "1e-06": 0.3221012009904004,
    "0.0001": 0.3455148573863279,
    "0.01": 0.4505424056153223,
    "1.0": 0.8618731792752179
  },
  "val_metrics": {
    "nmse": 0.234809116107929,
    "rmse": 0.053578790946010174
  },
  "test_metrics": {
    "nmse": 0.2074268871179417,
    "rmse": 0.048440876823511475
  },
  "timing": {
    "train_states_s": 0.01780710000093677,
    "ridge_select_s": 0.012264999997569248,
    "total_s": 0.05224640000233194
  },
  "timestamp": "2026-04-16T18:21:20.097219+00:00"
}