{
  "sweep_name": "region_selection_multitask_v1_narma10",
  "config_id": "4f45ab3701e0",
  "seed": 42,
  "config_point": {
    "spectral_radius": 0.7,
    "input_scaling": 0.05,
    "leak_rate": 0.6
  },
  "best_ridge": 1e-10,
  "val_curve": {
    "1e-10": 0.19313761604007756,
    "1e-08": 0.26738441804969126,
    "1e-06": 0.3009046914225965,
    "0.0001": 0.33081100168756983,
    "0.01": 0.40524622004132277,
    "1.0": 0.8096877095104505
  },
  "val_metrics": {
    "nmse": 0.19313761604007756,
    "rmse": 0.0542175304734884
  },
  "test_metrics": {
    "nmse": 0.22042906227453357,
    "rmse": 0.047702352695161515
  },
  "timing": {
    "train_states_s": 0.018887300000642426,
    "ridge_select_s": 0.012557400001242058,
    "total_s": 0.06365490000098362
  },
  "timestamp": "2026-04-16T18:21:19.891287+00:00"
}