{
  "sweep_name": "region_selection_multitask_v1_narma10",
  "config_id": "5033ae01f908",
  "seed": 42,
  "config_point": {
    "spectral_radius": 0.9,
    "input_scaling": 0.2,
    "leak_rate": 1.0
  },
  "best_ridge": 1e-10,
  "val_curve": {
    "1e-10": 0.096116979533671,
    "1e-08": 0.09623610544762466,
    "1e-06": 0.10565924406069278,
    "0.0001": 0.13204458937182173,
    "0.01": 0.20537234022363896,
    "1.0": 0.3430139096705543
  },
  "val_metrics": {
    "nmse": 0.096116979533671,
    "rmse": 0.03824779089424601
  },
  "test_metrics": {
    "nmse": 0.08201213385314514,
    "rmse": 0.02909674637342262
  },
  "timing": {
    "train_states_s": 0.01871269999901415,
    "ridge_select_s": 0.012965099998837104,
    "total_s": 0.0963119000007282
  },
  "timestamp": "2026-04-16T18:21:53.415369+00:00"
}