{
  "sweep_name": "region_selection_multitask_v1_narma10",
  "config_id": "5033ae01f908",
  "seed": 123,
  "config_point": {
    "spectral_radius": 0.9,
    "input_scaling": 0.2,
    "leak_rate": 1.0
  },
  "best_ridge": 1e-08,
  "val_curve": {
    "1e-10": 0.10363802352950253,
    "1e-08": 0.10335256191777356,
    "1e-06": 0.10444153997159432,
    "0.0001": 0.1527826119157819,
    "0.01": 0.1935016204814194,
    "1.0": 0.28133511588422544
  },
  "val_metrics": {
    "nmse": 0.10335256191777356,
    "rmse": 0.03143269450344178
  },
  "test_metrics": {
    "nmse": 0.09753974976442345,
    "rmse": 0.0322451615861887
  },
  "timing": {
    "train_states_s": 0.01856709999992745,
    "ridge_select_s": 0.012874200001533609,
    "total_s": 0.05352169999969192
  },
  "timestamp": "2026-04-16T18:21:53.483708+00:00"
}