{
  "sweep_name": "region_selection_multitask_v1_narma10",
  "config_id": "5033ae01f908",
  "seed": 789,
  "config_point": {
    "spectral_radius": 0.9,
    "input_scaling": 0.2,
    "leak_rate": 1.0
  },
  "best_ridge": 1e-08,
  "val_curve": {
    "1e-10": 0.12870286758244187,
    "1e-08": 0.12869636257701353,
    "1e-06": 0.13365949304686536,
    "0.0001": 0.1622601920099255,
    "0.01": 0.19485793215711403,
    "1.0": 0.37511526384584826
  },
  "val_metrics": {
    "nmse": 0.12869636257701353,
    "rmse": 0.039666014695787614
  },
  "test_metrics": {
    "nmse": 0.09421674963521998,
    "rmse": 0.032647018812043134
  },
  "timing": {
    "train_states_s": 0.01786580000043614,
    "ridge_select_s": 0.012868499998148764,
    "total_s": 0.052859700001135934
  },
  "timestamp": "2026-04-16T18:21:53.623196+00:00"
}