{
  "sweep_name": "region_selection_multitask_v1_narma10",
  "config_id": "503532de740a",
  "seed": 123,
  "config_point": {
    "spectral_radius": 0.8,
    "input_scaling": 0.1,
    "leak_rate": 0.8
  },
  "best_ridge": 1e-10,
  "val_curve": {
    "1e-10": 0.11984622121766929,
    "1e-08": 0.14759036846986934,
    "1e-06": 0.18609542952211977,
    "0.0001": 0.25726921145048975,
    "0.01": 0.34040028206148615,
    "1.0": 0.7007457570823004
  },
  "val_metrics": {
    "nmse": 0.11984622121766929,
    "rmse": 0.03384801158592408
  },
  "test_metrics": {
    "nmse": 0.10857323286128681,
    "rmse": 0.03402006380628323
  },
  "timing": {
    "train_states_s": 0.017784899999242043,
    "ridge_select_s": 0.012236299997312017,
    "total_s": 0.05268950000026962
  },
  "timestamp": "2026-04-16T18:21:35.358980+00:00"
}