{
  "sweep_name": "region_selection_multitask_v1_narma10",
  "config_id": "503532de740a",
  "seed": 1024,
  "config_point": {
    "spectral_radius": 0.8,
    "input_scaling": 0.1,
    "leak_rate": 0.8
  },
  "best_ridge": 1e-10,
  "val_curve": {
    "1e-10": 0.17116550869309974,
    "1e-08": 0.1990883970199805,
    "1e-06": 0.2416586747246666,
    "0.0001": 0.33461035030948044,
    "0.01": 0.4153455155312862,
    "1.0": 0.6772360107056581
  },
  "val_metrics": {
    "nmse": 0.17116550869309974,
    "rmse": 0.052397764015323346
  },
  "test_metrics": {
    "nmse": 0.11797182059364479,
    "rmse": 0.03920621816314483
  },
  "timing": {
    "train_states_s": 0.01798170000256505,
    "ridge_select_s": 0.012549200000648852,
    "total_s": 0.05389839999770629
  },
  "timestamp": "2026-04-16T18:21:35.564857+00:00"
}