{
  "sweep_name": "region_selection_multitask_v1_narma10",
  "config_id": "503532de740a",
  "seed": 42,
  "config_point": {
    "spectral_radius": 0.8,
    "input_scaling": 0.1,
    "leak_rate": 0.8
  },
  "best_ridge": 1e-10,
  "val_curve": {
    "1e-10": 0.10507419871151386,
    "1e-08": 0.12086519544482524,
    "1e-06": 0.1860387379510663,
    "0.0001": 0.2808466207891801,
    "0.01": 0.3179260908687719,
    "1.0": 0.4880826933975408
  },
  "val_metrics": {
    "nmse": 0.10507419871151386,
    "rmse": 0.03999027055768099
  },
  "test_metrics": {
    "nmse": 0.10579202751006872,
    "rmse": 0.03304698495979641
  },
  "timing": {
    "train_states_s": 0.018386100000498118,
    "ridge_select_s": 0.012147900000854861,
    "total_s": 0.055711799999699
  },
  "timestamp": "2026-04-16T18:21:35.292121+00:00"
}