{
  "sweep_name": "region_selection_multitask_v1_narma10",
  "config_id": "503532de740a",
  "seed": 789,
  "config_point": {
    "spectral_radius": 0.8,
    "input_scaling": 0.1,
    "leak_rate": 0.8
  },
  "best_ridge": 1e-10,
  "val_curve": {
    "1e-10": 0.14290686630947746,
    "1e-08": 0.1600646713243686,
    "1e-06": 0.1863203557043227,
    "0.0001": 0.28338350737738477,
    "0.01": 0.3418336358291298,
    "1.0": 0.5565650266053462
  },
  "val_metrics": {
    "nmse": 0.14290686630947746,
    "rmse": 0.04179862353213292
  },
  "test_metrics": {
    "nmse": 0.10880707647979745,
    "rmse": 0.03508391429797453
  },
  "timing": {
    "train_states_s": 0.01794789999985369,
    "ridge_select_s": 0.01242640000054962,
    "total_s": 0.05220969999936642
  },
  "timestamp": "2026-04-16T18:21:35.495492+00:00"
}