{
  "sweep_name": "region_selection_multitask_v1_narma10",
  "config_id": "503532de740a",
  "seed": 456,
  "config_point": {
    "spectral_radius": 0.8,
    "input_scaling": 0.1,
    "leak_rate": 0.8
  },
  "best_ridge": 1e-10,
  "val_curve": {
    "1e-10": 0.10042038409861184,
    "1e-08": 0.11017236160478516,
    "1e-06": 0.14423167254637795,
    "0.0001": 0.22251329332434042,
    "0.01": 0.3044577405790296,
    "1.0": 0.5593115834839406
  },
  "val_metrics": {
    "nmse": 0.10042038409861184,
    "rmse": 0.032170669867499196
  },
  "test_metrics": {
    "nmse": 0.10107610069184908,
    "rmse": 0.03346930469262398
  },
  "timing": {
    "train_states_s": 0.01791869999942719,
    "ridge_select_s": 0.012564199998450931,
    "total_s": 0.05433849999826634
  },
  "timestamp": "2026-04-16T18:21:35.428218+00:00"
}