{
  "sweep_name": "region_selection_multitask_v1_narma10",
  "config_id": "52760813c871",
  "seed": 789,
  "config_point": {
    "spectral_radius": 0.6,
    "input_scaling": 0.3,
    "leak_rate": 0.6
  },
  "best_ridge": 1e-10,
  "val_curve": {
    "1e-10": 0.21544095270090438,
    "1e-08": 0.23898823608531536,
    "1e-06": 0.2794100056545095,
    "0.0001": 0.3264194924231825,
    "0.01": 0.39713020266636206,
    "1.0": 0.6835345943350534
  },
  "val_metrics": {
    "nmse": 0.21544095270090438,
    "rmse": 0.05132152617308958
  },
  "test_metrics": {
    "nmse": 0.18898391339686166,
    "rmse": 0.04623723866581911
  },
  "timing": {
    "train_states_s": 0.017821100002038293,
    "ridge_select_s": 0.012221299999509938,
    "total_s": 0.052138000002742046
  },
  "timestamp": "2026-04-16T18:21:15.807260+00:00"
}