{
  "sweep_name": "region_selection_multitask_v1_narma10",
  "config_id": "52799148816a",
  "seed": 456,
  "config_point": {
    "spectral_radius": 1.0,
    "input_scaling": 0.3,
    "leak_rate": 0.7
  },
  "best_ridge": 1e-10,
  "val_curve": {
    "1e-10": 0.1419832316259528,
    "1e-08": 0.1419898276233627,
    "1e-06": 0.14271228526392402,
    "0.0001": 0.15686006810956524,
    "0.01": 0.200457057847359,
    "1.0": 0.29468351258171727
  },
  "val_metrics": {
    "nmse": 0.1419832316259528,
    "rmse": 0.03825319314701724
  },
  "test_metrics": {
    "nmse": 0.1459305723127216,
    "rmse": 0.04021569637680706
  },
  "timing": {
    "train_states_s": 0.017824999998993007,
    "ridge_select_s": 0.011636100000032457,
    "total_s": 0.05473429999983637
  },
  "timestamp": "2026-04-16T18:22:07.594940+00:00"
}