{
  "sweep_name": "region_selection_multitask_v1_narma10",
  "config_id": "52799148816a",
  "seed": 789,
  "config_point": {
    "spectral_radius": 1.0,
    "input_scaling": 0.3,
    "leak_rate": 0.7
  },
  "best_ridge": 1e-10,
  "val_curve": {
    "1e-10": 0.1591731986756805,
    "1e-08": 0.15917777471050126,
    "1e-06": 0.16578227182637562,
    "0.0001": 0.2105979942157924,
    "0.01": 0.26350889161387625,
    "1.0": 0.3840063438320636
  },
  "val_metrics": {
    "nmse": 0.1591731986756805,
    "rmse": 0.04411338702186587
  },
  "test_metrics": {
    "nmse": 0.13335916245526921,
    "rmse": 0.03884104450718518
  },
  "timing": {
    "train_states_s": 0.01799119999850518,
    "ridge_select_s": 0.01257130000158213,
    "total_s": 0.05234589999963646
  },
  "timestamp": "2026-04-16T18:22:07.672861+00:00"
}