{
  "sweep_name": "region_selection_multitask_v1_narma10",
  "config_id": "52799148816a",
  "seed": 42,
  "config_point": {
    "spectral_radius": 1.0,
    "input_scaling": 0.3,
    "leak_rate": 0.7
  },
  "best_ridge": 1e-08,
  "val_curve": {
    "1e-10": 0.1212175427921959,
    "1e-08": 0.12103616457436457,
    "1e-06": 0.12416697848810718,
    "0.0001": 0.16342260234375172,
    "0.01": 0.21280870683741315,
    "1.0": 0.3018775050545357
  },
  "val_metrics": {
    "nmse": 0.12103616457436457,
    "rmse": 0.04292041135034066
  },
  "test_metrics": {
    "nmse": 0.14327528683860044,
    "rmse": 0.03845838261599177
  },
  "timing": {
    "train_states_s": 0.018075199997838354,
    "ridge_select_s": 0.012526099999377038,
    "total_s": 0.06692130000010366
  },
  "timestamp": "2026-04-16T18:22:07.458802+00:00"
}