{
  "sweep_name": "region_selection_multitask_v1_narma10",
  "config_id": "52799148816a",
  "seed": 123,
  "config_point": {
    "spectral_radius": 1.0,
    "input_scaling": 0.3,
    "leak_rate": 0.7
  },
  "best_ridge": 1e-08,
  "val_curve": {
    "1e-10": 0.15045408064819035,
    "1e-08": 0.150286718465304,
    "1e-06": 0.1557754123660336,
    "0.0001": 0.2035149453230019,
    "0.01": 0.25792413071704146,
    "1.0": 0.37723689310626113
  },
  "val_metrics": {
    "nmse": 0.150286718465304,
    "rmse": 0.03790367234961964
  },
  "test_metrics": {
    "nmse": 0.1288117847921833,
    "rmse": 0.037055402753015464
  },
  "timing": {
    "train_states_s": 0.017948699998669326,
    "ridge_select_s": 0.011950699998124037,
    "total_s": 0.051966400002129376
  },
  "timestamp": "2026-04-16T18:22:07.525558+00:00"
}