{
  "sweep_name": "region_selection_multitask_v1_narma10",
  "config_id": "52799148816a",
  "seed": 1024,
  "config_point": {
    "spectral_radius": 1.0,
    "input_scaling": 0.3,
    "leak_rate": 0.7
  },
  "best_ridge": 1e-10,
  "val_curve": {
    "1e-10": 0.1753584755693226,
    "1e-08": 0.17559484621708304,
    "1e-06": 0.18244831423612723,
    "0.0001": 0.21735643999402324,
    "0.01": 0.2870624691760402,
    "1.0": 0.40907564857590334
  },
  "val_metrics": {
    "nmse": 0.1753584755693226,
    "rmse": 0.05303566365942765
  },
  "test_metrics": {
    "nmse": 0.12371146306570052,
    "rmse": 0.04014863485961034
  },
  "timing": {
    "train_states_s": 0.01782650000313879,
    "ridge_select_s": 0.013292099996760953,
    "total_s": 0.05474260000119102
  },
  "timestamp": "2026-04-16T18:22:07.741994+00:00"
}