{
  "sweep_name": "region_selection_multitask_v1_narma10",
  "config_id": "54ccd29e45ed",
  "seed": 1024,
  "config_point": {
    "spectral_radius": 0.6,
    "input_scaling": 0.3,
    "leak_rate": 0.8
  },
  "best_ridge": 1e-10,
  "val_curve": {
    "1e-10": 0.2060488456159414,
    "1e-08": 0.2411151315910676,
    "1e-06": 0.3021415798466348,
    "0.0001": 0.35851477430724304,
    "0.01": 0.5624544298003118,
    "1.0": 0.7230504348624263
  },
  "val_metrics": {
    "nmse": 0.2060488456159414,
    "rmse": 0.05748965731643509
  },
  "test_metrics": {
    "nmse": 0.14334848787538873,
    "rmse": 0.04321777154506951
  },
  "timing": {
    "train_states_s": 0.018653200000699144,
    "ridge_select_s": 0.012341199999355013,
    "total_s": 0.055491600000095787
  },
  "timestamp": "2026-04-16T18:21:16.600596+00:00"
}