{
  "sweep_name": "region_selection_multitask_v1_narma10",
  "config_id": "54ccd29e45ed",
  "seed": 42,
  "config_point": {
    "spectral_radius": 0.6,
    "input_scaling": 0.3,
    "leak_rate": 0.8
  },
  "best_ridge": 1e-10,
  "val_curve": {
    "1e-10": 0.13266330583152092,
    "1e-08": 0.16759044096339482,
    "1e-06": 0.2244627784619981,
    "0.0001": 0.2841309285331367,
    "0.01": 0.40111610554552546,
    "1.0": 0.7236432515242164
  },
  "val_metrics": {
    "nmse": 0.13266330583152092,
    "rmse": 0.04493468552563382
  },
  "test_metrics": {
    "nmse": 0.12826793262374375,
    "rmse": 0.036388522328976325
  },
  "timing": {
    "train_states_s": 0.01868789999934961,
    "ridge_select_s": 0.012464600000384962,
    "total_s": 0.08135250000123051
  },
  "timestamp": "2026-04-16T18:21:16.324988+00:00"
}