{
  "sweep_name": "region_selection_multitask_v1_narma10",
  "config_id": "566c972097d7",
  "seed": 1024,
  "config_point": {
    "spectral_radius": 0.8,
    "input_scaling": 0.4,
    "leak_rate": 0.9
  },
  "best_ridge": 1e-10,
  "val_curve": {
    "1e-10": 0.17678537906481923,
    "1e-08": 0.17728788467497242,
    "1e-06": 0.20049619940562782,
    "0.0001": 0.23796756480663064,
    "0.01": 0.3044745949985982,
    "1.0": 0.593481462135701
  },
  "val_metrics": {
    "nmse": 0.17678537906481923,
    "rmse": 0.053251003836342105
  },
  "test_metrics": {
    "nmse": 0.12666899238980014,
    "rmse": 0.040625710492631105
  },
  "timing": {
    "train_states_s": 0.017888500002300134,
    "ridge_select_s": 0.01295380000010482,
    "total_s": 0.052673599999252474
  },
  "timestamp": "2026-04-16T18:21:44.622843+00:00"
}