{
  "sweep_name": "region_selection_multitask_v1_narma10",
  "config_id": "566c972097d7",
  "seed": 42,
  "config_point": {
    "spectral_radius": 0.8,
    "input_scaling": 0.4,
    "leak_rate": 0.9
  },
  "best_ridge": 1e-10,
  "val_curve": {
    "1e-10": 0.10514674318282308,
    "1e-08": 0.10517078272770489,
    "1e-06": 0.11129640009682133,
    "0.0001": 0.1346449936525682,
    "0.01": 0.2412400009954185,
    "1.0": 0.41622187649927156
  },
  "val_metrics": {
    "nmse": 0.10514674318282308,
    "rmse": 0.04000407305396302
  },
  "test_metrics": {
    "nmse": 0.08925514974870072,
    "rmse": 0.030354425246656883
  },
  "timing": {
    "train_states_s": 0.01787460000196006,
    "ridge_select_s": 0.012262499996722909,
    "total_s": 0.09319930000128807
  },
  "timestamp": "2026-04-16T18:21:44.341775+00:00"
}