{
  "sweep_name": "region_selection_multitask_v1_narma10",
  "config_id": "566c972097d7",
  "seed": 123,
  "config_point": {
    "spectral_radius": 0.8,
    "input_scaling": 0.4,
    "leak_rate": 0.9
  },
  "best_ridge": 1e-10,
  "val_curve": {
    "1e-10": 0.09609436569727078,
    "1e-08": 0.09610386227013415,
    "1e-06": 0.11465901200571765,
    "0.0001": 0.16376820549756685,
    "0.01": 0.21639917345151144,
    "1.0": 0.45121931987446184
  },
  "val_metrics": {
    "nmse": 0.09609436569727078,
    "rmse": 0.030308884352457186
  },
  "test_metrics": {
    "nmse": 0.094247041425762,
    "rmse": 0.03169622944349766
  },
  "timing": {
    "train_states_s": 0.020941799997672206,
    "ridge_select_s": 0.012511699998867698,
    "total_s": 0.06041869999899063
  },
  "timestamp": "2026-04-16T18:21:44.417854+00:00"
}