{
  "sweep_name": "region_selection_multitask_v1_narma10",
  "config_id": "566c972097d7",
  "seed": 456,
  "config_point": {
    "spectral_radius": 0.8,
    "input_scaling": 0.4,
    "leak_rate": 0.9
  },
  "best_ridge": 1e-08,
  "val_curve": {
    "1e-10": 0.09973775507486653,
    "1e-08": 0.09972262719678306,
    "1e-06": 0.1010340864782857,
    "0.0001": 0.12621835408194815,
    "0.01": 0.18671363975191946,
    "1.0": 0.34719161503410123
  },
  "val_metrics": {
    "nmse": 0.09972262719678306,
    "rmse": 0.032058708355968434
  },
  "test_metrics": {
    "nmse": 0.10808153007280702,
    "rmse": 0.03460972851522181
  },
  "timing": {
    "train_states_s": 0.018070499998430023,
    "ridge_select_s": 0.012826700000005076,
    "total_s": 0.0547389999992447
  },
  "timestamp": "2026-04-16T18:21:44.486874+00:00"
}