{
  "sweep_name": "region_selection_multitask_v1_narma10",
  "config_id": "56b40a987d15",
  "seed": 42,
  "config_point": {
    "spectral_radius": 0.9,
    "input_scaling": 0.1,
    "leak_rate": 0.5
  },
  "best_ridge": 1e-10,
  "val_curve": {
    "1e-10": 0.15008306830674112,
    "1e-08": 0.17250643399929122,
    "1e-06": 0.20550028904337891,
    "0.0001": 0.24564982734464674,
    "0.01": 0.32338205750398547,
    "1.0": 0.49744155140068136
  },
  "val_metrics": {
    "nmse": 0.15008306830674112,
    "rmse": 0.04779386460598915
  },
  "test_metrics": {
    "nmse": 0.20424839755431404,
    "rmse": 0.04591818373794358
  },
  "timing": {
    "train_states_s": 0.018186299999797484,
    "ridge_select_s": 0.012701499999820953,
    "total_s": 0.06737219999922672
  },
  "timestamp": "2026-04-16T18:21:47.239026+00:00"
}