{
  "sweep_name": "region_selection_multitask_v1_narma10",
  "config_id": "56b40a987d15",
  "seed": 789,
  "config_point": {
    "spectral_radius": 0.9,
    "input_scaling": 0.1,
    "leak_rate": 0.5
  },
  "best_ridge": 1e-10,
  "val_curve": {
    "1e-10": 0.20070103325754649,
    "1e-08": 0.23422126523722836,
    "1e-06": 0.25859008861603555,
    "0.0001": 0.2817904460717121,
    "0.01": 0.3535006464491976,
    "1.0": 0.5558166633733214
  },
  "val_metrics": {
    "nmse": 0.20070103325754649,
    "rmse": 0.049534779766527814
  },
  "test_metrics": {
    "nmse": 0.18087478669265847,
    "rmse": 0.045234363815930746
  },
  "timing": {
    "train_states_s": 0.01800559999901452,
    "ridge_select_s": 0.012168000001111068,
    "total_s": 0.05218769999919459
  },
  "timestamp": "2026-04-16T18:21:47.445006+00:00"
}