{
  "sweep_name": "region_selection_multitask_v1_narma10",
  "config_id": "56b40a987d15",
  "seed": 456,
  "config_point": {
    "spectral_radius": 0.9,
    "input_scaling": 0.1,
    "leak_rate": 0.5
  },
  "best_ridge": 1e-10,
  "val_curve": {
    "1e-10": 0.1797498932359502,
    "1e-08": 0.19895871921934877,
    "1e-06": 0.2253211979876145,
    "0.0001": 0.2647907021732415,
    "0.01": 0.3396970811383727,
    "1.0": 0.44849536590332445
  },
  "val_metrics": {
    "nmse": 0.1797498932359502,
    "rmse": 0.04304111223167147
  },
  "test_metrics": {
    "nmse": 0.17630884364763652,
    "rmse": 0.04420378918689152
  },
  "timing": {
    "train_states_s": 0.01830070000141859,
    "ridge_select_s": 0.012045300001773285,
    "total_s": 0.05577059999995981
  },
  "timestamp": "2026-04-16T18:21:47.378021+00:00"
}