{
  "sweep_name": "region_selection_multitask_v1_narma10",
  "config_id": "56b40a987d15",
  "seed": 123,
  "config_point": {
    "spectral_radius": 0.9,
    "input_scaling": 0.1,
    "leak_rate": 0.5
  },
  "best_ridge": 1e-10,
  "val_curve": {
    "1e-10": 0.21980712971643782,
    "1e-08": 0.252437392648433,
    "1e-06": 0.2866489799647115,
    "0.0001": 0.3356853659334829,
    "0.01": 0.39386242140689176,
    "1.0": 0.5502080867673016
  },
  "val_metrics": {
    "nmse": 0.21980712971643782,
    "rmse": 0.04583971153489359
  },
  "test_metrics": {
    "nmse": 0.1999572691765309,
    "rmse": 0.0461681356712392
  },
  "timing": {
    "train_states_s": 0.01802239999960875,
    "ridge_select_s": 0.012487399999372428,
    "total_s": 0.0532268999995722
  },
  "timestamp": "2026-04-16T18:21:47.307505+00:00"
}