{
  "sweep_name": "region_selection_multitask_v1_narma10",
  "config_id": "5822bc309bfd",
  "seed": 789,
  "config_point": {
    "spectral_radius": 1.1,
    "input_scaling": 0.4,
    "leak_rate": 0.5
  },
  "best_ridge": 1e-10,
  "val_curve": {
    "1e-10": 0.20706208224962747,
    "1e-08": 0.20706924040790647,
    "1e-06": 0.21217885757021834,
    "0.0001": 0.24383843472621286,
    "0.01": 0.2886425756114265,
    "1.0": 0.338205825553346
  },
  "val_metrics": {
    "nmse": 0.20706208224962747,
    "rmse": 0.05031363800437768
  },
  "test_metrics": {
    "nmse": 0.19741408241765038,
    "rmse": 0.04725725979333401
  },
  "timing": {
    "train_states_s": 0.018720299998676637,
    "ridge_select_s": 0.012022500002785819,
    "total_s": 0.053425900001457194
  },
  "timestamp": "2026-04-16T18:22:21.914860+00:00"
}