{
  "sweep_name": "region_selection_multitask_v1_narma10",
  "config_id": "5822bc309bfd",
  "seed": 42,
  "config_point": {
    "spectral_radius": 1.1,
    "input_scaling": 0.4,
    "leak_rate": 0.5
  },
  "best_ridge": 1e-08,
  "val_curve": {
    "1e-10": 0.16286922836486198,
    "1e-08": 0.16265963340731315,
    "1e-06": 0.16683134722004614,
    "0.0001": 0.2042596862903584,
    "0.01": 0.22783042980775614,
    "1.0": 0.29079528175848457
  },
  "val_metrics": {
    "nmse": 0.16265963340731315,
    "rmse": 0.04975608414376198
  },
  "test_metrics": {
    "nmse": 0.23656661988632172,
    "rmse": 0.04941765178454761
  },
  "timing": {
    "train_states_s": 0.018691099998250138,
    "ridge_select_s": 0.01260539999930188,
    "total_s": 0.056568800002423814
  },
  "timestamp": "2026-04-16T18:22:21.706175+00:00"
}