{
  "sweep_name": "region_selection_multitask_v1_narma10",
  "config_id": "5822bc309bfd",
  "seed": 1024,
  "config_point": {
    "spectral_radius": 1.1,
    "input_scaling": 0.4,
    "leak_rate": 0.5
  },
  "best_ridge": 1e-08,
  "val_curve": {
    "1e-10": 0.21461541703837067,
    "1e-08": 0.21455981272076316,
    "1e-06": 0.21820394324500286,
    "0.0001": 0.23503327717133798,
    "0.01": 0.2882301938069639,
    "1.0": 0.3552579323030701
  },
  "val_metrics": {
    "nmse": 0.21455981272076316,
    "rmse": 0.05866496525096121
  },
  "test_metrics": {
    "nmse": 0.17570612851562134,
    "rmse": 0.04784750166337979
  },
  "timing": {
    "train_states_s": 0.018757199999527074,
    "ridge_select_s": 0.01186069999675965,
    "total_s": 0.05234030000065104
  },
  "timestamp": "2026-04-16T18:22:21.982412+00:00"
}