{
  "sweep_name": "region_selection_multitask_v1_narma10",
  "config_id": "5822bc309bfd",
  "seed": 123,
  "config_point": {
    "spectral_radius": 1.1,
    "input_scaling": 0.4,
    "leak_rate": 0.5
  },
  "best_ridge": 1e-10,
  "val_curve": {
    "1e-10": 0.2289640777823273,
    "1e-08": 0.22897972357356222,
    "1e-06": 0.23277978817357958,
    "0.0001": 0.2598941779074752,
    "0.01": 0.3015814731584041,
    "1.0": 0.38074293232265016
  },
  "val_metrics": {
    "nmse": 0.2289640777823273,
    "rmse": 0.04678478779579881
  },
  "test_metrics": {
    "nmse": 0.20883331286123363,
    "rmse": 0.047181704695341706
  },
  "timing": {
    "train_states_s": 0.018812300000718096,
    "ridge_select_s": 0.012440200000128243,
    "total_s": 0.054533900001842994
  },
  "timestamp": "2026-04-16T18:22:21.775742+00:00"
}