{
  "sweep_name": "region_selection_multitask_v1_narma10",
  "config_id": "5a1306e243a3",
  "seed": 456,
  "config_point": {
    "spectral_radius": 1.0,
    "input_scaling": 0.4,
    "leak_rate": 0.7
  },
  "best_ridge": 1e-10,
  "val_curve": {
    "1e-10": 0.14718531584735986,
    "1e-08": 0.14718577292411478,
    "1e-06": 0.14723448712288792,
    "0.0001": 0.15342690379392138,
    "0.01": 0.19152326903979522,
    "1.0": 0.26466082793744033
  },
  "val_metrics": {
    "nmse": 0.14718531584735986,
    "rmse": 0.038947663308433494
  },
  "test_metrics": {
    "nmse": 0.1506726290028491,
    "rmse": 0.04086388313542116
  },
  "timing": {
    "train_states_s": 0.017961500001547392,
    "ridge_select_s": 0.012343100002908614,
    "total_s": 0.05521070000031614
  },
  "timestamp": "2026-04-16T18:22:09.725066+00:00"
}