{
  "sweep_name": "region_selection_multitask_v1_narma10",
  "config_id": "5a1306e243a3",
  "seed": 789,
  "config_point": {
    "spectral_radius": 1.0,
    "input_scaling": 0.4,
    "leak_rate": 0.7
  },
  "best_ridge": 1e-10,
  "val_curve": {
    "1e-10": 0.17090528697697596,
    "1e-08": 0.17091199549578182,
    "1e-06": 0.1730156157335675,
    "0.0001": 0.20324690325464173,
    "0.01": 0.26258060613362116,
    "1.0": 0.3579995200214511
  },
  "val_metrics": {
    "nmse": 0.17090528697697596,
    "rmse": 0.04571020628463525
  },
  "test_metrics": {
    "nmse": 0.14444134091331487,
    "rmse": 0.04042269143720518
  },
  "timing": {
    "train_states_s": 0.0178702000011981,
    "ridge_select_s": 0.011480900000606198,
    "total_s": 0.05136159999892698
  },
  "timestamp": "2026-04-16T18:22:09.791570+00:00"
}