{
  "sweep_name": "region_selection_multitask_v1_narma10",
  "config_id": "5a1306e243a3",
  "seed": 1024,
  "config_point": {
    "spectral_radius": 1.0,
    "input_scaling": 0.4,
    "leak_rate": 0.7
  },
  "best_ridge": 1e-10,
  "val_curve": {
    "1e-10": 0.1864078586603864,
    "1e-08": 0.18641228472757398,
    "1e-06": 0.1887541184751965,
    "0.0001": 0.21260384292362827,
    "0.01": 0.2730547946716091,
    "1.0": 0.4036354300040144
  },
  "val_metrics": {
    "nmse": 0.1864078586603864,
    "rmse": 0.05468103620284068
  },
  "test_metrics": {
    "nmse": 0.13023642241123004,
    "rmse": 0.04119381746047984
  },
  "timing": {
    "train_states_s": 0.017845399997895584,
    "ridge_select_s": 0.011783599999034777,
    "total_s": 0.05092220000005909
  },
  "timestamp": "2026-04-16T18:22:09.857311+00:00"
}