{
  "sweep_name": "region_selection_multitask_v1_narma10",
  "config_id": "5a1306e243a3",
  "seed": 123,
  "config_point": {
    "spectral_radius": 1.0,
    "input_scaling": 0.4,
    "leak_rate": 0.7
  },
  "best_ridge": 1e-08,
  "val_curve": {
    "1e-10": 0.16189543891886718,
    "1e-08": 0.16183799386149678,
    "1e-06": 0.16214708023303237,
    "0.0001": 0.19707491172139566,
    "0.01": 0.2473846173951209,
    "1.0": 0.36591483089502624
  },
  "val_metrics": {
    "nmse": 0.16183799386149678,
    "rmse": 0.03933337671164457
  },
  "test_metrics": {
    "nmse": 0.14150226764178203,
    "rmse": 0.0388378731475114
  },
  "timing": {
    "train_states_s": 0.018338300000323215,
    "ridge_select_s": 0.01201960000253166,
    "total_s": 0.0527643999994325
  },
  "timestamp": "2026-04-16T18:22:09.654693+00:00"
}