{
  "sweep_name": "region_selection_multitask_v1_narma10",
  "config_id": "5a90ec51096c",
  "seed": 456,
  "config_point": {
    "spectral_radius": 1.0,
    "input_scaling": 0.05,
    "leak_rate": 0.6
  },
  "best_ridge": 1e-10,
  "val_curve": {
    "1e-10": 0.14493186126062113,
    "1e-08": 0.16366618396451793,
    "1e-06": 0.20214287969754954,
    "0.0001": 0.2647967630456607,
    "0.01": 0.31269466613826263,
    "1.0": 0.48152379634621123
  },
  "val_metrics": {
    "nmse": 0.14493186126062113,
    "rmse": 0.038648362658154745
  },
  "test_metrics": {
    "nmse": 0.15531791323991648,
    "rmse": 0.04148902452871005
  },
  "timing": {
    "train_states_s": 0.018200100003014086,
    "ridge_select_s": 0.01293950000035693,
    "total_s": 0.05543249999755062
  },
  "timestamp": "2026-04-16T18:21:58.593490+00:00"
}