{
  "sweep_name": "region_selection_multitask_v1_narma10",
  "config_id": "5a90ec51096c",
  "seed": 789,
  "config_point": {
    "spectral_radius": 1.0,
    "input_scaling": 0.05,
    "leak_rate": 0.6
  },
  "best_ridge": 1e-10,
  "val_curve": {
    "1e-10": 0.15591237285078474,
    "1e-08": 0.19401965251360057,
    "1e-06": 0.2376755688013457,
    "0.0001": 0.2677460288187476,
    "0.01": 0.3217928388861078,
    "1.0": 0.6715849484683033
  },
  "val_metrics": {
    "nmse": 0.15591237285078474,
    "rmse": 0.043659194904557816
  },
  "test_metrics": {
    "nmse": 0.14093104866913644,
    "rmse": 0.03992848319286633
  },
  "timing": {
    "train_states_s": 0.01806619999842951,
    "ridge_select_s": 0.01282790000186651,
    "total_s": 0.05253239999728976
  },
  "timestamp": "2026-04-16T18:21:58.661102+00:00"
}