{
  "sweep_name": "region_selection_multitask_v1_narma10",
  "config_id": "5a90ec51096c",
  "seed": 42,
  "config_point": {
    "spectral_radius": 1.0,
    "input_scaling": 0.05,
    "leak_rate": 0.6
  },
  "best_ridge": 1e-10,
  "val_curve": {
    "1e-10": 0.14063894886921618,
    "1e-08": 0.16861250281845977,
    "1e-06": 0.2049855455926561,
    "0.0001": 0.2219316088352845,
    "0.01": 0.2620589931742333,
    "1.0": 0.6481028429452834
  },
  "val_metrics": {
    "nmse": 0.14063894886921618,
    "rmse": 0.04626569653741805
  },
  "test_metrics": {
    "nmse": 0.16760843994079153,
    "rmse": 0.041596167124660056
  },
  "timing": {
    "train_states_s": 0.017867300000943942,
    "ridge_select_s": 0.012459699999453733,
    "total_s": 0.05745010000100592
  },
  "timestamp": "2026-04-16T18:21:58.455658+00:00"
}