{
  "sweep_name": "region_selection_multitask_v1_narma10",
  "config_id": "5a90ec51096c",
  "seed": 123,
  "config_point": {
    "spectral_radius": 1.0,
    "input_scaling": 0.05,
    "leak_rate": 0.6
  },
  "best_ridge": 1e-10,
  "val_curve": {
    "1e-10": 0.17688270956813248,
    "1e-08": 0.20947989344670964,
    "1e-06": 0.25690202123644384,
    "0.0001": 0.30006296901055785,
    "0.01": 0.3572640807650887,
    "1.0": 0.5739497259209857
  },
  "val_metrics": {
    "nmse": 0.17688270956813248,
    "rmse": 0.041121001142733996
  },
  "test_metrics": {
    "nmse": 0.16765862089897252,
    "rmse": 0.042275298600262315
  },
  "timing": {
    "train_states_s": 0.01780979999966803,
    "ridge_select_s": 0.012894700001197634,
    "total_s": 0.05298620000030496
  },
  "timestamp": "2026-04-16T18:21:58.522887+00:00"
}