{
  "sweep_name": "region_selection_multitask_v1_narma10",
  "config_id": "5a90ec51096c",
  "seed": 1024,
  "config_point": {
    "spectral_radius": 1.0,
    "input_scaling": 0.05,
    "leak_rate": 0.6
  },
  "best_ridge": 1e-10,
  "val_curve": {
    "1e-10": 0.1891594411726769,
    "1e-08": 0.22201624379190682,
    "1e-06": 0.28042926278597546,
    "0.0001": 0.3312224582169857,
    "0.01": 0.38114007880217815,
    "1.0": 0.5584073327310497
  },
  "val_metrics": {
    "nmse": 0.1891594411726769,
    "rmse": 0.05508313354085344
  },
  "test_metrics": {
    "nmse": 0.14127412382685686,
    "rmse": 0.04290393466743111
  },
  "timing": {
    "train_states_s": 0.017912499999511056,
    "ridge_select_s": 0.014973199999076314,
    "total_s": 0.05538140000135172
  },
  "timestamp": "2026-04-16T18:21:58.731253+00:00"
}