{
  "sweep_name": "region_selection_multitask_v1_narma10",
  "config_id": "5b64961deeb5",
  "seed": 123,
  "config_point": {
    "spectral_radius": 0.7,
    "input_scaling": 0.15,
    "leak_rate": 0.7
  },
  "best_ridge": 1e-10,
  "val_curve": {
    "1e-10": 0.1739625027384614,
    "1e-08": 0.21559542900384604,
    "1e-06": 0.2571530401526013,
    "0.0001": 0.32057121809951394,
    "0.01": 0.39683358131351065,
    "1.0": 0.7374137195033186
  },
  "val_metrics": {
    "nmse": 0.1739625027384614,
    "rmse": 0.04078014934676509
  },
  "test_metrics": {
    "nmse": 0.15493905851484824,
    "rmse": 0.04064004642482318
  },
  "timing": {
    "train_states_s": 0.018271499997354113,
    "ridge_select_s": 0.012198100001114653,
    "total_s": 0.05250190000151633
  },
  "timestamp": "2026-04-16T18:21:24.589256+00:00"
}