{
  "sweep_name": "region_selection_multitask_v1_narma10",
  "config_id": "5b64961deeb5",
  "seed": 42,
  "config_point": {
    "spectral_radius": 0.7,
    "input_scaling": 0.15,
    "leak_rate": 0.7
  },
  "best_ridge": 1e-10,
  "val_curve": {
    "1e-10": 0.14633337605235258,
    "1e-08": 0.16625800821176606,
    "1e-06": 0.22658094165985368,
    "0.0001": 0.30597335825568883,
    "0.01": 0.343912459504129,
    "1.0": 0.613316823415353
  },
  "val_metrics": {
    "nmse": 0.14633337605235258,
    "rmse": 0.0471930444857447
  },
  "test_metrics": {
    "nmse": 0.1632523123591922,
    "rmse": 0.04105206834726778
  },
  "timing": {
    "train_states_s": 0.01795059999858495,
    "ridge_select_s": 0.012115199999243487,
    "total_s": 0.06218019999869284
  },
  "timestamp": "2026-04-16T18:21:24.522527+00:00"
}