{
  "sweep_name": "region_selection_multitask_v1_narma10",
  "config_id": "5b64961deeb5",
  "seed": 456,
  "config_point": {
    "spectral_radius": 0.7,
    "input_scaling": 0.15,
    "leak_rate": 0.7
  },
  "best_ridge": 1e-10,
  "val_curve": {
    "1e-10": 0.14508377480315265,
    "1e-08": 0.1645408879586879,
    "1e-06": 0.20732520372277888,
    "0.0001": 0.2627956684834596,
    "0.01": 0.34202802056669196,
    "1.0": 0.5785492860548759
  },
  "val_metrics": {
    "nmse": 0.14508377480315265,
    "rmse": 0.03866861242218017
  },
  "test_metrics": {
    "nmse": 0.13961246086713408,
    "rmse": 0.039335487926316554
  },
  "timing": {
    "train_states_s": 0.01791909999883501,
    "ridge_select_s": 0.013117400001647184,
    "total_s": 0.05740709999736282
  },
  "timestamp": "2026-04-16T18:21:24.661347+00:00"
}