{
  "sweep_name": "region_selection_multitask_v1_narma10",
  "config_id": "5cdb0551167b",
  "seed": 123,
  "config_point": {
    "spectral_radius": 0.9,
    "input_scaling": 0.4,
    "leak_rate": 0.6
  },
  "best_ridge": 1e-10,
  "val_curve": {
    "1e-10": 0.20096243906949393,
    "1e-08": 0.20175793429175462,
    "1e-06": 0.21597664224042115,
    "0.0001": 0.2552871114049909,
    "0.01": 0.3108523355783212,
    "1.0": 0.41690585794144164
  },
  "val_metrics": {
    "nmse": 0.20096243906949393,
    "rmse": 0.04383070285773091
  },
  "test_metrics": {
    "nmse": 0.18391112997746423,
    "rmse": 0.04427695493563747
  },
  "timing": {
    "train_states_s": 0.01800079999884474,
    "ridge_select_s": 0.012666200000239769,
    "total_s": 0.05292190000182018
  },
  "timestamp": "2026-04-16T18:21:56.265754+00:00"
}