{
  "sweep_name": "region_selection_multitask_v1_narma10",
  "config_id": "5cdb0551167b",
  "seed": 42,
  "config_point": {
    "spectral_radius": 0.9,
    "input_scaling": 0.4,
    "leak_rate": 0.6
  },
  "best_ridge": 1e-10,
  "val_curve": {
    "1e-10": 0.14337882031113244,
    "1e-08": 0.14407543988579127,
    "1e-06": 0.1559451085006203,
    "0.0001": 0.18806430905491114,
    "0.01": 0.22353828327833608,
    "1.0": 0.37883310160415234
  },
  "val_metrics": {
    "nmse": 0.14337882031113244,
    "rmse": 0.04671418758978545
  },
  "test_metrics": {
    "nmse": 0.18808596937887845,
    "rmse": 0.04406396487913568
  },
  "timing": {
    "train_states_s": 0.01840219999940018,
    "ridge_select_s": 0.012348200001724763,
    "total_s": 0.06777470000088215
  },
  "timestamp": "2026-04-16T18:21:56.197946+00:00"
}