{
  "sweep_name": "region_selection_multitask_v1_narma10",
  "config_id": "5cdb0551167b",
  "seed": 456,
  "config_point": {
    "spectral_radius": 0.9,
    "input_scaling": 0.4,
    "leak_rate": 0.6
  },
  "best_ridge": 1e-08,
  "val_curve": {
    "1e-10": 0.1687883568385085,
    "1e-08": 0.16866918030439157,
    "1e-06": 0.1721247139256248,
    "0.0001": 0.1967387149726283,
    "0.01": 0.2444193933393832,
    "1.0": 0.33924112237837273
  },
  "val_metrics": {
    "nmse": 0.16866918030439157,
    "rmse": 0.041693373102129894
  },
  "test_metrics": {
    "nmse": 0.17509859432190134,
    "rmse": 0.04405181232554687
  },
  "timing": {
    "train_states_s": 0.018004000001383247,
    "ridge_select_s": 0.012231599997903686,
    "total_s": 0.05435550000038347
  },
  "timestamp": "2026-04-16T18:21:56.336572+00:00"
}