{
  "sweep_name": "region_selection_multitask_v1_narma10",
  "config_id": "5cdb0551167b",
  "seed": 1024,
  "config_point": {
    "spectral_radius": 0.9,
    "input_scaling": 0.4,
    "leak_rate": 0.6
  },
  "best_ridge": 1e-10,
  "val_curve": {
    "1e-10": 0.19779836654001548,
    "1e-08": 0.20415966106742656,
    "1e-06": 0.21998718275911475,
    "0.0001": 0.24589950080599624,
    "0.01": 0.31264603526336127,
    "1.0": 0.44216077106569524
  },
  "val_metrics": {
    "nmse": 0.19779836654001548,
    "rmse": 0.056326916512945
  },
  "test_metrics": {
    "nmse": 0.1530125335287362,
    "rmse": 0.0446508071926214
  },
  "timing": {
    "train_states_s": 0.01788970000052359,
    "ridge_select_s": 0.012323499999183696,
    "total_s": 0.0516204999985348
  },
  "timestamp": "2026-04-16T18:21:56.470406+00:00"
}