{
  "sweep_name": "region_selection_multitask_v1_narma10",
  "config_id": "5d7efc63ccdb",
  "seed": 456,
  "config_point": {
    "spectral_radius": 0.8,
    "input_scaling": 0.2,
    "leak_rate": 0.9
  },
  "best_ridge": 1e-10,
  "val_curve": {
    "1e-10": 0.09565053984089553,
    "1e-08": 0.09643596036677331,
    "1e-06": 0.1140206493638626,
    "0.0001": 0.14947113123615832,
    "0.01": 0.22839309732297314,
    "1.0": 0.43324767127438396
  },
  "val_metrics": {
    "nmse": 0.09565053984089553,
    "rmse": 0.03139734156852362
  },
  "test_metrics": {
    "nmse": 0.10184880514615541,
    "rmse": 0.03359699383764709
  },
  "timing": {
    "train_states_s": 0.01813170000241371,
    "ridge_select_s": 0.012664399997447617,
    "total_s": 0.055685600000288105
  },
  "timestamp": "2026-04-16T18:21:39.998128+00:00"
}