{
  "sweep_name": "region_selection_multitask_v1_narma10",
  "config_id": "5d7efc63ccdb",
  "seed": 123,
  "config_point": {
    "spectral_radius": 0.8,
    "input_scaling": 0.2,
    "leak_rate": 0.9
  },
  "best_ridge": 1e-10,
  "val_curve": {
    "1e-10": 0.0925075729714513,
    "1e-08": 0.10563284462976165,
    "1e-06": 0.151156214277704,
    "0.0001": 0.17707767930730817,
    "0.01": 0.2477533619745979,
    "1.0": 0.5792638840096853
  },
  "val_metrics": {
    "nmse": 0.0925075729714513,
    "rmse": 0.029737854475678473
  },
  "test_metrics": {
    "nmse": 0.09369531905556573,
    "rmse": 0.03160331837303619
  },
  "timing": {
    "train_states_s": 0.017933700000867248,
    "ridge_select_s": 0.012327899999945657,
    "total_s": 0.052745500001037726
  },
  "timestamp": "2026-04-16T18:21:39.928124+00:00"
}