{
  "sweep_name": "region_selection_multitask_v1_narma10",
  "config_id": "5d7efc63ccdb",
  "seed": 789,
  "config_point": {
    "spectral_radius": 0.8,
    "input_scaling": 0.2,
    "leak_rate": 0.9
  },
  "best_ridge": 1e-10,
  "val_curve": {
    "1e-10": 0.14624630137708505,
    "1e-08": 0.14754350217115578,
    "1e-06": 0.16883039351425247,
    "0.0001": 0.19021686885854697,
    "0.01": 0.2802267196960185,
    "1.0": 0.518898268411249
  },
  "val_metrics": {
    "nmse": 0.14624630137708505,
    "rmse": 0.04228417659923232
  },
  "test_metrics": {
    "nmse": 0.11193680660272587,
    "rmse": 0.03558491454188976
  },
  "timing": {
    "train_states_s": 0.017975799997657305,
    "ridge_select_s": 0.012448900000890717,
    "total_s": 0.05249250000269967
  },
  "timestamp": "2026-04-16T18:21:40.065735+00:00"
}