{
  "sweep_name": "region_selection_multitask_v1_narma10",
  "config_id": "5dacf2ac3539",
  "seed": 789,
  "config_point": {
    "spectral_radius": 0.7,
    "input_scaling": 0.2,
    "leak_rate": 0.6
  },
  "best_ridge": 1e-10,
  "val_curve": {
    "1e-10": 0.20672788562997624,
    "1e-08": 0.22383331659552322,
    "1e-06": 0.2680979208716578,
    "0.0001": 0.3280849810764543,
    "0.01": 0.3737082011668961,
    "1.0": 0.5882734440964428
  },
  "val_metrics": {
    "nmse": 0.20672788562997624,
    "rmse": 0.05027301869416968
  },
  "test_metrics": {
    "nmse": 0.1755723037842933,
    "rmse": 0.044566391863104474
  },
  "timing": {
    "train_states_s": 0.019063600000663428,
    "ridge_select_s": 0.012751800000842195,
    "total_s": 0.05437440000241622
  },
  "timestamp": "2026-04-16T18:21:26.441445+00:00"
}