{
  "sweep_name": "region_selection_multitask_v1_narma10",
  "config_id": "5dacf2ac3539",
  "seed": 456,
  "config_point": {
    "spectral_radius": 0.7,
    "input_scaling": 0.2,
    "leak_rate": 0.6
  },
  "best_ridge": 1e-10,
  "val_curve": {
    "1e-10": 0.17063238416050971,
    "1e-08": 0.18732244376304177,
    "1e-06": 0.22355795334222614,
    "0.0001": 0.26800531926150084,
    "0.01": 0.3443411891212134,
    "1.0": 0.4950322711004212
  },
  "val_metrics": {
    "nmse": 0.17063238416050971,
    "rmse": 0.041935313534195
  },
  "test_metrics": {
    "nmse": 0.16950652188053375,
    "rmse": 0.043342669558254186
  },
  "timing": {
    "train_states_s": 0.018038900001556613,
    "ridge_select_s": 0.012390600000799168,
    "total_s": 0.05479340000238153
  },
  "timestamp": "2026-04-16T18:21:26.372346+00:00"
}