{
  "sweep_name": "region_selection_multitask_v1_narma10",
  "config_id": "5ec1f2c41d90",
  "seed": 123,
  "config_point": {
    "spectral_radius": 1.1,
    "input_scaling": 0.05,
    "leak_rate": 1.0
  },
  "best_ridge": 1e-06,
  "val_curve": {
    "1e-10": 0.1612676998701603,
    "1e-08": 0.16125538209986942,
    "1e-06": 0.16103581897064478,
    "0.0001": 0.1668171484802227,
    "0.01": 0.19201251828471394,
    "1.0": 0.3234433539339281
  },
  "val_metrics": {
    "nmse": 0.16103581897064478,
    "rmse": 0.039235774652921517
  },
  "test_metrics": {
    "nmse": 0.1494208206392001,
    "rmse": 0.0399097766855292
  },
  "timing": {
    "train_states_s": 0.017856599999504397,
    "ridge_select_s": 0.01165239999681944,
    "total_s": 0.05170650000218302
  },
  "timestamp": "2026-04-16T18:22:12.861058+00:00"
}