{
  "sweep_name": "region_selection_multitask_v1_narma10",
  "config_id": "5ec1f2c41d90",
  "seed": 456,
  "config_point": {
    "spectral_radius": 1.1,
    "input_scaling": 0.05,
    "leak_rate": 1.0
  },
  "best_ridge": 0.0001,
  "val_curve": {
    "1e-10": 0.2046106406807954,
    "1e-08": 0.20460947236481244,
    "1e-06": 0.20449683504188734,
    "0.0001": 0.20242378094020014,
    "0.01": 0.2493928637159414,
    "1.0": 0.52111187645483
  },
  "val_metrics": {
    "nmse": 0.20242378094020014,
    "rmse": 0.04567514462490346
  },
  "test_metrics": {
    "nmse": 0.20931264540471747,
    "rmse": 0.04816373783855424
  },
  "timing": {
    "train_states_s": 0.01820170000064536,
    "ridge_select_s": 0.011870599999383558,
    "total_s": 0.0537609999992128
  },
  "timestamp": "2026-04-16T18:22:12.929312+00:00"
}