{
  "sweep_name": "region_selection_multitask_v1_narma10",
  "config_id": "5ec1f2c41d90",
  "seed": 1024,
  "config_point": {
    "spectral_radius": 1.1,
    "input_scaling": 0.05,
    "leak_rate": 1.0
  },
  "best_ridge": 0.01,
  "val_curve": {
    "1e-10": 11721.277965910438,
    "1e-08": 11313.735742079543,
    "1e-06": 1516.8848945690008,
    "0.0001": 69.94415274600094,
    "0.01": 45.54414365010891,
    "1.0": 74.29015843257395
  },
  "val_metrics": {
    "nmse": 45.54414365010891,
    "rmse": 0.8547141568498869
  },
  "test_metrics": {
    "nmse": 0.22160778890407568,
    "rmse": 0.0537351321987445
  },
  "timing": {
    "train_states_s": 0.0177808999978879,
    "ridge_select_s": 0.012619500001164852,
    "total_s": 0.053447800000867574
  },
  "timestamp": "2026-04-16T18:22:13.064315+00:00"
}