{
  "sweep_name": "region_selection_multitask_v1_narma10",
  "config_id": "5ec1f2c41d90",
  "seed": 789,
  "config_point": {
    "spectral_radius": 1.1,
    "input_scaling": 0.05,
    "leak_rate": 1.0
  },
  "best_ridge": 1e-06,
  "val_curve": {
    "1e-10": 0.15694789423121164,
    "1e-08": 0.1569004407107592,
    "1e-06": 0.156565177916481,
    "0.0001": 0.1757870290357829,
    "0.01": 0.2167036641282689,
    "1.0": 0.5446249444679641
  },
  "val_metrics": {
    "nmse": 0.156565177916481,
    "rmse": 0.04375049994985217
  },
  "test_metrics": {
    "nmse": 0.11376229831645134,
    "rmse": 0.035873904646290505
  },
  "timing": {
    "train_states_s": 0.01791659999798867,
    "ridge_select_s": 0.01226429999951506,
    "total_s": 0.05182309999872814
  },
  "timestamp": "2026-04-16T18:22:12.996170+00:00"
}