{
  "sweep_name": "region_selection_multitask_v1_narma10",
  "config_id": "5f4d2647fd5e",
  "seed": 789,
  "config_point": {
    "spectral_radius": 0.8,
    "input_scaling": 0.4,
    "leak_rate": 0.7
  },
  "best_ridge": 1e-08,
  "val_curve": {
    "1e-10": 0.1970824026451018,
    "1e-08": 0.19616921815585547,
    "1e-06": 0.2037557231478584,
    "0.0001": 0.23913409103904923,
    "0.01": 0.3053735453827276,
    "1.0": 0.4430624129005899
  },
  "val_metrics": {
    "nmse": 0.19616921815585547,
    "rmse": 0.0489723407729383
  },
  "test_metrics": {
    "nmse": 0.1588978369772143,
    "rmse": 0.04239732569699862
  },
  "timing": {
    "train_states_s": 0.01783129999967059,
    "ridge_select_s": 0.012171099999250146,
    "total_s": 0.052334899999550544
  },
  "timestamp": "2026-04-16T18:21:43.809590+00:00"
}