{
  "sweep_name": "region_selection_multitask_v1_narma10",
  "config_id": "5f4d2647fd5e",
  "seed": 1024,
  "config_point": {
    "spectral_radius": 0.8,
    "input_scaling": 0.4,
    "leak_rate": 0.7
  },
  "best_ridge": 1e-10,
  "val_curve": {
    "1e-10": 0.20288852635457466,
    "1e-08": 0.20711866259141137,
    "1e-06": 0.21527294434165567,
    "0.0001": 0.2656449482777442,
    "0.01": 0.3502306992032947,
    "1.0": 0.4960586343584755
  },
  "val_metrics": {
    "nmse": 0.20288852635457466,
    "rmse": 0.0570470736026003
  },
  "test_metrics": {
    "nmse": 0.14692353505418962,
    "rmse": 0.043753368669109595
  },
  "timing": {
    "train_states_s": 0.01849470000161091,
    "ridge_select_s": 0.01238300000113668,
    "total_s": 0.052247699997678865
  },
  "timestamp": "2026-04-16T18:21:43.876816+00:00"
}