{
  "sweep_name": "region_selection_multitask_v1_narma10",
  "config_id": "618f4403867e",
  "seed": 123,
  "config_point": {
    "spectral_radius": 1.1,
    "input_scaling": 0.3,
    "leak_rate": 0.7
  },
  "best_ridge": 1e-08,
  "val_curve": {
    "1e-10": 0.14888864987478487,
    "1e-08": 0.14888694394083624,
    "1e-06": 0.1499410840835739,
    "0.0001": 0.18355372531842543,
    "0.01": 0.24050511582158554,
    "1.0": 0.32634326099333616
  },
  "val_metrics": {
    "nmse": 0.14888694394083624,
    "rmse": 0.03772674149095949
  },
  "test_metrics": {
    "nmse": 0.13939813006069096,
    "rmse": 0.038548032198185624
  },
  "timing": {
    "train_states_s": 0.01887640000131796,
    "ridge_select_s": 0.012659300002269447,
    "total_s": 0.054645300002448494
  },
  "timestamp": "2026-04-16T18:22:20.311116+00:00"
}