{
  "sweep_name": "region_selection_multitask_v1_narma10",
  "config_id": "618f4403867e",
  "seed": 1024,
  "config_point": {
    "spectral_radius": 1.1,
    "input_scaling": 0.3,
    "leak_rate": 0.7
  },
  "best_ridge": 1e-10,
  "val_curve": {
    "1e-10": 0.15400688121360337,
    "1e-08": 0.154107440938991,
    "1e-06": 0.16066578994635283,
    "0.0001": 0.2036707865995372,
    "0.01": 0.26393960515758297,
    "1.0": 0.35356828633316395
  },
  "val_metrics": {
    "nmse": 0.15400688121360337,
    "rmse": 0.0497020944226506
  },
  "test_metrics": {
    "nmse": 0.11924320332475129,
    "rmse": 0.03941691479128171
  },
  "timing": {
    "train_states_s": 0.019250899997132365,
    "ridge_select_s": 0.012688099999650149,
    "total_s": 0.05439329999717302
  },
  "timestamp": "2026-04-16T18:22:20.519498+00:00"
}