{
  "sweep_name": "region_selection_multitask_v1_narma10",
  "config_id": "618f4403867e",
  "seed": 789,
  "config_point": {
    "spectral_radius": 1.1,
    "input_scaling": 0.3,
    "leak_rate": 0.7
  },
  "best_ridge": 1e-10,
  "val_curve": {
    "1e-10": 0.1646002032434929,
    "1e-08": 0.16461654328598907,
    "1e-06": 0.1670989637233542,
    "0.0001": 0.20640249263276744,
    "0.01": 0.2593751179090376,
    "1.0": 0.34229598926553045
  },
  "val_metrics": {
    "nmse": 0.1646002032434929,
    "rmse": 0.044859106163710534
  },
  "test_metrics": {
    "nmse": 0.13878972698661743,
    "rmse": 0.03962398325598351
  },
  "timing": {
    "train_states_s": 0.018670499997824663,
    "ridge_select_s": 0.012358399999357061,
    "total_s": 0.05380169999989448
  },
  "timestamp": "2026-04-16T18:22:20.450411+00:00"
}