{
  "sweep_name": "region_selection_multitask_v1_narma10",
  "config_id": "618f4403867e",
  "seed": 42,
  "config_point": {
    "spectral_radius": 1.1,
    "input_scaling": 0.3,
    "leak_rate": 0.7
  },
  "best_ridge": 1e-08,
  "val_curve": {
    "1e-10": 0.1484507468542103,
    "1e-08": 0.14844900423687338,
    "1e-06": 0.14885447131628343,
    "0.0001": 0.18156590480066753,
    "0.01": 0.22471927884270723,
    "1.0": 0.34842416185376035
  },
  "val_metrics": {
    "nmse": 0.14844900423687338,
    "rmse": 0.04753296915280254
  },
  "test_metrics": {
    "nmse": 0.15533636410382723,
    "rmse": 0.040044413783209366
  },
  "timing": {
    "train_states_s": 0.018813200000295183,
    "ridge_select_s": 0.013091000000713393,
    "total_s": 0.06405110000196146
  },
  "timestamp": "2026-04-16T18:22:20.241691+00:00"
}