{
  "sweep_name": "region_selection_multitask_v1_narma10",
  "config_id": "61cb13fdaada",
  "seed": 456,
  "config_point": {
    "spectral_radius": 0.6,
    "input_scaling": 0.05,
    "leak_rate": 1.0
  },
  "best_ridge": 1e-10,
  "val_curve": {
    "1e-10": 0.15793405831356117,
    "1e-08": 0.17750011906070476,
    "1e-06": 0.19742595542194968,
    "0.0001": 0.29305412356682825,
    "0.01": 0.7183476677075185,
    "1.0": 1.0711122167469982
  },
  "val_metrics": {
    "nmse": 0.15793405831356117,
    "rmse": 0.04034475314763636
  },
  "test_metrics": {
    "nmse": 0.15887383559309556,
    "rmse": 0.04196127161602467
  },
  "timing": {
    "train_states_s": 0.018828899999789428,
    "ridge_select_s": 0.012106400001357542,
    "total_s": 0.05557049999697483
  },
  "timestamp": "2026-04-16T18:21:08.630394+00:00"
}