{
  "sweep_name": "region_selection_multitask_v1_narma10",
  "config_id": "62d97647ac56",
  "seed": 789,
  "config_point": {
    "spectral_radius": 0.6,
    "input_scaling": 0.3,
    "leak_rate": 0.9
  },
  "best_ridge": 1e-10,
  "val_curve": {
    "1e-10": 0.1697993159546832,
    "1e-08": 0.18656767600121438,
    "1e-06": 0.2149943139367867,
    "0.0001": 0.2850183614752728,
    "0.01": 0.5848741557765875,
    "1.0": 0.8223641200671825
  },
  "val_metrics": {
    "nmse": 0.1697993159546832,
    "rmse": 0.04556206512016718
  },
  "test_metrics": {
    "nmse": 0.13083321985179608,
    "rmse": 0.03847144382174266
  },
  "timing": {
    "train_states_s": 0.018846400002075825,
    "ridge_select_s": 0.012119900002289796,
    "total_s": 0.05399519999991753
  },
  "timestamp": "2026-04-16T18:21:16.879711+00:00"
}