{
  "sweep_name": "region_selection_multitask_v1_narma10",
  "config_id": "62d97647ac56",
  "seed": 42,
  "config_point": {
    "spectral_radius": 0.6,
    "input_scaling": 0.3,
    "leak_rate": 0.9
  },
  "best_ridge": 1e-10,
  "val_curve": {
    "1e-10": 0.14287370274249328,
    "1e-08": 0.16163457650355556,
    "1e-06": 0.20681847522461136,
    "0.0001": 0.2801062439917044,
    "0.01": 0.4834389741782059,
    "1.0": 0.7652015402534514
  },
  "val_metrics": {
    "nmse": 0.14287370274249328,
    "rmse": 0.04663182892774353
  },
  "test_metrics": {
    "nmse": 0.12067402814364499,
    "rmse": 0.035294926146827284
  },
  "timing": {
    "train_states_s": 0.018122500001481967,
    "ridge_select_s": 0.012484999999287538,
    "total_s": 0.05618239999967045
  },
  "timestamp": "2026-04-16T18:21:16.671714+00:00"
}