{
  "sweep_name": "region_selection_multitask_v1_narma10",
  "config_id": "6394867d74a1",
  "seed": 123,
  "config_point": {
    "spectral_radius": 0.9,
    "input_scaling": 0.05,
    "leak_rate": 0.6
  },
  "best_ridge": 1e-10,
  "val_curve": {
    "1e-10": 0.19359673912332853,
    "1e-08": 0.2407298891456238,
    "1e-06": 0.29085234384300657,
    "0.0001": 0.3185743086459571,
    "0.01": 0.39208727931108167,
    "1.0": 0.6397938763681177
  },
  "val_metrics": {
    "nmse": 0.19359673912332853,
    "rmse": 0.043019960506627423
  },
  "test_metrics": {
    "nmse": 0.17844329302995898,
    "rmse": 0.04361379256509019
  },
  "timing": {
    "train_states_s": 0.017885900000692345,
    "ridge_select_s": 0.01275800000075833,
    "total_s": 0.053258899999491405
  },
  "timestamp": "2026-04-16T18:21:45.509308+00:00"
}