{
  "sweep_name": "region_selection_multitask_v1_narma10",
  "config_id": "6394867d74a1",
  "seed": 456,
  "config_point": {
    "spectral_radius": 0.9,
    "input_scaling": 0.05,
    "leak_rate": 0.6
  },
  "best_ridge": 1e-10,
  "val_curve": {
    "1e-10": 0.15373517110875845,
    "1e-08": 0.18365861801125125,
    "1e-06": 0.22601005524389084,
    "0.0001": 0.28252980266707084,
    "0.01": 0.3282654345006084,
    "1.0": 0.5198157299437539
  },
  "val_metrics": {
    "nmse": 0.15373517110875845,
    "rmse": 0.039804830847135375
  },
  "test_metrics": {
    "nmse": 0.15886665379085588,
    "rmse": 0.04196032318748356
  },
  "timing": {
    "train_states_s": 0.018099500000971602,
    "ridge_select_s": 0.01213120000102208,
    "total_s": 0.05284819999724277
  },
  "timestamp": "2026-04-16T18:21:45.576905+00:00"
}