{
  "sweep_name": "region_selection_multitask_v1_narma10",
  "config_id": "6394867d74a1",
  "seed": 789,
  "config_point": {
    "spectral_radius": 0.9,
    "input_scaling": 0.05,
    "leak_rate": 0.6
  },
  "best_ridge": 1e-10,
  "val_curve": {
    "1e-10": 0.18812786722043132,
    "1e-08": 0.22096602562573883,
    "1e-06": 0.2481944596442824,
    "0.0001": 0.30869895717267054,
    "0.01": 0.3618063757413435,
    "1.0": 0.5679862596011299
  },
  "val_metrics": {
    "nmse": 0.18812786722043132,
    "rmse": 0.0479581032397662
  },
  "test_metrics": {
    "nmse": 0.15911269349839963,
    "rmse": 0.04242598016083757
  },
  "timing": {
    "train_states_s": 0.018251199999212986,
    "ridge_select_s": 0.011864000000059605,
    "total_s": 0.05205749999731779
  },
  "timestamp": "2026-04-16T18:21:45.644431+00:00"
}