{
  "sweep_name": "region_selection_multitask_v1_narma10",
  "config_id": "63db3e098f17",
  "seed": 789,
  "config_point": {
    "spectral_radius": 1.1,
    "input_scaling": 0.15,
    "leak_rate": 0.6
  },
  "best_ridge": 1e-10,
  "val_curve": {
    "1e-10": 0.1654827730446443,
    "1e-08": 0.16777878468474633,
    "1e-06": 0.1928706247575321,
    "0.0001": 0.2526520576816328,
    "0.01": 0.27760905756500504,
    "1.0": 0.4313588974828911
  },
  "val_metrics": {
    "nmse": 0.1654827730446443,
    "rmse": 0.044979210398996036
  },
  "test_metrics": {
    "nmse": 0.15159611164589692,
    "rmse": 0.04141174219982708
  },
  "timing": {
    "train_states_s": 0.017810899997130036,
    "ridge_select_s": 0.012258800001291092,
    "total_s": 0.0517697000032058
  },
  "timestamp": "2026-04-16T18:22:15.884900+00:00"
}