{
  "sweep_name": "region_selection_multitask_v1_narma10",
  "config_id": "63db3e098f17",
  "seed": 456,
  "config_point": {
    "spectral_radius": 1.1,
    "input_scaling": 0.15,
    "leak_rate": 0.6
  },
  "best_ridge": 1e-10,
  "val_curve": {
    "1e-10": 0.1878033199281268,
    "1e-08": 0.1878143192099722,
    "1e-06": 0.1889657329899008,
    "0.0001": 0.2089844499690712,
    "0.01": 0.258874659583604,
    "1.0": 0.3374435295928994
  },
  "val_metrics": {
    "nmse": 0.1878033199281268,
    "rmse": 0.043994744267621455
  },
  "test_metrics": {
    "nmse": 0.21076218707764824,
    "rmse": 0.04833022297756454
  },
  "timing": {
    "train_states_s": 0.017873799999506446,
    "ridge_select_s": 0.012324100000114413,
    "total_s": 0.0544255000022531
  },
  "timestamp": "2026-04-16T18:22:15.818314+00:00"
}