{
  "sweep_name": "region_selection_multitask_v1_narma10",
  "config_id": "63db3e098f17",
  "seed": 1024,
  "config_point": {
    "spectral_radius": 1.1,
    "input_scaling": 0.15,
    "leak_rate": 0.6
  },
  "best_ridge": 1e-10,
  "val_curve": {
    "1e-10": 0.1746243600745088,
    "1e-08": 0.17892836303939033,
    "1e-06": 0.20462937201623846,
    "0.0001": 0.244617384446549,
    "0.01": 0.2970265181798021,
    "1.0": 0.3918653714143098
  },
  "val_metrics": {
    "nmse": 0.1746243600745088,
    "rmse": 0.0529245337690358
  },
  "test_metrics": {
    "nmse": 0.1464940913223966,
    "rmse": 0.04368937837618986
  },
  "timing": {
    "train_states_s": 0.017960900000616675,
    "ridge_select_s": 0.01314480000291951,
    "total_s": 0.0522915000001376
  },
  "timestamp": "2026-04-16T18:22:15.952505+00:00"
}