{
  "sweep_name": "region_selection_multitask_v1_narma10",
  "config_id": "65112a445932",
  "seed": 42,
  "config_point": {
    "spectral_radius": 1.1,
    "input_scaling": 0.2,
    "leak_rate": 0.8
  },
  "best_ridge": 1e-08,
  "val_curve": {
    "1e-10": 0.14202962832106322,
    "1e-08": 0.14202258795358555,
    "1e-06": 0.14256520291886135,
    "0.0001": 0.18263195070936397,
    "0.01": 0.2203581931161105,
    "1.0": 0.3837838094931517
  },
  "val_metrics": {
    "nmse": 0.14202258795358555,
    "rmse": 0.046492725918551685
  },
  "test_metrics": {
    "nmse": 0.1130161740050065,
    "rmse": 0.034156681725325294
  },
  "timing": {
    "train_states_s": 0.018065599997498794,
    "ridge_select_s": 0.01249870000174269,
    "total_s": 0.06721810000090045
  },
  "timestamp": "2026-04-16T18:22:18.470960+00:00"
}