{
  "sweep_name": "region_selection_multitask_v1_narma10",
  "config_id": "65112a445932",
  "seed": 456,
  "config_point": {
    "spectral_radius": 1.1,
    "input_scaling": 0.2,
    "leak_rate": 0.8
  },
  "best_ridge": 0.0001,
  "val_curve": {
    "1e-10": 0.2075526985117071,
    "1e-08": 0.20755212686078717,
    "1e-06": 0.20749548967800585,
    "0.0001": 0.20462910793108052,
    "0.01": 0.22055910474043547,
    "1.0": 0.32072255888592516
  },
  "val_metrics": {
    "nmse": 0.20462910793108052,
    "rmse": 0.045923276942940634
  },
  "test_metrics": {
    "nmse": 0.20060670840920708,
    "rmse": 0.047151463443901205
  },
  "timing": {
    "train_states_s": 0.017891200001031393,
    "ridge_select_s": 0.012556099998619175,
    "total_s": 0.054865199999767356
  },
  "timestamp": "2026-04-16T18:22:18.609582+00:00"
}