{
  "sweep_name": "region_selection_multitask_v1_narma10",
  "config_id": "65112a445932",
  "seed": 123,
  "config_point": {
    "spectral_radius": 1.1,
    "input_scaling": 0.2,
    "leak_rate": 0.8
  },
  "best_ridge": 1e-10,
  "val_curve": {
    "1e-10": 0.09758139350701416,
    "1e-08": 0.09758462558469805,
    "1e-06": 0.09886377261851968,
    "0.0001": 0.13069851456642564,
    "0.01": 0.1944598722044268,
    "1.0": 0.2921319554287695
  },
  "val_metrics": {
    "nmse": 0.09758139350701416,
    "rmse": 0.030542493932085406
  },
  "test_metrics": {
    "nmse": 0.10218219817196388,
    "rmse": 0.033003603400227455
  },
  "timing": {
    "train_states_s": 0.018154000001231907,
    "ridge_select_s": 0.01325390000056359,
    "total_s": 0.05432760000257986
  },
  "timestamp": "2026-04-16T18:22:18.539664+00:00"
}