{
  "sweep_name": "region_selection_multitask_v1_narma10",
  "config_id": "65112a445932",
  "seed": 1024,
  "config_point": {
    "spectral_radius": 1.1,
    "input_scaling": 0.2,
    "leak_rate": 0.8
  },
  "best_ridge": 1e-10,
  "val_curve": {
    "1e-10": 0.16394251928459133,
    "1e-08": 0.16397417289209726,
    "1e-06": 0.1661020189883601,
    "0.0001": 0.18648962472279607,
    "0.01": 0.2353146519914076,
    "1.0": 0.36750509328917197
  },
  "val_metrics": {
    "nmse": 0.16394251928459133,
    "rmse": 0.05128028489723834
  },
  "test_metrics": {
    "nmse": 0.11048462933965737,
    "rmse": 0.03794169625008316
  },
  "timing": {
    "train_states_s": 0.017887699999846518,
    "ridge_select_s": 0.012117700000089826,
    "total_s": 0.052994800000305986
  },
  "timestamp": "2026-04-16T18:22:18.743873+00:00"
}