{
  "sweep_name": "region_selection_multitask_v1_narma10",
  "config_id": "65189332b1c4",
  "seed": 123,
  "config_point": {
    "spectral_radius": 0.9,
    "input_scaling": 0.1,
    "leak_rate": 0.9
  },
  "best_ridge": 1e-10,
  "val_curve": {
    "1e-10": 0.08646233909645992,
    "1e-08": 0.10827588762819357,
    "1e-06": 0.15565169415580227,
    "0.0001": 0.18579900423862417,
    "0.01": 0.21641594444837303,
    "1.0": 0.44978973828913255
  },
  "val_metrics": {
    "nmse": 0.08646233909645992,
    "rmse": 0.028749776883282344
  },
  "test_metrics": {
    "nmse": 0.08417863539605938,
    "rmse": 0.029955369408552427
  },
  "timing": {
    "train_states_s": 0.017913399999088142,
    "ridge_select_s": 0.013357699997868622,
    "total_s": 0.05437309999979334
  },
  "timestamp": "2026-04-16T18:21:48.734129+00:00"
}