{
  "sweep_name": "region_selection_multitask_v1_narma10",
  "config_id": "65189332b1c4",
  "seed": 789,
  "config_point": {
    "spectral_radius": 0.9,
    "input_scaling": 0.1,
    "leak_rate": 0.9
  },
  "best_ridge": 1e-10,
  "val_curve": {
    "1e-10": 0.12510389887260745,
    "1e-08": 0.13104556537468956,
    "1e-06": 0.1617334593787222,
    "0.0001": 0.17383643508633737,
    "0.01": 0.25988759116181503,
    "1.0": 0.4524249519633034
  },
  "val_metrics": {
    "nmse": 0.12510389887260745,
    "rmse": 0.03910847259342998
  },
  "test_metrics": {
    "nmse": 0.0972699097842695,
    "rmse": 0.033171776245384144
  },
  "timing": {
    "train_states_s": 0.01802069999757805,
    "ridge_select_s": 0.012461900001653703,
    "total_s": 0.05254799999966053
  },
  "timestamp": "2026-04-16T18:21:48.873744+00:00"
}