{
  "sweep_name": "region_selection_multitask_v1_narma10",
  "config_id": "65189332b1c4",
  "seed": 1024,
  "config_point": {
    "spectral_radius": 0.9,
    "input_scaling": 0.1,
    "leak_rate": 0.9
  },
  "best_ridge": 1e-10,
  "val_curve": {
    "1e-10": 0.1595002068109771,
    "1e-08": 0.1888143171875986,
    "1e-06": 0.22602548405218706,
    "0.0001": 0.27467402492634213,
    "0.01": 0.3152201602338692,
    "1.0": 0.6092731216406475
  },
  "val_metrics": {
    "nmse": 0.1595002068109771,
    "rmse": 0.05058074855846642
  },
  "test_metrics": {
    "nmse": 0.1093218484660749,
    "rmse": 0.03774151197086223
  },
  "timing": {
    "train_states_s": 0.018435400001180824,
    "ridge_select_s": 0.01258610000149929,
    "total_s": 0.05500190000020666
  },
  "timestamp": "2026-04-16T18:21:48.943738+00:00"
}