{
  "sweep_name": "region_selection_multitask_v1_narma10",
  "config_id": "65189332b1c4",
  "seed": 42,
  "config_point": {
    "spectral_radius": 0.9,
    "input_scaling": 0.1,
    "leak_rate": 0.9
  },
  "best_ridge": 1e-10,
  "val_curve": {
    "1e-10": 0.0995515316595419,
    "1e-08": 0.10715925780245766,
    "1e-06": 0.1248819062126084,
    "0.0001": 0.16994058639990708,
    "0.01": 0.28244017563820195,
    "1.0": 0.4083759537834794
  },
  "val_metrics": {
    "nmse": 0.0995515316595419,
    "rmse": 0.038925147968446754
  },
  "test_metrics": {
    "nmse": 0.08486278145918268,
    "rmse": 0.029598111615489385
  },
  "timing": {
    "train_states_s": 0.017846400001872098,
    "ridge_select_s": 0.0126057999987097,
    "total_s": 0.05451659999744152
  },
  "timestamp": "2026-04-16T18:21:48.664719+00:00"
}