{
  "sweep_name": "region_selection_multitask_v1_narma10",
  "config_id": "65189332b1c4",
  "seed": 456,
  "config_point": {
    "spectral_radius": 0.9,
    "input_scaling": 0.1,
    "leak_rate": 0.9
  },
  "best_ridge": 1e-10,
  "val_curve": {
    "1e-10": 0.09575894588916718,
    "1e-08": 0.0988253422082826,
    "1e-06": 0.11768057966102752,
    "0.0001": 0.15347499040091478,
    "0.01": 0.2025080891864764,
    "1.0": 0.4325949885583736
  },
  "val_metrics": {
    "nmse": 0.09575894588916718,
    "rmse": 0.031415128702228866
  },
  "test_metrics": {
    "nmse": 0.10111955443852892,
    "rmse": 0.03347649833384664
  },
  "timing": {
    "train_states_s": 0.01785559999916586,
    "ridge_select_s": 0.012645099999645026,
    "total_s": 0.0546652000011818
  },
  "timestamp": "2026-04-16T18:21:48.803718+00:00"
}