{
  "sweep_name": "region_selection_multitask_v1_narma10",
  "config_id": "6741f7c852ef",
  "seed": 1024,
  "config_point": {
    "spectral_radius": 0.8,
    "input_scaling": 0.4,
    "leak_rate": 0.8
  },
  "best_ridge": 1e-08,
  "val_curve": {
    "1e-10": 0.1731620025182713,
    "1e-08": 0.17310013714732214,
    "1e-06": 0.1886257223371928,
    "0.0001": 0.24946746557867308,
    "0.01": 0.344795528783237,
    "1.0": 0.5390227229603612
  },
  "val_metrics": {
    "nmse": 0.17310013714732214,
    "rmse": 0.052693049481182606
  },
  "test_metrics": {
    "nmse": 0.1164769073709805,
    "rmse": 0.03895701986983894
  },
  "timing": {
    "train_states_s": 0.018196199998783413,
    "ridge_select_s": 0.012849200000346173,
    "total_s": 0.052886499997839564
  },
  "timestamp": "2026-04-16T18:21:44.233281+00:00"
}