{
  "sweep_name": "region_selection_multitask_v1_narma10",
  "config_id": "6741f7c852ef",
  "seed": 456,
  "config_point": {
    "spectral_radius": 0.8,
    "input_scaling": 0.4,
    "leak_rate": 0.8
  },
  "best_ridge": 1e-10,
  "val_curve": {
    "1e-10": 0.10425295582462908,
    "1e-08": 0.1044143307438526,
    "1e-06": 0.11146095801027835,
    "0.0001": 0.15167118331926666,
    "0.01": 0.22957368279025692,
    "1.0": 0.36901821132336293
  },
  "val_metrics": {
    "nmse": 0.10425295582462908,
    "rmse": 0.032778822873374774
  },
  "test_metrics": {
    "nmse": 0.10268742825792875,
    "rmse": 0.03373502910645661
  },
  "timing": {
    "train_states_s": 0.01788930000111577,
    "ridge_select_s": 0.012602000002516434,
    "total_s": 0.05463410000083968
  },
  "timestamp": "2026-04-16T18:21:44.089796+00:00"
}