{
  "sweep_name": "region_selection_multitask_v1_narma10",
  "config_id": "6741f7c852ef",
  "seed": 789,
  "config_point": {
    "spectral_radius": 0.8,
    "input_scaling": 0.4,
    "leak_rate": 0.8
  },
  "best_ridge": 1e-10,
  "val_curve": {
    "1e-10": 0.1513606187330349,
    "1e-08": 0.1514610189599265,
    "1e-06": 0.16158013734370774,
    "0.0001": 0.20798589780829818,
    "0.01": 0.2843043281961274,
    "1.0": 0.4489228046154253
  },
  "val_metrics": {
    "nmse": 0.1513606187330349,
    "rmse": 0.04301717432792286
  },
  "test_metrics": {
    "nmse": 0.11626059450358205,
    "rmse": 0.036265672927913745
  },
  "timing": {
    "train_states_s": 0.018701699998928234,
    "ridge_select_s": 0.013902599999710219,
    "total_s": 0.058994900002289796
  },
  "timestamp": "2026-04-16T18:21:44.164501+00:00"
}