{
  "sweep_name": "region_selection_multitask_v1_narma10",
  "config_id": "6741f7c852ef",
  "seed": 42,
  "config_point": {
    "spectral_radius": 0.8,
    "input_scaling": 0.4,
    "leak_rate": 0.8
  },
  "best_ridge": 1e-10,
  "val_curve": {
    "1e-10": 0.10247973214206238,
    "1e-08": 0.10268066237572368,
    "1e-06": 0.12440303833155505,
    "0.0001": 0.16425640521382337,
    "0.01": 0.2692993598205119,
    "1.0": 0.4026294761591784
  },
  "val_metrics": {
    "nmse": 0.10247973214206238,
    "rmse": 0.039493469648606463
  },
  "test_metrics": {
    "nmse": 0.09908222953502262,
    "rmse": 0.031981826121301314
  },
  "timing": {
    "train_states_s": 0.017895799999678275,
    "ridge_select_s": 0.013824500001646811,
    "total_s": 0.056282800000190036
  },
  "timestamp": "2026-04-16T18:21:43.947863+00:00"
}