{
  "sweep_name": "region_selection_multitask_v1_narma10",
  "config_id": "6741f7c852ef",
  "seed": 123,
  "config_point": {
    "spectral_radius": 0.8,
    "input_scaling": 0.4,
    "leak_rate": 0.8
  },
  "best_ridge": 1e-10,
  "val_curve": {
    "1e-10": 0.11852092028811377,
    "1e-08": 0.11868626146977725,
    "1e-06": 0.13915520746649257,
    "0.0001": 0.2052583110369351,
    "0.01": 0.28800492318264176,
    "1.0": 0.4391861578975048
  },
  "val_metrics": {
    "nmse": 0.11852092028811377,
    "rmse": 0.03366033980422284
  },
  "test_metrics": {
    "nmse": 0.10392196689454514,
    "rmse": 0.03328337958542562
  },
  "timing": {
    "train_states_s": 0.01959500000157277,
    "ridge_select_s": 0.012536899997940054,
    "total_s": 0.05537170000025071
  },
  "timestamp": "2026-04-16T18:21:44.019831+00:00"
}