{
  "sweep_name": "region_selection_multitask_v1_narma10",
  "config_id": "67e56b279b44",
  "seed": 123,
  "config_point": {
    "spectral_radius": 1.0,
    "input_scaling": 0.2,
    "leak_rate": 1.0
  },
  "best_ridge": 1e-06,
  "val_curve": {
    "1e-10": 0.11874137835612927,
    "1e-08": 0.11873543374470169,
    "1e-06": 0.11827935145498468,
    "0.0001": 0.1283858041926305,
    "0.01": 0.17977447482401712,
    "1.0": 0.22784741127423203
  },
  "val_metrics": {
    "nmse": 0.11827935145498468,
    "rmse": 0.03362601912688213
  },
  "test_metrics": {
    "nmse": 0.11157162034563717,
    "rmse": 0.03448661821819804
  },
  "timing": {
    "train_states_s": 0.01792550000027404,
    "ridge_select_s": 0.01195249999727821,
    "total_s": 0.051826500002789544
  },
  "timestamp": "2026-04-16T18:22:06.472882+00:00"
}