{
  "sweep_name": "region_selection_multitask_v1_narma10",
  "config_id": "67e56b279b44",
  "seed": 42,
  "config_point": {
    "spectral_radius": 1.0,
    "input_scaling": 0.2,
    "leak_rate": 1.0
  },
  "best_ridge": 1e-06,
  "val_curve": {
    "1e-10": 0.12940605560443402,
    "1e-08": 0.12940498816582555,
    "1e-06": 0.12938662456552794,
    "0.0001": 0.1394809303158612,
    "0.01": 0.1697983588581077,
    "1.0": 0.2818429978137739
  },
  "val_metrics": {
    "nmse": 0.12938662456552794,
    "rmse": 0.04437628995683488
  },
  "test_metrics": {
    "nmse": 0.10400323353385446,
    "rmse": 0.032766404896935074
  },
  "timing": {
    "train_states_s": 0.018539799999416573,
    "ridge_select_s": 0.012068400003045099,
    "total_s": 0.06426629999987199
  },
  "timestamp": "2026-04-16T18:22:06.406232+00:00"
}