{
  "sweep_name": "region_selection_multitask_v1_narma10",
  "config_id": "67e56b279b44",
  "seed": 789,
  "config_point": {
    "spectral_radius": 1.0,
    "input_scaling": 0.2,
    "leak_rate": 1.0
  },
  "best_ridge": 1e-06,
  "val_curve": {
    "1e-10": 0.14646930741359612,
    "1e-08": 0.14646820611904962,
    "1e-06": 0.14639241326500207,
    "0.0001": 0.15458687983926794,
    "0.01": 0.1825265333950158,
    "1.0": 0.33535366073315565
  },
  "val_metrics": {
    "nmse": 0.14639241326500207,
    "rmse": 0.042305293982880715
  },
  "test_metrics": {
    "nmse": 0.10946691091425163,
    "rmse": 0.035190132502020056
  },
  "timing": {
    "train_states_s": 0.017779699999664444,
    "ridge_select_s": 0.01165920000130427,
    "total_s": 0.05114139999932377
  },
  "timestamp": "2026-04-16T18:22:06.609249+00:00"
}