{
  "sweep_name": "region_selection_multitask_v1_narma10",
  "config_id": "67e56b279b44",
  "seed": 456,
  "config_point": {
    "spectral_radius": 1.0,
    "input_scaling": 0.2,
    "leak_rate": 1.0
  },
  "best_ridge": 0.0001,
  "val_curve": {
    "1e-10": 0.1781516817446604,
    "1e-08": 0.17815140459883372,
    "1e-06": 0.1781239022739862,
    "0.0001": 0.1765444984558647,
    "0.01": 0.18539172750112254,
    "1.0": 0.2632253613613191
  },
  "val_metrics": {
    "nmse": 0.1765444984558647,
    "rmse": 0.04265562003328062
  },
  "test_metrics": {
    "nmse": 0.16896054968826452,
    "rmse": 0.043272810953807896
  },
  "timing": {
    "train_states_s": 0.017967499999940628,
    "ridge_select_s": 0.01246059999903082,
    "total_s": 0.055283699999563396
  },
  "timestamp": "2026-04-16T18:22:06.543451+00:00"
}