{
  "sweep_name": "region_selection_multitask_v1_narma10",
  "config_id": "67e56b279b44",
  "seed": 1024,
  "config_point": {
    "spectral_radius": 1.0,
    "input_scaling": 0.2,
    "leak_rate": 1.0
  },
  "best_ridge": 1e-08,
  "val_curve": {
    "1e-10": 0.2052588773347644,
    "1e-08": 0.20525806980760677,
    "1e-06": 0.2052586473971529,
    "0.0001": 0.21852441849756057,
    "0.01": 0.28141925964042447,
    "1.0": 0.3432195173574953
  },
  "val_metrics": {
    "nmse": 0.20525806980760677,
    "rmse": 0.05737923414940868
  },
  "test_metrics": {
    "nmse": 0.1444374175465925,
    "rmse": 0.043381610308828616
  },
  "timing": {
    "train_states_s": 0.017888999998831423,
    "ridge_select_s": 0.011713599997165147,
    "total_s": 0.051299200000357814
  },
  "timestamp": "2026-04-16T18:22:06.675210+00:00"
}