{
  "sweep_name": "region_selection_multitask_v1_narma10",
  "config_id": "6889a48b57ab",
  "seed": 123,
  "config_point": {
    "spectral_radius": 0.7,
    "input_scaling": 0.05,
    "leak_rate": 0.5
  },
  "best_ridge": 1e-10,
  "val_curve": {
    "1e-10": 0.2709510542242379,
    "1e-08": 0.3123849585267764,
    "1e-06": 0.34027329350786195,
    "0.0001": 0.3885079395343113,
    "0.01": 0.4621825372372039,
    "1.0": 0.866781576056694
  },
  "val_metrics": {
    "nmse": 0.2709510542242379,
    "rmse": 0.05089397954873619
  },
  "test_metrics": {
    "nmse": 0.23658138427531678,
    "rmse": 0.050218533178709564
  },
  "timing": {
    "train_states_s": 0.018824799997673836,
    "ridge_select_s": 0.012016200002108235,
    "total_s": 0.05387210000117193
  },
  "timestamp": "2026-04-16T18:21:19.605699+00:00"
}