{
  "sweep_name": "region_selection_multitask_v1_narma10",
  "config_id": "6889a48b57ab",
  "seed": 1024,
  "config_point": {
    "spectral_radius": 0.7,
    "input_scaling": 0.05,
    "leak_rate": 0.5
  },
  "best_ridge": 1e-10,
  "val_curve": {
    "1e-10": 0.26050910333204863,
    "1e-08": 0.3282591526687461,
    "1e-06": 0.3793555282799765,
    "0.0001": 0.40284294138702087,
    "0.01": 0.4781540151373533,
    "1.0": 0.8545929422660984
  },
  "val_metrics": {
    "nmse": 0.26050910333204863,
    "rmse": 0.06464219263180479
  },
  "test_metrics": {
    "nmse": 0.20867852022533703,
    "rmse": 0.052144041117038804
  },
  "timing": {
    "train_states_s": 0.018055500000627944,
    "ridge_select_s": 0.013195200001064222,
    "total_s": 0.05333700000119279
  },
  "timestamp": "2026-04-16T18:21:19.812628+00:00"
}