{
  "sweep_name": "region_selection_multitask_v1_narma10",
  "config_id": "6889a48b57ab",
  "seed": 789,
  "config_point": {
    "spectral_radius": 0.7,
    "input_scaling": 0.05,
    "leak_rate": 0.5
  },
  "best_ridge": 1e-10,
  "val_curve": {
    "1e-10": 0.25431469331366147,
    "1e-08": 0.3033147504055522,
    "1e-06": 0.3285889906408268,
    "0.0001": 0.35957817395931074,
    "0.01": 0.43036030809164777,
    "1.0": 0.8408375431228419
  },
  "val_metrics": {
    "nmse": 0.25431469331366147,
    "rmse": 0.05575979374525901
  },
  "test_metrics": {
    "nmse": 0.22656633283120825,
    "rmse": 0.05062641307823951
  },
  "timing": {
    "train_states_s": 0.019139099997119047,
    "ridge_select_s": 0.01233430000138469,
    "total_s": 0.054669500001182314
  },
  "timestamp": "2026-04-16T18:21:19.744594+00:00"
}