{
  "sweep_name": "region_selection_multitask_v1_narma10",
  "config_id": "6a0608e15b17",
  "seed": 1024,
  "config_point": {
    "spectral_radius": 1.1,
    "input_scaling": 0.2,
    "leak_rate": 0.7
  },
  "best_ridge": 1e-10,
  "val_curve": {
    "1e-10": 0.14413307850531737,
    "1e-08": 0.14458562621016352,
    "1e-06": 0.15912316953574793,
    "0.0001": 0.21093338558712293,
    "0.01": 0.2725993664729007,
    "1.0": 0.3709561186068126
  },
  "val_metrics": {
    "nmse": 0.14413307850531737,
    "rmse": 0.048082435579326725
  },
  "test_metrics": {
    "nmse": 0.11227398294932188,
    "rmse": 0.0382477045727168
  },
  "timing": {
    "train_states_s": 0.018049800000881078,
    "ridge_select_s": 0.012749399997119326,
    "total_s": 0.052123600002232706
  },
  "timestamp": "2026-04-16T18:22:18.389140+00:00"
}