{
  "sweep_name": "region_selection_multitask_v1_narma10",
  "config_id": "6a0608e15b17",
  "seed": 42,
  "config_point": {
    "spectral_radius": 1.1,
    "input_scaling": 0.2,
    "leak_rate": 0.7
  },
  "best_ridge": 1e-10,
  "val_curve": {
    "1e-10": 0.15111991875933645,
    "1e-08": 0.15112018883764913,
    "1e-06": 0.1533903684601458,
    "0.0001": 0.1878678725426169,
    "0.01": 0.21939051525039452,
    "1.0": 0.3949600347450878
  },
  "val_metrics": {
    "nmse": 0.15111991875933645,
    "rmse": 0.04795867265900044
  },
  "test_metrics": {
    "nmse": 0.15236113638639903,
    "rmse": 0.03965906527896015
  },
  "timing": {
    "train_states_s": 0.017892899999424117,
    "ridge_select_s": 0.012199600001622457,
    "total_s": 0.07531609999932698
  },
  "timestamp": "2026-04-16T18:22:18.116884+00:00"
}