{
  "sweep_name": "region_selection_multitask_v1_narma10",
  "config_id": "6a0608e15b17",
  "seed": 123,
  "config_point": {
    "spectral_radius": 1.1,
    "input_scaling": 0.2,
    "leak_rate": 0.7
  },
  "best_ridge": 1e-08,
  "val_curve": {
    "1e-10": 0.13703373540358904,
    "1e-08": 0.1369679953870422,
    "1e-06": 0.14154707177810866,
    "0.0001": 0.19385506829421562,
    "0.01": 0.24888747488170965,
    "1.0": 0.3447968665317863
  },
  "val_metrics": {
    "nmse": 0.1369679953870422,
    "rmse": 0.0361851634098226
  },
  "test_metrics": {
    "nmse": 0.12550611577403176,
    "rmse": 0.03657684008569494
  },
  "timing": {
    "train_states_s": 0.01837639999939711,
    "ridge_select_s": 0.013197399999626214,
    "total_s": 0.053636399999959394
  },
  "timestamp": "2026-04-16T18:22:18.185417+00:00"
}