{
  "sweep_name": "region_selection_multitask_v1_narma10",
  "config_id": "6c14593336a9",
  "seed": 789,
  "config_point": {
    "spectral_radius": 1.0,
    "input_scaling": 0.3,
    "leak_rate": 1.0
  },
  "best_ridge": 1e-06,
  "val_curve": {
    "1e-10": 0.15850329541051927,
    "1e-08": 0.15850320431444612,
    "1e-06": 0.15849568299870104,
    "0.0001": 0.1611535178969222,
    "0.01": 0.19063107662075576,
    "1.0": 0.29475489436828217
  },
  "val_metrics": {
    "nmse": 0.15849568299870104,
    "rmse": 0.04401940328842751
  },
  "test_metrics": {
    "nmse": 0.11731624338442036,
    "rmse": 0.03642994744000964
  },
  "timing": {
    "train_states_s": 0.0178529000004346,
    "ridge_select_s": 0.012265299999853596,
    "total_s": 0.051910999998654006
  },
  "timestamp": "2026-04-16T18:22:08.732967+00:00"
}