{
  "sweep_name": "region_selection_multitask_v1_narma10",
  "config_id": "6c14593336a9",
  "seed": 42,
  "config_point": {
    "spectral_radius": 1.0,
    "input_scaling": 0.3,
    "leak_rate": 1.0
  },
  "best_ridge": 1e-06,
  "val_curve": {
    "1e-10": 0.13460056367351694,
    "1e-08": 0.1345999047730506,
    "1e-06": 0.13454000739051888,
    "0.0001": 0.13667296517748126,
    "0.01": 0.16827139456958684,
    "1.0": 0.25645593200055294
  },
  "val_metrics": {
    "nmse": 0.13454000739051888,
    "rmse": 0.04525140026449064
  },
  "test_metrics": {
    "nmse": 0.10233876069257931,
    "rmse": 0.03250314978766805
  },
  "timing": {
    "train_states_s": 0.01912790000278619,
    "ridge_select_s": 0.012224000001879176,
    "total_s": 0.0821643999988737
  },
  "timestamp": "2026-04-16T18:22:08.528953+00:00"
}