{
  "sweep_name": "region_selection_multitask_v1_narma10",
  "config_id": "6c14593336a9",
  "seed": 1024,
  "config_point": {
    "spectral_radius": 1.0,
    "input_scaling": 0.3,
    "leak_rate": 1.0
  },
  "best_ridge": 1e-10,
  "val_curve": {
    "1e-10": 0.20895404445857935,
    "1e-08": 0.20895411413732837,
    "1e-06": 0.20896295642195628,
    "0.0001": 0.2119817980550654,
    "0.01": 0.26512995145494195,
    "1.0": 0.34241419045927424
  },
  "val_metrics": {
    "nmse": 0.20895404445857935,
    "rmse": 0.05789352824373228
  },
  "test_metrics": {
    "nmse": 0.14446050812777872,
    "rmse": 0.04338507778484841
  },
  "timing": {
    "train_states_s": 0.017806500000006054,
    "ridge_select_s": 0.012278100002731662,
    "total_s": 0.05186909999974887
  },
  "timestamp": "2026-04-16T18:22:08.799415+00:00"
}