{
  "sweep_name": "region_selection_multitask_v1_narma10",
  "config_id": "6c14593336a9",
  "seed": 456,
  "config_point": {
    "spectral_radius": 1.0,
    "input_scaling": 0.3,
    "leak_rate": 1.0
  },
  "best_ridge": 0.0001,
  "val_curve": {
    "1e-10": 0.1813382173394839,
    "1e-08": 0.18133815513907428,
    "1e-06": 0.18133194428254415,
    "0.0001": 0.18079037335164477,
    "0.01": 0.18163480467992021,
    "1.0": 0.24366069212128044
  },
  "val_metrics": {
    "nmse": 0.18079037335164477,
    "rmse": 0.04316550396411053
  },
  "test_metrics": {
    "nmse": 0.17582495397565207,
    "rmse": 0.044143087598888825
  },
  "timing": {
    "train_states_s": 0.01854069999899366,
    "ridge_select_s": 0.01270970000041416,
    "total_s": 0.054896900001040194
  },
  "timestamp": "2026-04-16T18:22:08.666105+00:00"
}