{
  "sweep_name": "region_selection_multitask_v1_narma10",
  "config_id": "6dc78acfb100",
  "seed": 789,
  "config_point": {
    "spectral_radius": 0.8,
    "input_scaling": 0.3,
    "leak_rate": 1.0
  },
  "best_ridge": 1e-08,
  "val_curve": {
    "1e-10": 0.15031127089116256,
    "1e-08": 0.1503108506275144,
    "1e-06": 0.15355448492677773,
    "0.0001": 0.18260351694844573,
    "0.01": 0.2315624199229524,
    "1.0": 0.49555481993955874
  },
  "val_metrics": {
    "nmse": 0.1503108506275144,
    "rmse": 0.04286774104204677
  },
  "test_metrics": {
    "nmse": 0.11697684633521163,
    "rmse": 0.036377213173569026
  },
  "timing": {
    "train_states_s": 0.018608700000186218,
    "ridge_select_s": 0.014532400000462076,
    "total_s": 0.0571897000008903
  },
  "timestamp": "2026-04-16T18:21:42.702170+00:00"
}