{
  "sweep_name": "region_selection_multitask_v1_narma10",
  "config_id": "6dc78acfb100",
  "seed": 1024,
  "config_point": {
    "spectral_radius": 0.8,
    "input_scaling": 0.3,
    "leak_rate": 1.0
  },
  "best_ridge": 1e-10,
  "val_curve": {
    "1e-10": 0.193902248173396,
    "1e-08": 0.194165921081757,
    "1e-06": 0.209773065975064,
    "0.0001": 0.24769169431818336,
    "0.01": 0.3050435123410852,
    "1.0": 0.643407879904741
  },
  "val_metrics": {
    "nmse": 0.193902248173396,
    "rmse": 0.05576940990878413
  },
  "test_metrics": {
    "nmse": 0.13259316161018433,
    "rmse": 0.041564865020487736
  },
  "timing": {
    "train_states_s": 0.018657900000107475,
    "ridge_select_s": 0.013147699999535689,
    "total_s": 0.05570920000172919
  },
  "timestamp": "2026-04-16T18:21:42.773133+00:00"
}