{
  "sweep_name": "region_selection_multitask_v1_narma10",
  "config_id": "6dc78acfb100",
  "seed": 123,
  "config_point": {
    "spectral_radius": 0.8,
    "input_scaling": 0.3,
    "leak_rate": 1.0
  },
  "best_ridge": 1e-08,
  "val_curve": {
    "1e-10": 0.1095129495271672,
    "1e-08": 0.10938397930554428,
    "1e-06": 0.11845375566238059,
    "0.0001": 0.16619016274390563,
    "0.01": 0.19692411942452853,
    "1.0": 0.5029322679376548
  },
  "val_metrics": {
    "nmse": 0.10938397930554428,
    "rmse": 0.032336860097223495
  },
  "test_metrics": {
    "nmse": 0.1003207390722775,
    "rmse": 0.03270160741927015
  },
  "timing": {
    "train_states_s": 0.018060899998090463,
    "ridge_select_s": 0.014161499999318039,
    "total_s": 0.05479140000170446
  },
  "timestamp": "2026-04-16T18:21:42.554093+00:00"
}