{
  "sweep_name": "region_selection_multitask_v1_narma10",
  "config_id": "6dc78acfb100",
  "seed": 42,
  "config_point": {
    "spectral_radius": 0.8,
    "input_scaling": 0.3,
    "leak_rate": 1.0
  },
  "best_ridge": 1e-10,
  "val_curve": {
    "1e-10": 0.10867734494099293,
    "1e-08": 0.10904302804433241,
    "1e-06": 0.12066123823689398,
    "0.0001": 0.1436929786144238,
    "0.01": 0.24625103385240388,
    "1.0": 0.4294651967619999
  },
  "val_metrics": {
    "nmse": 0.10867734494099293,
    "rmse": 0.04067015325113176
  },
  "test_metrics": {
    "nmse": 0.09133869059695926,
    "rmse": 0.030706672936538275
  },
  "timing": {
    "train_states_s": 0.017912699997395976,
    "ridge_select_s": 0.012481800000387011,
    "total_s": 0.06205419999969308
  },
  "timestamp": "2026-04-16T18:21:42.484043+00:00"
}