{
  "sweep_name": "region_selection_multitask_v1_narma10",
  "config_id": "6e9fce6c8a9f",
  "seed": 123,
  "config_point": {
    "spectral_radius": 0.7,
    "input_scaling": 0.05,
    "leak_rate": 0.9
  },
  "best_ridge": 1e-10,
  "val_curve": {
    "1e-10": 0.16221859564708005,
    "1e-08": 0.17565435118347208,
    "1e-06": 0.1883448498497711,
    "0.0001": 0.2719386011774953,
    "0.01": 0.650386473946649,
    "1.0": 1.0644688353822058
  },
  "val_metrics": {
    "nmse": 0.16221859564708005,
    "rmse": 0.03937960059817235
  },
  "test_metrics": {
    "nmse": 0.1596702790660506,
    "rmse": 0.041255872975247125
  },
  "timing": {
    "train_states_s": 0.017955700001039077,
    "ridge_select_s": 0.01247259999945527,
    "total_s": 0.05230620000293129
  },
  "timestamp": "2026-04-16T18:21:21.089118+00:00"
}