{
  "sweep_name": "region_selection_multitask_v1_narma10",
  "config_id": "6e9fce6c8a9f",
  "seed": 42,
  "config_point": {
    "spectral_radius": 0.7,
    "input_scaling": 0.05,
    "leak_rate": 0.9
  },
  "best_ridge": 1e-10,
  "val_curve": {
    "1e-10": 0.15160715965677551,
    "1e-08": 0.2148201096187194,
    "1e-06": 0.24059938086669083,
    "0.0001": 0.2869759272266869,
    "0.01": 0.49441494348400994,
    "1.0": 0.9496954003999406
  },
  "val_metrics": {
    "nmse": 0.15160715965677551,
    "rmse": 0.04803592462513758
  },
  "test_metrics": {
    "nmse": 0.1434330975138906,
    "rmse": 0.038479556794627785
  },
  "timing": {
    "train_states_s": 0.0182213000007323,
    "ridge_select_s": 0.012062100002367515,
    "total_s": 0.08799150000049849
  },
  "timestamp": "2026-04-16T18:21:21.022107+00:00"
}