{
  "sweep_name": "region_selection_multitask_v1_narma10",
  "config_id": "6f35fc510607",
  "seed": 1024,
  "config_point": {
    "spectral_radius": 1.0,
    "input_scaling": 0.15,
    "leak_rate": 1.0
  },
  "best_ridge": 1e-08,
  "val_curve": {
    "1e-10": 0.20546022504406344,
    "1e-08": 0.20545699359648545,
    "1e-06": 0.20586543903660076,
    "0.0001": 0.23476802650120762,
    "0.01": 0.28904997450381,
    "1.0": 0.3591416870240494
  },
  "val_metrics": {
    "nmse": 0.20545699359648545,
    "rmse": 0.057407031669248494
  },
  "test_metrics": {
    "nmse": 0.14596461248973938,
    "rmse": 0.04361035286410485
  },
  "timing": {
    "train_states_s": 0.018640899997990346,
    "ridge_select_s": 0.01267809999990277,
    "total_s": 0.052820700002484955
  },
  "timestamp": "2026-04-16T18:22:04.515807+00:00"
}