{
  "sweep_name": "region_selection_multitask_v1_narma10",
  "config_id": "6f35fc510607",
  "seed": 456,
  "config_point": {
    "spectral_radius": 1.0,
    "input_scaling": 0.15,
    "leak_rate": 1.0
  },
  "best_ridge": 0.0001,
  "val_curve": {
    "1e-10": 0.1761036479863799,
    "1e-08": 0.17610286489227905,
    "1e-06": 0.17602667614607104,
    "0.0001": 0.17394825739946118,
    "0.01": 0.18906183618535047,
    "1.0": 0.2818864609704026
  },
  "val_metrics": {
    "nmse": 0.17394825739946118,
    "rmse": 0.04234081429779642
  },
  "test_metrics": {
    "nmse": 0.16833931699135096,
    "rmse": 0.04319318514483646
  },
  "timing": {
    "train_states_s": 0.017889099999592872,
    "ridge_select_s": 0.011610499997914303,
    "total_s": 0.05337770000187447
  },
  "timestamp": "2026-04-16T18:22:04.379646+00:00"
}