{
  "sweep_name": "region_selection_multitask_v1_narma10",
  "config_id": "71985f2b3cac",
  "seed": 42,
  "config_point": {
    "spectral_radius": 0.6,
    "input_scaling": 0.4,
    "leak_rate": 0.7
  },
  "best_ridge": 1e-10,
  "val_curve": {
    "1e-10": 0.15682063897175094,
    "1e-08": 0.1761284635184115,
    "1e-06": 0.20530483064083627,
    "0.0001": 0.28393015805755567,
    "0.01": 0.34982812984801026,
    "1.0": 0.6436612509757252
  },
  "val_metrics": {
    "nmse": 0.15682063897175094,
    "rmse": 0.048854875236834926
  },
  "test_metrics": {
    "nmse": 0.17352875177859522,
    "rmse": 0.0423244276575415
  },
  "timing": {
    "train_states_s": 0.017853600002126768,
    "ridge_select_s": 0.013156100001651794,
    "total_s": 0.05357530000037514
  },
  "timestamp": "2026-04-16T18:21:18.070501+00:00"
}