{
  "sweep_name": "region_selection_multitask_v1_narma10",
  "config_id": "71985f2b3cac",
  "seed": 456,
  "config_point": {
    "spectral_radius": 0.6,
    "input_scaling": 0.4,
    "leak_rate": 0.7
  },
  "best_ridge": 1e-10,
  "val_curve": {
    "1e-10": 0.16731416382637085,
    "1e-08": 0.17864936073189386,
    "1e-06": 0.20625874145455178,
    "0.0001": 0.27847764225540583,
    "0.01": 0.3519769637998236,
    "1.0": 0.5818324802606113
  },
  "val_metrics": {
    "nmse": 0.16731416382637085,
    "rmse": 0.041525561975760565
  },
  "test_metrics": {
    "nmse": 0.16918634466762067,
    "rmse": 0.043301715693082915
  },
  "timing": {
    "train_states_s": 0.01809260000300128,
    "ridge_select_s": 0.01249910000115051,
    "total_s": 0.05437019999953918
  },
  "timestamp": "2026-04-16T18:21:18.208716+00:00"
}