{
  "sweep_name": "region_selection_multitask_v1_narma10",
  "config_id": "71985f2b3cac",
  "seed": 123,
  "config_point": {
    "spectral_radius": 0.6,
    "input_scaling": 0.4,
    "leak_rate": 0.7
  },
  "best_ridge": 1e-10,
  "val_curve": {
    "1e-10": 0.19175301806727132,
    "1e-08": 0.21909689043581826,
    "1e-06": 0.2596016153652509,
    "0.0001": 0.3188170639922672,
    "0.01": 0.4201289963156733,
    "1.0": 0.7203375434447683
  },
  "val_metrics": {
    "nmse": 0.19175301806727132,
    "rmse": 0.042814619870073345
  },
  "test_metrics": {
    "nmse": 0.17159016100667818,
    "rmse": 0.04276809734683528
  },
  "timing": {
    "train_states_s": 0.018643399998836685,
    "ridge_select_s": 0.011882800001330907,
    "total_s": 0.05428020000181277
  },
  "timestamp": "2026-04-16T18:21:18.139778+00:00"
}