{
  "sweep_name": "region_selection_multitask_v1_narma10",
  "config_id": "71985f2b3cac",
  "seed": 1024,
  "config_point": {
    "spectral_radius": 0.6,
    "input_scaling": 0.4,
    "leak_rate": 0.7
  },
  "best_ridge": 1e-10,
  "val_curve": {
    "1e-10": 0.21607081565509176,
    "1e-08": 0.23747154106312993,
    "1e-06": 0.28109043568347564,
    "0.0001": 0.34597256458402426,
    "0.01": 0.47084166963271207,
    "1.0": 0.6675614602720814
  },
  "val_metrics": {
    "nmse": 0.21607081565509176,
    "rmse": 0.05887117212920785
  },
  "test_metrics": {
    "nmse": 0.16193657044984094,
    "rmse": 0.045934424550992774
  },
  "timing": {
    "train_states_s": 0.01802540000062436,
    "ridge_select_s": 0.012260800001968164,
    "total_s": 0.05166140000073938
  },
  "timestamp": "2026-04-16T18:21:18.344880+00:00"
}