{
  "sweep_name": "region_selection_multitask_v1_narma10",
  "config_id": "71985f2b3cac",
  "seed": 789,
  "config_point": {
    "spectral_radius": 0.6,
    "input_scaling": 0.4,
    "leak_rate": 0.7
  },
  "best_ridge": 1e-10,
  "val_curve": {
    "1e-10": 0.20540472285682845,
    "1e-08": 0.21617993757280296,
    "1e-06": 0.2592680484071583,
    "0.0001": 0.3129687349718085,
    "0.01": 0.40003434779204516,
    "1.0": 0.6965848594795152
  },
  "val_metrics": {
    "nmse": 0.20540472285682845,
    "rmse": 0.05011187408603384
  },
  "test_metrics": {
    "nmse": 0.1672092232756623,
    "rmse": 0.04349202064017157
  },
  "timing": {
    "train_states_s": 0.018888200000219513,
    "ridge_select_s": 0.012920900000608526,
    "total_s": 0.05479379999815137
  },
  "timestamp": "2026-04-16T18:21:18.278162+00:00"
}