{
  "sweep_name": "region_selection_multitask_v1_narma10",
  "config_id": "71f00c7885b8",
  "seed": 123,
  "config_point": {
    "spectral_radius": 1.1,
    "input_scaling": 0.3,
    "leak_rate": 0.9
  },
  "best_ridge": 1e-06,
  "val_curve": {
    "1e-10": 0.09997474854206714,
    "1e-08": 0.0999745509159753,
    "1e-06": 0.09996062896830084,
    "0.0001": 0.10560182312557378,
    "0.01": 0.15162580821919977,
    "1.0": 0.2024553090458275
  },
  "val_metrics": {
    "nmse": 0.09996062896830084,
    "rmse": 0.030912596026022542
  },
  "test_metrics": {
    "nmse": 0.09534905404524932,
    "rmse": 0.031880999864537296
  },
  "timing": {
    "train_states_s": 0.018607899997732602,
    "ridge_select_s": 0.011590199999773176,
    "total_s": 0.05291220000071917
  },
  "timestamp": "2026-04-16T18:22:21.073865+00:00"
}