{
  "sweep_name": "region_selection_multitask_v1_narma10",
  "config_id": "71f00c7885b8",
  "seed": 456,
  "config_point": {
    "spectral_radius": 1.1,
    "input_scaling": 0.3,
    "leak_rate": 0.9
  },
  "best_ridge": 1e-10,
  "val_curve": {
    "1e-10": 0.236918598715576,
    "1e-08": 0.23691860053249825,
    "1e-06": 0.23691878328815294,
    "0.0001": 0.23694609477634318,
    "0.01": 0.24117851870519902,
    "1.0": 0.29353210928512624
  },
  "val_metrics": {
    "nmse": 0.236918598715576,
    "rmse": 0.049413855689604415
  },
  "test_metrics": {
    "nmse": 0.24661126141695083,
    "rmse": 0.05227919634521702
  },
  "timing": {
    "train_states_s": 0.018810899997333763,
    "ridge_select_s": 0.01221389999773237,
    "total_s": 0.0565234000023338
  },
  "timestamp": "2026-04-16T18:22:21.145190+00:00"
}