{
  "sweep_name": "region_selection_multitask_v1_narma10",
  "config_id": "71f00c7885b8",
  "seed": 1024,
  "config_point": {
    "spectral_radius": 1.1,
    "input_scaling": 0.3,
    "leak_rate": 0.9
  },
  "best_ridge": 1e-06,
  "val_curve": {
    "1e-10": 0.186664762891792,
    "1e-08": 0.18666329559048847,
    "1e-06": 0.1865333375530037,
    "0.0001": 0.19014167860727188,
    "0.01": 0.22998207094321482,
    "1.0": 0.3131610930634747
  },
  "val_metrics": {
    "nmse": 0.1865333375530037,
    "rmse": 0.054699437148080586
  },
  "test_metrics": {
    "nmse": 0.11811568358631831,
    "rmse": 0.03923011626586739
  },
  "timing": {
    "train_states_s": 0.018880499999795575,
    "ridge_select_s": 0.012235999998665648,
    "total_s": 0.05330069999763509
  },
  "timestamp": "2026-04-16T18:22:21.282203+00:00"
}