{
  "sweep_name": "region_selection_multitask_v1_narma10",
  "config_id": "72f84ae81d5b",
  "seed": 123,
  "config_point": {
    "spectral_radius": 0.7,
    "input_scaling": 0.1,
    "leak_rate": 0.6
  },
  "best_ridge": 1e-10,
  "val_curve": {
    "1e-10": 0.221336270669224,
    "1e-08": 0.25543744366012683,
    "1e-06": 0.3013645145891376,
    "0.0001": 0.3513631499731986,
    "0.01": 0.42295385922245465,
    "1.0": 0.7558980372453793
  },
  "val_metrics": {
    "nmse": 0.221336270669224,
    "rmse": 0.045998882653786495
  },
  "test_metrics": {
    "nmse": 0.19693103890336533,
    "rmse": 0.045817440556323495
  },
  "timing": {
    "train_states_s": 0.0178821000008611,
    "ridge_select_s": 0.012593199997354532,
    "total_s": 0.0528362000004563
  },
  "timestamp": "2026-04-16T18:21:22.130702+00:00"
}