{
  "sweep_name": "region_selection_multitask_v1_narma10",
  "config_id": "72f84ae81d5b",
  "seed": 42,
  "config_point": {
    "spectral_radius": 0.7,
    "input_scaling": 0.1,
    "leak_rate": 0.6
  },
  "best_ridge": 1e-10,
  "val_curve": {
    "1e-10": 0.17162485043152192,
    "1e-08": 0.1992463890508503,
    "1e-06": 0.28102401318155074,
    "0.0001": 0.325934501750001,
    "0.01": 0.3662341392727376,
    "1.0": 0.6570853139145763
  },
  "val_metrics": {
    "nmse": 0.17162485043152192,
    "rmse": 0.05110888246629487
  },
  "test_metrics": {
    "nmse": 0.2067639124696469,
    "rmse": 0.046200081670174795
  },
  "timing": {
    "train_states_s": 0.017958899999939604,
    "ridge_select_s": 0.012931000001117354,
    "total_s": 0.053883000000496395
  },
  "timestamp": "2026-04-16T18:21:22.063093+00:00"
}