{
  "sweep_name": "region_selection_multitask_v1_narma10",
  "config_id": "72f84ae81d5b",
  "seed": 1024,
  "config_point": {
    "spectral_radius": 0.7,
    "input_scaling": 0.1,
    "leak_rate": 0.6
  },
  "best_ridge": 1e-10,
  "val_curve": {
    "1e-10": 0.22147735975837737,
    "1e-08": 0.26329311394268295,
    "1e-06": 0.32567782289565184,
    "0.0001": 0.3855734724203938,
    "0.01": 0.44947619293322694,
    "1.0": 0.7102130906564604
  },
  "val_metrics": {
    "nmse": 0.22147735975837737,
    "rmse": 0.05960316142424565
  },
  "test_metrics": {
    "nmse": 0.17535972641558342,
    "rmse": 0.04780031306402619
  },
  "timing": {
    "train_states_s": 0.01788759999908507,
    "ridge_select_s": 0.013227800001914147,
    "total_s": 0.05266269999992801
  },
  "timestamp": "2026-04-16T18:21:22.335339+00:00"
}