{
  "sweep_name": "region_selection_multitask_v1_narma10",
  "config_id": "72f84ae81d5b",
  "seed": 456,
  "config_point": {
    "spectral_radius": 0.7,
    "input_scaling": 0.1,
    "leak_rate": 0.6
  },
  "best_ridge": 1e-10,
  "val_curve": {
    "1e-10": 0.17379734155615387,
    "1e-08": 0.20444985420638184,
    "1e-06": 0.24648787674897898,
    "0.0001": 0.3107436557442165,
    "0.01": 0.3577875993397298,
    "1.0": 0.5903412065757295
  },
  "val_metrics": {
    "nmse": 0.17379734155615387,
    "rmse": 0.04232244306963029
  },
  "test_metrics": {
    "nmse": 0.1731407797392616,
    "rmse": 0.04380484369657328
  },
  "timing": {
    "train_states_s": 0.017917500001203734,
    "ridge_select_s": 0.012575599997944664,
    "total_s": 0.05467779999889899
  },
  "timestamp": "2026-04-16T18:21:22.200319+00:00"
}