{
  "sweep_name": "region_selection_multitask_v1_narma10",
  "config_id": "7351146d69e7",
  "seed": 789,
  "config_point": {
    "spectral_radius": 0.8,
    "input_scaling": 0.4,
    "leak_rate": 0.5
  },
  "best_ridge": 1e-10,
  "val_curve": {
    "1e-10": 0.2077365545330492,
    "1e-08": 0.22098414486761098,
    "1e-06": 0.24390420893472406,
    "0.0001": 0.27222024509577963,
    "0.01": 0.32143280677115166,
    "1.0": 0.4414343422941205
  },
  "val_metrics": {
    "nmse": 0.2077365545330492,
    "rmse": 0.05039551577805841
  },
  "test_metrics": {
    "nmse": 0.1956246495106399,
    "rmse": 0.047042593754342436
  },
  "timing": {
    "train_states_s": 0.018386699997790856,
    "ridge_select_s": 0.013316299999132752,
    "total_s": 0.05525829999896814
  },
  "timestamp": "2026-04-16T18:21:43.082629+00:00"
}