{
  "sweep_name": "region_selection_multitask_v1_narma10",
  "config_id": "7351146d69e7",
  "seed": 1024,
  "config_point": {
    "spectral_radius": 0.8,
    "input_scaling": 0.4,
    "leak_rate": 0.5
  },
  "best_ridge": 1e-10,
  "val_curve": {
    "1e-10": 0.2115624431638794,
    "1e-08": 0.22582008349475258,
    "1e-06": 0.24106701608890532,
    "0.0001": 0.2818996344246817,
    "0.01": 0.3601505024778405,
    "1.0": 0.4665854799754456
  },
  "val_metrics": {
    "nmse": 0.2115624431638794,
    "rmse": 0.05825375351723058
  },
  "test_metrics": {
    "nmse": 0.17348992941046315,
    "rmse": 0.04754479142559657
  },
  "timing": {
    "train_states_s": 0.018495199998142198,
    "ridge_select_s": 0.01367010000103619,
    "total_s": 0.05484290000094916
  },
  "timestamp": "2026-04-16T18:21:43.153120+00:00"
}