{
  "sweep_name": "region_selection_multitask_v1_narma10",
  "config_id": "7351146d69e7",
  "seed": 42,
  "config_point": {
    "spectral_radius": 0.8,
    "input_scaling": 0.4,
    "leak_rate": 0.5
  },
  "best_ridge": 1e-10,
  "val_curve": {
    "1e-10": 0.1586012095506206,
    "1e-08": 0.1666426641067304,
    "1e-06": 0.18208351571661233,
    "0.0001": 0.21885981625145987,
    "0.01": 0.30462662145161234,
    "1.0": 0.41532048508984226
  },
  "val_metrics": {
    "nmse": 0.1586012095506206,
    "rmse": 0.04913144604446231
  },
  "test_metrics": {
    "nmse": 0.22161156042432795,
    "rmse": 0.047830131888482334
  },
  "timing": {
    "train_states_s": 0.01911130000007688,
    "ridge_select_s": 0.01299710000239429,
    "total_s": 0.07989029999953345
  },
  "timestamp": "2026-04-16T18:21:42.869761+00:00"
}