{
  "sweep_name": "region_selection_multitask_v1_narma10",
  "config_id": "7351146d69e7",
  "seed": 123,
  "config_point": {
    "spectral_radius": 0.8,
    "input_scaling": 0.4,
    "leak_rate": 0.5
  },
  "best_ridge": 1e-10,
  "val_curve": {
    "1e-10": 0.2208692809454965,
    "1e-08": 0.24104059526821525,
    "1e-06": 0.2686831487004869,
    "0.0001": 0.3005986876821246,
    "0.01": 0.37174206418453565,
    "1.0": 0.4472004000789664
  },
  "val_metrics": {
    "nmse": 0.2208692809454965,
    "rmse": 0.045950331307201546
  },
  "test_metrics": {
    "nmse": 0.19847253848728552,
    "rmse": 0.045996411563046624
  },
  "timing": {
    "train_states_s": 0.018405899998469977,
    "ridge_select_s": 0.012620499997865409,
    "total_s": 0.05373840000174823
  },
  "timestamp": "2026-04-16T18:21:42.938974+00:00"
}