{
  "sweep_name": "region_selection_multitask_v1_narma10",
  "config_id": "74f5322906a7",
  "seed": 789,
  "config_point": {
    "spectral_radius": 1.0,
    "input_scaling": 0.15,
    "leak_rate": 0.8
  },
  "best_ridge": 1e-10,
  "val_curve": {
    "1e-10": 0.11396761903178723,
    "1e-08": 0.11472122335659,
    "1e-06": 0.139480708946129,
    "0.0001": 0.17563459990748542,
    "0.01": 0.2366216780064334,
    "1.0": 0.46603158920166354
  },
  "val_metrics": {
    "nmse": 0.11396761903178723,
    "rmse": 0.03732726499362841
  },
  "test_metrics": {
    "nmse": 0.08917171309049816,
    "rmse": 0.03176091647777716
  },
  "timing": {
    "train_states_s": 0.01794499999959953,
    "ridge_select_s": 0.012307299999520183,
    "total_s": 0.05238159999862546
  },
  "timestamp": "2026-04-16T18:22:03.750416+00:00"
}