{
  "sweep_name": "region_selection_multitask_v1_narma10",
  "config_id": "74f5322906a7",
  "seed": 123,
  "config_point": {
    "spectral_radius": 1.0,
    "input_scaling": 0.15,
    "leak_rate": 0.8
  },
  "best_ridge": 1e-10,
  "val_curve": {
    "1e-10": 0.10347960509626722,
    "1e-08": 0.10521347423208728,
    "1e-06": 0.1255075763392549,
    "0.0001": 0.1545418742474536,
    "0.01": 0.2469271671528803,
    "1.0": 0.3654548950416634
  },
  "val_metrics": {
    "nmse": 0.10347960509626722,
    "rmse": 0.03145200744030849
  },
  "test_metrics": {
    "nmse": 0.10183982572869123,
    "rmse": 0.032948265946672675
  },
  "timing": {
    "train_states_s": 0.01794530000188388,
    "ridge_select_s": 0.013257099999464117,
    "total_s": 0.053667699998186436
  },
  "timestamp": "2026-04-16T18:22:03.613314+00:00"
}