{
  "sweep_name": "region_selection_multitask_v1_narma10",
  "config_id": "7596c4498d94",
  "seed": 123,
  "config_point": {
    "spectral_radius": 1.0,
    "input_scaling": 0.05,
    "leak_rate": 0.5
  },
  "best_ridge": 1e-10,
  "val_curve": {
    "1e-10": 0.22301164579620464,
    "1e-08": 0.2548381054979244,
    "1e-06": 0.28716403415458575,
    "0.0001": 0.3239960144408741,
    "0.01": 0.3878433688781141,
    "1.0": 0.6173668667930641
  },
  "val_metrics": {
    "nmse": 0.22301164579620464,
    "rmse": 0.04617264563207848
  },
  "test_metrics": {
    "nmse": 0.20152466838223712,
    "rmse": 0.046348730863830685
  },
  "timing": {
    "train_states_s": 0.018016400001215516,
    "ridge_select_s": 0.013024700001551537,
    "total_s": 0.053573599998344434
  },
  "timestamp": "2026-04-16T18:21:58.181233+00:00"
}