{
  "sweep_name": "region_selection_multitask_v1_narma10",
  "config_id": "7596c4498d94",
  "seed": 789,
  "config_point": {
    "spectral_radius": 1.0,
    "input_scaling": 0.05,
    "leak_rate": 0.5
  },
  "best_ridge": 1e-10,
  "val_curve": {
    "1e-10": 0.1846552789003063,
    "1e-08": 0.22911119589155432,
    "1e-06": 0.2627596890428051,
    "0.0001": 0.2826575638950896,
    "0.01": 0.33277560872588324,
    "1.0": 0.7221689119454358
  },
  "val_metrics": {
    "nmse": 0.1846552789003063,
    "rmse": 0.04751342046096965
  },
  "test_metrics": {
    "nmse": 0.17399225589607797,
    "rmse": 0.04436540293502428
  },
  "timing": {
    "train_states_s": 0.01805889999741339,
    "ridge_select_s": 0.012030799996864516,
    "total_s": 0.052087700001720805
  },
  "timestamp": "2026-04-16T18:21:58.316513+00:00"
}