{
  "sweep_name": "region_selection_multitask_v1_narma10",
  "config_id": "7596c4498d94",
  "seed": 1024,
  "config_point": {
    "spectral_radius": 1.0,
    "input_scaling": 0.05,
    "leak_rate": 0.5
  },
  "best_ridge": 1e-10,
  "val_curve": {
    "1e-10": 0.20945913531121804,
    "1e-08": 0.2371491481260485,
    "1e-06": 0.30161149259519415,
    "0.0001": 0.34368497380673774,
    "0.01": 0.388406967879622,
    "1.0": 0.5896871114640203
  },
  "val_metrics": {
    "nmse": 0.20945913531121804,
    "rmse": 0.05796345711747272
  },
  "test_metrics": {
    "nmse": 0.1703173787446164,
    "rmse": 0.04710806803731994
  },
  "timing": {
    "train_states_s": 0.01845589999720687,
    "ridge_select_s": 0.011928400002943818,
    "total_s": 0.05179339999813237
  },
  "timestamp": "2026-04-16T18:21:58.383372+00:00"
}