{
  "sweep_name": "region_selection_multitask_v1_narma10",
  "config_id": "76d30ba9d16d",
  "seed": 789,
  "config_point": {
    "spectral_radius": 0.7,
    "input_scaling": 0.4,
    "leak_rate": 0.9
  },
  "best_ridge": 1e-10,
  "val_curve": {
    "1e-10": 0.16439298136280517,
    "1e-08": 0.16443549459796925,
    "1e-06": 0.18217808531083937,
    "0.0001": 0.2126286249788317,
    "0.01": 0.329581156915492,
    "1.0": 0.6455575846050096
  },
  "val_metrics": {
    "nmse": 0.16439298136280517,
    "rmse": 0.0448308597954909
  },
  "test_metrics": {
    "nmse": 0.12124439773113711,
    "rmse": 0.03703482620807751
  },
  "timing": {
    "train_states_s": 0.017881699997815304,
    "ridge_select_s": 0.011934499998460524,
    "total_s": 0.05168530000082683
  },
  "timestamp": "2026-04-16T18:21:31.666809+00:00"
}