{
  "sweep_name": "region_selection_multitask_v1_narma10",
  "config_id": "76d30ba9d16d",
  "seed": 456,
  "config_point": {
    "spectral_radius": 0.7,
    "input_scaling": 0.4,
    "leak_rate": 0.9
  },
  "best_ridge": 1e-08,
  "val_curve": {
    "1e-10": 0.1041744263892726,
    "1e-08": 0.10403009638185012,
    "1e-06": 0.11830191225119584,
    "0.0001": 0.16197670824679122,
    "0.01": 0.25872813959120927,
    "1.0": 0.5390129454206138
  },
  "val_metrics": {
    "nmse": 0.10403009638185012,
    "rmse": 0.03274376881521237
  },
  "test_metrics": {
    "nmse": 0.11204853679805268,
    "rmse": 0.035239159820608865
  },
  "timing": {
    "train_states_s": 0.017846599999757018,
    "ridge_select_s": 0.012196700001368299,
    "total_s": 0.05539210000279127
  },
  "timestamp": "2026-04-16T18:21:31.599948+00:00"
}