{
  "sweep_name": "region_selection_multitask_v1_narma10",
  "config_id": "76d30ba9d16d",
  "seed": 1024,
  "config_point": {
    "spectral_radius": 0.7,
    "input_scaling": 0.4,
    "leak_rate": 0.9
  },
  "best_ridge": 1e-10,
  "val_curve": {
    "1e-10": 0.20326333058643065,
    "1e-08": 0.2071918720724127,
    "1e-06": 0.2334143102466673,
    "0.0001": 0.2720477526686775,
    "0.01": 0.446301163269324,
    "1.0": 0.6843603918974346
  },
  "val_metrics": {
    "nmse": 0.20326333058643065,
    "rmse": 0.05709974198009323
  },
  "test_metrics": {
    "nmse": 0.1455937658637019,
    "rmse": 0.043554918065954254
  },
  "timing": {
    "train_states_s": 0.018118600000889273,
    "ridge_select_s": 0.012153699997725198,
    "total_s": 0.051949799999420065
  },
  "timestamp": "2026-04-16T18:21:31.733324+00:00"
}