{
  "sweep_name": "region_selection_multitask_v1_narma10",
  "config_id": "76d30ba9d16d",
  "seed": 123,
  "config_point": {
    "spectral_radius": 0.7,
    "input_scaling": 0.4,
    "leak_rate": 0.9
  },
  "best_ridge": 1e-10,
  "val_curve": {
    "1e-10": 0.11291200978748024,
    "1e-08": 0.11703059668335314,
    "1e-06": 0.15613983818315275,
    "0.0001": 0.18595329451211542,
    "0.01": 0.30914197265810445,
    "1.0": 0.6957543542238731
  },
  "val_metrics": {
    "nmse": 0.11291200978748024,
    "rmse": 0.03285421215546705
  },
  "test_metrics": {
    "nmse": 0.10508992112525065,
    "rmse": 0.03346988900322056
  },
  "timing": {
    "train_states_s": 0.017818699998315424,
    "ridge_select_s": 0.012139799997385126,
    "total_s": 0.052157699999952456
  },
  "timestamp": "2026-04-16T18:21:31.529818+00:00"
}