{
  "sweep_name": "region_selection_multitask_v1_narma10",
  "config_id": "7712fc84886e",
  "seed": 42,
  "config_point": {
    "spectral_radius": 0.8,
    "input_scaling": 0.1,
    "leak_rate": 1.0
  },
  "best_ridge": 1e-10,
  "val_curve": {
    "1e-10": 0.10531492504026799,
    "1e-08": 0.12525275829684185,
    "1e-06": 0.17305470695314043,
    "0.0001": 0.23635219888242984,
    "0.01": 0.254306875121964,
    "1.0": 0.5514871894173671
  },
  "val_metrics": {
    "nmse": 0.10531492504026799,
    "rmse": 0.040036053460205036
  },
  "test_metrics": {
    "nmse": 0.095149182461983,
    "rmse": 0.03134064304890477
  },
  "timing": {
    "train_states_s": 0.018335900000238325,
    "ridge_select_s": 0.012056600000505568,
    "total_s": 0.053713799999968614
  },
  "timestamp": "2026-04-16T18:21:35.980864+00:00"
}