{
  "sweep_name": "region_selection_multitask_v1_narma10",
  "config_id": "7712fc84886e",
  "seed": 456,
  "config_point": {
    "spectral_radius": 0.8,
    "input_scaling": 0.1,
    "leak_rate": 1.0
  },
  "best_ridge": 1e-10,
  "val_curve": {
    "1e-10": 0.08512460706427233,
    "1e-08": 0.09389832461129415,
    "1e-06": 0.14442573079830057,
    "0.0001": 0.18330351287000282,
    "0.01": 0.23535991389951477,
    "1.0": 0.5995311089195828
  },
  "val_metrics": {
    "nmse": 0.08512460706427233,
    "rmse": 0.02961943193560213
  },
  "test_metrics": {
    "nmse": 0.08578522262567588,
    "rmse": 0.03083391649106024
  },
  "timing": {
    "train_states_s": 0.018121100001735613,
    "ridge_select_s": 0.01318879999962519,
    "total_s": 0.05702390000078594
  },
  "timestamp": "2026-04-16T18:21:36.120394+00:00"
}