{
  "sweep_name": "region_selection_multitask_v1_narma10",
  "config_id": "7712fc84886e",
  "seed": 789,
  "config_point": {
    "spectral_radius": 0.8,
    "input_scaling": 0.1,
    "leak_rate": 1.0
  },
  "best_ridge": 1e-10,
  "val_curve": {
    "1e-10": 0.14789110126285657,
    "1e-08": 0.15751816786942277,
    "1e-06": 0.18479564680574836,
    "0.0001": 0.22568468478892215,
    "0.01": 0.2711227177605459,
    "1.0": 0.6026468179732973
  },
  "val_metrics": {
    "nmse": 0.14789110126285657,
    "rmse": 0.04252129216928623
  },
  "test_metrics": {
    "nmse": 0.11815404201433208,
    "rmse": 0.036559795884331454
  },
  "timing": {
    "train_states_s": 0.01817769999979646,
    "ridge_select_s": 0.012407999998686137,
    "total_s": 0.05286809999961406
  },
  "timestamp": "2026-04-16T18:21:36.187725+00:00"
}