{
  "sweep_name": "region_selection_multitask_v1_narma10",
  "config_id": "7712fc84886e",
  "seed": 123,
  "config_point": {
    "spectral_radius": 0.8,
    "input_scaling": 0.1,
    "leak_rate": 1.0
  },
  "best_ridge": 1e-10,
  "val_curve": {
    "1e-10": 0.10896087600079954,
    "1e-08": 0.1327604164154165,
    "1e-06": 0.1688730648173731,
    "0.0001": 0.1866903948307424,
    "0.01": 0.22398257512092834,
    "1.0": 0.7766130300501044
  },
  "val_metrics": {
    "nmse": 0.10896087600079954,
    "rmse": 0.032274259117485986
  },
  "test_metrics": {
    "nmse": 0.10328263078585385,
    "rmse": 0.03318084065156923
  },
  "timing": {
    "train_states_s": 0.017898300000524614,
    "ridge_select_s": 0.012278300000616582,
    "total_s": 0.05277860000205692
  },
  "timestamp": "2026-04-16T18:21:36.048703+00:00"
}