{
  "sweep_name": "region_selection_multitask_v1_narma10",
  "config_id": "786a5ebf09c1",
  "seed": 1024,
  "config_point": {
    "spectral_radius": 0.6,
    "input_scaling": 0.4,
    "leak_rate": 0.5
  },
  "best_ridge": 1e-10,
  "val_curve": {
    "1e-10": 0.23323063797242083,
    "1e-08": 0.2455625433921612,
    "1e-06": 0.2771119295301642,
    "0.0001": 0.337808059481275,
    "0.01": 0.4266274328190972,
    "1.0": 0.5965680088873622
  },
  "val_metrics": {
    "nmse": 0.23323063797242083,
    "rmse": 0.061164217947169856
  },
  "test_metrics": {
    "nmse": 0.18428118934504265,
    "rmse": 0.04900115474939252
  },
  "timing": {
    "train_states_s": 0.01822339999853284,
    "ridge_select_s": 0.012464499999623513,
    "total_s": 0.05215970000062953
  },
  "timestamp": "2026-04-16T18:21:17.657444+00:00"
}