{
  "sweep_name": "region_selection_multitask_v1_narma10",
  "config_id": "786a5ebf09c1",
  "seed": 42,
  "config_point": {
    "spectral_radius": 0.6,
    "input_scaling": 0.4,
    "leak_rate": 0.5
  },
  "best_ridge": 1e-10,
  "val_curve": {
    "1e-10": 0.1710456781747864,
    "1e-08": 0.1910335295175558,
    "1e-06": 0.22268566250595548,
    "0.0001": 0.28606531197824153,
    "0.01": 0.36001847377616886,
    "1.0": 0.563740150597533
  },
  "val_metrics": {
    "nmse": 0.1710456781747864,
    "rmse": 0.05102257252339562
  },
  "test_metrics": {
    "nmse": 0.23671708658362234,
    "rmse": 0.04943336517824753
  },
  "timing": {
    "train_states_s": 0.01810710000063409,
    "ridge_select_s": 0.012420600000041304,
    "total_s": 0.05547160000060103
  },
  "timestamp": "2026-04-16T18:21:17.383848+00:00"
}