{
  "sweep_name": "region_selection_multitask_v1_narma10",
  "config_id": "786a5ebf09c1",
  "seed": 123,
  "config_point": {
    "spectral_radius": 0.6,
    "input_scaling": 0.4,
    "leak_rate": 0.5
  },
  "best_ridge": 1e-10,
  "val_curve": {
    "1e-10": 0.246650229202172,
    "1e-08": 0.2725538957192016,
    "1e-06": 0.29952058607444465,
    "0.0001": 0.3458623635220966,
    "0.01": 0.4182250500145453,
    "1.0": 0.6088943483032873
  },
  "val_metrics": {
    "nmse": 0.246650229202172,
    "rmse": 0.048558107258882426
  },
  "test_metrics": {
    "nmse": 0.21614993863909673,
    "rmse": 0.04800111188263767
  },
  "timing": {
    "train_states_s": 0.018764799999189563,
    "ridge_select_s": 0.012410600000293925,
    "total_s": 0.05415999999968335
  },
  "timestamp": "2026-04-16T18:21:17.452538+00:00"
}