{
  "sweep_name": "region_selection_multitask_v1_narma10",
  "config_id": "786a5ebf09c1",
  "seed": 789,
  "config_point": {
    "spectral_radius": 0.6,
    "input_scaling": 0.4,
    "leak_rate": 0.5
  },
  "best_ridge": 1e-10,
  "val_curve": {
    "1e-10": 0.2295973753915259,
    "1e-08": 0.24182648528986017,
    "1e-06": 0.27491053193475373,
    "0.0001": 0.3161090071557832,
    "0.01": 0.3893281541781886,
    "1.0": 0.5939652161287701
  },
  "val_metrics": {
    "nmse": 0.2295973753915259,
    "rmse": 0.05298084636777632
  },
  "test_metrics": {
    "nmse": 0.2055451159220697,
    "rmse": 0.04822064903813844
  },
  "timing": {
    "train_states_s": 0.01892299999963143,
    "ridge_select_s": 0.012202899997646455,
    "total_s": 0.05379189999803202
  },
  "timestamp": "2026-04-16T18:21:17.590259+00:00"
}