{
  "sweep_name": "region_selection_multitask_v1_narma10",
  "config_id": "786a5ebf09c1",
  "seed": 456,
  "config_point": {
    "spectral_radius": 0.6,
    "input_scaling": 0.4,
    "leak_rate": 0.5
  },
  "best_ridge": 1e-10,
  "val_curve": {
    "1e-10": 0.20779212375159078,
    "1e-08": 0.21927319208835147,
    "1e-06": 0.25300241011470953,
    "0.0001": 0.29072453214901156,
    "0.01": 0.3538509341669166,
    "1.0": 0.48672893682474966
  },
  "val_metrics": {
    "nmse": 0.20779212375159078,
    "rmse": 0.04627684108815249
  },
  "test_metrics": {
    "nmse": 0.19527875529557956,
    "rmse": 0.04652109726658779
  },
  "timing": {
    "train_states_s": 0.018098900000040885,
    "ridge_select_s": 0.012595200001669582,
    "total_s": 0.0544220999981917
  },
  "timestamp": "2026-04-16T18:21:17.521664+00:00"
}