{
  "sweep_name": "region_selection_multitask_v1_narma10",
  "config_id": "7abf50ed0613",
  "seed": 42,
  "config_point": {
    "spectral_radius": 1.0,
    "input_scaling": 0.1,
    "leak_rate": 0.6
  },
  "best_ridge": 1e-08,
  "val_curve": {
    "1e-10": 0.1445973005438446,
    "1e-08": 0.14387164463940963,
    "1e-06": 0.18957097930697517,
    "0.0001": 0.2152522209220594,
    "0.01": 0.24484627890069588,
    "1.0": 0.4731431728903362
  },
  "val_metrics": {
    "nmse": 0.14387164463940963,
    "rmse": 0.04679440215418687
  },
  "test_metrics": {
    "nmse": 0.18095845207604436,
    "rmse": 0.04322099979793709
  },
  "timing": {
    "train_states_s": 0.017904899999848567,
    "ridge_select_s": 0.011890099998709047,
    "total_s": 0.07192869999926188
  },
  "timestamp": "2026-04-16T18:22:00.700704+00:00"
}