{
  "sweep_name": "region_selection_multitask_v1_narma10",
  "config_id": "7abf50ed0613",
  "seed": 789,
  "config_point": {
    "spectral_radius": 1.0,
    "input_scaling": 0.1,
    "leak_rate": 0.6
  },
  "best_ridge": 1e-10,
  "val_curve": {
    "1e-10": 0.15986339084842177,
    "1e-08": 0.17483148533569848,
    "1e-06": 0.2215908034577188,
    "0.0001": 0.2608628536166966,
    "0.01": 0.28774666359049683,
    "1.0": 0.5398129318589366
  },
  "val_metrics": {
    "nmse": 0.15986339084842177,
    "rmse": 0.0442089237736303
  },
  "test_metrics": {
    "nmse": 0.14502007240122147,
    "rmse": 0.04050359105374504
  },
  "timing": {
    "train_states_s": 0.017875500001537148,
    "ridge_select_s": 0.01200539999990724,
    "total_s": 0.05177439999897615
  },
  "timestamp": "2026-04-16T18:22:00.903328+00:00"
}