{
  "sweep_name": "region_selection_multitask_v1_narma10",
  "config_id": "7abf50ed0613",
  "seed": 123,
  "config_point": {
    "spectral_radius": 1.0,
    "input_scaling": 0.1,
    "leak_rate": 0.6
  },
  "best_ridge": 1e-10,
  "val_curve": {
    "1e-10": 0.17163384824441869,
    "1e-08": 0.18973866734720857,
    "1e-06": 0.23143107646090172,
    "0.0001": 0.280524065178751,
    "0.01": 0.3329728923621003,
    "1.0": 0.4664690229787922
  },
  "val_metrics": {
    "nmse": 0.17163384824441869,
    "rmse": 0.0405062891363102
  },
  "test_metrics": {
    "nmse": 0.16240925169758816,
    "rmse": 0.04160821853066957
  },
  "timing": {
    "train_states_s": 0.018193399999290705,
    "ridge_select_s": 0.012441200000466779,
    "total_s": 0.05308599999989383
  },
  "timestamp": "2026-04-16T18:22:00.768425+00:00"
}