{
  "sweep_name": "region_selection_multitask_v1_narma10",
  "config_id": "7abf50ed0613",
  "seed": 1024,
  "config_point": {
    "spectral_radius": 1.0,
    "input_scaling": 0.1,
    "leak_rate": 0.6
  },
  "best_ridge": 1e-10,
  "val_curve": {
    "1e-10": 0.1850198846014893,
    "1e-08": 0.20235923109109627,
    "1e-06": 0.23402779809094856,
    "0.0001": 0.3015326351224056,
    "0.01": 0.3663252314899371,
    "1.0": 0.4634270871058412
  },
  "val_metrics": {
    "nmse": 0.1850198846014893,
    "rmse": 0.054477081104151726
  },
  "test_metrics": {
    "nmse": 0.13645007177245597,
    "rmse": 0.04216505737260621
  },
  "timing": {
    "train_states_s": 0.018331199997192016,
    "ridge_select_s": 0.01255239999954938,
    "total_s": 0.0528344999984256
  },
  "timestamp": "2026-04-16T18:22:00.970712+00:00"
}