{
  "sweep_name": "region_selection_multitask_v1_narma10",
  "config_id": "7abf50ed0613",
  "seed": 456,
  "config_point": {
    "spectral_radius": 1.0,
    "input_scaling": 0.1,
    "leak_rate": 0.6
  },
  "best_ridge": 1e-10,
  "val_curve": {
    "1e-10": 0.15076055374276548,
    "1e-08": 0.1540949178290885,
    "1e-06": 0.17701916556434866,
    "0.0001": 0.2247809136718057,
    "0.01": 0.2915616981100028,
    "1.0": 0.381814447781776
  },
  "val_metrics": {
    "nmse": 0.15076055374276548,
    "rmse": 0.03941785856619946
  },
  "test_metrics": {
    "nmse": 0.16319165263835256,
    "rmse": 0.0425276534983722
  },
  "timing": {
    "train_states_s": 0.017908499998156913,
    "ridge_select_s": 0.011888199998793425,
    "total_s": 0.05337119999967399
  },
  "timestamp": "2026-04-16T18:22:00.836645+00:00"
}