{
  "sweep_name": "region_selection_multitask_v1_narma10",
  "config_id": "7cac7de131c3",
  "seed": 123,
  "config_point": {
    "spectral_radius": 1.0,
    "input_scaling": 0.15,
    "leak_rate": 0.6
  },
  "best_ridge": 1e-10,
  "val_curve": {
    "1e-10": 0.1748609311049735,
    "1e-08": 0.1799480549893005,
    "1e-06": 0.2221819498804651,
    "0.0001": 0.26044229527198837,
    "0.01": 0.3225146483928616,
    "1.0": 0.4289750954760636
  },
  "val_metrics": {
    "nmse": 0.1748609311049735,
    "rmse": 0.04088531816160862
  },
  "test_metrics": {
    "nmse": 0.16490170239061994,
    "rmse": 0.041926277901009605
  },
  "timing": {
    "train_states_s": 0.017946200001460966,
    "ridge_select_s": 0.01214830000026268,
    "total_s": 0.05231110000022454
  },
  "timestamp": "2026-04-16T18:22:02.919483+00:00"
}