{
  "sweep_name": "region_selection_multitask_v1_narma10",
  "config_id": "7cac7de131c3",
  "seed": 789,
  "config_point": {
    "spectral_radius": 1.0,
    "input_scaling": 0.15,
    "leak_rate": 0.6
  },
  "best_ridge": 1e-10,
  "val_curve": {
    "1e-10": 0.17167503621436078,
    "1e-08": 0.1741283894784382,
    "1e-06": 0.20928589526756697,
    "0.0001": 0.2562915369336545,
    "0.01": 0.2804258098846968,
    "1.0": 0.4763679452291773
  },
  "val_metrics": {
    "nmse": 0.17167503621436078,
    "rmse": 0.04581302892893007
  },
  "test_metrics": {
    "nmse": 0.15157914982059173,
    "rmse": 0.04140942539110965
  },
  "timing": {
    "train_states_s": 0.01784810000026482,
    "ridge_select_s": 0.011656200000288663,
    "total_s": 0.05133389999900828
  },
  "timestamp": "2026-04-16T18:22:03.053808+00:00"
}