{
  "sweep_name": "region_selection_multitask_v1_narma10",
  "config_id": "7cac7de131c3",
  "seed": 456,
  "config_point": {
    "spectral_radius": 1.0,
    "input_scaling": 0.15,
    "leak_rate": 0.6
  },
  "best_ridge": 1e-10,
  "val_curve": {
    "1e-10": 0.1547483933390396,
    "1e-08": 0.1554591589950209,
    "1e-06": 0.16798550504452545,
    "0.0001": 0.20449383609742383,
    "0.01": 0.2637888575008129,
    "1.0": 0.3550167206803859
  },
  "val_metrics": {
    "nmse": 0.1547483933390396,
    "rmse": 0.03993578625793537
  },
  "test_metrics": {
    "nmse": 0.16714913115861102,
    "rmse": 0.04304022294284391
  },
  "timing": {
    "train_states_s": 0.018076799999107607,
    "ridge_select_s": 0.011836499998025829,
    "total_s": 0.05366870000216295
  },
  "timestamp": "2026-04-16T18:22:02.987464+00:00"
}