{
  "sweep_name": "region_selection_multitask_v1_narma10",
  "config_id": "7cac7de131c3",
  "seed": 1024,
  "config_point": {
    "spectral_radius": 1.0,
    "input_scaling": 0.15,
    "leak_rate": 0.6
  },
  "best_ridge": 1e-10,
  "val_curve": {
    "1e-10": 0.1885062636378538,
    "1e-08": 0.1969379279917245,
    "1e-06": 0.21899960516075379,
    "0.0001": 0.26653846428938166,
    "0.01": 0.35537438894997986,
    "1.0": 0.4348825633392757
  },
  "val_metrics": {
    "nmse": 0.1885062636378538,
    "rmse": 0.05498794881653528
  },
  "test_metrics": {
    "nmse": 0.14208056251131396,
    "rmse": 0.043026215223746896
  },
  "timing": {
    "train_states_s": 0.0178531000019575,
    "ridge_select_s": 0.011871000002429355,
    "total_s": 0.051030699996772455
  },
  "timestamp": "2026-04-16T18:22:03.119758+00:00"
}