{
  "sweep_name": "region_selection_multitask_v1_narma10",
  "config_id": "7cfedd757ff7",
  "seed": 789,
  "config_point": {
    "spectral_radius": 0.9,
    "input_scaling": 0.4,
    "leak_rate": 0.9
  },
  "best_ridge": 1e-06,
  "val_curve": {
    "1e-10": 0.1453079619574905,
    "1e-08": 0.14528140505778941,
    "1e-06": 0.14405542118462117,
    "0.0001": 0.16364669744270946,
    "0.01": 0.19176523412889862,
    "1.0": 0.3814992042748926
  },
  "val_metrics": {
    "nmse": 0.14405542118462117,
    "rmse": 0.04196625696580214
  },
  "test_metrics": {
    "nmse": 0.10645948547359732,
    "rmse": 0.03470337012243267
  },
  "timing": {
    "train_states_s": 0.018118899999535643,
    "ridge_select_s": 0.013198000000556931,
    "total_s": 0.05398580000110087
  },
  "timestamp": "2026-04-16T18:21:57.536766+00:00"
}