{
  "sweep_name": "region_selection_multitask_v1_narma10",
  "config_id": "7cfedd757ff7",
  "seed": 456,
  "config_point": {
    "spectral_radius": 0.9,
    "input_scaling": 0.4,
    "leak_rate": 0.9
  },
  "best_ridge": 1e-08,
  "val_curve": {
    "1e-10": 0.10327005775964367,
    "1e-08": 0.10326995184514667,
    "1e-06": 0.10338334516716617,
    "0.0001": 0.11186632868217708,
    "0.01": 0.14390694631785161,
    "1.0": 0.27863015739426966
  },
  "val_metrics": {
    "nmse": 0.10326995184514667,
    "rmse": 0.032623920654339535
  },
  "test_metrics": {
    "nmse": 0.11171525929977642,
    "rmse": 0.03518671306167278
  },
  "timing": {
    "train_states_s": 0.018408299998554867,
    "ridge_select_s": 0.013107300001138356,
    "total_s": 0.056324699999095174
  },
  "timestamp": "2026-04-16T18:21:57.467664+00:00"
}