{
  "sweep_name": "region_selection_multitask_v1_narma10",
  "config_id": "7cfedd757ff7",
  "seed": 123,
  "config_point": {
    "spectral_radius": 0.9,
    "input_scaling": 0.4,
    "leak_rate": 0.9
  },
  "best_ridge": 1e-10,
  "val_curve": {
    "1e-10": 0.08582862362289102,
    "1e-08": 0.08584629126373312,
    "1e-06": 0.08734877703445947,
    "0.0001": 0.12769103262443082,
    "0.01": 0.18407633078824745,
    "1.0": 0.3155932679241098
  },
  "val_metrics": {
    "nmse": 0.08582862362289102,
    "rmse": 0.028644224076154242
  },
  "test_metrics": {
    "nmse": 0.08614267856080682,
    "rmse": 0.030302811546798324
  },
  "timing": {
    "train_states_s": 0.01899490000141668,
    "ridge_select_s": 0.012498399999458343,
    "total_s": 0.05504060000021127
  },
  "timestamp": "2026-04-16T18:21:57.396066+00:00"
}