{
  "sweep_name": "region_selection_multitask_v1_narma10",
  "config_id": "7cfedd757ff7",
  "seed": 1024,
  "config_point": {
    "spectral_radius": 0.9,
    "input_scaling": 0.4,
    "leak_rate": 0.9
  },
  "best_ridge": 1e-10,
  "val_curve": {
    "1e-10": 0.16301881984318395,
    "1e-08": 0.16306443914881616,
    "1e-06": 0.16753097955203847,
    "0.0001": 0.20709036735238243,
    "0.01": 0.25805537982364984,
    "1.0": 0.43994512509881084
  },
  "val_metrics": {
    "nmse": 0.16301881984318395,
    "rmse": 0.051135616875828405
  },
  "test_metrics": {
    "nmse": 0.11202468091580874,
    "rmse": 0.03820521685937264
  },
  "timing": {
    "train_states_s": 0.019642199997178977,
    "ridge_select_s": 0.01604840000072727,
    "total_s": 0.06111199999941164
  },
  "timestamp": "2026-04-16T18:21:57.613053+00:00"
}