{
  "sweep_name": "region_selection_multitask_v1_narma10",
  "config_id": "7cfedd757ff7",
  "seed": 42,
  "config_point": {
    "spectral_radius": 0.9,
    "input_scaling": 0.4,
    "leak_rate": 0.9
  },
  "best_ridge": 1e-10,
  "val_curve": {
    "1e-10": 0.10344949730366285,
    "1e-08": 0.10345236367816271,
    "1e-06": 0.10492393802276245,
    "0.0001": 0.12413523935183095,
    "0.01": 0.15682056761268837,
    "1.0": 0.3531762666389004
  },
  "val_metrics": {
    "nmse": 0.10344949730366285,
    "rmse": 0.03967989290338352
  },
  "test_metrics": {
    "nmse": 0.0837793506525384,
    "rmse": 0.029408567304701073
  },
  "timing": {
    "train_states_s": 0.017979799999011448,
    "ridge_select_s": 0.012411400002747541,
    "total_s": 0.07719299999735085
  },
  "timestamp": "2026-04-16T18:21:57.325778+00:00"
}