{
  "sweep_name": "region_selection_multitask_v1_narma10",
  "config_id": "7d112613b9a7",
  "seed": 1024,
  "config_point": {
    "spectral_radius": 0.8,
    "input_scaling": 0.3,
    "leak_rate": 0.7
  },
  "best_ridge": 1e-10,
  "val_curve": {
    "1e-10": 0.19797582762370422,
    "1e-08": 0.20307507521791357,
    "1e-06": 0.21912888259623653,
    "0.0001": 0.277772963517325,
    "0.01": 0.37165116091380956,
    "1.0": 0.5176440233643733
  },
  "val_metrics": {
    "nmse": 0.19797582762370422,
    "rmse": 0.05635217858867624
  },
  "test_metrics": {
    "nmse": 0.1396099047743786,
    "rmse": 0.04265048035427295
  },
  "timing": {
    "train_states_s": 0.018719199997576652,
    "ridge_select_s": 0.015006900001026224,
    "total_s": 0.056931600000098115
  },
  "timestamp": "2026-04-16T18:21:41.600434+00:00"
}