{
  "sweep_name": "region_selection_multitask_v1_narma10",
  "config_id": "7d112613b9a7",
  "seed": 123,
  "config_point": {
    "spectral_radius": 0.8,
    "input_scaling": 0.3,
    "leak_rate": 0.7
  },
  "best_ridge": 1e-10,
  "val_curve": {
    "1e-10": 0.16108067579218638,
    "1e-08": 0.1709458989785023,
    "1e-06": 0.2059038443032342,
    "0.0001": 0.2559996762220848,
    "0.01": 0.33640186348694556,
    "1.0": 0.4617550508650044
  },
  "val_metrics": {
    "nmse": 0.16108067579218638,
    "rmse": 0.039241238870782215
  },
  "test_metrics": {
    "nmse": 0.14594838297146676,
    "rmse": 0.03944331272300985
  },
  "timing": {
    "train_states_s": 0.018906200002675178,
    "ridge_select_s": 0.01391940000030445,
    "total_s": 0.056677799999306444
  },
  "timestamp": "2026-04-16T18:21:41.381325+00:00"
}