{
  "sweep_name": "region_selection_multitask_v1_narma10",
  "config_id": "7d112613b9a7",
  "seed": 789,
  "config_point": {
    "spectral_radius": 0.8,
    "input_scaling": 0.3,
    "leak_rate": 0.7
  },
  "best_ridge": 1e-10,
  "val_curve": {
    "1e-10": 0.18670187699132695,
    "1e-08": 0.18787164725097802,
    "1e-06": 0.20218671163123494,
    "0.0001": 0.24641562867622444,
    "0.01": 0.3253864480591278,
    "1.0": 0.4483773636769649
  },
  "val_metrics": {
    "nmse": 0.18670187699132695,
    "rmse": 0.04777599871092154
  },
  "test_metrics": {
    "nmse": 0.14788114732291588,
    "rmse": 0.04090118365435338
  },
  "timing": {
    "train_states_s": 0.019028199996682815,
    "ridge_select_s": 0.014174399999319576,
    "total_s": 0.05707129999791505
  },
  "timestamp": "2026-04-16T18:21:41.527742+00:00"
}