{
  "sweep_name": "region_selection_multitask_v1_narma10",
  "config_id": "7d231a730c0b",
  "seed": 789,
  "config_point": {
    "spectral_radius": 1.0,
    "input_scaling": 0.3,
    "leak_rate": 0.6
  },
  "best_ridge": 1e-08,
  "val_curve": {
    "1e-10": 0.1921985138419861,
    "1e-08": 0.19203961710016285,
    "1e-06": 0.19930027431595207,
    "0.0001": 0.24608301546768369,
    "0.01": 0.2762669128182682,
    "1.0": 0.38728574351320694
  },
  "val_metrics": {
    "nmse": 0.19203961710016285,
    "rmse": 0.0484541353323757
  },
  "test_metrics": {
    "nmse": 0.16896344635569485,
    "rmse": 0.04371956683129069
  },
  "timing": {
    "train_states_s": 0.01789160000043921,
    "ridge_select_s": 0.012143899999500718,
    "total_s": 0.05254569999669911
  },
  "timestamp": "2026-04-16T18:22:07.311181+00:00"
}