{
  "sweep_name": "region_selection_multitask_v1_narma10",
  "config_id": "7d231a730c0b",
  "seed": 123,
  "config_point": {
    "spectral_radius": 1.0,
    "input_scaling": 0.3,
    "leak_rate": 0.6
  },
  "best_ridge": 1e-10,
  "val_curve": {
    "1e-10": 0.18838078923274773,
    "1e-08": 0.1892552076723046,
    "1e-06": 0.20553775253673146,
    "0.0001": 0.245313493918493,
    "0.01": 0.2939377740907066,
    "1.0": 0.3965293854819387
  },
  "val_metrics": {
    "nmse": 0.18838078923274773,
    "rmse": 0.04243647426891265
  },
  "test_metrics": {
    "nmse": 0.17292386121507114,
    "rmse": 0.04293398509899227
  },
  "timing": {
    "train_states_s": 0.017835799997556023,
    "ridge_select_s": 0.0128182000007655,
    "total_s": 0.052937000000383705
  },
  "timestamp": "2026-04-16T18:22:07.174417+00:00"
}