{
  "sweep_name": "region_selection_multitask_v1_narma10",
  "config_id": "7d231a730c0b",
  "seed": 1024,
  "config_point": {
    "spectral_radius": 1.0,
    "input_scaling": 0.3,
    "leak_rate": 0.6
  },
  "best_ridge": 1e-10,
  "val_curve": {
    "1e-10": 0.19529088849663984,
    "1e-08": 0.1975870969186961,
    "1e-06": 0.2122907432908972,
    "0.0001": 0.23468137551820542,
    "0.01": 0.3009025774585959,
    "1.0": 0.4168803459701419
  },
  "val_metrics": {
    "nmse": 0.19529088849663984,
    "rmse": 0.055968751309659344
  },
  "test_metrics": {
    "nmse": 0.15010716890068893,
    "rmse": 0.0442248662743
  },
  "timing": {
    "train_states_s": 0.017884099997900194,
    "ridge_select_s": 0.01190610000048764,
    "total_s": 0.05099930000142194
  },
  "timestamp": "2026-04-16T18:22:07.377246+00:00"
}