{
  "sweep_name": "region_selection_multitask_v1_narma10",
  "config_id": "7d231a730c0b",
  "seed": 42,
  "config_point": {
    "spectral_radius": 1.0,
    "input_scaling": 0.3,
    "leak_rate": 0.6
  },
  "best_ridge": 1e-08,
  "val_curve": {
    "1e-10": 0.1457766781939478,
    "1e-08": 0.14537222562841629,
    "1e-06": 0.1459576823736984,
    "0.0001": 0.189445281323277,
    "0.01": 0.23109031654330714,
    "1.0": 0.3078646765465216
  },
  "val_metrics": {
    "nmse": 0.14537222562841629,
    "rmse": 0.04703780189998144
  },
  "test_metrics": {
    "nmse": 0.1901510981444708,
    "rmse": 0.0443052091926954
  },
  "timing": {
    "train_states_s": 0.017931899998075096,
    "ridge_select_s": 0.012369500000204425,
    "total_s": 0.07328059999781544
  },
  "timestamp": "2026-04-16T18:22:07.106517+00:00"
}