{
  "sweep_name": "region_selection_multitask_v1_narma10",
  "config_id": "7d313d409da0",
  "seed": 42,
  "config_point": {
    "spectral_radius": 1.0,
    "input_scaling": 0.3,
    "leak_rate": 0.8
  },
  "best_ridge": 1e-08,
  "val_curve": {
    "1e-10": 0.09041587261498395,
    "1e-08": 0.09037159109204711,
    "1e-06": 0.0912365364995266,
    "0.0001": 0.12788662393992115,
    "0.01": 0.19556420698976656,
    "1.0": 0.30152856544800233
  },
  "val_metrics": {
    "nmse": 0.09037159109204711,
    "rmse": 0.0370870477372339
  },
  "test_metrics": {
    "nmse": 0.08979370612626297,
    "rmse": 0.030445865256453427
  },
  "timing": {
    "train_states_s": 0.01784630000111065,
    "ridge_select_s": 0.012562500000058208,
    "total_s": 0.06013099999836413
  },
  "timestamp": "2026-04-16T18:22:07.817159+00:00"
}