{
  "sweep_name": "region_selection_multitask_v1_narma10",
  "config_id": "7d313d409da0",
  "seed": 123,
  "config_point": {
    "spectral_radius": 1.0,
    "input_scaling": 0.3,
    "leak_rate": 0.8
  },
  "best_ridge": 1e-10,
  "val_curve": {
    "1e-10": 0.10289826544094903,
    "1e-08": 0.1029137860379545,
    "1e-06": 0.10740572719046777,
    "0.0001": 0.1368622485024747,
    "0.01": 0.2098308779901496,
    "1.0": 0.33631894424998465
  },
  "val_metrics": {
    "nmse": 0.10289826544094903,
    "rmse": 0.03136353565185132
  },
  "test_metrics": {
    "nmse": 0.1023958980101182,
    "rmse": 0.0330380965955251
  },
  "timing": {
    "train_states_s": 0.017820400000346126,
    "ridge_select_s": 0.012396000001899665,
    "total_s": 0.05211829999825568
  },
  "timestamp": "2026-04-16T18:22:07.883888+00:00"
}