{
  "sweep_name": "region_selection_multitask_v1_narma10",
  "config_id": "7d313d409da0",
  "seed": 456,
  "config_point": {
    "spectral_radius": 1.0,
    "input_scaling": 0.3,
    "leak_rate": 0.8
  },
  "best_ridge": 1e-06,
  "val_curve": {
    "1e-10": 0.110509937663271,
    "1e-08": 0.11050864570124946,
    "1e-06": 0.11039994268933892,
    "0.0001": 0.11461158093234018,
    "0.01": 0.15884352511194139,
    "1.0": 0.263734028505671
  },
  "val_metrics": {
    "nmse": 0.11039994268933892,
    "rmse": 0.033731339589975276
  },
  "test_metrics": {
    "nmse": 0.12055032906818922,
    "rmse": 0.036551621733069424
  },
  "timing": {
    "train_states_s": 0.01803279999876395,
    "ridge_select_s": 0.012596199998370139,
    "total_s": 0.05654830000275979
  },
  "timestamp": "2026-04-16T18:22:07.955351+00:00"
}