{
  "sweep_name": "region_selection_multitask_v1_narma10",
  "config_id": "7d313d409da0",
  "seed": 1024,
  "config_point": {
    "spectral_radius": 1.0,
    "input_scaling": 0.3,
    "leak_rate": 0.8
  },
  "best_ridge": 1e-10,
  "val_curve": {
    "1e-10": 0.15839958047471514,
    "1e-08": 0.1584169589278717,
    "1e-06": 0.1617093913306986,
    "0.0001": 0.1862526674708855,
    "0.01": 0.2596405573119267,
    "1.0": 0.4011538067399381
  },
  "val_metrics": {
    "nmse": 0.15839958047471514,
    "rmse": 0.050405930995429234
  },
  "test_metrics": {
    "nmse": 0.109285510525442,
    "rmse": 0.03773523892103291
  },
  "timing": {
    "train_states_s": 0.018340699996770127,
    "ridge_select_s": 0.012263300002814503,
    "total_s": 0.0518705000031332
  },
  "timestamp": "2026-04-16T18:22:08.088601+00:00"
}