{
  "sweep_name": "region_selection_multitask_v1_narma10",
  "config_id": "7d313d409da0",
  "seed": 789,
  "config_point": {
    "spectral_radius": 1.0,
    "input_scaling": 0.3,
    "leak_rate": 0.8
  },
  "best_ridge": 1e-10,
  "val_curve": {
    "1e-10": 0.12615383475181333,
    "1e-08": 0.12618807122323497,
    "1e-06": 0.12956198899173152,
    "0.0001": 0.16196977916446004,
    "0.01": 0.22522874975126567,
    "1.0": 0.36720960341391373
  },
  "val_metrics": {
    "nmse": 0.12615383475181333,
    "rmse": 0.03927223885697348
  },
  "test_metrics": {
    "nmse": 0.09938112789498736,
    "rmse": 0.033529836166562674
  },
  "timing": {
    "train_states_s": 0.01783140000043204,
    "ridge_select_s": 0.01223789999858127,
    "total_s": 0.051826899998559384
  },
  "timestamp": "2026-04-16T18:22:08.021666+00:00"
}