{
  "sweep_name": "region_selection_multitask_v1_narma10",
  "config_id": "7d41b535bebe",
  "seed": 123,
  "config_point": {
    "spectral_radius": 0.7,
    "input_scaling": 0.2,
    "leak_rate": 0.7
  },
  "best_ridge": 1e-10,
  "val_curve": {
    "1e-10": 0.1704694713958676,
    "1e-08": 0.20488454435528014,
    "1e-06": 0.24958296081566025,
    "0.0001": 0.30860086493107397,
    "0.01": 0.3825682050494247,
    "1.0": 0.6935732191071468
  },
  "val_metrics": {
    "nmse": 0.1704694713958676,
    "rmse": 0.040368656465704464
  },
  "test_metrics": {
    "nmse": 0.15232650089109182,
    "rmse": 0.04029595678065003
  },
  "timing": {
    "train_states_s": 0.017922000002727145,
    "ridge_select_s": 0.012522299999545794,
    "total_s": 0.05253169999923557
  },
  "timestamp": "2026-04-16T18:21:26.655588+00:00"
}