{
  "sweep_name": "region_selection_multitask_v1_narma10",
  "config_id": "7d41b535bebe",
  "seed": 789,
  "config_point": {
    "spectral_radius": 0.7,
    "input_scaling": 0.2,
    "leak_rate": 0.7
  },
  "best_ridge": 1e-10,
  "val_curve": {
    "1e-10": 0.1936723588303572,
    "1e-08": 0.20544617692713074,
    "1e-06": 0.24636719321592457,
    "0.0001": 0.3146697038080114,
    "0.01": 0.3634436084928084,
    "1.0": 0.6257344860903996
  },
  "val_metrics": {
    "nmse": 0.1936723588303572,
    "rmse": 0.048659680531837876
  },
  "test_metrics": {
    "nmse": 0.15183261397786527,
    "rmse": 0.04144403246315122
  },
  "timing": {
    "train_states_s": 0.018000199997914024,
    "ridge_select_s": 0.012366800001473166,
    "total_s": 0.05334719999882509
  },
  "timestamp": "2026-04-16T18:21:26.793472+00:00"
}