{
  "sweep_name": "region_selection_multitask_v1_narma10",
  "config_id": "7d41b535bebe",
  "seed": 1024,
  "config_point": {
    "spectral_radius": 0.7,
    "input_scaling": 0.2,
    "leak_rate": 0.7
  },
  "best_ridge": 1e-10,
  "val_curve": {
    "1e-10": 0.20329660174401684,
    "1e-08": 0.22310365419345796,
    "1e-06": 0.27555742270829336,
    "0.0001": 0.34668272495112484,
    "0.01": 0.4242984037101285,
    "1.0": 0.6515646627443595
  },
  "val_metrics": {
    "nmse": 0.20329660174401684,
    "rmse": 0.05710441497441367
  },
  "test_metrics": {
    "nmse": 0.14773152653371327,
    "rmse": 0.04387351238220779
  },
  "timing": {
    "train_states_s": 0.01783169999907841,
    "ridge_select_s": 0.0125374000017473,
    "total_s": 0.051976499999000225
  },
  "timestamp": "2026-04-16T18:21:26.860052+00:00"
}