{
  "sweep_name": "region_selection_multitask_v1_narma10",
  "config_id": "7d41b535bebe",
  "seed": 456,
  "config_point": {
    "spectral_radius": 0.7,
    "input_scaling": 0.2,
    "leak_rate": 0.7
  },
  "best_ridge": 1e-10,
  "val_curve": {
    "1e-10": 0.14794854762351117,
    "1e-08": 0.16228340278328982,
    "1e-06": 0.19399663783848653,
    "0.0001": 0.2482440418178925,
    "0.01": 0.33518020377732355,
    "1.0": 0.5436233303130913
  },
  "val_metrics": {
    "nmse": 0.14794854762351117,
    "rmse": 0.03904851459710628
  },
  "test_metrics": {
    "nmse": 0.14288559746743146,
    "rmse": 0.03979391592829972
  },
  "timing": {
    "train_states_s": 0.017909999998664716,
    "ridge_select_s": 0.01257860000259825,
    "total_s": 0.05451720000201021
  },
  "timestamp": "2026-04-16T18:21:26.724896+00:00"
}