{
  "sweep_name": "region_selection_multitask_v1_narma10",
  "config_id": "7e4c0ec18bd1",
  "seed": 789,
  "config_point": {
    "spectral_radius": 0.7,
    "input_scaling": 0.3,
    "leak_rate": 0.7
  },
  "best_ridge": 1e-10,
  "val_curve": {
    "1e-10": 0.20051161142608956,
    "1e-08": 0.20368210875340356,
    "1e-06": 0.23127413896333648,
    "0.0001": 0.28923730594393815,
    "0.01": 0.3530581946454559,
    "1.0": 0.5707191792351349
  },
  "val_metrics": {
    "nmse": 0.20051161142608956,
    "rmse": 0.049511398761679495
  },
  "test_metrics": {
    "nmse": 0.1569199727929577,
    "rmse": 0.04213263129310649
  },
  "timing": {
    "train_states_s": 0.017839500000263797,
    "ridge_select_s": 0.01293190000069444,
    "total_s": 0.05280280000079074
  },
  "timestamp": "2026-04-16T18:21:28.862671+00:00"
}