{
  "sweep_name": "region_selection_multitask_v1_narma10",
  "config_id": "7e4c0ec18bd1",
  "seed": 1024,
  "config_point": {
    "spectral_radius": 0.7,
    "input_scaling": 0.3,
    "leak_rate": 0.7
  },
  "best_ridge": 1e-10,
  "val_curve": {
    "1e-10": 0.20736179695247253,
    "1e-08": 0.2173113843791618,
    "1e-06": 0.2558460807560143,
    "0.0001": 0.3216371309014075,
    "0.01": 0.4055821698348309,
    "1.0": 0.6149922019307049
  },
  "val_metrics": {
    "nmse": 0.20736179695247253,
    "rmse": 0.057672529638750115
  },
  "test_metrics": {
    "nmse": 0.15156652011239666,
    "rmse": 0.044439324737706884
  },
  "timing": {
    "train_states_s": 0.01842219999889494,
    "ridge_select_s": 0.012662500001169974,
    "total_s": 0.05278769999858923
  },
  "timestamp": "2026-04-16T18:21:28.930768+00:00"
}