{
  "sweep_name": "region_selection_multitask_v1_narma10",
  "config_id": "7e4c0ec18bd1",
  "seed": 456,
  "config_point": {
    "spectral_radius": 0.7,
    "input_scaling": 0.3,
    "leak_rate": 0.7
  },
  "best_ridge": 1e-10,
  "val_curve": {
    "1e-10": 0.15415615020539936,
    "1e-08": 0.16110632960851495,
    "1e-06": 0.1807775166692267,
    "0.0001": 0.23321107826910722,
    "0.01": 0.3192121421076948,
    "1.0": 0.4935816722746047
  },
  "val_metrics": {
    "nmse": 0.15415615020539936,
    "rmse": 0.03985929315950297
  },
  "test_metrics": {
    "nmse": 0.15291362478327347,
    "rmse": 0.04116665143246955
  },
  "timing": {
    "train_states_s": 0.01807310000003781,
    "ridge_select_s": 0.01250159999835887,
    "total_s": 0.05463400000007823
  },
  "timestamp": "2026-04-16T18:21:28.794848+00:00"
}