{
  "sweep_name": "region_selection_multitask_v1_narma10",
  "config_id": "7e4c0ec18bd1",
  "seed": 42,
  "config_point": {
    "spectral_radius": 0.7,
    "input_scaling": 0.3,
    "leak_rate": 0.7
  },
  "best_ridge": 1e-10,
  "val_curve": {
    "1e-10": 0.14538752203013347,
    "1e-08": 0.1570963184768272,
    "1e-06": 0.18062536885255276,
    "0.0001": 0.25562216960837686,
    "0.01": 0.3351028229933416,
    "1.0": 0.4974819729808814
  },
  "val_metrics": {
    "nmse": 0.14538752203013347,
    "rmse": 0.04704027654802559
  },
  "test_metrics": {
    "nmse": 0.1593694644400749,
    "rmse": 0.04056093233481001
  },
  "timing": {
    "train_states_s": 0.017869200000859564,
    "ridge_select_s": 0.012137300000176765,
    "total_s": 0.05520009999963804
  },
  "timestamp": "2026-04-16T18:21:28.657948+00:00"
}