{
  "sweep_name": "region_selection_multitask_v1_narma10",
  "config_id": "7e4c0ec18bd1",
  "seed": 123,
  "config_point": {
    "spectral_radius": 0.7,
    "input_scaling": 0.3,
    "leak_rate": 0.7
  },
  "best_ridge": 1e-10,
  "val_curve": {
    "1e-10": 0.17309961663210707,
    "1e-08": 0.1950351931577334,
    "1e-06": 0.23689446275190745,
    "0.0001": 0.2859098160157144,
    "0.01": 0.3701336240115628,
    "1.0": 0.6283006813121227
  },
  "val_metrics": {
    "nmse": 0.17309961663210707,
    "rmse": 0.04067888508634818
  },
  "test_metrics": {
    "nmse": 0.15626210172121746,
    "rmse": 0.040813192697050645
  },
  "timing": {
    "train_states_s": 0.017914500000188127,
    "ridge_select_s": 0.012396999998600222,
    "total_s": 0.05267450000246754
  },
  "timestamp": "2026-04-16T18:21:28.725409+00:00"
}