{
  "sweep_name": "region_selection_multitask_v1_narma10",
  "config_id": "804179bc04bd",
  "seed": 42,
  "config_point": {
    "spectral_radius": 0.9,
    "input_scaling": 0.05,
    "leak_rate": 0.8
  },
  "best_ridge": 1e-10,
  "val_curve": {
    "1e-10": 0.10719295302910582,
    "1e-08": 0.12628395190137634,
    "1e-06": 0.16426782888680758,
    "0.0001": 0.2599704278183722,
    "0.01": 0.3140574722404199,
    "1.0": 0.4530378281906965
  },
  "val_metrics": {
    "nmse": 0.10719295302910582,
    "rmse": 0.04039144745419005
  },
  "test_metrics": {
    "nmse": 0.10910064802474716,
    "rmse": 0.03355977478169528
  },
  "timing": {
    "train_states_s": 0.018165900000894908,
    "ridge_select_s": 0.012573200001497753,
    "total_s": 0.05255620000025374
  },
  "timestamp": "2026-04-16T18:21:46.118829+00:00"
}