{
  "sweep_name": "region_selection_multitask_v1_narma10",
  "config_id": "804179bc04bd",
  "seed": 789,
  "config_point": {
    "spectral_radius": 0.9,
    "input_scaling": 0.05,
    "leak_rate": 0.8
  },
  "best_ridge": 1e-10,
  "val_curve": {
    "1e-10": 0.14329524197465807,
    "1e-08": 0.16013053297935373,
    "1e-06": 0.16985399454603237,
    "0.0001": 0.2654876383352972,
    "0.01": 0.33627068692437734,
    "1.0": 0.48738974291528203
  },
  "val_metrics": {
    "nmse": 0.14329524197465807,
    "rmse": 0.041855382714433446
  },
  "test_metrics": {
    "nmse": 0.10800592587158457,
    "rmse": 0.03495451357012929
  },
  "timing": {
    "train_states_s": 0.018154500001401175,
    "ridge_select_s": 0.012059499997121748,
    "total_s": 0.05243920000066282
  },
  "timestamp": "2026-04-16T18:21:46.325011+00:00"
}