{
  "sweep_name": "region_selection_multitask_v1_narma10",
  "config_id": "804179bc04bd",
  "seed": 456,
  "config_point": {
    "spectral_radius": 0.9,
    "input_scaling": 0.05,
    "leak_rate": 0.8
  },
  "best_ridge": 1e-10,
  "val_curve": {
    "1e-10": 0.1027774281045118,
    "1e-08": 0.11968873299867488,
    "1e-06": 0.15262733160182734,
    "0.0001": 0.21574930422169225,
    "0.01": 0.28098385125863173,
    "1.0": 0.559831065089682
  },
  "val_metrics": {
    "nmse": 0.1027774281045118,
    "rmse": 0.03254603130099876
  },
  "test_metrics": {
    "nmse": 0.10553694984186776,
    "rmse": 0.034199890825707076
  },
  "timing": {
    "train_states_s": 0.018064600000798237,
    "ridge_select_s": 0.011911800000234507,
    "total_s": 0.05368290000114939
  },
  "timestamp": "2026-04-16T18:21:46.257577+00:00"
}