{
  "sweep_name": "region_selection_multitask_v1_narma10",
  "config_id": "804179bc04bd",
  "seed": 123,
  "config_point": {
    "spectral_radius": 0.9,
    "input_scaling": 0.05,
    "leak_rate": 0.8
  },
  "best_ridge": 1e-10,
  "val_curve": {
    "1e-10": 0.12298056395884396,
    "1e-08": 0.15770004783943462,
    "1e-06": 0.18903789840795673,
    "0.0001": 0.24438335658277335,
    "0.01": 0.32782030234387977,
    "1.0": 0.6220976185248235
  },
  "val_metrics": {
    "nmse": 0.12298056395884396,
    "rmse": 0.034287769056201935
  },
  "test_metrics": {
    "nmse": 0.11334665907783982,
    "rmse": 0.03475986658832174
  },
  "timing": {
    "train_states_s": 0.018361800001002848,
    "ridge_select_s": 0.013537800001358846,
    "total_s": 0.05470380000042496
  },
  "timestamp": "2026-04-16T18:21:46.188953+00:00"
}