{
  "sweep_name": "region_selection_multitask_v1_narma10",
  "config_id": "8246ed9a8b68",
  "seed": 42,
  "config_point": {
    "spectral_radius": 0.9,
    "input_scaling": 0.3,
    "leak_rate": 0.9
  },
  "best_ridge": 1e-08,
  "val_curve": {
    "1e-10": 0.10359174550260175,
    "1e-08": 0.10357336996579024,
    "1e-06": 0.10657412974370514,
    "0.0001": 0.1269866103089505,
    "0.01": 0.164950357003677,
    "1.0": 0.37943564038007277
  },
  "val_metrics": {
    "nmse": 0.10357336996579024,
    "rmse": 0.039703642576254944
  },
  "test_metrics": {
    "nmse": 0.08287706477335788,
    "rmse": 0.029249776588165823
  },
  "timing": {
    "train_states_s": 0.017857200000435114,
    "ridge_select_s": 0.011783500001911307,
    "total_s": 0.06898469999941881
  },
  "timestamp": "2026-04-16T18:21:55.143096+00:00"
}