{
  "sweep_name": "region_selection_multitask_v1_narma10",
  "config_id": "8246ed9a8b68",
  "seed": 123,
  "config_point": {
    "spectral_radius": 0.9,
    "input_scaling": 0.3,
    "leak_rate": 0.9
  },
  "best_ridge": 1e-10,
  "val_curve": {
    "1e-10": 0.08443131312636151,
    "1e-08": 0.08452948376133004,
    "1e-06": 0.09151670279897461,
    "0.0001": 0.14277367011227005,
    "0.01": 0.1944656237692508,
    "1.0": 0.32750986511966534
  },
  "val_metrics": {
    "nmse": 0.08443131312636151,
    "rmse": 0.028410099860914757
  },
  "test_metrics": {
    "nmse": 0.08440495672592535,
    "rmse": 0.029995611141414587
  },
  "timing": {
    "train_states_s": 0.017894900000101188,
    "ridge_select_s": 0.013429599999653874,
    "total_s": 0.05418650000137859
  },
  "timestamp": "2026-04-16T18:21:55.212048+00:00"
}