{
  "sweep_name": "region_selection_multitask_v1_narma10",
  "config_id": "8246ed9a8b68",
  "seed": 456,
  "config_point": {
    "spectral_radius": 0.9,
    "input_scaling": 0.3,
    "leak_rate": 0.9
  },
  "best_ridge": 1e-08,
  "val_curve": {
    "1e-10": 0.09997661374215934,
    "1e-08": 0.09997063270361399,
    "1e-06": 0.10073379252726299,
    "0.0001": 0.11525332501995612,
    "0.01": 0.1549065904084899,
    "1.0": 0.3004201253244729
  },
  "val_metrics": {
    "nmse": 0.09997063270361399,
    "rmse": 0.03209854785527576
  },
  "test_metrics": {
    "nmse": 0.10824497848921334,
    "rmse": 0.03463588824962938
  },
  "timing": {
    "train_states_s": 0.018575699999928474,
    "ridge_select_s": 0.01345969999965746,
    "total_s": 0.05729799999971874
  },
  "timestamp": "2026-04-16T18:21:55.284790+00:00"
}