{
  "sweep_name": "region_selection_multitask_v1_narma10",
  "config_id": "8246ed9a8b68",
  "seed": 1024,
  "config_point": {
    "spectral_radius": 0.9,
    "input_scaling": 0.3,
    "leak_rate": 0.9
  },
  "best_ridge": 1e-10,
  "val_curve": {
    "1e-10": 0.15908586729879176,
    "1e-08": 0.15933375325455443,
    "1e-06": 0.1732985066178111,
    "0.0001": 0.21849483549125184,
    "0.01": 0.27035454014104743,
    "1.0": 0.46315107257527927
  },
  "val_metrics": {
    "nmse": 0.15908586729879176,
    "rmse": 0.05051500810774051
  },
  "test_metrics": {
    "nmse": 0.10872730451142688,
    "rmse": 0.037638743952398274
  },
  "timing": {
    "train_states_s": 0.018287999999301974,
    "ridge_select_s": 0.01273139999830164,
    "total_s": 0.05310749999989639
  },
  "timestamp": "2026-04-16T18:21:55.422139+00:00"
}