{
  "sweep_name": "region_selection_multitask_v1_narma10",
  "config_id": "83b90ec6a3a2",
  "seed": 789,
  "config_point": {
    "spectral_radius": 0.9,
    "input_scaling": 0.4,
    "leak_rate": 0.8
  },
  "best_ridge": 1e-10,
  "val_curve": {
    "1e-10": 0.14389080566717322,
    "1e-08": 0.1439073149764005,
    "1e-06": 0.1467835732254555,
    "0.0001": 0.17393687470999283,
    "0.01": 0.2435099067978289,
    "1.0": 0.41047848773224627
  },
  "val_metrics": {
    "nmse": 0.14389080566717322,
    "rmse": 0.041942272197489465
  },
  "test_metrics": {
    "nmse": 0.11533385190134986,
    "rmse": 0.03612084230463523
  },
  "timing": {
    "train_states_s": 0.019280100001196843,
    "ridge_select_s": 0.013274699998873984,
    "total_s": 0.0564033999980893
  },
  "timestamp": "2026-04-16T18:21:57.163772+00:00"
}