{
  "sweep_name": "region_selection_multitask_v1_narma10",
  "config_id": "83b90ec6a3a2",
  "seed": 42,
  "config_point": {
    "spectral_radius": 0.9,
    "input_scaling": 0.4,
    "leak_rate": 0.8
  },
  "best_ridge": 1e-10,
  "val_curve": {
    "1e-10": 0.10488315844147526,
    "1e-08": 0.10497354010689967,
    "1e-06": 0.11050854983702123,
    "0.0001": 0.14654993551227108,
    "0.01": 0.19280646278140226,
    "1.0": 0.3727101346803638
  },
  "val_metrics": {
    "nmse": 0.10488315844147526,
    "rmse": 0.039953899936314374
  },
  "test_metrics": {
    "nmse": 0.09579756785874907,
    "rmse": 0.03144724572073984
  },
  "timing": {
    "train_states_s": 0.017877900001622038,
    "ridge_select_s": 0.014814999998634448,
    "total_s": 0.10466579999774694
  },
  "timestamp": "2026-04-16T18:21:56.950254+00:00"
}