{
  "sweep_name": "region_selection_multitask_v1_narma10",
  "config_id": "83b90ec6a3a2",
  "seed": 123,
  "config_point": {
    "spectral_radius": 0.9,
    "input_scaling": 0.4,
    "leak_rate": 0.8
  },
  "best_ridge": 1e-10,
  "val_curve": {
    "1e-10": 0.11148863936976278,
    "1e-08": 0.11150984181977562,
    "1e-06": 0.11415265726754813,
    "0.0001": 0.15372876333836505,
    "0.01": 0.2436507567762276,
    "1.0": 0.36613797606835236
  },
  "val_metrics": {
    "nmse": 0.11148863936976278,
    "rmse": 0.032646475059672844
  },
  "test_metrics": {
    "nmse": 0.10409605215430821,
    "rmse": 0.03331124530748221
  },
  "timing": {
    "train_states_s": 0.018323500000406057,
    "ridge_select_s": 0.012657299997954397,
    "total_s": 0.053798699998878874
  },
  "timestamp": "2026-04-16T18:21:57.019377+00:00"
}