{
  "sweep_name": "region_selection_multitask_v1_narma10",
  "config_id": "83b90ec6a3a2",
  "seed": 456,
  "config_point": {
    "spectral_radius": 0.9,
    "input_scaling": 0.4,
    "leak_rate": 0.8
  },
  "best_ridge": 1e-08,
  "val_curve": {
    "1e-10": 0.10025390824451455,
    "1e-08": 0.10024856540537215,
    "1e-06": 0.1005526880468101,
    "0.0001": 0.11860829708259579,
    "0.01": 0.18177881677215635,
    "1.0": 0.31216536825688446
  },
  "val_metrics": {
    "nmse": 0.10024856540537215,
    "rmse": 0.032143136170424115
  },
  "test_metrics": {
    "nmse": 0.10536903122114769,
    "rmse": 0.034172672469249925
  },
  "timing": {
    "train_states_s": 0.018492800001695286,
    "ridge_select_s": 0.012824000001273816,
    "total_s": 0.05778610000197659
  },
  "timestamp": "2026-04-16T18:21:57.092060+00:00"
}