{
  "sweep_name": "region_selection_multitask_v1_narma10",
  "config_id": "8548609bc94c",
  "seed": 123,
  "config_point": {
    "spectral_radius": 0.7,
    "input_scaling": 0.3,
    "leak_rate": 0.9
  },
  "best_ridge": 1e-10,
  "val_curve": {
    "1e-10": 0.11068656180116732,
    "1e-08": 0.12840233203299284,
    "1e-06": 0.1646267654906416,
    "0.0001": 0.1870297886504682,
    "0.01": 0.33307558765141176,
    "1.0": 0.742334653623031
  },
  "val_metrics": {
    "nmse": 0.11068656180116732,
    "rmse": 0.032528829571062234
  },
  "test_metrics": {
    "nmse": 0.10199993216704586,
    "rmse": 0.03297415541452892
  },
  "timing": {
    "train_states_s": 0.017881799998576753,
    "ridge_select_s": 0.012721200000669342,
    "total_s": 0.05361830000038026
  },
  "timestamp": "2026-04-16T18:21:29.437481+00:00"
}