{
  "sweep_name": "region_selection_multitask_v1_narma10",
  "config_id": "8548609bc94c",
  "seed": 456,
  "config_point": {
    "spectral_radius": 0.7,
    "input_scaling": 0.3,
    "leak_rate": 0.9
  },
  "best_ridge": 1e-10,
  "val_curve": {
    "1e-10": 0.10212026709884224,
    "1e-08": 0.10273437066932771,
    "1e-06": 0.12712164333726314,
    "0.0001": 0.16953694765126698,
    "0.01": 0.27255612936507534,
    "1.0": 0.5871028381520758
  },
  "val_metrics": {
    "nmse": 0.10212026709884224,
    "rmse": 0.03244181444328383
  },
  "test_metrics": {
    "nmse": 0.10796130284156157,
    "rmse": 0.03459047365441392
  },
  "timing": {
    "train_states_s": 0.018106800001987722,
    "ridge_select_s": 0.012856800000008661,
    "total_s": 0.05579509999734
  },
  "timestamp": "2026-04-16T18:21:29.508556+00:00"
}