{
  "sweep_name": "region_selection_multitask_v1_narma10",
  "config_id": "8548609bc94c",
  "seed": 42,
  "config_point": {
    "spectral_radius": 0.7,
    "input_scaling": 0.3,
    "leak_rate": 0.9
  },
  "best_ridge": 1e-10,
  "val_curve": {
    "1e-10": 0.1178282036791014,
    "1e-08": 0.12221132207352121,
    "1e-06": 0.14616405109614355,
    "0.0001": 0.21933864194472616,
    "0.01": 0.3221016854834556,
    "1.0": 0.5828508819737359
  },
  "val_metrics": {
    "nmse": 0.1178282036791014,
    "rmse": 0.04234780722331111
  },
  "test_metrics": {
    "nmse": 0.09872881180208941,
    "rmse": 0.03192473696561764
  },
  "timing": {
    "train_states_s": 0.01780750000034459,
    "ridge_select_s": 0.012642499998037238,
    "total_s": 0.057722400000784546
  },
  "timestamp": "2026-04-16T18:21:29.369640+00:00"
}