{
  "sweep_name": "region_selection_multitask_v1_narma10",
  "config_id": "8a01e3c2af7d",
  "seed": 1024,
  "config_point": {
    "spectral_radius": 1.0,
    "input_scaling": 0.4,
    "leak_rate": 0.6
  },
  "best_ridge": 1e-10,
  "val_curve": {
    "1e-10": 0.20013195458204874,
    "1e-08": 0.200729856402603,
    "1e-06": 0.2116651355582694,
    "0.0001": 0.22966409241580346,
    "0.01": 0.2852125728646064,
    "1.0": 0.4090995757940092
  },
  "val_metrics": {
    "nmse": 0.20013195458204874,
    "rmse": 0.056658209445075866
  },
  "test_metrics": {
    "nmse": 0.1535298532376165,
    "rmse": 0.04472622340644103
  },
  "timing": {
    "train_states_s": 0.018231699999887496,
    "ridge_select_s": 0.013143500000296626,
    "total_s": 0.05301310000140802
  },
  "timestamp": "2026-04-16T18:22:09.509193+00:00"
}