{
  "sweep_name": "region_selection_multitask_v1_narma10",
  "config_id": "8a01e3c2af7d",
  "seed": 123,
  "config_point": {
    "spectral_radius": 1.0,
    "input_scaling": 0.4,
    "leak_rate": 0.6
  },
  "best_ridge": 1e-10,
  "val_curve": {
    "1e-10": 0.1977470682100782,
    "1e-08": 0.19794576496102678,
    "1e-06": 0.20419001242404142,
    "0.0001": 0.23927595121828096,
    "0.01": 0.2834336547181725,
    "1.0": 0.38478294991291156
  },
  "val_metrics": {
    "nmse": 0.1977470682100782,
    "rmse": 0.04347864641463491
  },
  "test_metrics": {
    "nmse": 0.17944445603458586,
    "rmse": 0.04373596987058883
  },
  "timing": {
    "train_states_s": 0.01787260000128299,
    "ridge_select_s": 0.011857299999974202,
    "total_s": 0.052515899998979876
  },
  "timestamp": "2026-04-16T18:22:09.306026+00:00"
}