{
  "sweep_name": "region_selection_multitask_v1_narma10",
  "config_id": "8a01e3c2af7d",
  "seed": 789,
  "config_point": {
    "spectral_radius": 1.0,
    "input_scaling": 0.4,
    "leak_rate": 0.6
  },
  "best_ridge": 1e-08,
  "val_curve": {
    "1e-10": 0.20018705463013872,
    "1e-08": 0.2001671201030806,
    "1e-06": 0.2024641284462487,
    "0.0001": 0.23681785993593454,
    "0.01": 0.2766743978846597,
    "1.0": 0.3625611586864313
  },
  "val_metrics": {
    "nmse": 0.2001671201030806,
    "rmse": 0.0494688486585623
  },
  "test_metrics": {
    "nmse": 0.17619583667742136,
    "rmse": 0.04464545895409088
  },
  "timing": {
    "train_states_s": 0.017851900000096066,
    "ridge_select_s": 0.013171200000215322,
    "total_s": 0.05324319999999716
  },
  "timestamp": "2026-04-16T18:22:09.441084+00:00"
}