{
  "sweep_name": "region_selection_multitask_v1_narma10",
  "config_id": "8a878de8c02b",
  "seed": 456,
  "config_point": {
    "spectral_radius": 0.8,
    "input_scaling": 0.3,
    "leak_rate": 0.6
  },
  "best_ridge": 1e-10,
  "val_curve": {
    "1e-10": 0.1666335332726789,
    "1e-08": 0.17020325689869015,
    "1e-06": 0.1883867437632407,
    "0.0001": 0.22722851588869966,
    "0.01": 0.2835711420658542,
    "1.0": 0.3877086455296175
  },
  "val_metrics": {
    "nmse": 0.1666335332726789,
    "rmse": 0.04144101333950852
  },
  "test_metrics": {
    "nmse": 0.17148981768635635,
    "rmse": 0.04359549566907544
  },
  "timing": {
    "train_states_s": 0.017972800000279676,
    "ridge_select_s": 0.012915499999508029,
    "total_s": 0.05630899999960093
  },
  "timestamp": "2026-04-16T18:21:41.060395+00:00"
}