{
  "sweep_name": "region_selection_multitask_v1_narma10",
  "config_id": "8a878de8c02b",
  "seed": 123,
  "config_point": {
    "spectral_radius": 0.8,
    "input_scaling": 0.3,
    "leak_rate": 0.6
  },
  "best_ridge": 1e-10,
  "val_curve": {
    "1e-10": 0.19849435300013987,
    "1e-08": 0.21255743890580184,
    "1e-06": 0.24358463742536376,
    "0.0001": 0.2826193537393463,
    "0.01": 0.3590583042528981,
    "1.0": 0.45739225709614456
  },
  "val_metrics": {
    "nmse": 0.19849435300013987,
    "rmse": 0.04356072169788521
  },
  "test_metrics": {
    "nmse": 0.18047346357223054,
    "rmse": 0.043861190535662856
  },
  "timing": {
    "train_states_s": 0.018123199999536155,
    "ridge_select_s": 0.012839099999837345,
    "total_s": 0.0529045999974187
  },
  "timestamp": "2026-04-16T18:21:40.989438+00:00"
}