{
  "sweep_name": "region_selection_multitask_v1_narma10",
  "config_id": "8a878de8c02b",
  "seed": 42,
  "config_point": {
    "spectral_radius": 0.8,
    "input_scaling": 0.3,
    "leak_rate": 0.6
  },
  "best_ridge": 1e-10,
  "val_curve": {
    "1e-10": 0.1545407246669231,
    "1e-08": 0.15909306467970763,
    "1e-06": 0.1740571596275973,
    "0.0001": 0.20122470952828184,
    "0.01": 0.3247181967410266,
    "1.0": 0.413094792678457
  },
  "val_metrics": {
    "nmse": 0.1545407246669231,
    "rmse": 0.048498440210341554
  },
  "test_metrics": {
    "nmse": 0.18516320845337747,
    "rmse": 0.04372025852086218
  },
  "timing": {
    "train_states_s": 0.017986999999266118,
    "ridge_select_s": 0.012130899998737732,
    "total_s": 0.06784949999928358
  },
  "timestamp": "2026-04-16T18:21:40.921421+00:00"
}