{
  "sweep_name": "region_selection_multitask_v1_narma10",
  "config_id": "8a878de8c02b",
  "seed": 789,
  "config_point": {
    "spectral_radius": 0.8,
    "input_scaling": 0.3,
    "leak_rate": 0.6
  },
  "best_ridge": 1e-10,
  "val_curve": {
    "1e-10": 0.19270123493809346,
    "1e-08": 0.2059023677242204,
    "1e-06": 0.22996022627754023,
    "0.0001": 0.26497733658517264,
    "0.01": 0.3374808112029912,
    "1.0": 0.4456055328883098
  },
  "val_metrics": {
    "nmse": 0.19270123493809346,
    "rmse": 0.04853753103067252
  },
  "test_metrics": {
    "nmse": 0.17010632618874905,
    "rmse": 0.04386717864672404
  },
  "timing": {
    "train_states_s": 0.02031350000106613,
    "ridge_select_s": 0.013293099997099489,
    "total_s": 0.0602154000007431
  },
  "timestamp": "2026-04-16T18:21:41.141477+00:00"
}