{
  "sweep_name": "region_selection_multitask_v1_narma10",
  "config_id": "8ae48826d829",
  "seed": 123,
  "config_point": {
    "spectral_radius": 0.6,
    "input_scaling": 0.15,
    "leak_rate": 0.9
  },
  "best_ridge": 1e-10,
  "val_curve": {
    "1e-10": 0.1577766149928622,
    "1e-08": 0.17271071509930006,
    "1e-06": 0.18721238358372475,
    "0.0001": 0.31351738662569756,
    "0.01": 0.6940202847406114,
    "1.0": 0.9263075758586993
  },
  "val_metrics": {
    "nmse": 0.1577766149928622,
    "rmse": 0.038836698680574565
  },
  "test_metrics": {
    "nmse": 0.14467539534000345,
    "rmse": 0.03927092021239773
  },
  "timing": {
    "train_states_s": 0.018778199999360368,
    "ridge_select_s": 0.012090899999748217,
    "total_s": 0.05375809999895864
  },
  "timestamp": "2026-04-16T18:21:12.459215+00:00"
}