{
  "sweep_name": "region_selection_multitask_v1_narma10",
  "config_id": "8ae48826d829",
  "seed": 1024,
  "config_point": {
    "spectral_radius": 0.6,
    "input_scaling": 0.15,
    "leak_rate": 0.9
  },
  "best_ridge": 1e-10,
  "val_curve": {
    "1e-10": 0.22584094084531206,
    "1e-08": 0.2460467965954947,
    "1e-06": 0.27819876326720394,
    "0.0001": 0.4530246275186089,
    "0.01": 0.6787114528939283,
    "1.0": 0.8187014530485293
  },
  "val_metrics": {
    "nmse": 0.22584094084531206,
    "rmse": 0.060187452849491146
  },
  "test_metrics": {
    "nmse": 0.1650654962993749,
    "rmse": 0.04637607208154855
  },
  "timing": {
    "train_states_s": 0.018052899999020156,
    "ridge_select_s": 0.01184809999904246,
    "total_s": 0.05129280000255676
  },
  "timestamp": "2026-04-16T18:21:12.662632+00:00"
}