{
  "sweep_name": "region_selection_multitask_v1_narma10",
  "config_id": "8ae48826d829",
  "seed": 456,
  "config_point": {
    "spectral_radius": 0.6,
    "input_scaling": 0.15,
    "leak_rate": 0.9
  },
  "best_ridge": 1e-10,
  "val_curve": {
    "1e-10": 0.11769955329055841,
    "1e-08": 0.14782692895362926,
    "1e-06": 0.17644272442661202,
    "0.0001": 0.25448239964919506,
    "0.01": 0.5412176959316295,
    "1.0": 0.7575424489055199
  },
  "val_metrics": {
    "nmse": 0.11769955329055841,
    "rmse": 0.03482864448118748
  },
  "test_metrics": {
    "nmse": 0.12344747526987496,
    "rmse": 0.03698823060817215
  },
  "timing": {
    "train_states_s": 0.017864200002804864,
    "ridge_select_s": 0.012259199997060932,
    "total_s": 0.05422069999985979
  },
  "timestamp": "2026-04-16T18:21:12.528441+00:00"
}