{
  "sweep_name": "region_selection_multitask_v1_narma10",
  "config_id": "8ae48826d829",
  "seed": 789,
  "config_point": {
    "spectral_radius": 0.6,
    "input_scaling": 0.15,
    "leak_rate": 0.9
  },
  "best_ridge": 1e-10,
  "val_curve": {
    "1e-10": 0.18091204509083364,
    "1e-08": 0.20181961693085604,
    "1e-06": 0.22829424731734724,
    "0.0001": 0.33486809509983684,
    "0.01": 0.6728049663954266,
    "1.0": 0.9081467226191317
  },
  "val_metrics": {
    "nmse": 0.18091204509083364,
    "rmse": 0.04702937138378075
  },
  "test_metrics": {
    "nmse": 0.1391015352225041,
    "rmse": 0.03966846836689524
  },
  "timing": {
    "train_states_s": 0.018605299999762792,
    "ridge_select_s": 0.012054699996951967,
    "total_s": 0.0532268999995722
  },
  "timestamp": "2026-04-16T18:21:12.596487+00:00"
}