{
  "sweep_name": "region_selection_multitask_v1_narma10",
  "config_id": "8baeb0c225c0",
  "seed": 456,
  "config_point": {
    "spectral_radius": 0.8,
    "input_scaling": 0.15,
    "leak_rate": 1.0
  },
  "best_ridge": 1e-10,
  "val_curve": {
    "1e-10": 0.08939923875472389,
    "1e-08": 0.08968127950473773,
    "1e-06": 0.12212784760072981,
    "0.0001": 0.16871987870289692,
    "0.01": 0.2233711262614778,
    "1.0": 0.4835877912656306
  },
  "val_metrics": {
    "nmse": 0.08939923875472389,
    "rmse": 0.03035401016926519
  },
  "test_metrics": {
    "nmse": 0.08829096183274941,
    "rmse": 0.031280996129278454
  },
  "timing": {
    "train_states_s": 0.01805429999876651,
    "ridge_select_s": 0.012641000001167413,
    "total_s": 0.05472379999991972
  },
  "timestamp": "2026-04-16T18:21:38.267577+00:00"
}