{
  "sweep_name": "region_selection_multitask_v1_narma10",
  "config_id": "8baeb0c225c0",
  "seed": 1024,
  "config_point": {
    "spectral_radius": 0.8,
    "input_scaling": 0.15,
    "leak_rate": 1.0
  },
  "best_ridge": 1e-10,
  "val_curve": {
    "1e-10": 0.1886978491239207,
    "1e-08": 0.2003455449154948,
    "1e-06": 0.23178414180350823,
    "0.0001": 0.268641914004148,
    "0.01": 0.35346111049904017,
    "1.0": 0.7063214669661482
  },
  "val_metrics": {
    "nmse": 0.1886978491239207,
    "rmse": 0.05501588480474396
  },
  "test_metrics": {
    "nmse": 0.12905487584286568,
    "rmse": 0.041006529951705194
  },
  "timing": {
    "train_states_s": 0.018306800000573276,
    "ridge_select_s": 0.012251899999682792,
    "total_s": 0.05209530000138329
  },
  "timestamp": "2026-04-16T18:21:38.401810+00:00"
}