{
  "sweep_name": "region_selection_multitask_v1_narma10",
  "config_id": "8bffc079700d",
  "seed": 42,
  "config_point": {
    "spectral_radius": 0.7,
    "input_scaling": 0.15,
    "leak_rate": 1.0
  },
  "best_ridge": 1e-10,
  "val_curve": {
    "1e-10": 0.13257311909236452,
    "1e-08": 0.14500666986347793,
    "1e-06": 0.18499852572061545,
    "0.0001": 0.2389058683059828,
    "0.01": 0.3783713470748539,
    "1.0": 0.7290607946088433
  },
  "val_metrics": {
    "nmse": 0.13257311909236452,
    "rmse": 0.044919409252692694
  },
  "test_metrics": {
    "nmse": 0.11423139239751635,
    "rmse": 0.0343398273891085
  },
  "timing": {
    "train_states_s": 0.018056099997920683,
    "ridge_select_s": 0.012316600001213374,
    "total_s": 0.053556699996988755
  },
  "timestamp": "2026-04-16T18:21:25.547339+00:00"
}