{
  "sweep_name": "region_selection_multitask_v1_narma10",
  "config_id": "8bffc079700d",
  "seed": 123,
  "config_point": {
    "spectral_radius": 0.7,
    "input_scaling": 0.15,
    "leak_rate": 1.0
  },
  "best_ridge": 1e-10,
  "val_curve": {
    "1e-10": 0.12228111321373299,
    "1e-08": 0.15392000626959224,
    "1e-06": 0.17469873280441953,
    "0.0001": 0.19016757244414342,
    "0.01": 0.4395438343976048,
    "1.0": 0.8843632085359422
  },
  "val_metrics": {
    "nmse": 0.12228111321373299,
    "rmse": 0.03419012434565554
  },
  "test_metrics": {
    "nmse": 0.11296130275011397,
    "rmse": 0.034700727928745956
  },
  "timing": {
    "train_states_s": 0.017872000000352273,
    "ridge_select_s": 0.012291700000787387,
    "total_s": 0.052830999997240724
  },
  "timestamp": "2026-04-16T18:21:25.614901+00:00"
}