{
  "sweep_name": "region_selection_multitask_v1_narma10",
  "config_id": "8bffc079700d",
  "seed": 456,
  "config_point": {
    "spectral_radius": 0.7,
    "input_scaling": 0.15,
    "leak_rate": 1.0
  },
  "best_ridge": 1e-10,
  "val_curve": {
    "1e-10": 0.0956863252664453,
    "1e-08": 0.1115425989535214,
    "1e-06": 0.1580097379625053,
    "0.0001": 0.196493667567024,
    "0.01": 0.2582089530129629,
    "1.0": 0.7180162269339485
  },
  "val_metrics": {
    "nmse": 0.0956863252664453,
    "rmse": 0.03140321431195792
  },
  "test_metrics": {
    "nmse": 0.09601042640480824,
    "rmse": 0.03261982672575169
  },
  "timing": {
    "train_states_s": 0.01793520000137505,
    "ridge_select_s": 0.012037399999826448,
    "total_s": 0.05381219999981113
  },
  "timestamp": "2026-04-16T18:21:25.683527+00:00"
}