{
  "sweep_name": "region_selection_multitask_v1_narma10",
  "config_id": "8c1c233dfbb1",
  "seed": 789,
  "config_point": {
    "spectral_radius": 0.7,
    "input_scaling": 0.3,
    "leak_rate": 1.0
  },
  "best_ridge": 1e-10,
  "val_curve": {
    "1e-10": 0.16532322052631032,
    "1e-08": 0.1656786932160931,
    "1e-06": 0.18683385093701982,
    "0.0001": 0.21638863047330015,
    "0.01": 0.33224760285459304,
    "1.0": 0.7097037829686944
  },
  "val_metrics": {
    "nmse": 0.16532322052631032,
    "rmse": 0.044957521504025474
  },
  "test_metrics": {
    "nmse": 0.12950621562591247,
    "rmse": 0.03827584411025808
  },
  "timing": {
    "train_states_s": 0.017906099998072023,
    "ridge_select_s": 0.012154700001701713,
    "total_s": 0.05188639999687439
  },
  "timestamp": "2026-04-16T18:21:29.917871+00:00"
}