{
  "sweep_name": "region_selection_multitask_v1_narma10",
  "config_id": "8c1c233dfbb1",
  "seed": 456,
  "config_point": {
    "spectral_radius": 0.7,
    "input_scaling": 0.3,
    "leak_rate": 1.0
  },
  "best_ridge": 1e-08,
  "val_curve": {
    "1e-10": 0.10369453204653681,
    "1e-08": 0.10359706920676248,
    "1e-06": 0.12774656128803893,
    "0.0001": 0.18061181366190462,
    "0.01": 0.2365098889326136,
    "1.0": 0.6106941009762306
  },
  "val_metrics": {
    "nmse": 0.10359706920676248,
    "rmse": 0.032675549482439885
  },
  "test_metrics": {
    "nmse": 0.09932307037429713,
    "rmse": 0.03317779495029642
  },
  "timing": {
    "train_states_s": 0.018175799999880837,
    "ridge_select_s": 0.011803900000813883,
    "total_s": 0.05395370000042021
  },
  "timestamp": "2026-04-16T18:21:29.851343+00:00"
}