{
  "sweep_name": "region_selection_multitask_v1_narma10",
  "config_id": "8c1c233dfbb1",
  "seed": 1024,
  "config_point": {
    "spectral_radius": 0.7,
    "input_scaling": 0.3,
    "leak_rate": 1.0
  },
  "best_ridge": 1e-10,
  "val_curve": {
    "1e-10": 0.22021947350033308,
    "1e-08": 0.2235414676333004,
    "1e-06": 0.2482357352086264,
    "0.0001": 0.2807371878722162,
    "0.01": 0.4901951958122442,
    "1.0": 0.7290736060812689
  },
  "val_metrics": {
    "nmse": 0.22021947350033308,
    "rmse": 0.059433661581612146
  },
  "test_metrics": {
    "nmse": 0.15508074376602962,
    "rmse": 0.04495155802114959
  },
  "timing": {
    "train_states_s": 0.0179744999986724,
    "ridge_select_s": 0.012072499997884734,
    "total_s": 0.051833200002874946
  },
  "timestamp": "2026-04-16T18:21:29.985057+00:00"
}