{
  "sweep_name": "region_selection_multitask_v1_narma10",
  "config_id": "8c1c233dfbb1",
  "seed": 123,
  "config_point": {
    "spectral_radius": 0.7,
    "input_scaling": 0.3,
    "leak_rate": 1.0
  },
  "best_ridge": 1e-10,
  "val_curve": {
    "1e-10": 0.12238653022850633,
    "1e-08": 0.12631364829228925,
    "1e-06": 0.162634249452861,
    "0.0001": 0.18235447793516243,
    "0.01": 0.28044204199958744,
    "1.0": 0.7851547999226706
  },
  "val_metrics": {
    "nmse": 0.12238653022850633,
    "rmse": 0.034204858609577386
  },
  "test_metrics": {
    "nmse": 0.1160576344502469,
    "rmse": 0.03517309590419823
  },
  "timing": {
    "train_states_s": 0.01786040000297362,
    "ridge_select_s": 0.012381200001982506,
    "total_s": 0.05293610000080662
  },
  "timestamp": "2026-04-16T18:21:29.782292+00:00"
}