{
  "sweep_name": "region_selection_multitask_v1_narma10",
  "config_id": "8c9f95aff55f",
  "seed": 456,
  "config_point": {
    "spectral_radius": 1.1,
    "input_scaling": 0.1,
    "leak_rate": 0.8
  },
  "best_ridge": 1e-06,
  "val_curve": {
    "1e-10": 0.19518604551030067,
    "1e-08": 0.19518574188153323,
    "1e-06": 0.1951666745703134,
    "0.0001": 0.19815701799411442,
    "0.01": 0.22943626847218548,
    "1.0": 0.36022566493114944
  },
  "val_metrics": {
    "nmse": 0.1951666745703134,
    "rmse": 0.04484892069508304
  },
  "test_metrics": {
    "nmse": 0.20692017940683405,
    "rmse": 0.04788768840692949
  },
  "timing": {
    "train_states_s": 0.017796000000089407,
    "ridge_select_s": 0.012283899999602,
    "total_s": 0.05444999999963329
  },
  "timestamp": "2026-04-16T18:22:14.358955+00:00"
}