{
  "sweep_name": "region_selection_multitask_v1_narma10",
  "config_id": "8c9f95aff55f",
  "seed": 123,
  "config_point": {
    "spectral_radius": 1.1,
    "input_scaling": 0.1,
    "leak_rate": 0.8
  },
  "best_ridge": 1e-10,
  "val_curve": {
    "1e-10": 0.10441837487316959,
    "1e-08": 0.1046336360907495,
    "1e-06": 0.12204587734837996,
    "0.0001": 0.1482659832567964,
    "0.01": 0.2165011279847754,
    "1.0": 0.34656839331624495
  },
  "val_metrics": {
    "nmse": 0.10441837487316959,
    "rmse": 0.031594352061831824
  },
  "test_metrics": {
    "nmse": 0.10482983059610279,
    "rmse": 0.03342844547599464
  },
  "timing": {
    "train_states_s": 0.017844100002548657,
    "ridge_select_s": 0.012050099998305086,
    "total_s": 0.0526893000023847
  },
  "timestamp": "2026-04-16T18:22:14.289287+00:00"
}