{
  "sweep_name": "region_selection_multitask_v1_narma10",
  "config_id": "8c9f95aff55f",
  "seed": 1024,
  "config_point": {
    "spectral_radius": 1.1,
    "input_scaling": 0.1,
    "leak_rate": 0.8
  },
  "best_ridge": 1e-10,
  "val_curve": {
    "1e-10": 0.1569877080672026,
    "1e-08": 0.1581449508710505,
    "1e-06": 0.1713340932868595,
    "0.0001": 0.19583538430921327,
    "0.01": 0.2601057833546728,
    "1.0": 0.411058922839459
  },
  "val_metrics": {
    "nmse": 0.1569877080672026,
    "rmse": 0.05018078507855203
  },
  "test_metrics": {
    "nmse": 0.10486993385289888,
    "rmse": 0.03696505088811479
  },
  "timing": {
    "train_states_s": 0.018563199999334756,
    "ridge_select_s": 0.012431899998773588,
    "total_s": 0.05467839999982971
  },
  "timestamp": "2026-04-16T18:22:14.496121+00:00"
}