{
  "sweep_name": "region_selection_multitask_v1_narma10",
  "config_id": "8d636eb32b9d",
  "seed": 42,
  "config_point": {
    "spectral_radius": 1.0,
    "input_scaling": 0.05,
    "leak_rate": 0.7
  },
  "best_ridge": 1e-10,
  "val_curve": {
    "1e-10": 0.11659844816556209,
    "1e-08": 0.13848237790557139,
    "1e-06": 0.18875951131576094,
    "0.0001": 0.20883350330468606,
    "0.01": 0.2510976682392773,
    "1.0": 0.622156207988454
  },
  "val_metrics": {
    "nmse": 0.11659844816556209,
    "rmse": 0.042126238690943694
  },
  "test_metrics": {
    "nmse": 0.12446826243847302,
    "rmse": 0.03584550357908828
  },
  "timing": {
    "train_states_s": 0.021171500000491505,
    "ridge_select_s": 0.01762070000040694,
    "total_s": 0.0813784999991185
  },
  "timestamp": "2026-04-16T18:21:58.828624+00:00"
}