{
  "sweep_name": "region_selection_multitask_v1_narma10",
  "config_id": "8d636eb32b9d",
  "seed": 123,
  "config_point": {
    "spectral_radius": 1.0,
    "input_scaling": 0.05,
    "leak_rate": 0.7
  },
  "best_ridge": 1e-10,
  "val_curve": {
    "1e-10": 0.12337985385302457,
    "1e-08": 0.15004258579537852,
    "1e-06": 0.21577010009550948,
    "0.0001": 0.269682922042543,
    "0.01": 0.3284826583642787,
    "1.0": 0.519147519239616
  },
  "val_metrics": {
    "nmse": 0.12337985385302457,
    "rmse": 0.03434338623889516
  },
  "test_metrics": {
    "nmse": 0.11509489877670631,
    "rmse": 0.035026905987408825
  },
  "timing": {
    "train_states_s": 0.01892070000030799,
    "ridge_select_s": 0.016036799999710638,
    "total_s": 0.05943979999938165
  },
  "timestamp": "2026-04-16T18:21:58.903662+00:00"
}