{
  "sweep_name": "region_selection_multitask_v1_narma10",
  "config_id": "8d636eb32b9d",
  "seed": 789,
  "config_point": {
    "spectral_radius": 1.0,
    "input_scaling": 0.05,
    "leak_rate": 0.7
  },
  "best_ridge": 1e-10,
  "val_curve": {
    "1e-10": 0.11982755207004422,
    "1e-08": 0.1476970438244174,
    "1e-06": 0.20629008736114843,
    "0.0001": 0.24732121979131877,
    "0.01": 0.30907644476650675,
    "1.0": 0.6343185607273296
  },
  "val_metrics": {
    "nmse": 0.11982755207004422,
    "rmse": 0.03827487454967089
  },
  "test_metrics": {
    "nmse": 0.09548161833592923,
    "rmse": 0.032865432843595055
  },
  "timing": {
    "train_states_s": 0.020719299998745555,
    "ridge_select_s": 0.017242599999008235,
    "total_s": 0.06367260000115493
  },
  "timestamp": "2026-04-16T18:21:59.065638+00:00"
}