{
  "sweep_name": "region_selection_multitask_v1_narma10",
  "config_id": "8db45fe2202f",
  "seed": 123,
  "config_point": {
    "spectral_radius": 0.6,
    "input_scaling": 0.2,
    "leak_rate": 0.6
  },
  "best_ridge": 1e-10,
  "val_curve": {
    "1e-10": 0.22772687751884232,
    "1e-08": 0.264696870928445,
    "1e-06": 0.2927335315920754,
    "0.0001": 0.35673006449830896,
    "0.01": 0.4505958363716664,
    "1.0": 0.7450837830493978
  },
  "val_metrics": {
    "nmse": 0.22772687751884232,
    "rmse": 0.04665821651130235
  },
  "test_metrics": {
    "nmse": 0.19952413183605866,
    "rmse": 0.0461181050208733
  },
  "timing": {
    "train_states_s": 0.017861599997559097,
    "ridge_select_s": 0.012882700000773184,
    "total_s": 0.05308560000048601
  },
  "timestamp": "2026-04-16T18:21:13.503043+00:00"
}