{
  "sweep_name": "region_selection_multitask_v1_narma10",
  "config_id": "8db45fe2202f",
  "seed": 42,
  "config_point": {
    "spectral_radius": 0.6,
    "input_scaling": 0.2,
    "leak_rate": 0.6
  },
  "best_ridge": 1e-10,
  "val_curve": {
    "1e-10": 0.17146679910298343,
    "1e-08": 0.19971922347224266,
    "1e-06": 0.2559552023675874,
    "0.0001": 0.3271180292812233,
    "0.01": 0.3785031766136775,
    "1.0": 0.6845633644432575
  },
  "val_metrics": {
    "nmse": 0.17146679910298343,
    "rmse": 0.05108534366246877
  },
  "test_metrics": {
    "nmse": 0.21096451171757236,
    "rmse": 0.04666702061847992
  },
  "timing": {
    "train_states_s": 0.018963499998790212,
    "ridge_select_s": 0.012544000001071254,
    "total_s": 0.05861940000249888
  },
  "timestamp": "2026-04-16T18:21:13.434471+00:00"
}