{
  "sweep_name": "region_selection_multitask_v1_narma10",
  "config_id": "8db45fe2202f",
  "seed": 789,
  "config_point": {
    "spectral_radius": 0.6,
    "input_scaling": 0.2,
    "leak_rate": 0.6
  },
  "best_ridge": 1e-10,
  "val_curve": {
    "1e-10": 0.21964521983673166,
    "1e-08": 0.25313938289312315,
    "1e-06": 0.29237704101167244,
    "0.0001": 0.34027260279025173,
    "0.01": 0.42526208132682203,
    "1.0": 0.7500509300238147
  },
  "val_metrics": {
    "nmse": 0.21964521983673166,
    "rmse": 0.051819868947836405
  },
  "test_metrics": {
    "nmse": 0.1947356014028045,
    "rmse": 0.04693557565779681
  },
  "timing": {
    "train_states_s": 0.01783140000043204,
    "ridge_select_s": 0.012132600000768434,
    "total_s": 0.05214630000045872
  },
  "timestamp": "2026-04-16T18:21:13.642507+00:00"
}