{
  "sweep_name": "region_selection_multitask_v1_narma10",
  "config_id": "8db45fe2202f",
  "seed": 456,
  "config_point": {
    "spectral_radius": 0.6,
    "input_scaling": 0.2,
    "leak_rate": 0.6
  },
  "best_ridge": 1e-10,
  "val_curve": {
    "1e-10": 0.1865168268092484,
    "1e-08": 0.2098337679490467,
    "1e-06": 0.2499121130512796,
    "0.0001": 0.30961554457119217,
    "0.01": 0.3712488306497945,
    "1.0": 0.6036366772076093
  },
  "val_metrics": {
    "nmse": 0.1865168268092484,
    "rmse": 0.0438437985923054
  },
  "test_metrics": {
    "nmse": 0.18053535346532737,
    "rmse": 0.04473048228990981
  },
  "timing": {
    "train_states_s": 0.019543300000805175,
    "ridge_select_s": 0.012256400001206202,
    "total_s": 0.05766760000187787
  },
  "timestamp": "2026-04-16T18:21:13.575259+00:00"
}