{
  "sweep_name": "region_selection_multitask_v1_narma10",
  "config_id": "8ddabc77c0bd",
  "seed": 789,
  "config_point": {
    "spectral_radius": 1.1,
    "input_scaling": 0.15,
    "leak_rate": 0.8
  },
  "best_ridge": 1e-10,
  "val_curve": {
    "1e-10": 0.12549023945034654,
    "1e-08": 0.12556549081529297,
    "1e-06": 0.13473198070780693,
    "0.0001": 0.17169911239833271,
    "0.01": 0.22626575167838528,
    "1.0": 0.4159703703262227
  },
  "val_metrics": {
    "nmse": 0.12549023945034654,
    "rmse": 0.03916881261128138
  },
  "test_metrics": {
    "nmse": 0.09321813029200937,
    "rmse": 0.03247354225996366
  },
  "timing": {
    "train_states_s": 0.01780519999738317,
    "ridge_select_s": 0.011893599999893922,
    "total_s": 0.05110249999779626
  },
  "timestamp": "2026-04-16T18:22:16.581281+00:00"
}