{
  "sweep_name": "region_selection_multitask_v1_narma10",
  "config_id": "8ddabc77c0bd",
  "seed": 123,
  "config_point": {
    "spectral_radius": 1.1,
    "input_scaling": 0.15,
    "leak_rate": 0.8
  },
  "best_ridge": 1e-10,
  "val_curve": {
    "1e-10": 0.10049195572093955,
    "1e-08": 0.10050991124185854,
    "1e-06": 0.10531766107702964,
    "0.0001": 0.13862411168246297,
    "0.01": 0.20331806601002972,
    "1.0": 0.310975912863889
  },
  "val_metrics": {
    "nmse": 0.10049195572093955,
    "rmse": 0.030994642935192402
  },
  "test_metrics": {
    "nmse": 0.10251495917443931,
    "rmse": 0.03305729859262686
  },
  "timing": {
    "train_states_s": 0.017920099999173544,
    "ridge_select_s": 0.011394900000595953,
    "total_s": 0.051688600000488805
  },
  "timestamp": "2026-04-16T18:22:16.446476+00:00"
}