{
  "sweep_name": "region_selection_multitask_v1_narma10",
  "config_id": "8ddabc77c0bd",
  "seed": 42,
  "config_point": {
    "spectral_radius": 1.1,
    "input_scaling": 0.15,
    "leak_rate": 0.8
  },
  "best_ridge": 1e-08,
  "val_curve": {
    "1e-10": 0.14606262369253334,
    "1e-08": 0.1460258726031842,
    "1e-06": 0.14811305351540874,
    "0.0001": 0.19152909634856757,
    "0.01": 0.23258693242190226,
    "1.0": 0.43996916329078506
  },
  "val_metrics": {
    "nmse": 0.1460258726031842,
    "rmse": 0.04714343291993819
  },
  "test_metrics": {
    "nmse": 0.11408975778696002,
    "rmse": 0.03431853194426409
  },
  "timing": {
    "train_states_s": 0.018021699997916585,
    "ridge_select_s": 0.011852700001327321,
    "total_s": 0.07093859999804408
  },
  "timestamp": "2026-04-16T18:22:16.379896+00:00"
}