{
  "sweep_name": "region_selection_multitask_v1_narma10",
  "config_id": "8ddabc77c0bd",
  "seed": 456,
  "config_point": {
    "spectral_radius": 1.1,
    "input_scaling": 0.15,
    "leak_rate": 0.8
  },
  "best_ridge": 0.0001,
  "val_curve": {
    "1e-10": 0.21265351079922212,
    "1e-08": 0.2126533328576979,
    "1e-06": 0.21263612733458953,
    "0.0001": 0.2124133200071097,
    "0.01": 0.2295034047491924,
    "1.0": 0.3277914566449133
  },
  "val_metrics": {
    "nmse": 0.2124133200071097,
    "rmse": 0.04678859869716285
  },
  "test_metrics": {
    "nmse": 0.20371831353610556,
    "rmse": 0.04751573883816255
  },
  "timing": {
    "train_states_s": 0.017888599999423604,
    "ridge_select_s": 0.011617599997407524,
    "total_s": 0.05376799999794457
  },
  "timestamp": "2026-04-16T18:22:16.514986+00:00"
}