{
  "sweep_name": "region_selection_multitask_v1_narma10",
  "config_id": "8ddabc77c0bd",
  "seed": 1024,
  "config_point": {
    "spectral_radius": 1.1,
    "input_scaling": 0.15,
    "leak_rate": 0.8
  },
  "best_ridge": 1e-10,
  "val_curve": {
    "1e-10": 0.16046780735985738,
    "1e-08": 0.16064007480805598,
    "1e-06": 0.16628868632007435,
    "0.0001": 0.1903732742129682,
    "0.01": 0.24512291139612008,
    "1.0": 0.38137821091092483
  },
  "val_metrics": {
    "nmse": 0.16046780735985738,
    "rmse": 0.05073393945179218
  },
  "test_metrics": {
    "nmse": 0.10740742625812505,
    "rmse": 0.03740959154102568
  },
  "timing": {
    "train_states_s": 0.018109199998434633,
    "ridge_select_s": 0.011352099998475751,
    "total_s": 0.051059100002021296
  },
  "timestamp": "2026-04-16T18:22:16.646997+00:00"
}