{
  "sweep_name": "region_selection_multitask_v1_narma10",
  "config_id": "9063c377d58e",
  "seed": 1024,
  "config_point": {
    "spectral_radius": 0.6,
    "input_scaling": 0.15,
    "leak_rate": 1.0
  },
  "best_ridge": 1e-10,
  "val_curve": {
    "1e-10": 0.24091408675078413,
    "1e-08": 0.25836508531828756,
    "1e-06": 0.28733465515851647,
    "0.0001": 0.47467131553770653,
    "0.01": 0.7117165906509942,
    "1.0": 0.8597080120534167
  },
  "val_metrics": {
    "nmse": 0.24091408675078413,
    "rmse": 0.062163538052534974
  },
  "test_metrics": {
    "nmse": 0.17616395493319392,
    "rmse": 0.04790979772370361
  },
  "timing": {
    "train_states_s": 0.018787900000461377,
    "ridge_select_s": 0.012502699999458855,
    "total_s": 0.05369019999852753
  },
  "timestamp": "2026-04-16T18:21:13.004803+00:00"
}