{
  "sweep_name": "region_selection_multitask_v1_narma10",
  "config_id": "9063c377d58e",
  "seed": 123,
  "config_point": {
    "spectral_radius": 0.6,
    "input_scaling": 0.15,
    "leak_rate": 1.0
  },
  "best_ridge": 1e-10,
  "val_curve": {
    "1e-10": 0.1648830771955915,
    "1e-08": 0.17576316077862078,
    "1e-06": 0.18391551627267005,
    "0.0001": 0.27856584374852456,
    "0.01": 0.7513336336954353,
    "1.0": 0.9796651522690373
  },
  "val_metrics": {
    "nmse": 0.1648830771955915,
    "rmse": 0.03970169333176969
  },
  "test_metrics": {
    "nmse": 0.15624364652037903,
    "rmse": 0.04081078252241275
  },
  "timing": {
    "train_states_s": 0.017837900002632523,
    "ridge_select_s": 0.012394399996992433,
    "total_s": 0.05254300000160583
  },
  "timestamp": "2026-04-16T18:21:12.797549+00:00"
}