{
  "sweep_name": "region_selection_multitask_v1_narma10",
  "config_id": "9063c377d58e",
  "seed": 42,
  "config_point": {
    "spectral_radius": 0.6,
    "input_scaling": 0.15,
    "leak_rate": 1.0
  },
  "best_ridge": 1e-10,
  "val_curve": {
    "1e-10": 0.17461390527885304,
    "1e-08": 0.19613562151911154,
    "1e-06": 0.22941368131130352,
    "0.0001": 0.2852460872805475,
    "0.01": 0.6386907620162519,
    "1.0": 0.906167603321363
  },
  "val_metrics": {
    "nmse": 0.17461390527885304,
    "rmse": 0.05155202291398957
  },
  "test_metrics": {
    "nmse": 0.1514442296988599,
    "rmse": 0.039539551414555674
  },
  "timing": {
    "train_states_s": 0.018781099999614526,
    "ridge_select_s": 0.011885099997016368,
    "total_s": 0.053074700001161546
  },
  "timestamp": "2026-04-16T18:21:12.730589+00:00"
}