{
  "sweep_name": "region_selection_multitask_v1_narma10",
  "config_id": "90d773923187",
  "seed": 42,
  "config_point": {
    "spectral_radius": 0.8,
    "input_scaling": 0.2,
    "leak_rate": 0.6
  },
  "best_ridge": 1e-10,
  "val_curve": {
    "1e-10": 0.151074301257229,
    "1e-08": 0.16186253781910356,
    "1e-06": 0.18383175426879367,
    "0.0001": 0.24280509091031527,
    "0.01": 0.33484289742212,
    "1.0": 0.4270007502465133
  },
  "val_metrics": {
    "nmse": 0.151074301257229,
    "rmse": 0.047951433639834395
  },
  "test_metrics": {
    "nmse": 0.17967513304083793,
    "rmse": 0.0430674700228777
  },
  "timing": {
    "train_states_s": 0.01804700000138837,
    "ridge_select_s": 0.012725199998385506,
    "total_s": 0.06354780000037863
  },
  "timestamp": "2026-04-16T18:21:38.821220+00:00"
}