{
  "sweep_name": "region_selection_multitask_v1_narma10",
  "config_id": "90d773923187",
  "seed": 1024,
  "config_point": {
    "spectral_radius": 0.8,
    "input_scaling": 0.2,
    "leak_rate": 0.6
  },
  "best_ridge": 1e-10,
  "val_curve": {
    "1e-10": 0.20037112955915576,
    "1e-08": 0.2165400856234033,
    "1e-06": 0.24989250829347823,
    "0.0001": 0.31096398974811795,
    "0.01": 0.398886523834328,
    "1.0": 0.524285828690513
  },
  "val_metrics": {
    "nmse": 0.20037112955915576,
    "rmse": 0.05669205506376096
  },
  "test_metrics": {
    "nmse": 0.1501783716547388,
    "rmse": 0.04423535397774168
  },
  "timing": {
    "train_states_s": 0.018353200001001824,
    "ridge_select_s": 0.012151999999332475,
    "total_s": 0.05223239999759244
  },
  "timestamp": "2026-04-16T18:21:39.093889+00:00"
}