{
  "sweep_name": "region_selection_multitask_v1_narma10",
  "config_id": "90d773923187",
  "seed": 123,
  "config_point": {
    "spectral_radius": 0.8,
    "input_scaling": 0.2,
    "leak_rate": 0.6
  },
  "best_ridge": 1e-10,
  "val_curve": {
    "1e-10": 0.19082336201828828,
    "1e-08": 0.21574582989200802,
    "1e-06": 0.2542964281437327,
    "0.0001": 0.30127003672253494,
    "0.01": 0.3696873026653853,
    "1.0": 0.5022839322464053
  },
  "val_metrics": {
    "nmse": 0.19082336201828828,
    "rmse": 0.04271070695368035
  },
  "test_metrics": {
    "nmse": 0.1742494429956573,
    "rmse": 0.043098230378872684
  },
  "timing": {
    "train_states_s": 0.017794499999581603,
    "ridge_select_s": 0.01190600000336417,
    "total_s": 0.051836200000252575
  },
  "timestamp": "2026-04-16T18:21:38.887924+00:00"
}