{
  "sweep_name": "region_selection_multitask_v1_narma10",
  "config_id": "90d773923187",
  "seed": 789,
  "config_point": {
    "spectral_radius": 0.8,
    "input_scaling": 0.2,
    "leak_rate": 0.6
  },
  "best_ridge": 1e-10,
  "val_curve": {
    "1e-10": 0.18908697236644767,
    "1e-08": 0.21086781286682527,
    "1e-06": 0.23574906480315666,
    "0.0001": 0.278260911820717,
    "0.01": 0.3507192116676312,
    "1.0": 0.46325363015270465
  },
  "val_metrics": {
    "nmse": 0.18908697236644767,
    "rmse": 0.04808019676174552
  },
  "test_metrics": {
    "nmse": 0.16341295067041406,
    "rmse": 0.042995470586848175
  },
  "timing": {
    "train_states_s": 0.01841680000143242,
    "ridge_select_s": 0.01266580000083195,
    "total_s": 0.05312419999972917
  },
  "timestamp": "2026-04-16T18:21:39.026835+00:00"
}