{
  "sweep_name": "region_selection_multitask_v1_narma10",
  "config_id": "9143fa7774c8",
  "seed": 42,
  "config_point": {
    "spectral_radius": 1.0,
    "input_scaling": 0.3,
    "leak_rate": 0.9
  },
  "best_ridge": 1e-06,
  "val_curve": {
    "1e-10": 0.1064251572294955,
    "1e-08": 0.10640932436896414,
    "1e-06": 0.10587786517904073,
    "0.0001": 0.12671986371010976,
    "0.01": 0.16616606423150163,
    "1.0": 0.2816966053956515
  },
  "val_metrics": {
    "nmse": 0.10587786517904073,
    "rmse": 0.04014291326062493
  },
  "test_metrics": {
    "nmse": 0.08279275862367874,
    "rmse": 0.029234895731300625
  },
  "timing": {
    "train_states_s": 0.01796240000112448,
    "ridge_select_s": 0.012092700002540369,
    "total_s": 0.057076900000538444
  },
  "timestamp": "2026-04-16T18:22:08.160641+00:00"
}