{
  "sweep_name": "region_selection_multitask_v1_narma10",
  "config_id": "9143fa7774c8",
  "seed": 123,
  "config_point": {
    "spectral_radius": 1.0,
    "input_scaling": 0.3,
    "leak_rate": 0.9
  },
  "best_ridge": 1e-08,
  "val_curve": {
    "1e-10": 0.08570157620976075,
    "1e-08": 0.08570005325620875,
    "1e-06": 0.08617394755379457,
    "0.0001": 0.11574313389021827,
    "0.01": 0.15978766668915792,
    "1.0": 0.26441890510753674
  },
  "val_metrics": {
    "nmse": 0.08570005325620875,
    "rmse": 0.02862276166379407
  },
  "test_metrics": {
    "nmse": 0.08370264870911828,
    "rmse": 0.02987055827998097
  },
  "timing": {
    "train_states_s": 0.017905900000187103,
    "ridge_select_s": 0.01231000000188942,
    "total_s": 0.052414599998883205
  },
  "timestamp": "2026-04-16T18:22:08.228137+00:00"
}