{
  "sweep_name": "region_selection_multitask_v1_narma10",
  "config_id": "9143fa7774c8",
  "seed": 456,
  "config_point": {
    "spectral_radius": 1.0,
    "input_scaling": 0.3,
    "leak_rate": 0.9
  },
  "best_ridge": 1e-06,
  "val_curve": {
    "1e-10": 0.12942515394944243,
    "1e-08": 0.12942482358700644,
    "1e-06": 0.12939500019283007,
    "0.0001": 0.13061691793445981,
    "0.01": 0.14684678545627114,
    "1.0": 0.22529326793005336
  },
  "val_metrics": {
    "nmse": 0.12939500019283007,
    "rmse": 0.0365180780669815
  },
  "test_metrics": {
    "nmse": 0.13359477415449317,
    "rmse": 0.03847841599824353
  },
  "timing": {
    "train_states_s": 0.017875900000944966,
    "ridge_select_s": 0.012277000001631677,
    "total_s": 0.05420849999791244
  },
  "timestamp": "2026-04-16T18:22:08.297691+00:00"
}