{
  "sweep_name": "region_selection_multitask_v1_narma10",
  "config_id": "92815a841b21",
  "seed": 123,
  "config_point": {
    "spectral_radius": 0.9,
    "input_scaling": 0.15,
    "leak_rate": 1.0
  },
  "best_ridge": 1e-08,
  "val_curve": {
    "1e-10": 0.10373754457332782,
    "1e-08": 0.10259574467762361,
    "1e-06": 0.11865047063546037,
    "0.0001": 0.1717560790072925,
    "0.01": 0.1912530288278125,
    "1.0": 0.328767069221086
  },
  "val_metrics": {
    "nmse": 0.10259574467762361,
    "rmse": 0.03131739733872627
  },
  "test_metrics": {
    "nmse": 0.09734142753269043,
    "rmse": 0.032212363745569156
  },
  "timing": {
    "train_states_s": 0.01785369999925024,
    "ridge_select_s": 0.012434899999789195,
    "total_s": 0.05345909999959986
  },
  "timestamp": "2026-04-16T18:21:51.284911+00:00"
}