{
  "sweep_name": "region_selection_multitask_v1_narma10",
  "config_id": "92815a841b21",
  "seed": 42,
  "config_point": {
    "spectral_radius": 0.9,
    "input_scaling": 0.15,
    "leak_rate": 1.0
  },
  "best_ridge": 1e-10,
  "val_curve": {
    "1e-10": 0.09335536312965054,
    "1e-08": 0.09396070266424847,
    "1e-06": 0.11230015844946101,
    "0.0001": 0.14054121913269385,
    "0.01": 0.2465472057522681,
    "1.0": 0.35561940783268925
  },
  "val_metrics": {
    "nmse": 0.09335536312965054,
    "rmse": 0.03769432192586999
  },
  "test_metrics": {
    "nmse": 0.08209332938384872,
    "rmse": 0.02911114632371893
  },
  "timing": {
    "train_states_s": 0.01825969999845256,
    "ridge_select_s": 0.012385999998514308,
    "total_s": 0.05288799999834737
  },
  "timestamp": "2026-04-16T18:21:51.216187+00:00"
}