{
  "sweep_name": "region_selection_multitask_v1_narma10",
  "config_id": "92815a841b21",
  "seed": 456,
  "config_point": {
    "spectral_radius": 0.9,
    "input_scaling": 0.15,
    "leak_rate": 1.0
  },
  "best_ridge": 1e-08,
  "val_curve": {
    "1e-10": 0.09776534973609005,
    "1e-08": 0.0977246625763133,
    "1e-06": 0.09807381710610658,
    "0.0001": 0.13888063917464286,
    "0.01": 0.19900517864424086,
    "1.0": 0.33797174713270756
  },
  "val_metrics": {
    "nmse": 0.0977246625763133,
    "rmse": 0.03173593183885562
  },
  "test_metrics": {
    "nmse": 0.09354550441845128,
    "rmse": 0.03219837181075086
  },
  "timing": {
    "train_states_s": 0.018174100001488114,
    "ridge_select_s": 0.012340699999185745,
    "total_s": 0.05599169999914011
  },
  "timestamp": "2026-04-16T18:21:51.356053+00:00"
}