{
  "sweep_name": "region_selection_multitask_v1_narma10",
  "config_id": "92bfaaea8b8b",
  "seed": 789,
  "config_point": {
    "spectral_radius": 1.0,
    "input_scaling": 0.05,
    "leak_rate": 1.0
  },
  "best_ridge": 1e-08,
  "val_curve": {
    "1e-10": 0.13155822862210048,
    "1e-08": 0.13122386414628587,
    "1e-06": 0.14969412102958662,
    "0.0001": 0.17018108432594037,
    "0.01": 0.20749945849344295,
    "1.0": 0.5538189216666549
  },
  "val_metrics": {
    "nmse": 0.13122386414628587,
    "rmse": 0.040053626472151806
  },
  "test_metrics": {
    "nmse": 0.09651075743134913,
    "rmse": 0.03304207652941332
  },
  "timing": {
    "train_states_s": 0.018733000000793254,
    "ridge_select_s": 0.013675900001544505,
    "total_s": 0.05540280000059283
  },
  "timestamp": "2026-04-16T18:22:00.171544+00:00"
}