{
  "sweep_name": "region_selection_multitask_v1_narma10",
  "config_id": "92bfaaea8b8b",
  "seed": 123,
  "config_point": {
    "spectral_radius": 1.0,
    "input_scaling": 0.05,
    "leak_rate": 1.0
  },
  "best_ridge": 1e-10,
  "val_curve": {
    "1e-10": 0.13255799201587504,
    "1e-08": 0.1327616974495371,
    "1e-06": 0.16294374672417566,
    "0.0001": 0.18485681560749737,
    "0.01": 0.1888246956348139,
    "1.0": 0.33652794354396065
  },
  "val_metrics": {
    "nmse": 0.13255799201587504,
    "rmse": 0.0355978645954063
  },
  "test_metrics": {
    "nmse": 0.13236672206307373,
    "rmse": 0.03756324873843362
  },
  "timing": {
    "train_states_s": 0.01872930000172346,
    "ridge_select_s": 0.013413099997706013,
    "total_s": 0.05541090000042459
  },
  "timestamp": "2026-04-16T18:22:00.027621+00:00"
}