{
  "sweep_name": "region_selection_multitask_v1_narma10",
  "config_id": "92bfaaea8b8b",
  "seed": 456,
  "config_point": {
    "spectral_radius": 1.0,
    "input_scaling": 0.05,
    "leak_rate": 1.0
  },
  "best_ridge": 1e-06,
  "val_curve": {
    "1e-10": 0.17537627254533825,
    "1e-08": 0.17530908714974563,
    "1e-06": 0.17291969253358988,
    "0.0001": 0.1800411513642976,
    "0.01": 0.21195118541773497,
    "1.0": 0.48223897920391573
  },
  "val_metrics": {
    "nmse": 0.17291969253358988,
    "rmse": 0.042215447006340244
  },
  "test_metrics": {
    "nmse": 0.1705939558712146,
    "rmse": 0.04348147525505421
  },
  "timing": {
    "train_states_s": 0.01881180000054883,
    "ridge_select_s": 0.013099499999952968,
    "total_s": 0.057413399998040404
  },
  "timestamp": "2026-04-16T18:22:00.100868+00:00"
}