{
  "sweep_name": "region_selection_multitask_v1_narma10",
  "config_id": "96af7170b8b0",
  "seed": 42,
  "config_point": {
    "spectral_radius": 1.0,
    "input_scaling": 0.1,
    "leak_rate": 0.9
  },
  "best_ridge": 1e-10,
  "val_curve": {
    "1e-10": 0.09571345572270844,
    "1e-08": 0.09762881331565408,
    "1e-06": 0.13329344785373012,
    "0.0001": 0.1590306189158968,
    "0.01": 0.1758511659211392,
    "1.0": 0.4227188737116205
  },
  "val_metrics": {
    "nmse": 0.09571345572270844,
    "rmse": 0.038167419416826574
  },
  "test_metrics": {
    "nmse": 0.08386384236428525,
    "rmse": 0.02942339287932651
  },
  "timing": {
    "train_states_s": 0.01797889999943436,
    "ridge_select_s": 0.012720399998215726,
    "total_s": 0.06182469999839668
  },
  "timestamp": "2026-04-16T18:22:01.746602+00:00"
}