{
  "sweep_name": "region_selection_multitask_v1_narma10",
  "config_id": "96af7170b8b0",
  "seed": 123,
  "config_point": {
    "spectral_radius": 1.0,
    "input_scaling": 0.1,
    "leak_rate": 0.9
  },
  "best_ridge": 1e-10,
  "val_curve": {
    "1e-10": 0.0898944704391923,
    "1e-08": 0.09288125502454914,
    "1e-06": 0.12688304582819512,
    "0.0001": 0.16609248547904867,
    "0.01": 0.19068556610583332,
    "1.0": 0.3348677179011005
  },
  "val_metrics": {
    "nmse": 0.0898944704391923,
    "rmse": 0.02931483658616816
  },
  "test_metrics": {
    "nmse": 0.08935782253925145,
    "rmse": 0.030863134235901132
  },
  "timing": {
    "train_states_s": 0.017929499997990206,
    "ridge_select_s": 0.012510100001236424,
    "total_s": 0.05339309999908437
  },
  "timestamp": "2026-04-16T18:22:01.814990+00:00"
}