{
  "sweep_name": "region_selection_multitask_v1_narma10",
  "config_id": "974a39a7bc80",
  "seed": 42,
  "config_point": {
    "spectral_radius": 0.9,
    "input_scaling": 0.4,
    "leak_rate": 0.5
  },
  "best_ridge": 1e-10,
  "val_curve": {
    "1e-10": 0.15400906994565355,
    "1e-08": 0.15420556052092002,
    "1e-06": 0.16177595084655694,
    "0.0001": 0.20206359763292095,
    "0.01": 0.24461051692446456,
    "1.0": 0.37944172348268623
  },
  "val_metrics": {
    "nmse": 0.15400906994565355,
    "rmse": 0.0484149455876626
  },
  "test_metrics": {
    "nmse": 0.2220250913306449,
    "rmse": 0.047874737005770496
  },
  "timing": {
    "train_states_s": 0.018094700000801822,
    "ridge_select_s": 0.012302600000111852,
    "total_s": 0.05447650000132853
  },
  "timestamp": "2026-04-16T18:21:55.840459+00:00"
}