{
  "sweep_name": "region_selection_multitask_v1_narma10",
  "config_id": "974a39a7bc80",
  "seed": 1024,
  "config_point": {
    "spectral_radius": 0.9,
    "input_scaling": 0.4,
    "leak_rate": 0.5
  },
  "best_ridge": 1e-10,
  "val_curve": {
    "1e-10": 0.21083678049516943,
    "1e-08": 0.21335844829995598,
    "1e-06": 0.23208064369417503,
    "0.0001": 0.26394162331681864,
    "0.01": 0.31788244811640337,
    "1.0": 0.44716196466328306
  },
  "val_metrics": {
    "nmse": 0.21083678049516943,
    "rmse": 0.058153762032885796
  },
  "test_metrics": {
    "nmse": 0.17466095160997824,
    "rmse": 0.04770498046854283
  },
  "timing": {
    "train_states_s": 0.017987300001550466,
    "ridge_select_s": 0.011775900002248818,
    "total_s": 0.051098399999318644
  },
  "timestamp": "2026-04-16T18:21:56.115560+00:00"
}