{
  "sweep_name": "region_selection_multitask_v1_narma10",
  "config_id": "974a39a7bc80",
  "seed": 456,
  "config_point": {
    "spectral_radius": 0.9,
    "input_scaling": 0.4,
    "leak_rate": 0.5
  },
  "best_ridge": 1e-10,
  "val_curve": {
    "1e-10": 0.1945322110766824,
    "1e-08": 0.19503916154719278,
    "1e-06": 0.20334395289470628,
    "0.0001": 0.2311121061273247,
    "0.01": 0.2695813784803509,
    "1.0": 0.3644197212767179
  },
  "val_metrics": {
    "nmse": 0.1945322110766824,
    "rmse": 0.04477596211598434
  },
  "test_metrics": {
    "nmse": 0.18811191930204516,
    "rmse": 0.0456594428494071
  },
  "timing": {
    "train_states_s": 0.017924300002050586,
    "ridge_select_s": 0.012373599998682039,
    "total_s": 0.055896100002428284
  },
  "timestamp": "2026-04-16T18:21:55.982346+00:00"
}