{
  "sweep_name": "region_selection_multitask_v1_narma10",
  "config_id": "9bba7c25d761",
  "seed": 456,
  "config_point": {
    "spectral_radius": 1.1,
    "input_scaling": 0.2,
    "leak_rate": 1.0
  },
  "best_ridge": 0.0001,
  "val_curve": {
    "1e-10": 0.23974361285971474,
    "1e-08": 0.23974359792308292,
    "1e-06": 0.23974210552733835,
    "0.0001": 0.2396042169082378,
    "0.01": 0.239664216717771,
    "1.0": 0.3454900092176445
  },
  "val_metrics": {
    "nmse": 0.2396042169082378,
    "rmse": 0.04969313470970523
  },
  "test_metrics": {
    "nmse": 0.5634479338636995,
    "rmse": 0.07902224175359222
  },
  "timing": {
    "train_states_s": 0.017985700000281213,
    "ridge_select_s": 0.012266199999430683,
    "total_s": 0.054325400000379886
  },
  "timestamp": "2026-04-16T18:22:19.311173+00:00"
}