{
  "sweep_name": "region_selection_multitask_v1_narma10",
  "config_id": "9bba7c25d761",
  "seed": 789,
  "config_point": {
    "spectral_radius": 1.1,
    "input_scaling": 0.2,
    "leak_rate": 1.0
  },
  "best_ridge": 0.0001,
  "val_curve": {
    "1e-10": 0.18280240812727963,
    "1e-08": 0.18280216558768425,
    "1e-06": 0.18277819152972083,
    "0.0001": 0.1817969820584112,
    "0.01": 0.20462751727913248,
    "1.0": 0.3281535532391464
  },
  "val_metrics": {
    "nmse": 0.1817969820584112,
    "rmse": 0.04714425389312038
  },
  "test_metrics": {
    "nmse": 0.13144318746230843,
    "rmse": 0.03856101987593353
  },
  "timing": {
    "train_states_s": 0.017871100000775186,
    "ridge_select_s": 0.012473099999624537,
    "total_s": 0.0519557999978133
  },
  "timestamp": "2026-04-16T18:22:19.378001+00:00"
}