{
  "sweep_name": "region_selection_multitask_v1_narma10",
  "config_id": "9bba7c25d761",
  "seed": 42,
  "config_point": {
    "spectral_radius": 1.1,
    "input_scaling": 0.2,
    "leak_rate": 1.0
  },
  "best_ridge": 0.0001,
  "val_curve": {
    "1e-10": 0.20838091891347243,
    "1e-08": 0.2083807141110199,
    "1e-06": 0.20836032761574175,
    "0.0001": 0.2070039384279192,
    "0.01": 0.23280286352567525,
    "1.0": 0.37636298377651817
  },
  "val_metrics": {
    "nmse": 0.2070039384279192,
    "rmse": 0.05613007250166064
  },
  "test_metrics": {
    "nmse": 0.16764057041947256,
    "rmse": 0.04160015391886848
  },
  "timing": {
    "train_states_s": 0.018167000001994893,
    "ridge_select_s": 0.013140699997165939,
    "total_s": 0.056703999998717336
  },
  "timestamp": "2026-04-16T18:22:19.174775+00:00"
}