{
  "sweep_name": "region_selection_multitask_v1_narma10",
  "config_id": "9bba7c25d761",
  "seed": 1024,
  "config_point": {
    "spectral_radius": 1.1,
    "input_scaling": 0.2,
    "leak_rate": 1.0
  },
  "best_ridge": 1.0,
  "val_curve": {
    "1e-10": 59.43383576326173,
    "1e-08": 59.42978428449301,
    "1e-06": 59.0278897365546,
    "0.0001": 36.64187836653705,
    "0.01": 5.947031256157718,
    "1.0": 5.447586569749138
  },
  "val_metrics": {
    "nmse": 5.447586569749138,
    "rmse": 0.295601543420631
  },
  "test_metrics": {
    "nmse": 0.2564935068751228,
    "rmse": 0.05781013706800402
  },
  "timing": {
    "train_states_s": 0.018722400000115158,
    "ridge_select_s": 0.011941300002945354,
    "total_s": 0.05305650000082096
  },
  "timestamp": "2026-04-16T18:22:19.445345+00:00"
}