{
  "sweep_name": "region_selection_multitask_v1_narma10",
  "config_id": "9bba7c25d761",
  "seed": 123,
  "config_point": {
    "spectral_radius": 1.1,
    "input_scaling": 0.2,
    "leak_rate": 1.0
  },
  "best_ridge": 0.0001,
  "val_curve": {
    "1e-10": 0.15665325341539746,
    "1e-08": 0.15665314877681,
    "1e-06": 0.156642905599676,
    "0.0001": 0.15658029924990408,
    "0.01": 0.16721014798583592,
    "1.0": 0.22924039981007643
  },
  "val_metrics": {
    "nmse": 0.15658029924990408,
    "rmse": 0.03868918201534218
  },
  "test_metrics": {
    "nmse": 0.14867171385847286,
    "rmse": 0.039809609086865004
  },
  "timing": {
    "train_states_s": 0.01777339999898686,
    "ridge_select_s": 0.012126800000260118,
    "total_s": 0.052460499999142485
  },
  "timestamp": "2026-04-16T18:22:19.241732+00:00"
}