{
  "sweep_name": "region_selection_multitask_v1_narma10",
  "config_id": "9c545a13215e",
  "seed": 789,
  "config_point": {
    "spectral_radius": 1.1,
    "input_scaling": 0.1,
    "leak_rate": 0.5
  },
  "best_ridge": 1e-10,
  "val_curve": {
    "1e-10": 0.18155327587327402,
    "1e-08": 0.1915842814222243,
    "1e-06": 0.24343750403433775,
    "0.0001": 0.2747984272641633,
    "0.01": 0.2991490150855476,
    "1.0": 0.5196043695690115
  },
  "val_metrics": {
    "nmse": 0.18155327587327402,
    "rmse": 0.04711264390927105
  },
  "test_metrics": {
    "nmse": 0.17718591126763478,
    "rmse": 0.04477071847792546
  },
  "timing": {
    "train_states_s": 0.017949299999600044,
    "ridge_select_s": 0.011845199998788303,
    "total_s": 0.05205990000104066
  },
  "timestamp": "2026-04-16T18:22:13.378013+00:00"
}