{
  "sweep_name": "region_selection_multitask_v1_narma10",
  "config_id": "9c545a13215e",
  "seed": 456,
  "config_point": {
    "spectral_radius": 1.1,
    "input_scaling": 0.1,
    "leak_rate": 0.5
  },
  "best_ridge": 1e-08,
  "val_curve": {
    "1e-10": 0.2058301229439128,
    "1e-08": 0.20452523654834304,
    "1e-06": 0.21371345714822687,
    "0.0001": 0.23899858596470183,
    "0.01": 0.2960755244456915,
    "1.0": 0.40446494695625473
  },
  "val_metrics": {
    "nmse": 0.20452523654834304,
    "rmse": 0.04591161995089555
  },
  "test_metrics": {
    "nmse": 0.19962843950501863,
    "rmse": 0.04703635467382226
  },
  "timing": {
    "train_states_s": 0.01783620000060182,
    "ridge_select_s": 0.013535600002796855,
    "total_s": 0.05659899999955087
  },
  "timestamp": "2026-04-16T18:22:13.310482+00:00"
}