{
  "sweep_name": "region_selection_multitask_v1_narma10",
  "config_id": "9c545a13215e",
  "seed": 1024,
  "config_point": {
    "spectral_radius": 1.1,
    "input_scaling": 0.1,
    "leak_rate": 0.5
  },
  "best_ridge": 1e-10,
  "val_curve": {
    "1e-10": 0.18512388394953003,
    "1e-08": 0.19875174501106987,
    "1e-06": 0.2233609564062311,
    "0.0001": 0.27511280524772613,
    "0.01": 0.32107240408185284,
    "1.0": 0.4516188792042919
  },
  "val_metrics": {
    "nmse": 0.18512388394953003,
    "rmse": 0.054492389688417235
  },
  "test_metrics": {
    "nmse": 0.15629447857329556,
    "rmse": 0.045127121193518284
  },
  "timing": {
    "train_states_s": 0.017932199996721465,
    "ridge_select_s": 0.011947099999815691,
    "total_s": 0.05140919999757898
  },
  "timestamp": "2026-04-16T18:22:13.444168+00:00"
}