{
  "sweep_name": "region_selection_multitask_v1_narma10",
  "config_id": "9c6707965944",
  "seed": 789,
  "config_point": {
    "spectral_radius": 0.8,
    "input_scaling": 0.05,
    "leak_rate": 0.7
  },
  "best_ridge": 1e-10,
  "val_curve": {
    "1e-10": 0.16741287311326067,
    "1e-08": 0.21445272284566944,
    "1e-06": 0.2848126610848894,
    "0.0001": 0.3223407347636234,
    "0.01": 0.38632247368010114,
    "1.0": 0.6476793770566024
  },
  "val_metrics": {
    "nmse": 0.16741287311326067,
    "rmse": 0.04524075636616026
  },
  "test_metrics": {
    "nmse": 0.13507212735215604,
    "rmse": 0.03908970029800141
  },
  "timing": {
    "train_states_s": 0.018220199999632314,
    "ridge_select_s": 0.011930100001336541,
    "total_s": 0.052012600001035025
  },
  "timestamp": "2026-04-16T18:21:33.096256+00:00"
}