{
  "sweep_name": "region_selection_multitask_v1_narma10",
  "config_id": "9c67a6f86fa9",
  "seed": 456,
  "config_point": {
    "spectral_radius": 0.9,
    "input_scaling": 0.1,
    "leak_rate": 0.6
  },
  "best_ridge": 1e-10,
  "val_curve": {
    "1e-10": 0.14826558585134322,
    "1e-08": 0.16344741180372474,
    "1e-06": 0.19928977292256017,
    "0.0001": 0.23994637162103363,
    "0.01": 0.3150441493409175,
    "1.0": 0.42010271682566286
  },
  "val_metrics": {
    "nmse": 0.14826558585134322,
    "rmse": 0.03909033064386961
  },
  "test_metrics": {
    "nmse": 0.1547366163234724,
    "rmse": 0.04141131279060063
  },
  "timing": {
    "train_states_s": 0.017963199999940116,
    "ridge_select_s": 0.012122699998144526,
    "total_s": 0.05493629999909899
  },
  "timestamp": "2026-04-16T18:21:47.719056+00:00"
}