{
  "sweep_name": "region_selection_multitask_v1_narma10",
  "config_id": "9c6707965944",
  "seed": 1024,
  "config_point": {
    "spectral_radius": 0.8,
    "input_scaling": 0.05,
    "leak_rate": 0.7
  },
  "best_ridge": 1e-10,
  "val_curve": {
    "1e-10": 0.19926241338053208,
    "1e-08": 0.26241856070219827,
    "1e-06": 0.33160912457681646,
    "0.0001": 0.36739464328699917,
    "0.01": 0.45005323523779045,
    "1.0": 0.785930805197327
  },
  "val_metrics": {
    "nmse": 0.19926241338053208,
    "rmse": 0.05653499004688228
  },
  "test_metrics": {
    "nmse": 0.1454800800126701,
    "rmse": 0.04353790997197375
  },
  "timing": {
    "train_states_s": 0.01795000000129221,
    "ridge_select_s": 0.011837400001240894,
    "total_s": 0.05144819999986794
  },
  "timestamp": "2026-04-16T18:21:33.162419+00:00"
}