{
  "sweep_name": "region_selection_multitask_v1_narma10",
  "config_id": "9c67a6f86fa9",
  "seed": 789,
  "config_point": {
    "spectral_radius": 0.9,
    "input_scaling": 0.1,
    "leak_rate": 0.6
  },
  "best_ridge": 1e-10,
  "val_curve": {
    "1e-10": 0.1811459936728974,
    "1e-08": 0.20123022841907606,
    "1e-06": 0.23601939141211467,
    "0.0001": 0.2690577337120325,
    "0.01": 0.3432237358381436,
    "1.0": 0.5007068911405992
  },
  "val_metrics": {
    "nmse": 0.1811459936728974,
    "rmse": 0.04705976985739812
  },
  "test_metrics": {
    "nmse": 0.1515666076867532,
    "rmse": 0.041407712182861975
  },
  "timing": {
    "train_states_s": 0.017907000001287088,
    "ridge_select_s": 0.012106199999834644,
    "total_s": 0.05191650000051595
  },
  "timestamp": "2026-04-16T18:21:47.785768+00:00"
}