{
  "sweep_name": "region_selection_multitask_v1_narma10",
  "config_id": "9c6707965944",
  "seed": 456,
  "config_point": {
    "spectral_radius": 0.8,
    "input_scaling": 0.05,
    "leak_rate": 0.7
  },
  "best_ridge": 1e-10,
  "val_curve": {
    "1e-10": 0.12756693355611007,
    "1e-08": 0.17595175798973348,
    "1e-06": 0.2228623230745021,
    "0.0001": 0.2768804191342473,
    "0.01": 0.3491197415659991,
    "1.0": 0.628137495469395
  },
  "val_metrics": {
    "nmse": 0.12756693355611007,
    "rmse": 0.036259200426669906
  },
  "test_metrics": {
    "nmse": 0.12779321929352266,
    "rmse": 0.037633651242053805
  },
  "timing": {
    "train_states_s": 0.01793069999985164,
    "ridge_select_s": 0.012456000000383938,
    "total_s": 0.05359450000105426
  },
  "timestamp": "2026-04-16T18:21:33.029403+00:00"
}