{
  "sweep_name": "region_selection_multitask_v1_narma10",
  "config_id": "9c6707965944",
  "seed": 123,
  "config_point": {
    "spectral_radius": 0.8,
    "input_scaling": 0.05,
    "leak_rate": 0.7
  },
  "best_ridge": 1e-10,
  "val_curve": {
    "1e-10": 0.16933154273656062,
    "1e-08": 0.22908655184882556,
    "1e-06": 0.27216473481280395,
    "0.0001": 0.31901841132269004,
    "0.01": 0.40243970393608747,
    "1.0": 0.8310584495001375
  },
  "val_metrics": {
    "nmse": 0.16933154273656062,
    "rmse": 0.04023369515121832
  },
  "test_metrics": {
    "nmse": 0.1535972148839687,
    "rmse": 0.04046368298437671
  },
  "timing": {
    "train_states_s": 0.018016499998338986,
    "ridge_select_s": 0.012318900000536814,
    "total_s": 0.05353909999757889
  },
  "timestamp": "2026-04-16T18:21:32.960565+00:00"
}