{
  "sweep_name": "region_selection_multitask_v1_narma10",
  "config_id": "9c67a6f86fa9",
  "seed": 42,
  "config_point": {
    "spectral_radius": 0.9,
    "input_scaling": 0.1,
    "leak_rate": 0.6
  },
  "best_ridge": 1e-10,
  "val_curve": {
    "1e-10": 0.13908621961984902,
    "1e-08": 0.16041767915358002,
    "1e-06": 0.18814258516858234,
    "0.0001": 0.2272849882141078,
    "0.01": 0.31417639102520273,
    "1.0": 0.4569692708195001
  },
  "val_metrics": {
    "nmse": 0.13908621961984902,
    "rmse": 0.04600958866051946
  },
  "test_metrics": {
    "nmse": 0.16667066345693912,
    "rmse": 0.04147963772055921
  },
  "timing": {
    "train_states_s": 0.01830379999955767,
    "ridge_select_s": 0.012248799997905735,
    "total_s": 0.054449499999464024
  },
  "timestamp": "2026-04-16T18:21:47.581508+00:00"
}