{
  "sweep_name": "region_selection_multitask_v1_narma10",
  "config_id": "9c6707965944",
  "seed": 42,
  "config_point": {
    "spectral_radius": 0.8,
    "input_scaling": 0.05,
    "leak_rate": 0.7
  },
  "best_ridge": 1e-10,
  "val_curve": {
    "1e-10": 0.14269547008551497,
    "1e-08": 0.19535192275300717,
    "1e-06": 0.2708979461919451,
    "0.0001": 0.3001158631501204,
    "0.01": 0.35076292474370396,
    "1.0": 0.6189688610231501
  },
  "val_metrics": {
    "nmse": 0.14269547008551497,
    "rmse": 0.04660273362088849
  },
  "test_metrics": {
    "nmse": 0.15947312543628814,
    "rmse": 0.04057412150871357
  },
  "timing": {
    "train_states_s": 0.018154400000639725,
    "ridge_select_s": 0.011933699999644887,
    "total_s": 0.07592429999931483
  },
  "timestamp": "2026-04-16T18:21:32.892020+00:00"
}