{
  "sweep_name": "region_selection_multitask_v1_narma10",
  "config_id": "9dee4b91ded8",
  "seed": 456,
  "config_point": {
    "spectral_radius": 0.7,
    "input_scaling": 0.4,
    "leak_rate": 1.0
  },
  "best_ridge": 1e-08,
  "val_curve": {
    "1e-10": 0.11452564901268186,
    "1e-08": 0.11447032281834653,
    "1e-06": 0.12025651230451974,
    "0.0001": 0.17462925145985309,
    "0.01": 0.22912690157557264,
    "1.0": 0.5502887922960915
  },
  "val_metrics": {
    "nmse": 0.11447032281834653,
    "rmse": 0.03434753847664534
  },
  "test_metrics": {
    "nmse": 0.11008618424702,
    "rmse": 0.03492921777129345
  },
  "timing": {
    "train_states_s": 0.017885999997815816,
    "ridge_select_s": 0.01276030000008177,
    "total_s": 0.05359190000308445
  },
  "timestamp": "2026-04-16T18:21:31.943881+00:00"
}