{
  "sweep_name": "region_selection_multitask_v1_narma10",
  "config_id": "9dee4b91ded8",
  "seed": 42,
  "config_point": {
    "spectral_radius": 0.7,
    "input_scaling": 0.4,
    "leak_rate": 1.0
  },
  "best_ridge": 1e-10,
  "val_curve": {
    "1e-10": 0.1494130473473297,
    "1e-08": 0.14991959531207008,
    "1e-06": 0.16419931495164,
    "0.0001": 0.20215706876801498,
    "0.01": 0.28580474638340514,
    "1.0": 0.6091926110177284
  },
  "val_metrics": {
    "nmse": 0.1494130473473297,
    "rmse": 0.04768706138160985
  },
  "test_metrics": {
    "nmse": 0.11540271222116473,
    "rmse": 0.03451543732576611
  },
  "timing": {
    "train_states_s": 0.018273300000146264,
    "ridge_select_s": 0.012133000000176253,
    "total_s": 0.05843850000019302
  },
  "timestamp": "2026-04-16T18:21:31.806716+00:00"
}