{
  "sweep_name": "region_selection_multitask_v1_narma10",
  "config_id": "9dee4b91ded8",
  "seed": 1024,
  "config_point": {
    "spectral_radius": 0.7,
    "input_scaling": 0.4,
    "leak_rate": 1.0
  },
  "best_ridge": 1e-10,
  "val_curve": {
    "1e-10": 0.22896035497243522,
    "1e-08": 0.22934519473361337,
    "1e-06": 0.24739638507385406,
    "0.0001": 0.27894042742756897,
    "0.01": 0.4467342213242631,
    "1.0": 0.7113746451935686
  },
  "val_metrics": {
    "nmse": 0.22896035497243522,
    "rmse": 0.06060169507950401
  },
  "test_metrics": {
    "nmse": 0.16169977490932655,
    "rmse": 0.04590082792090223
  },
  "timing": {
    "train_states_s": 0.017958899999939604,
    "ridge_select_s": 0.012783800000761403,
    "total_s": 0.052157999998598825
  },
  "timestamp": "2026-04-16T18:21:32.078700+00:00"
}