{
  "sweep_name": "region_selection_multitask_v1_narma10",
  "config_id": "9f183bf72dbc",
  "seed": 123,
  "config_point": {
    "spectral_radius": 0.6,
    "input_scaling": 0.05,
    "leak_rate": 0.7
  },
  "best_ridge": 1e-10,
  "val_curve": {
    "1e-10": 0.23161416833943363,
    "1e-08": 0.276594209520337,
    "1e-06": 0.32584394671427924,
    "0.0001": 0.3920796081715528,
    "0.01": 0.6957385637043833,
    "1.0": 1.1518229574542194
  },
  "val_metrics": {
    "nmse": 0.23161416833943363,
    "rmse": 0.047054758594642615
  },
  "test_metrics": {
    "nmse": 0.222197142106939,
    "rmse": 0.04866794106205146
  },
  "timing": {
    "train_states_s": 0.018849000000045635,
    "ridge_select_s": 0.012412300002324628,
    "total_s": 0.055029799998010276
  },
  "timestamp": "2026-04-16T18:21:07.496284+00:00"
}