{
  "sweep_name": "region_selection_multitask_v1_narma10",
  "config_id": "9f183bf72dbc",
  "seed": 1024,
  "config_point": {
    "spectral_radius": 0.6,
    "input_scaling": 0.05,
    "leak_rate": 0.7
  },
  "best_ridge": 1e-10,
  "val_curve": {
    "1e-10": 0.27178591808156943,
    "1e-08": 0.32458528021030986,
    "1e-06": 0.3664510508342077,
    "0.0001": 0.43774816999674804,
    "0.01": 0.6507135137719616,
    "1.0": 1.1061059708535101
  },
  "val_metrics": {
    "nmse": 0.27178591808156943,
    "rmse": 0.06602647358102731
  },
  "test_metrics": {
    "nmse": 0.20633096770265136,
    "rmse": 0.0518499114336483
  },
  "timing": {
    "train_states_s": 0.017920300000696443,
    "ridge_select_s": 0.012572999999974854,
    "total_s": 0.0522421999994549
  },
  "timestamp": "2026-04-16T18:21:07.702700+00:00"
}