{
  "sweep_name": "region_selection_multitask_v1_narma10",
  "config_id": "9f183bf72dbc",
  "seed": 42,
  "config_point": {
    "spectral_radius": 0.6,
    "input_scaling": 0.05,
    "leak_rate": 0.7
  },
  "best_ridge": 1e-10,
  "val_curve": {
    "1e-10": 0.21822578946880322,
    "1e-08": 0.2768283430383138,
    "1e-06": 0.30888642045438564,
    "0.0001": 0.33813893580650795,
    "0.01": 0.6002941239142574,
    "1.0": 1.0147317853591
  },
  "val_metrics": {
    "nmse": 0.21822578946880322,
    "rmse": 0.057631422019026914
  },
  "test_metrics": {
    "nmse": 0.21709766738985115,
    "rmse": 0.04734051205636551
  },
  "timing": {
    "train_states_s": 0.017880300001706928,
    "ridge_select_s": 0.01180960000056075,
    "total_s": 0.05156409999835887
  },
  "timestamp": "2026-04-16T18:21:07.426164+00:00"
}