{
  "sweep_name": "region_selection_multitask_v1_narma10",
  "config_id": "a041111b9a85",
  "seed": 456,
  "config_point": {
    "spectral_radius": 0.8,
    "input_scaling": 0.1,
    "leak_rate": 0.9
  },
  "best_ridge": 1e-10,
  "val_curve": {
    "1e-10": 0.09469967614661573,
    "1e-08": 0.10863290495847847,
    "1e-06": 0.14030751918519951,
    "0.0001": 0.17737344886697295,
    "0.01": 0.2669821669755783,
    "1.0": 0.5893873436270403
  },
  "val_metrics": {
    "nmse": 0.09469967614661573,
    "rmse": 0.031240891016331606
  },
  "test_metrics": {
    "nmse": 0.10004910495010833,
    "rmse": 0.03329883614522006
  },
  "timing": {
    "train_states_s": 0.017894900000101188,
    "ridge_select_s": 0.01246270000046934,
    "total_s": 0.055247500000405125
  },
  "timestamp": "2026-04-16T18:21:35.777913+00:00"
}