{
  "sweep_name": "region_selection_multitask_v1_narma10",
  "config_id": "a041111b9a85",
  "seed": 789,
  "config_point": {
    "spectral_radius": 0.8,
    "input_scaling": 0.1,
    "leak_rate": 0.9
  },
  "best_ridge": 1e-10,
  "val_curve": {
    "1e-10": 0.14493008871760446,
    "1e-08": 0.16400936602662655,
    "1e-06": 0.18235292317499335,
    "0.0001": 0.22742565833845377,
    "0.01": 0.31946427797186266,
    "1.0": 0.581717949248167
  },
  "val_metrics": {
    "nmse": 0.14493008871760446,
    "rmse": 0.04209346832833289
  },
  "test_metrics": {
    "nmse": 0.11291835906695537,
    "rmse": 0.03574059266624048
  },
  "timing": {
    "train_states_s": 0.01801500000146916,
    "ridge_select_s": 0.012481300000217743,
    "total_s": 0.05277059999934863
  },
  "timestamp": "2026-04-16T18:21:35.845635+00:00"
}