{
  "sweep_name": "region_selection_multitask_v1_narma10",
  "config_id": "a041111b9a85",
  "seed": 1024,
  "config_point": {
    "spectral_radius": 0.8,
    "input_scaling": 0.1,
    "leak_rate": 0.9
  },
  "best_ridge": 1e-10,
  "val_curve": {
    "1e-10": 0.179783425529957,
    "1e-08": 0.21417985478478307,
    "1e-06": 0.24183822856109782,
    "0.0001": 0.284672803823107,
    "0.01": 0.43610864233173174,
    "1.0": 0.7131813106559343
  },
  "val_metrics": {
    "nmse": 0.179783425529957,
    "rmse": 0.05370063888222379
  },
  "test_metrics": {
    "nmse": 0.1277151741172893,
    "rmse": 0.040793132993153895
  },
  "timing": {
    "train_states_s": 0.017954300001292722,
    "ridge_select_s": 0.01207109999813838,
    "total_s": 0.051601700000901474
  },
  "timestamp": "2026-04-16T18:21:35.911987+00:00"
}