{
  "sweep_name": "region_selection_multitask_v1_narma10",
  "config_id": "a0c95183bc66",
  "seed": 789,
  "config_point": {
    "spectral_radius": 0.8,
    "input_scaling": 0.2,
    "leak_rate": 0.5
  },
  "best_ridge": 1e-10,
  "val_curve": {
    "1e-10": 0.2079882369140755,
    "1e-08": 0.23333775649189265,
    "1e-06": 0.2553522848552168,
    "0.0001": 0.2873324388801116,
    "0.01": 0.36407144753952575,
    "1.0": 0.4835695389137217
  },
  "val_metrics": {
    "nmse": 0.2079882369140755,
    "rmse": 0.05042603477854863
  },
  "test_metrics": {
    "nmse": 0.1903592118204807,
    "rmse": 0.046405175523510776
  },
  "timing": {
    "train_states_s": 0.018497200002457248,
    "ridge_select_s": 0.01212380000288249,
    "total_s": 0.05259189999924274
  },
  "timestamp": "2026-04-16T18:21:38.676495+00:00"
}