{
  "sweep_name": "region_selection_multitask_v1_narma10",
  "config_id": "a0c95183bc66",
  "seed": 456,
  "config_point": {
    "spectral_radius": 0.8,
    "input_scaling": 0.2,
    "leak_rate": 0.5
  },
  "best_ridge": 1e-10,
  "val_curve": {
    "1e-10": 0.18596033871739068,
    "1e-08": 0.2026213269004524,
    "1e-06": 0.2237441001437352,
    "0.0001": 0.2638504167820259,
    "0.01": 0.3350055599827082,
    "1.0": 0.4184718742965337
  },
  "val_metrics": {
    "nmse": 0.18596033871739068,
    "rmse": 0.043778343967646245
  },
  "test_metrics": {
    "nmse": 0.18088239917343363,
    "rmse": 0.04477345467313535
  },
  "timing": {
    "train_states_s": 0.017987200000789016,
    "ridge_select_s": 0.012423699998180382,
    "total_s": 0.054274699999950826
  },
  "timestamp": "2026-04-16T18:21:38.608913+00:00"
}