{
  "sweep_name": "region_selection_multitask_v1_narma10",
  "config_id": "a0c95183bc66",
  "seed": 42,
  "config_point": {
    "spectral_radius": 0.8,
    "input_scaling": 0.2,
    "leak_rate": 0.5
  },
  "best_ridge": 1e-10,
  "val_curve": {
    "1e-10": 0.16048145152889678,
    "1e-08": 0.17260621376873825,
    "1e-06": 0.20020087495672412,
    "0.0001": 0.2650899283215446,
    "0.01": 0.3447906010176503,
    "1.0": 0.4570324939958665
  },
  "val_metrics": {
    "nmse": 0.16048145152889678,
    "rmse": 0.04942181844040101
  },
  "test_metrics": {
    "nmse": 0.2155613711958424,
    "rmse": 0.047172711605510564
  },
  "timing": {
    "train_states_s": 0.018133499997929903,
    "ridge_select_s": 0.011917899999389192,
    "total_s": 0.05563090000214288
  },
  "timestamp": "2026-04-16T18:21:38.472362+00:00"
}