{
  "sweep_name": "region_selection_multitask_v1_narma10",
  "config_id": "a0c95183bc66",
  "seed": 123,
  "config_point": {
    "spectral_radius": 0.8,
    "input_scaling": 0.2,
    "leak_rate": 0.5
  },
  "best_ridge": 1e-10,
  "val_curve": {
    "1e-10": 0.22149828517869244,
    "1e-08": 0.2521887376352416,
    "1e-06": 0.28222181249465644,
    "0.0001": 0.32982718569617114,
    "0.01": 0.3966463118079911,
    "1.0": 0.5128564597553712
  },
  "val_metrics": {
    "nmse": 0.22149828517869244,
    "rmse": 0.046015714786882565
  },
  "test_metrics": {
    "nmse": 0.200703423709217,
    "rmse": 0.046254195275006786
  },
  "timing": {
    "train_states_s": 0.017957700001716148,
    "ridge_select_s": 0.012105000001611188,
    "total_s": 0.052240299999539275
  },
  "timestamp": "2026-04-16T18:21:38.539480+00:00"
}