{
  "sweep_name": "region_selection_multitask_v1_narma10",
  "config_id": "a14dc19eb1fe",
  "seed": 456,
  "config_point": {
    "spectral_radius": 0.6,
    "input_scaling": 0.1,
    "leak_rate": 0.9
  },
  "best_ridge": 1e-10,
  "val_curve": {
    "1e-10": 0.13047343558695307,
    "1e-08": 0.15598956917357137,
    "1e-06": 0.18550529403970709,
    "0.0001": 0.2671742974677588,
    "0.01": 0.6084114859160467,
    "1.0": 0.804560990271114
  },
  "val_metrics": {
    "nmse": 0.13047343558695307,
    "rmse": 0.036669941239661816
  },
  "test_metrics": {
    "nmse": 0.13612759590057166,
    "rmse": 0.038841459261769996
  },
  "timing": {
    "train_states_s": 0.01824259999921196,
    "ridge_select_s": 0.012061699999321718,
    "total_s": 0.05528709999998682
  },
  "timestamp": "2026-04-16T18:21:10.391216+00:00"
}