{
  "sweep_name": "region_selection_multitask_v1_narma10",
  "config_id": "a14dc19eb1fe",
  "seed": 1024,
  "config_point": {
    "spectral_radius": 0.6,
    "input_scaling": 0.1,
    "leak_rate": 0.9
  },
  "best_ridge": 1e-10,
  "val_curve": {
    "1e-10": 0.22932951928500053,
    "1e-08": 0.252348855648944,
    "1e-06": 0.29228913707024656,
    "0.0001": 0.5090915359206134,
    "0.01": 0.698623177722345,
    "1.0": 0.8938343334086921
  },
  "val_metrics": {
    "nmse": 0.22932951928500053,
    "rmse": 0.060650530984962134
  },
  "test_metrics": {
    "nmse": 0.16703981035010038,
    "rmse": 0.04665259495480565
  },
  "timing": {
    "train_states_s": 0.018053100000543054,
    "ridge_select_s": 0.012577499997860286,
    "total_s": 0.05203080000137561
  },
  "timestamp": "2026-04-16T18:21:10.528194+00:00"
}