{
  "sweep_name": "region_selection_multitask_v1_narma10",
  "config_id": "a14dc19eb1fe",
  "seed": 789,
  "config_point": {
    "spectral_radius": 0.6,
    "input_scaling": 0.1,
    "leak_rate": 0.9
  },
  "best_ridge": 1e-10,
  "val_curve": {
    "1e-10": 0.19067435498897603,
    "1e-08": 0.21062030495791223,
    "1e-06": 0.23840866774193278,
    "0.0001": 0.38254488663731134,
    "0.01": 0.7155555860134085,
    "1.0": 0.9732869942744022
  },
  "val_metrics": {
    "nmse": 0.19067435498897603,
    "rmse": 0.048281591275793054
  },
  "test_metrics": {
    "nmse": 0.1471181678626225,
    "rmse": 0.04079553421934744
  },
  "timing": {
    "train_states_s": 0.018870700001571095,
    "ridge_select_s": 0.01273120000041672,
    "total_s": 0.05484789999900386
  },
  "timestamp": "2026-04-16T18:21:10.461197+00:00"
}