{
  "sweep_name": "region_selection_multitask_v1_narma10",
  "config_id": "a14dc19eb1fe",
  "seed": 42,
  "config_point": {
    "spectral_radius": 0.6,
    "input_scaling": 0.1,
    "leak_rate": 0.9
  },
  "best_ridge": 1e-10,
  "val_curve": {
    "1e-10": 0.1528251464701232,
    "1e-08": 0.19566754249429835,
    "1e-06": 0.2496875771655972,
    "0.0001": 0.33246950857696433,
    "0.01": 0.6117212217788375,
    "1.0": 0.9307672287924571
  },
  "val_metrics": {
    "nmse": 0.1528251464701232,
    "rmse": 0.048228494960952925
  },
  "test_metrics": {
    "nmse": 0.14274408135284347,
    "rmse": 0.03838702252554484
  },
  "timing": {
    "train_states_s": 0.017862000000604894,
    "ridge_select_s": 0.013216899998951703,
    "total_s": 0.05861720000029891
  },
  "timestamp": "2026-04-16T18:21:10.251343+00:00"
}