{
  "sweep_name": "region_selection_multitask_v1_narma10",
  "config_id": "a47504a75fde",
  "seed": 789,
  "config_point": {
    "spectral_radius": 0.9,
    "input_scaling": 0.3,
    "leak_rate": 0.8
  },
  "best_ridge": 1e-10,
  "val_curve": {
    "1e-10": 0.13724808887498957,
    "1e-08": 0.13747659621164798,
    "1e-06": 0.14650685950293219,
    "0.0001": 0.17363505612285293,
    "0.01": 0.2454518487871658,
    "1.0": 0.4264016208482574
  },
  "val_metrics": {
    "nmse": 0.13724808887498957,
    "rmse": 0.04096270097423974
  },
  "test_metrics": {
    "nmse": 0.11078976637104254,
    "rmse": 0.035402121968864386
  },
  "timing": {
    "train_states_s": 0.01787770000009914,
    "ridge_select_s": 0.01211669999975129,
    "total_s": 0.05171830000108457
  },
  "timestamp": "2026-04-16T18:21:54.992548+00:00"
}