{
  "sweep_name": "region_selection_multitask_v1_narma10",
  "config_id": "a47504a75fde",
  "seed": 456,
  "config_point": {
    "spectral_radius": 0.9,
    "input_scaling": 0.3,
    "leak_rate": 0.8
  },
  "best_ridge": 1e-08,
  "val_curve": {
    "1e-10": 0.09797308572989424,
    "1e-08": 0.09794774348673733,
    "1e-06": 0.09881439467967715,
    "0.0001": 0.12307745397846213,
    "0.01": 0.19487658577406558,
    "1.0": 0.33459967038615623
  },
  "val_metrics": {
    "nmse": 0.09794774348673733,
    "rmse": 0.03177213377960465
  },
  "test_metrics": {
    "nmse": 0.10422606735807376,
    "rmse": 0.033986827416109394
  },
  "timing": {
    "train_states_s": 0.017982300003495766,
    "ridge_select_s": 0.011845299999549752,
    "total_s": 0.05342360000213375
  },
  "timestamp": "2026-04-16T18:21:54.925458+00:00"
}