{
  "sweep_name": "region_selection_multitask_v1_narma10",
  "config_id": "a47504a75fde",
  "seed": 1024,
  "config_point": {
    "spectral_radius": 0.9,
    "input_scaling": 0.3,
    "leak_rate": 0.8
  },
  "best_ridge": 1e-10,
  "val_curve": {
    "1e-10": 0.1610983543345628,
    "1e-08": 0.16117146282359152,
    "1e-06": 0.16873450748741967,
    "0.0001": 0.20829005833976533,
    "0.01": 0.31661509343153565,
    "1.0": 0.4503661998156351
  },
  "val_metrics": {
    "nmse": 0.1610983543345628,
    "rmse": 0.05083351944982847
  },
  "test_metrics": {
    "nmse": 0.10942605210618274,
    "rmse": 0.037759494955337196
  },
  "timing": {
    "train_states_s": 0.01783150000119349,
    "ridge_select_s": 0.012495899998612003,
    "total_s": 0.051541100001486484
  },
  "timestamp": "2026-04-16T18:21:55.058890+00:00"
}