{
  "sweep_name": "region_selection_multitask_v1_narma10",
  "config_id": "a48d03fa5eb5",
  "seed": 42,
  "config_point": {
    "spectral_radius": 0.8,
    "input_scaling": 0.05,
    "leak_rate": 0.8
  },
  "best_ridge": 1e-10,
  "val_curve": {
    "1e-10": 0.1200844334234178,
    "1e-08": 0.1590352474771444,
    "1e-06": 0.2572763952670085,
    "0.0001": 0.2856186005096291,
    "0.01": 0.3406059710128512,
    "1.0": 0.6303500255495476
  },
  "val_metrics": {
    "nmse": 0.1200844334234178,
    "rmse": 0.04275133250423435
  },
  "test_metrics": {
    "nmse": 0.12533041056370342,
    "rmse": 0.035969433977552145
  },
  "timing": {
    "train_states_s": 0.01823080000031041,
    "ridge_select_s": 0.01245040000139852,
    "total_s": 0.05342770000061137
  },
  "timestamp": "2026-04-16T18:21:33.230866+00:00"
}