{
  "sweep_name": "region_selection_multitask_v1_narma10",
  "config_id": "a48d03fa5eb5",
  "seed": 123,
  "config_point": {
    "spectral_radius": 0.8,
    "input_scaling": 0.05,
    "leak_rate": 0.8
  },
  "best_ridge": 1e-10,
  "val_curve": {
    "1e-10": 0.14417647829332822,
    "1e-08": 0.16904426645166834,
    "1e-06": 0.21995482902046448,
    "0.0001": 0.2762852023280399,
    "0.01": 0.3880507263194897,
    "1.0": 0.865348357957055
  },
  "val_metrics": {
    "nmse": 0.14417647829332822,
    "rmse": 0.03712514810992841
  },
  "test_metrics": {
    "nmse": 0.1351786397484168,
    "rmse": 0.037960137341561756
  },
  "timing": {
    "train_states_s": 0.017917299999680836,
    "ridge_select_s": 0.012050799999997253,
    "total_s": 0.05208889999994426
  },
  "timestamp": "2026-04-16T18:21:33.297710+00:00"
}