{
  "sweep_name": "region_selection_multitask_v1_narma10",
  "config_id": "a48d03fa5eb5",
  "seed": 1024,
  "config_point": {
    "spectral_radius": 0.8,
    "input_scaling": 0.05,
    "leak_rate": 0.8
  },
  "best_ridge": 1e-10,
  "val_curve": {
    "1e-10": 0.19749242807197182,
    "1e-08": 0.23284869198603056,
    "1e-06": 0.29335778724756223,
    "0.0001": 0.3499754344233227,
    "0.01": 0.4900499251261621,
    "1.0": 0.8073609299526978
  },
  "val_metrics": {
    "nmse": 0.19749242807197182,
    "rmse": 0.05628333870314565
  },
  "test_metrics": {
    "nmse": 0.14212069693646415,
    "rmse": 0.04303229174277837
  },
  "timing": {
    "train_states_s": 0.017932599999767262,
    "ridge_select_s": 0.012169300000095973,
    "total_s": 0.05152989999987767
  },
  "timestamp": "2026-04-16T18:21:33.501048+00:00"
}