{
  "sweep_name": "region_selection_multitask_v1_narma10",
  "config_id": "a48d03fa5eb5",
  "seed": 456,
  "config_point": {
    "spectral_radius": 0.8,
    "input_scaling": 0.05,
    "leak_rate": 0.8
  },
  "best_ridge": 1e-10,
  "val_curve": {
    "1e-10": 0.1087357838327629,
    "1e-08": 0.13614266515672935,
    "1e-06": 0.1809672646218029,
    "0.0001": 0.2437008699672718,
    "0.01": 0.3370109848011256,
    "1.0": 0.6724449231381995
  },
  "val_metrics": {
    "nmse": 0.1087357838327629,
    "rmse": 0.033476142637025634
  },
  "test_metrics": {
    "nmse": 0.1111529137494659,
    "rmse": 0.03509804095330548
  },
  "timing": {
    "train_states_s": 0.017948400000022957,
    "ridge_select_s": 0.0126468999987992,
    "total_s": 0.055484900000010384
  },
  "timestamp": "2026-04-16T18:21:33.367584+00:00"
}