{
  "sweep_name": "region_selection_multitask_v1_narma10",
  "config_id": "a6e97c82bcea",
  "seed": 456,
  "config_point": {
    "spectral_radius": 0.6,
    "input_scaling": 0.05,
    "leak_rate": 0.6
  },
  "best_ridge": 1e-10,
  "val_curve": {
    "1e-10": 0.22081440839187763,
    "1e-08": 0.25498285673447846,
    "1e-06": 0.308468285048541,
    "0.0001": 0.34516495843348194,
    "0.01": 0.49161198789523064,
    "1.0": 0.8477695975579901
  },
  "val_metrics": {
    "nmse": 0.22081440839187763,
    "rmse": 0.047704886731504796
  },
  "test_metrics": {
    "nmse": 0.2125928983581133,
    "rmse": 0.048539670841197834
  },
  "timing": {
    "train_states_s": 0.01867310000307043,
    "ridge_select_s": 0.01193760000023758,
    "total_s": 0.05580529999861028
  },
  "timestamp": "2026-04-16T18:21:07.218958+00:00"
}