{
  "sweep_name": "region_selection_multitask_v1_narma10",
  "config_id": "a6e97c82bcea",
  "seed": 789,
  "config_point": {
    "spectral_radius": 0.6,
    "input_scaling": 0.05,
    "leak_rate": 0.6
  },
  "best_ridge": 1e-10,
  "val_curve": {
    "1e-10": 0.2639956329921529,
    "1e-08": 0.3080398554184633,
    "1e-06": 0.3365755850973712,
    "0.0001": 0.3687254867155788,
    "0.01": 0.5887578932995248,
    "1.0": 1.0248655700071563
  },
  "val_metrics": {
    "nmse": 0.2639956329921529,
    "rmse": 0.05681117918652069
  },
  "test_metrics": {
    "nmse": 0.23403141935044858,
    "rmse": 0.05145369335942186
  },
  "timing": {
    "train_states_s": 0.017821499997808132,
    "ridge_select_s": 0.012418099999194965,
    "total_s": 0.052346399999805726
  },
  "timestamp": "2026-04-16T18:21:07.285636+00:00"
}