{
  "sweep_name": "region_selection_multitask_v1_narma10",
  "config_id": "a6e97c82bcea",
  "seed": 42,
  "config_point": {
    "spectral_radius": 0.6,
    "input_scaling": 0.05,
    "leak_rate": 0.6
  },
  "best_ridge": 1e-10,
  "val_curve": {
    "1e-10": 0.22594385376609916,
    "1e-08": 0.28679618928894585,
    "1e-06": 0.32344974630424883,
    "0.0001": 0.34325424367788454,
    "0.01": 0.5525552085738679,
    "1.0": 0.9560503554387336
  },
  "val_metrics": {
    "nmse": 0.22594385376609916,
    "rmse": 0.0586417017731943
  },
  "test_metrics": {
    "nmse": 0.24626812451707883,
    "rmse": 0.050420770037611806
  },
  "timing": {
    "train_states_s": 0.019896300000254996,
    "ridge_select_s": 0.013590899998234818,
    "total_s": 0.05876110000099288
  },
  "timestamp": "2026-04-16T18:21:07.077813+00:00"
}