{
  "sweep_name": "region_selection_multitask_v1_narma10",
  "config_id": "a9601e3f62df",
  "seed": 42,
  "config_point": {
    "spectral_radius": 0.8,
    "input_scaling": 0.15,
    "leak_rate": 0.9
  },
  "best_ridge": 1e-10,
  "val_curve": {
    "1e-10": 0.09984722933951314,
    "1e-08": 0.11149918057890446,
    "1e-06": 0.1331569223986734,
    "0.0001": 0.22453388784245168,
    "0.01": 0.29068153623278653,
    "1.0": 0.46479103050615667
  },
  "val_metrics": {
    "nmse": 0.09984722933951314,
    "rmse": 0.038982914741782074
  },
  "test_metrics": {
    "nmse": 0.08877567571292228,
    "rmse": 0.03027278425708129
  },
  "timing": {
    "train_states_s": 0.017862500000774162,
    "ridge_select_s": 0.012188199998490745,
    "total_s": 0.07875690000219038
  },
  "timestamp": "2026-04-16T18:21:37.782731+00:00"
}