{
  "sweep_name": "region_selection_multitask_v1_narma10",
  "config_id": "a9601e3f62df",
  "seed": 456,
  "config_point": {
    "spectral_radius": 0.8,
    "input_scaling": 0.15,
    "leak_rate": 0.9
  },
  "best_ridge": 1e-10,
  "val_curve": {
    "1e-10": 0.09482932810747412,
    "1e-08": 0.09924688492543,
    "1e-06": 0.1244092342545283,
    "0.0001": 0.15840614748936863,
    "0.01": 0.24227259649232977,
    "1.0": 0.496230910222766
  },
  "val_metrics": {
    "nmse": 0.09482932810747412,
    "rmse": 0.03126226942828345
  },
  "test_metrics": {
    "nmse": 0.1004648200092973,
    "rmse": 0.033367944598635756
  },
  "timing": {
    "train_states_s": 0.01786819999688305,
    "ridge_select_s": 0.01237810000020545,
    "total_s": 0.05522969999947236
  },
  "timestamp": "2026-04-16T18:21:37.920741+00:00"
}