{
  "sweep_name": "region_selection_multitask_v1_narma10",
  "config_id": "a9601e3f62df",
  "seed": 1024,
  "config_point": {
    "spectral_radius": 0.8,
    "input_scaling": 0.15,
    "leak_rate": 0.9
  },
  "best_ridge": 1e-10,
  "val_curve": {
    "1e-10": 0.1675461115162667,
    "1e-08": 0.19841394528454268,
    "1e-06": 0.22847407904994768,
    "0.0001": 0.2688605544273999,
    "0.01": 0.3819969037386094,
    "1.0": 0.6781908068952397
  },
  "val_metrics": {
    "nmse": 0.1675461115162667,
    "rmse": 0.05184081296995915
  },
  "test_metrics": {
    "nmse": 0.11804454689539168,
    "rmse": 0.039218301065372836
  },
  "timing": {
    "train_states_s": 0.018282400000316557,
    "ridge_select_s": 0.012459600002330262,
    "total_s": 0.052102599998761434
  },
  "timestamp": "2026-04-16T18:21:38.055743+00:00"
}