{
  "sweep_name": "region_selection_multitask_v1_narma10",
  "config_id": "a9601e3f62df",
  "seed": 789,
  "config_point": {
    "spectral_radius": 0.8,
    "input_scaling": 0.15,
    "leak_rate": 0.9
  },
  "best_ridge": 1e-10,
  "val_curve": {
    "1e-10": 0.1450580880790345,
    "1e-08": 0.15229314341454916,
    "1e-06": 0.17458871871440035,
    "0.0001": 0.20616322555765215,
    "0.01": 0.2951038844578723,
    "1.0": 0.5449712369563158
  },
  "val_metrics": {
    "nmse": 0.1450580880790345,
    "rmse": 0.04211205228149779
  },
  "test_metrics": {
    "nmse": 0.11174188923865103,
    "rmse": 0.03555391875025012
  },
  "timing": {
    "train_states_s": 0.017953899998246925,
    "ridge_select_s": 0.012740300000587013,
    "total_s": 0.05337099999815109
  },
  "timestamp": "2026-04-16T18:21:37.988711+00:00"
}