{
  "sweep_name": "region_selection_multitask_v1_narma10",
  "config_id": "a9601e3f62df",
  "seed": 123,
  "config_point": {
    "spectral_radius": 0.8,
    "input_scaling": 0.15,
    "leak_rate": 0.9
  },
  "best_ridge": 1e-10,
  "val_curve": {
    "1e-10": 0.09242176633497064,
    "1e-08": 0.12134854530458655,
    "1e-06": 0.16084289680105318,
    "0.0001": 0.18564490385098065,
    "0.01": 0.2665211617980678,
    "1.0": 0.6466622680339286
  },
  "val_metrics": {
    "nmse": 0.09242176633497064,
    "rmse": 0.029724059403673012
  },
  "test_metrics": {
    "nmse": 0.09365391484691502,
    "rmse": 0.03159633480655891
  },
  "timing": {
    "train_states_s": 0.018002000000706175,
    "ridge_select_s": 0.012480000001232838,
    "total_s": 0.052876400000968715
  },
  "timestamp": "2026-04-16T18:21:37.850626+00:00"
}