{
  "sweep_name": "region_selection_multitask_v1_narma10",
  "config_id": "aa90423e4863",
  "seed": 42,
  "config_point": {
    "spectral_radius": 1.0,
    "input_scaling": 0.15,
    "leak_rate": 0.9
  },
  "best_ridge": 1e-10,
  "val_curve": {
    "1e-10": 0.09696404557199749,
    "1e-08": 0.09721222293104337,
    "1e-06": 0.11455402703241466,
    "0.0001": 0.15140043019400864,
    "0.01": 0.16950705385830755,
    "1.0": 0.35660414366307375
  },
  "val_metrics": {
    "nmse": 0.09696404557199749,
    "rmse": 0.038415957522966844
  },
  "test_metrics": {
    "nmse": 0.08359683487074134,
    "rmse": 0.0293765161242539
  },
  "timing": {
    "train_states_s": 0.017888800000946503,
    "ridge_select_s": 0.012104099998396123,
    "total_s": 0.053914600001007784
  },
  "timestamp": "2026-04-16T18:22:03.886665+00:00"
}