{
  "sweep_name": "region_selection_multitask_v1_narma10",
  "config_id": "aa90423e4863",
  "seed": 123,
  "config_point": {
    "spectral_radius": 1.0,
    "input_scaling": 0.15,
    "leak_rate": 0.9
  },
  "best_ridge": 1e-08,
  "val_curve": {
    "1e-10": 0.08749243294791423,
    "1e-08": 0.08748125741018525,
    "1e-06": 0.10541615880806342,
    "0.0001": 0.14426589950293786,
    "0.01": 0.18786835679611746,
    "1.0": 0.30082049162585467
  },
  "val_metrics": {
    "nmse": 0.08748125741018525,
    "rmse": 0.028918682074972432
  },
  "test_metrics": {
    "nmse": 0.0868295780603421,
    "rmse": 0.03042338857383447
  },
  "timing": {
    "train_states_s": 0.0180054000011296,
    "ridge_select_s": 0.012107700000342447,
    "total_s": 0.052472499999566935
  },
  "timestamp": "2026-04-16T18:22:03.954047+00:00"
}