{
  "sweep_name": "region_selection_multitask_v1_narma10",
  "config_id": "aa90423e4863",
  "seed": 456,
  "config_point": {
    "spectral_radius": 1.0,
    "input_scaling": 0.15,
    "leak_rate": 0.9
  },
  "best_ridge": 1e-06,
  "val_curve": {
    "1e-10": 0.12696554640917437,
    "1e-08": 0.12695125846967692,
    "1e-06": 0.12690211885633437,
    "0.0001": 0.13676109092636377,
    "0.01": 0.17261890486164314,
    "1.0": 0.2806410910553716
  },
  "val_metrics": {
    "nmse": 0.12690211885633437,
    "rmse": 0.03616459464792868
  },
  "test_metrics": {
    "nmse": 0.12224686014682158,
    "rmse": 0.03680792261213824
  },
  "timing": {
    "train_states_s": 0.018161700001655845,
    "ridge_select_s": 0.012347600000794046,
    "total_s": 0.05585089999658521
  },
  "timestamp": "2026-04-16T18:22:04.025269+00:00"
}