{
  "sweep_name": "region_selection_multitask_v1_narma10",
  "config_id": "aa90423e4863",
  "seed": 789,
  "config_point": {
    "spectral_radius": 1.0,
    "input_scaling": 0.15,
    "leak_rate": 0.9
  },
  "best_ridge": 1e-10,
  "val_curve": {
    "1e-10": 0.10901745379921171,
    "1e-08": 0.10913553785715416,
    "1e-06": 0.12057395846537482,
    "0.0001": 0.16891280476018086,
    "0.01": 0.18326087926003776,
    "1.0": 0.42570145583174274
  },
  "val_metrics": {
    "nmse": 0.10901745379921171,
    "rmse": 0.036507613956169076
  },
  "test_metrics": {
    "nmse": 0.08128566145065019,
    "rmse": 0.03032399684400423
  },
  "timing": {
    "train_states_s": 0.01805910000257427,
    "ridge_select_s": 0.012419800001225667,
    "total_s": 0.05234050000217394
  },
  "timestamp": "2026-04-16T18:22:04.092082+00:00"
}