{
  "sweep_name": "region_selection_multitask_v1_narma10",
  "config_id": "aacbc395b88c",
  "seed": 123,
  "config_point": {
    "spectral_radius": 0.7,
    "input_scaling": 0.15,
    "leak_rate": 0.9
  },
  "best_ridge": 1e-10,
  "val_curve": {
    "1e-10": 0.12343307154421257,
    "1e-08": 0.15771339362908635,
    "1e-06": 0.17221440191874998,
    "0.0001": 0.2103271413868946,
    "0.01": 0.4316255648092785,
    "1.0": 0.8405848275124362
  },
  "val_metrics": {
    "nmse": 0.12343307154421257,
    "rmse": 0.034350792142796134
  },
  "test_metrics": {
    "nmse": 0.11001050942426728,
    "rmse": 0.03424449979788929
  },
  "timing": {
    "train_states_s": 0.017890099999931408,
    "ridge_select_s": 0.013014799998927629,
    "total_s": 0.0529303000002983
  },
  "timestamp": "2026-04-16T18:21:25.274528+00:00"
}