{
  "sweep_name": "region_selection_multitask_v1_narma10",
  "config_id": "aacbc395b88c",
  "seed": 456,
  "config_point": {
    "spectral_radius": 0.7,
    "input_scaling": 0.15,
    "leak_rate": 0.9
  },
  "best_ridge": 1e-10,
  "val_curve": {
    "1e-10": 0.09893745504661224,
    "1e-08": 0.11796670425121158,
    "1e-06": 0.14801845329654414,
    "0.0001": 0.19389591651305477,
    "0.01": 0.30198154253307086,
    "1.0": 0.6824389918795721
  },
  "val_metrics": {
    "nmse": 0.09893745504661224,
    "rmse": 0.03193225085458234
  },
  "test_metrics": {
    "nmse": 0.10408668970899061,
    "rmse": 0.03396409515277139
  },
  "timing": {
    "train_states_s": 0.017793500002881046,
    "ridge_select_s": 0.01283289999992121,
    "total_s": 0.05575390000012703
  },
  "timestamp": "2026-04-16T18:21:25.344563+00:00"
}