{
  "sweep_name": "region_selection_multitask_v1_narma10",
  "config_id": "aacbc395b88c",
  "seed": 42,
  "config_point": {
    "spectral_radius": 0.7,
    "input_scaling": 0.15,
    "leak_rate": 0.9
  },
  "best_ridge": 1e-10,
  "val_curve": {
    "1e-10": 0.1161679404373722,
    "1e-08": 0.13321529157094747,
    "1e-06": 0.17997886587226397,
    "0.0001": 0.2616227907126637,
    "0.01": 0.36294926447176573,
    "1.0": 0.688441968290794
  },
  "val_metrics": {
    "nmse": 0.1161679404373722,
    "rmse": 0.04204839699226271
  },
  "test_metrics": {
    "nmse": 0.10472894051517831,
    "rmse": 0.03288052381188012
  },
  "timing": {
    "train_states_s": 0.01795200000196928,
    "ridge_select_s": 0.012207600000692764,
    "total_s": 0.05209939999986091
  },
  "timestamp": "2026-04-16T18:21:25.206496+00:00"
}