{
  "sweep_name": "region_selection_multitask_v1_narma10",
  "config_id": "aacbc395b88c",
  "seed": 1024,
  "config_point": {
    "spectral_radius": 0.7,
    "input_scaling": 0.15,
    "leak_rate": 0.9
  },
  "best_ridge": 1e-10,
  "val_curve": {
    "1e-10": 0.19744315378469007,
    "1e-08": 0.22173090092004963,
    "1e-06": 0.24793480973823914,
    "0.0001": 0.30463404268917804,
    "0.01": 0.5700958900928857,
    "1.0": 0.7476203865715002
  },
  "val_metrics": {
    "nmse": 0.19744315378469007,
    "rmse": 0.05627631692910915
  },
  "test_metrics": {
    "nmse": 0.14325996149967082,
    "rmse": 0.04320442468803641
  },
  "timing": {
    "train_states_s": 0.018098900000040885,
    "ridge_select_s": 0.01242899999851943,
    "total_s": 0.05220499999995809
  },
  "timestamp": "2026-04-16T18:21:25.479047+00:00"
}