{
  "sweep_name": "region_selection_multitask_v1_narma10",
  "config_id": "ab82caf61596",
  "seed": 42,
  "config_point": {
    "spectral_radius": 0.8,
    "input_scaling": 0.05,
    "leak_rate": 0.5
  },
  "best_ridge": 1e-10,
  "val_curve": {
    "1e-10": 0.18160375785659907,
    "1e-08": 0.2160391997904312,
    "1e-06": 0.27914341881433763,
    "0.0001": 0.32010986361772303,
    "0.01": 0.3766794014388397,
    "1.0": 0.6207573994075599
  },
  "val_metrics": {
    "nmse": 0.18160375785659907,
    "rmse": 0.052573720807107496
  },
  "test_metrics": {
    "nmse": 0.2317857980506207,
    "rmse": 0.04891575754912981
  },
  "timing": {
    "train_states_s": 0.017888500002300134,
    "ridge_select_s": 0.01236340000104974,
    "total_s": 0.09698470000148518
  },
  "timestamp": "2026-04-16T18:21:32.191072+00:00"
}