{
  "sweep_name": "region_selection_multitask_v1_narma10",
  "config_id": "ab82caf61596",
  "seed": 456,
  "config_point": {
    "spectral_radius": 0.8,
    "input_scaling": 0.05,
    "leak_rate": 0.5
  },
  "best_ridge": 1e-10,
  "val_curve": {
    "1e-10": 0.19919935463098118,
    "1e-08": 0.23052678020036027,
    "1e-06": 0.2788998758425634,
    "0.0001": 0.32417776580514224,
    "0.01": 0.3792483268195235,
    "1.0": 0.6030007721901909
  },
  "val_metrics": {
    "nmse": 0.19919935463098118,
    "rmse": 0.04530990258377564
  },
  "test_metrics": {
    "nmse": 0.19514007106615391,
    "rmse": 0.04650457501764204
  },
  "timing": {
    "train_states_s": 0.017844900001364294,
    "ridge_select_s": 0.01275800000075833,
    "total_s": 0.05461989999821526
  },
  "timestamp": "2026-04-16T18:21:32.327629+00:00"
}