{
  "sweep_name": "region_selection_multitask_v1_narma10",
  "config_id": "ab82caf61596",
  "seed": 1024,
  "config_point": {
    "spectral_radius": 0.8,
    "input_scaling": 0.05,
    "leak_rate": 0.5
  },
  "best_ridge": 1e-10,
  "val_curve": {
    "1e-10": 0.23716841417924767,
    "1e-08": 0.28778337249815905,
    "1e-06": 0.3601187939505335,
    "0.0001": 0.3926552621609155,
    "0.01": 0.43668405366267404,
    "1.0": 0.7412676626501215
  },
  "val_metrics": {
    "nmse": 0.23716841417924767,
    "rmse": 0.06167839328850882
  },
  "test_metrics": {
    "nmse": 0.1910075763874943,
    "rmse": 0.04988742735630189
  },
  "timing": {
    "train_states_s": 0.017921700000442797,
    "ridge_select_s": 0.012669600000663195,
    "total_s": 0.052032200001121964
  },
  "timestamp": "2026-04-16T18:21:32.461670+00:00"
}