{
  "sweep_name": "region_selection_multitask_v1_narma10",
  "config_id": "ab82caf61596",
  "seed": 789,
  "config_point": {
    "spectral_radius": 0.8,
    "input_scaling": 0.05,
    "leak_rate": 0.5
  },
  "best_ridge": 1e-10,
  "val_curve": {
    "1e-10": 0.23593626296782774,
    "1e-08": 0.2572458092021303,
    "1e-06": 0.3128634582599544,
    "0.0001": 0.34150115003029313,
    "0.01": 0.4046291880883151,
    "1.0": 0.6864117854182189
  },
  "val_metrics": {
    "nmse": 0.23593626296782774,
    "rmse": 0.05370723328875467
  },
  "test_metrics": {
    "nmse": 0.21150979766848255,
    "rmse": 0.04891529934667464
  },
  "timing": {
    "train_states_s": 0.018167099999118363,
    "ridge_select_s": 0.012333200000284705,
    "total_s": 0.052380299999640556
  },
  "timestamp": "2026-04-16T18:21:32.394591+00:00"
}