{
  "sweep_name": "region_selection_multitask_v1_narma10",
  "config_id": "ab82caf61596",
  "seed": 123,
  "config_point": {
    "spectral_radius": 0.8,
    "input_scaling": 0.05,
    "leak_rate": 0.5
  },
  "best_ridge": 1e-10,
  "val_curve": {
    "1e-10": 0.25472515671959994,
    "1e-08": 0.2949882093404074,
    "1e-06": 0.3317816593504309,
    "0.0001": 0.3669821142839909,
    "0.01": 0.4269545331232167,
    "1.0": 0.7488147592610869
  },
  "val_metrics": {
    "nmse": 0.25472515671959994,
    "rmse": 0.049346562784949144
  },
  "test_metrics": {
    "nmse": 0.22399760825678264,
    "rmse": 0.0488647216970584
  },
  "timing": {
    "train_states_s": 0.01843670000016573,
    "ridge_select_s": 0.012216499999340158,
    "total_s": 0.05296889999954146
  },
  "timestamp": "2026-04-16T18:21:32.258586+00:00"
}