{
  "sweep_name": "region_selection_multitask_v1_narma10",
  "config_id": "ad3d30f90afe",
  "seed": 456,
  "config_point": {
    "spectral_radius": 0.6,
    "input_scaling": 0.2,
    "leak_rate": 0.7
  },
  "best_ridge": 1e-10,
  "val_curve": {
    "1e-10": 0.1643710315485252,
    "1e-08": 0.18326363616903582,
    "1e-06": 0.23128242692024326,
    "0.0001": 0.2963611075025389,
    "0.01": 0.3951685271135593,
    "1.0": 0.6472465232354683
  },
  "val_metrics": {
    "nmse": 0.1643710315485252,
    "rmse": 0.04115871480036227
  },
  "test_metrics": {
    "nmse": 0.16393540751781036,
    "rmse": 0.04262445438293948
  },
  "timing": {
    "train_states_s": 0.017862299999251263,
    "ridge_select_s": 0.012337799998931587,
    "total_s": 0.05408210000314284
  },
  "timestamp": "2026-04-16T18:21:13.920705+00:00"
}