{
  "sweep_name": "region_selection_multitask_v1_narma10",
  "config_id": "ad3d30f90afe",
  "seed": 1024,
  "config_point": {
    "spectral_radius": 0.6,
    "input_scaling": 0.2,
    "leak_rate": 0.7
  },
  "best_ridge": 1e-10,
  "val_curve": {
    "1e-10": 0.22128955371834508,
    "1e-08": 0.2590130125660953,
    "1e-06": 0.3124186312489962,
    "0.0001": 0.37231910731600354,
    "0.01": 0.529379957354808,
    "1.0": 0.7200764690793647
  },
  "val_metrics": {
    "nmse": 0.22128955371834508,
    "rmse": 0.059577885234059255
  },
  "test_metrics": {
    "nmse": 0.1665062311356737,
    "rmse": 0.0465780236125402
  },
  "timing": {
    "train_states_s": 0.017901200000778772,
    "ridge_select_s": 0.01292470000043977,
    "total_s": 0.05276370000137831
  },
  "timestamp": "2026-04-16T18:21:14.062865+00:00"
}