{
  "sweep_name": "region_selection_multitask_v1_narma10",
  "config_id": "ad3d30f90afe",
  "seed": 123,
  "config_point": {
    "spectral_radius": 0.6,
    "input_scaling": 0.2,
    "leak_rate": 0.7
  },
  "best_ridge": 1e-10,
  "val_curve": {
    "1e-10": 0.1960984157833632,
    "1e-08": 0.23557581833481891,
    "1e-06": 0.2745712485657754,
    "0.0001": 0.3405511084043587,
    "0.01": 0.4956842867616753,
    "1.0": 0.7944659617538822
  },
  "val_metrics": {
    "nmse": 0.1960984157833632,
    "rmse": 0.043297022466132346
  },
  "test_metrics": {
    "nmse": 0.17398644902772797,
    "rmse": 0.04306569410655989
  },
  "timing": {
    "train_states_s": 0.018895799999882,
    "ridge_select_s": 0.012643800000660121,
    "total_s": 0.05508149999877787
  },
  "timestamp": "2026-04-16T18:21:13.851324+00:00"
}