{
  "sweep_name": "region_selection_multitask_v1_narma10",
  "config_id": "adc4d1ebebf2",
  "seed": 789,
  "config_point": {
    "spectral_radius": 0.7,
    "input_scaling": 0.1,
    "leak_rate": 0.5
  },
  "best_ridge": 1e-10,
  "val_curve": {
    "1e-10": 0.23751421728194033,
    "1e-08": 0.26045006312137187,
    "1e-06": 0.31374212191494893,
    "0.0001": 0.34960777568277096,
    "0.01": 0.3998958883999627,
    "1.0": 0.7135595408216471
  },
  "val_metrics": {
    "nmse": 0.23751421728194033,
    "rmse": 0.05388653241858171
  },
  "test_metrics": {
    "nmse": 0.21259256511699254,
    "rmse": 0.04904034386895869
  },
  "timing": {
    "train_states_s": 0.018001500000536907,
    "ridge_select_s": 0.012333800001215423,
    "total_s": 0.05235049999828334
  },
  "timestamp": "2026-04-16T18:21:21.926046+00:00"
}