{
  "sweep_name": "region_selection_multitask_v1_narma10",
  "config_id": "adc4d1ebebf2",
  "seed": 123,
  "config_point": {
    "spectral_radius": 0.7,
    "input_scaling": 0.1,
    "leak_rate": 0.5
  },
  "best_ridge": 1e-10,
  "val_curve": {
    "1e-10": 0.25735059785003167,
    "1e-08": 0.2797941803047862,
    "1e-06": 0.32723782954941727,
    "0.0001": 0.3741510738821984,
    "0.01": 0.4253228950738556,
    "1.0": 0.7239517005281911
  },
  "val_metrics": {
    "nmse": 0.25735059785003167,
    "rmse": 0.049600217298996614
  },
  "test_metrics": {
    "nmse": 0.22054475074210766,
    "rmse": 0.04848664135372052
  },
  "timing": {
    "train_states_s": 0.017970300003071316,
    "ridge_select_s": 0.012763499998982297,
    "total_s": 0.053258500000083586
  },
  "timestamp": "2026-04-16T18:21:21.789034+00:00"
}