{
  "sweep_name": "region_selection_multitask_v1_narma10",
  "config_id": "adc4d1ebebf2",
  "seed": 456,
  "config_point": {
    "spectral_radius": 0.7,
    "input_scaling": 0.1,
    "leak_rate": 0.5
  },
  "best_ridge": 1e-10,
  "val_curve": {
    "1e-10": 0.2035739489188387,
    "1e-08": 0.22663981708566175,
    "1e-06": 0.2687294737559384,
    "0.0001": 0.32875222056841746,
    "0.01": 0.38043635335553044,
    "1.0": 0.5874947828750544
  },
  "val_metrics": {
    "nmse": 0.2035739489188387,
    "rmse": 0.045804723460363815
  },
  "test_metrics": {
    "nmse": 0.1990948321919317,
    "rmse": 0.046973448462324804
  },
  "timing": {
    "train_states_s": 0.017866199999843957,
    "ridge_select_s": 0.012604699997609714,
    "total_s": 0.05469280000033905
  },
  "timestamp": "2026-04-16T18:21:21.858808+00:00"
}