{
  "sweep_name": "region_selection_multitask_v1_narma10",
  "config_id": "ae031b6366dd",
  "seed": 456,
  "config_point": {
    "spectral_radius": 1.1,
    "input_scaling": 0.1,
    "leak_rate": 1.0
  },
  "best_ridge": 0.0001,
  "val_curve": {
    "1e-10": 0.21083268547564624,
    "1e-08": 0.21083252101349226,
    "1e-06": 0.21081624778706465,
    "0.0001": 0.2100077785721387,
    "0.01": 0.22323677877024053,
    "1.0": 0.39371187073807506
  },
  "val_metrics": {
    "nmse": 0.2100077785721387,
    "rmse": 0.04652290823229481
  },
  "test_metrics": {
    "nmse": 0.2301801143782815,
    "rmse": 0.05050755568042068
  },
  "timing": {
    "train_states_s": 0.017854300000180956,
    "ridge_select_s": 0.012201099998492282,
    "total_s": 0.05447719999938272
  },
  "timestamp": "2026-04-16T18:22:15.049198+00:00"
}