{
  "sweep_name": "region_selection_multitask_v1_narma10",
  "config_id": "ae031b6366dd",
  "seed": 123,
  "config_point": {
    "spectral_radius": 1.1,
    "input_scaling": 0.1,
    "leak_rate": 1.0
  },
  "best_ridge": 1e-06,
  "val_curve": {
    "1e-10": 0.15967900770399077,
    "1e-08": 0.15967792360905425,
    "1e-06": 0.15958875016678767,
    "0.0001": 0.16136860588531757,
    "0.01": 0.1717584652061292,
    "1.0": 0.25029403302675673
  },
  "val_metrics": {
    "nmse": 0.15958875016678767,
    "rmse": 0.03905909038637687
  },
  "test_metrics": {
    "nmse": 0.1487670821214355,
    "rmse": 0.039822375350597065
  },
  "timing": {
    "train_states_s": 0.017815899998822715,
    "ridge_select_s": 0.012012999999569729,
    "total_s": 0.05213459999868064
  },
  "timestamp": "2026-04-16T18:22:14.979608+00:00"
}