{
  "sweep_name": "region_selection_multitask_v1_narma10",
  "config_id": "ae031b6366dd",
  "seed": 789,
  "config_point": {
    "spectral_radius": 1.1,
    "input_scaling": 0.1,
    "leak_rate": 1.0
  },
  "best_ridge": 1e-06,
  "val_curve": {
    "1e-10": 0.16580399576157048,
    "1e-08": 0.1658001387993077,
    "1e-06": 0.16547880002430612,
    "0.0001": 0.16908910802560856,
    "0.01": 0.2142792130682747,
    "1.0": 0.40350269948236805
  },
  "val_metrics": {
    "nmse": 0.16547880002430612,
    "rmse": 0.044978670450374666
  },
  "test_metrics": {
    "nmse": 0.11682187988095774,
    "rmse": 0.036353109617360754
  },
  "timing": {
    "train_states_s": 0.017837399998825276,
    "ridge_select_s": 0.012474399998609442,
    "total_s": 0.052189699999871664
  },
  "timestamp": "2026-04-16T18:22:15.116046+00:00"
}