{
  "sweep_name": "region_selection_multitask_v1_narma10",
  "config_id": "aeb751998e63",
  "seed": 123,
  "config_point": {
    "spectral_radius": 0.7,
    "input_scaling": 0.2,
    "leak_rate": 1.0
  },
  "best_ridge": 1e-10,
  "val_curve": {
    "1e-10": 0.12118242489075125,
    "1e-08": 0.14170789218046675,
    "1e-06": 0.17182490560522548,
    "0.0001": 0.1876512800416036,
    "0.01": 0.36209073180131157,
    "1.0": 0.8453238437540309
  },
  "val_metrics": {
    "nmse": 0.12118242489075125,
    "rmse": 0.03403617968154528
  },
  "test_metrics": {
    "nmse": 0.11303442623411665,
    "rmse": 0.03471195756028059
  },
  "timing": {
    "train_states_s": 0.01819749999776832,
    "ridge_select_s": 0.01226670000323793,
    "total_s": 0.05289179999817861
  },
  "timestamp": "2026-04-16T18:21:27.678034+00:00"
}