{
  "sweep_name": "region_selection_multitask_v1_narma10",
  "config_id": "aeb751998e63",
  "seed": 789,
  "config_point": {
    "spectral_radius": 0.7,
    "input_scaling": 0.2,
    "leak_rate": 1.0
  },
  "best_ridge": 1e-10,
  "val_curve": {
    "1e-10": 0.1645882650061942,
    "1e-08": 0.17061612588170022,
    "1e-06": 0.19793913678612893,
    "0.0001": 0.22613356680144464,
    "0.01": 0.40206330746964586,
    "1.0": 0.7461167526264825
  },
  "val_metrics": {
    "nmse": 0.1645882650061942,
    "rmse": 0.04485747934808495
  },
  "test_metrics": {
    "nmse": 0.1309490916921427,
    "rmse": 0.038488476080217555
  },
  "timing": {
    "train_states_s": 0.01818460000140476,
    "ridge_select_s": 0.01261030000023311,
    "total_s": 0.05280910000146832
  },
  "timestamp": "2026-04-16T18:21:27.815326+00:00"
}