{
  "sweep_name": "region_selection_multitask_v1_narma10",
  "config_id": "af27e14ad131",
  "seed": 789,
  "config_point": {
    "spectral_radius": 0.6,
    "input_scaling": 0.3,
    "leak_rate": 1.0
  },
  "best_ridge": 1e-10,
  "val_curve": {
    "1e-10": 0.17679830073350017,
    "1e-08": 0.1907630162687431,
    "1e-06": 0.21561521016911628,
    "0.0001": 0.26717754967120383,
    "0.01": 0.6627712510105965,
    "1.0": 0.858925747490456
  },
  "val_metrics": {
    "nmse": 0.17679830073350017,
    "rmse": 0.04649159817361559
  },
  "test_metrics": {
    "nmse": 0.1461029360898299,
    "rmse": 0.04065452980390906
  },
  "timing": {
    "train_states_s": 0.018094600000040373,
    "ridge_select_s": 0.012203499998577172,
    "total_s": 0.05224389999784762
  },
  "timestamp": "2026-04-16T18:21:17.243650+00:00"
}