{
  "sweep_name": "region_selection_multitask_v1_narma10",
  "config_id": "af27e14ad131",
  "seed": 42,
  "config_point": {
    "spectral_radius": 0.6,
    "input_scaling": 0.3,
    "leak_rate": 1.0
  },
  "best_ridge": 1e-10,
  "val_curve": {
    "1e-10": 0.1801699155601728,
    "1e-08": 0.1927383750711354,
    "1e-06": 0.2163576350856713,
    "0.0001": 0.2581956171050658,
    "0.01": 0.5738077853454779,
    "1.0": 0.8031436746538739
  },
  "val_metrics": {
    "nmse": 0.1801699155601728,
    "rmse": 0.05236576308033324
  },
  "test_metrics": {
    "nmse": 0.14242009114755452,
    "rmse": 0.0383434337323253
  },
  "timing": {
    "train_states_s": 0.018867999999201857,
    "ridge_select_s": 0.012743800001771888,
    "total_s": 0.07611000000179047
  },
  "timestamp": "2026-04-16T18:21:17.038655+00:00"
}