{
  "sweep_name": "region_selection_multitask_v1_narma10",
  "config_id": "af3244f452ab",
  "seed": 1024,
  "config_point": {
    "spectral_radius": 1.1,
    "input_scaling": 0.05,
    "leak_rate": 0.5
  },
  "best_ridge": 1e-10,
  "val_curve": {
    "1e-10": 0.1924762118818603,
    "1e-08": 0.2128473103548244,
    "1e-06": 0.25110292386931626,
    "0.0001": 0.28820605782775566,
    "0.01": 0.33983327903556126,
    "1.0": 0.5891498356751788
  },
  "val_metrics": {
    "nmse": 0.1924762118818603,
    "rmse": 0.05556395595977632
  },
  "test_metrics": {
    "nmse": 0.1603992171398686,
    "rmse": 0.04571586415310774
  },
  "timing": {
    "train_states_s": 0.017933700000867248,
    "ridge_select_s": 0.01177800000004936,
    "total_s": 0.050831999997171806
  },
  "timestamp": "2026-04-16T18:22:11.234337+00:00"
}