{
  "sweep_name": "region_selection_multitask_v1_narma10",
  "config_id": "af3244f452ab",
  "seed": 42,
  "config_point": {
    "spectral_radius": 1.1,
    "input_scaling": 0.05,
    "leak_rate": 0.5
  },
  "best_ridge": 1e-10,
  "val_curve": {
    "1e-10": 0.1918270869568642,
    "1e-08": 0.20442108956738844,
    "1e-06": 0.2316753744153989,
    "0.0001": 0.2502452657102023,
    "0.01": 0.3188598490089149,
    "1.0": 0.7199135901824936
  },
  "val_metrics": {
    "nmse": 0.1918270869568642,
    "rmse": 0.05403327171615991
  },
  "test_metrics": {
    "nmse": 0.22851079649749254,
    "rmse": 0.048568952228045484
  },
  "timing": {
    "train_states_s": 0.017946799998753704,
    "ridge_select_s": 0.01228120000087074,
    "total_s": 0.05847589999757474
  },
  "timestamp": "2026-04-16T18:22:10.964981+00:00"
}