{
  "sweep_name": "region_selection_multitask_v1_narma10",
  "config_id": "af3244f452ab",
  "seed": 456,
  "config_point": {
    "spectral_radius": 1.1,
    "input_scaling": 0.05,
    "leak_rate": 0.5
  },
  "best_ridge": 1e-10,
  "val_curve": {
    "1e-10": 0.19872754580830101,
    "1e-08": 0.1997870067470929,
    "1e-06": 0.2192579167504165,
    "0.0001": 0.2748917151330196,
    "0.01": 0.3128796093022115,
    "1.0": 0.4961020807606093
  },
  "val_metrics": {
    "nmse": 0.19872754580830101,
    "rmse": 0.0452562119350206
  },
  "test_metrics": {
    "nmse": 0.19463836430027778,
    "rmse": 0.04644475471629238
  },
  "timing": {
    "train_states_s": 0.017919799996889196,
    "ridge_select_s": 0.011948899998969864,
    "total_s": 0.0540556000014476
  },
  "timestamp": "2026-04-16T18:22:11.100060+00:00"
}