{
  "sweep_name": "region_selection_multitask_v1_narma10",
  "config_id": "b05deac84252",
  "seed": 1024,
  "config_point": {
    "spectral_radius": 0.8,
    "input_scaling": 0.15,
    "leak_rate": 0.5
  },
  "best_ridge": 1e-10,
  "val_curve": {
    "1e-10": 0.21401583491999313,
    "1e-08": 0.2327342261291264,
    "1e-06": 0.28028107638008654,
    "0.0001": 0.36123216746486825,
    "0.01": 0.4138529916878398,
    "1.0": 0.5620545868998423
  },
  "val_metrics": {
    "nmse": 0.21401583491999313,
    "rmse": 0.058590550822839836
  },
  "test_metrics": {
    "nmse": 0.17056536657840474,
    "rmse": 0.04714235102856978
  },
  "timing": {
    "train_states_s": 0.01796480000120937,
    "ridge_select_s": 0.012383599998429418,
    "total_s": 0.053549199998087715
  },
  "timestamp": "2026-04-16T18:21:36.604824+00:00"
}