{
  "sweep_name": "region_selection_multitask_v1_narma10",
  "config_id": "b05deac84252",
  "seed": 123,
  "config_point": {
    "spectral_radius": 0.8,
    "input_scaling": 0.15,
    "leak_rate": 0.5
  },
  "best_ridge": 1e-10,
  "val_curve": {
    "1e-10": 0.22740804917778062,
    "1e-08": 0.25921585419530374,
    "1e-06": 0.2894585483172218,
    "0.0001": 0.3413854344750682,
    "0.01": 0.4032956937879516,
    "1.0": 0.5613005860425635
  },
  "val_metrics": {
    "nmse": 0.22740804917778062,
    "rmse": 0.04662554322227529
  },
  "test_metrics": {
    "nmse": 0.20555696990574798,
    "rmse": 0.046810129504749484
  },
  "timing": {
    "train_states_s": 0.01819249999971362,
    "ridge_select_s": 0.01302909999867552,
    "total_s": 0.05334450000009383
  },
  "timestamp": "2026-04-16T18:21:36.399927+00:00"
}