{
  "sweep_name": "region_selection_multitask_v1_narma10",
  "config_id": "b05deac84252",
  "seed": 456,
  "config_point": {
    "spectral_radius": 0.8,
    "input_scaling": 0.15,
    "leak_rate": 0.5
  },
  "best_ridge": 1e-10,
  "val_curve": {
    "1e-10": 0.18539779571961662,
    "1e-08": 0.20646930499901386,
    "1e-06": 0.23368676493256718,
    "0.0001": 0.2724150132476824,
    "0.01": 0.3522924049010208,
    "1.0": 0.44548644735385984
  },
  "val_metrics": {
    "nmse": 0.18539779571961662,
    "rmse": 0.04371207754224271
  },
  "test_metrics": {
    "nmse": 0.18007749738006115,
    "rmse": 0.044673725747402734
  },
  "timing": {
    "train_states_s": 0.0178751999992528,
    "ridge_select_s": 0.012796999999409309,
    "total_s": 0.054403199999796925
  },
  "timestamp": "2026-04-16T18:21:36.469326+00:00"
}