{
  "sweep_name": "region_selection_multitask_v1_narma10",
  "config_id": "b05deac84252",
  "seed": 789,
  "config_point": {
    "spectral_radius": 0.8,
    "input_scaling": 0.15,
    "leak_rate": 0.5
  },
  "best_ridge": 1e-10,
  "val_curve": {
    "1e-10": 0.2118323746642023,
    "1e-08": 0.23927060704661365,
    "1e-06": 0.26088938997698696,
    "0.0001": 0.3087399715114533,
    "0.01": 0.37058012520806366,
    "1.0": 0.521551771566981
  },
  "val_metrics": {
    "nmse": 0.2118323746642023,
    "rmse": 0.05088990025328563
  },
  "test_metrics": {
    "nmse": 0.1922052130378784,
    "rmse": 0.046629638867701426
  },
  "timing": {
    "train_states_s": 0.017969800002902048,
    "ridge_select_s": 0.012186799998744391,
    "total_s": 0.05231599999751779
  },
  "timestamp": "2026-04-16T18:21:36.536405+00:00"
}