{
  "sweep_name": "region_selection_multitask_v1_narma10",
  "config_id": "b05deac84252",
  "seed": 42,
  "config_point": {
    "spectral_radius": 0.8,
    "input_scaling": 0.15,
    "leak_rate": 0.5
  },
  "best_ridge": 1e-10,
  "val_curve": {
    "1e-10": 0.16239982397165922,
    "1e-08": 0.17654107987421347,
    "1e-06": 0.2090025666216201,
    "0.0001": 0.29452818557490484,
    "0.01": 0.3484286910009827,
    "1.0": 0.4838086214827763
  },
  "val_metrics": {
    "nmse": 0.16239982397165922,
    "rmse": 0.049716331606587595
  },
  "test_metrics": {
    "nmse": 0.2164236795082525,
    "rmse": 0.047266969732301684
  },
  "timing": {
    "train_states_s": 0.017904999996972037,
    "ridge_select_s": 0.012270199997146847,
    "total_s": 0.06297679999988759
  },
  "timestamp": "2026-04-16T18:21:36.331969+00:00"
}