{
  "sweep_name": "region_selection_multitask_v1_narma10",
  "config_id": "b0a388a69d7d",
  "seed": 123,
  "config_point": {
    "spectral_radius": 0.6,
    "input_scaling": 0.1,
    "leak_rate": 0.5
  },
  "best_ridge": 1e-10,
  "val_curve": {
    "1e-10": 0.2692675522628462,
    "1e-08": 0.30279404598429804,
    "1e-06": 0.35021653869440766,
    "0.0001": 0.39178484438237293,
    "0.01": 0.46625236610118354,
    "1.0": 0.8069342003855502
  },
  "val_metrics": {
    "nmse": 0.2692675522628462,
    "rmse": 0.050735623238003694
  },
  "test_metrics": {
    "nmse": 0.22812753080526996,
    "rmse": 0.049313132276449984
  },
  "timing": {
    "train_states_s": 0.01881119999961811,
    "ridge_select_s": 0.012897000000521075,
    "total_s": 0.05516390000047977
  },
  "timestamp": "2026-04-16T18:21:08.907801+00:00"
}