{
  "sweep_name": "region_selection_multitask_v1_narma10",
  "config_id": "b0a388a69d7d",
  "seed": 456,
  "config_point": {
    "spectral_radius": 0.6,
    "input_scaling": 0.1,
    "leak_rate": 0.5
  },
  "best_ridge": 1e-10,
  "val_curve": {
    "1e-10": 0.2172877684186823,
    "1e-08": 0.2548493306188877,
    "1e-06": 0.28521789902878975,
    "0.0001": 0.35108547481808716,
    "0.01": 0.39878279896803426,
    "1.0": 0.6755871006115979
  },
  "val_metrics": {
    "nmse": 0.2172877684186823,
    "rmse": 0.04732240464031154
  },
  "test_metrics": {
    "nmse": 0.21312926668638804,
    "rmse": 0.04860086465677453
  },
  "timing": {
    "train_states_s": 0.01779730000271229,
    "ridge_select_s": 0.011742499998945277,
    "total_s": 0.053207799999654526
  },
  "timestamp": "2026-04-16T18:21:08.975872+00:00"
}