{
  "sweep_name": "region_selection_multitask_v1_narma10",
  "config_id": "b0a388a69d7d",
  "seed": 1024,
  "config_point": {
    "spectral_radius": 0.6,
    "input_scaling": 0.1,
    "leak_rate": 0.5
  },
  "best_ridge": 1e-10,
  "val_curve": {
    "1e-10": 0.24897359666439411,
    "1e-08": 0.29974359217589647,
    "1e-06": 0.37331216428014746,
    "0.0001": 0.40575847908456325,
    "0.01": 0.4810769787416018,
    "1.0": 0.7738854904990362
  },
  "val_metrics": {
    "nmse": 0.24897359666439411,
    "rmse": 0.06319478979994438
  },
  "test_metrics": {
    "nmse": 0.2040220578876222,
    "rmse": 0.05155898667534032
  },
  "timing": {
    "train_states_s": 0.017837699997471645,
    "ridge_select_s": 0.013085599999612896,
    "total_s": 0.05265330000111135
  },
  "timestamp": "2026-04-16T18:21:09.112778+00:00"
}