{
  "sweep_name": "region_selection_multitask_v1_narma10",
  "config_id": "b0a388a69d7d",
  "seed": 789,
  "config_point": {
    "spectral_radius": 0.6,
    "input_scaling": 0.1,
    "leak_rate": 0.5
  },
  "best_ridge": 1e-10,
  "val_curve": {
    "1e-10": 0.2479359250559145,
    "1e-08": 0.29409580372621935,
    "1e-06": 0.3321836534066386,
    "0.0001": 0.36419228424961425,
    "0.01": 0.43673047514075264,
    "1.0": 0.816893722928274
  },
  "val_metrics": {
    "nmse": 0.2479359250559145,
    "rmse": 0.055056064214599174
  },
  "test_metrics": {
    "nmse": 0.22472779018214017,
    "rmse": 0.050420582808275924
  },
  "timing": {
    "train_states_s": 0.018621399998664856,
    "ridge_select_s": 0.012616799998795614,
    "total_s": 0.05433930000071996
  },
  "timestamp": "2026-04-16T18:21:09.044981+00:00"
}