{
  "sweep_name": "region_selection_multitask_v1_narma10",
  "config_id": "b2c749c6874f",
  "seed": 456,
  "config_point": {
    "spectral_radius": 0.6,
    "input_scaling": 0.1,
    "leak_rate": 0.8
  },
  "best_ridge": 1e-10,
  "val_curve": {
    "1e-10": 0.12806152877141186,
    "1e-08": 0.17527780900406587,
    "1e-06": 0.23236378337542152,
    "0.0001": 0.297011719038186,
    "0.01": 0.5448144300393913,
    "1.0": 0.7586492611964214
  },
  "val_metrics": {
    "nmse": 0.12806152877141186,
    "rmse": 0.03632942347487875
  },
  "test_metrics": {
    "nmse": 0.13192111477481078,
    "rmse": 0.038236629843820126
  },
  "timing": {
    "train_states_s": 0.01891059999979916,
    "ridge_select_s": 0.012730300000839634,
    "total_s": 0.05654270000013639
  },
  "timestamp": "2026-04-16T18:21:10.035025+00:00"
}