{
  "sweep_name": "region_selection_multitask_v1_narma10",
  "config_id": "b2c749c6874f",
  "seed": 42,
  "config_point": {
    "spectral_radius": 0.6,
    "input_scaling": 0.1,
    "leak_rate": 0.8
  },
  "best_ridge": 1e-10,
  "val_curve": {
    "1e-10": 0.1512145745047881,
    "1e-08": 0.22310784084181878,
    "1e-06": 0.2769176791843827,
    "0.0001": 0.3168224726283072,
    "0.01": 0.5419918636886975,
    "1.0": 0.8703405163261172
  },
  "val_metrics": {
    "nmse": 0.1512145745047881,
    "rmse": 0.04797369004823293
  },
  "test_metrics": {
    "nmse": 0.15011500697900707,
    "rmse": 0.039365650098901486
  },
  "timing": {
    "train_states_s": 0.018921300001238706,
    "ridge_select_s": 0.012570799997774884,
    "total_s": 0.05530979999821284
  },
  "timestamp": "2026-04-16T18:21:09.896458+00:00"
}