{
  "sweep_name": "region_selection_multitask_v1_narma10",
  "config_id": "b2c749c6874f",
  "seed": 123,
  "config_point": {
    "spectral_radius": 0.6,
    "input_scaling": 0.1,
    "leak_rate": 0.8
  },
  "best_ridge": 1e-10,
  "val_curve": {
    "1e-10": 0.1654226165403922,
    "1e-08": 0.21872058043339038,
    "1e-06": 0.2704204930171811,
    "0.0001": 0.347853955352029,
    "0.01": 0.6784481265406754,
    "1.0": 0.9343572553238637
  },
  "val_metrics": {
    "nmse": 0.1654226165403922,
    "rmse": 0.039766597296296176
  },
  "test_metrics": {
    "nmse": 0.15148851342831327,
    "rmse": 0.040184964683038296
  },
  "timing": {
    "train_states_s": 0.017890299997816328,
    "ridge_select_s": 0.012372499997582054,
    "total_s": 0.052840200001810445
  },
  "timestamp": "2026-04-16T18:21:09.964129+00:00"
}