{
  "sweep_name": "region_selection_multitask_v1_narma10",
  "config_id": "b4315343f14a",
  "seed": 1024,
  "config_point": {
    "spectral_radius": 1.1,
    "input_scaling": 0.3,
    "leak_rate": 0.8
  },
  "best_ridge": 1e-10,
  "val_curve": {
    "1e-10": 0.1710155387120671,
    "1e-08": 0.1710183475136777,
    "1e-06": 0.17135541165719628,
    "0.0001": 0.18384140783935798,
    "0.01": 0.22547395794443234,
    "1.0": 0.35030161910973395
  },
  "val_metrics": {
    "nmse": 0.1710155387120671,
    "rmse": 0.05237480432635073
  },
  "test_metrics": {
    "nmse": 0.11613960298781655,
    "rmse": 0.03890057133886095
  },
  "timing": {
    "train_states_s": 0.018614999997225823,
    "ridge_select_s": 0.012042800000926945,
    "total_s": 0.05268519999663113
  },
  "timestamp": "2026-04-16T18:22:20.867536+00:00"
}