{
  "sweep_name": "region_selection_multitask_v1_narma10",
  "config_id": "b4315343f14a",
  "seed": 789,
  "config_point": {
    "spectral_radius": 1.1,
    "input_scaling": 0.3,
    "leak_rate": 0.8
  },
  "best_ridge": 1e-10,
  "val_curve": {
    "1e-10": 0.13900074747081992,
    "1e-08": 0.13900706506756993,
    "1e-06": 0.13976328702734606,
    "0.0001": 0.16008528223012883,
    "0.01": 0.20998637361913297,
    "1.0": 0.3290556718808655
  },
  "val_metrics": {
    "nmse": 0.13900074747081992,
    "rmse": 0.04122341819515656
  },
  "test_metrics": {
    "nmse": 0.10580233167909525,
    "rmse": 0.03459609572735469
  },
  "timing": {
    "train_states_s": 0.018604699998832075,
    "ridge_select_s": 0.011750300000130665,
    "total_s": 0.05324970000219764
  },
  "timestamp": "2026-04-16T18:22:20.800150+00:00"
}