{
  "sweep_name": "region_selection_multitask_v1_narma10",
  "config_id": "b47cc3cca0cd",
  "seed": 789,
  "config_point": {
    "spectral_radius": 0.6,
    "input_scaling": 0.15,
    "leak_rate": 0.7
  },
  "best_ridge": 1e-10,
  "val_curve": {
    "1e-10": 0.20934503185737624,
    "1e-08": 0.24632366922355006,
    "1e-06": 0.2960610084833938,
    "0.0001": 0.3353431809468273,
    "0.01": 0.511702579923218,
    "1.0": 0.8239375735995963
  },
  "val_metrics": {
    "nmse": 0.20934503185737624,
    "rmse": 0.050590242555284555
  },
  "test_metrics": {
    "nmse": 0.17672712166026996,
    "rmse": 0.04471271822896536
  },
  "timing": {
    "train_states_s": 0.018693999998504296,
    "ridge_select_s": 0.0117753000013181,
    "total_s": 0.05352099999799975
  },
  "timestamp": "2026-04-16T18:21:11.882107+00:00"
}