{
  "sweep_name": "region_selection_multitask_v1_narma10",
  "config_id": "b47cc3cca0cd",
  "seed": 1024,
  "config_point": {
    "spectral_radius": 0.6,
    "input_scaling": 0.15,
    "leak_rate": 0.7
  },
  "best_ridge": 1e-10,
  "val_curve": {
    "1e-10": 0.22799830202007426,
    "1e-08": 0.2712949179447688,
    "1e-06": 0.3262685975267592,
    "0.0001": 0.38307591023097204,
    "0.01": 0.5574375341508718,
    "1.0": 0.7493774629568982
  },
  "val_metrics": {
    "nmse": 0.22799830202007426,
    "rmse": 0.06047424198281443
  },
  "test_metrics": {
    "nmse": 0.17275574813730762,
    "rmse": 0.047444083840939226
  },
  "timing": {
    "train_states_s": 0.01789210000060848,
    "ridge_select_s": 0.011738200002582744,
    "total_s": 0.05123449999882723
  },
  "timestamp": "2026-04-16T18:21:11.948318+00:00"
}