{
  "sweep_name": "region_selection_multitask_v1_narma10",
  "config_id": "b47cc3cca0cd",
  "seed": 123,
  "config_point": {
    "spectral_radius": 0.6,
    "input_scaling": 0.15,
    "leak_rate": 0.7
  },
  "best_ridge": 1e-10,
  "val_curve": {
    "1e-10": 0.20208385769206988,
    "1e-08": 0.2446748656313143,
    "1e-06": 0.28549907454129847,
    "0.0001": 0.34996253711090286,
    "0.01": 0.5388180829400027,
    "1.0": 0.8242583154055267
  },
  "val_metrics": {
    "nmse": 0.20208385769206988,
    "rmse": 0.043952825644780986
  },
  "test_metrics": {
    "nmse": 0.18174724537464715,
    "rmse": 0.04401570452821497
  },
  "timing": {
    "train_states_s": 0.018628400001034606,
    "ridge_select_s": 0.012094500001694541,
    "total_s": 0.05366820000199368
  },
  "timestamp": "2026-04-16T18:21:11.744564+00:00"
}