{
  "sweep_name": "region_selection_multitask_v1_narma10",
  "config_id": "b5cf1e3871f2",
  "seed": 789,
  "config_point": {
    "spectral_radius": 0.9,
    "input_scaling": 0.15,
    "leak_rate": 0.9
  },
  "best_ridge": 1e-08,
  "val_curve": {
    "1e-10": 0.12719893122482395,
    "1e-08": 0.1258049051069144,
    "1e-06": 0.15075041653170348,
    "0.0001": 0.17100070255258953,
    "0.01": 0.22745607465592294,
    "1.0": 0.433313323880335
  },
  "val_metrics": {
    "nmse": 0.1258049051069144,
    "rmse": 0.039217889589721014
  },
  "test_metrics": {
    "nmse": 0.09763076407429669,
    "rmse": 0.03323325001729988
  },
  "timing": {
    "train_states_s": 0.017877099999168422,
    "ridge_select_s": 0.012031199999910314,
    "total_s": 0.052065700001548976
  },
  "timestamp": "2026-04-16T18:21:51.080258+00:00"
}