{
  "sweep_name": "region_selection_multitask_v1_narma10",
  "config_id": "b5cf1e3871f2",
  "seed": 123,
  "config_point": {
    "spectral_radius": 0.9,
    "input_scaling": 0.15,
    "leak_rate": 0.9
  },
  "best_ridge": 1e-10,
  "val_curve": {
    "1e-10": 0.08527252711419808,
    "1e-08": 0.08902084465522273,
    "1e-06": 0.1336903271733391,
    "0.0001": 0.17456126150892562,
    "0.01": 0.20457465315859438,
    "1.0": 0.38674017937955846
  },
  "val_metrics": {
    "nmse": 0.08527252711419808,
    "rmse": 0.028551278169686223
  },
  "test_metrics": {
    "nmse": 0.08371332752226929,
    "rmse": 0.029872463667338443
  },
  "timing": {
    "train_states_s": 0.01885279999987688,
    "ridge_select_s": 0.011924599999474594,
    "total_s": 0.05360880000080215
  },
  "timestamp": "2026-04-16T18:21:50.938569+00:00"
}