{
  "sweep_name": "region_selection_multitask_v1_narma10",
  "config_id": "b5cf1e3871f2",
  "seed": 1024,
  "config_point": {
    "spectral_radius": 0.9,
    "input_scaling": 0.15,
    "leak_rate": 0.9
  },
  "best_ridge": 1e-10,
  "val_curve": {
    "1e-10": 0.1575347989490777,
    "1e-08": 0.16807434484951905,
    "1e-06": 0.20869764852245415,
    "0.0001": 0.24705946209308507,
    "0.01": 0.30109503675987775,
    "1.0": 0.5546291785497813
  },
  "val_metrics": {
    "nmse": 0.1575347989490777,
    "rmse": 0.050268147247095954
  },
  "test_metrics": {
    "nmse": 0.10794130426005381,
    "rmse": 0.037502450116221164
  },
  "timing": {
    "train_states_s": 0.0183206000001519,
    "ridge_select_s": 0.013129200000548735,
    "total_s": 0.05349720000231173
  },
  "timestamp": "2026-04-16T18:21:51.148441+00:00"
}