{
  "sweep_name": "region_selection_multitask_v1_narma10",
  "config_id": "b7758828505f",
  "seed": 789,
  "config_point": {
    "spectral_radius": 1.1,
    "input_scaling": 0.1,
    "leak_rate": 0.9
  },
  "best_ridge": 1e-10,
  "val_curve": {
    "1e-10": 0.11766314846693157,
    "1e-08": 0.11774264897834563,
    "1e-06": 0.12685884801706476,
    "0.0001": 0.17160130066018345,
    "0.01": 0.19398815542065218,
    "1.0": 0.44349721456250096
  },
  "val_metrics": {
    "nmse": 0.11766314846693157,
    "rmse": 0.0379276264421721
  },
  "test_metrics": {
    "nmse": 0.08757734869192411,
    "rmse": 0.03147569782778367
  },
  "timing": {
    "train_states_s": 0.01831310000125086,
    "ridge_select_s": 0.01234870000189403,
    "total_s": 0.05245229999854928
  },
  "timestamp": "2026-04-16T18:22:14.771641+00:00"
}