{
  "sweep_name": "region_selection_multitask_v1_narma10",
  "config_id": "b7758828505f",
  "seed": 456,
  "config_point": {
    "spectral_radius": 1.1,
    "input_scaling": 0.1,
    "leak_rate": 0.9
  },
  "best_ridge": 1e-10,
  "val_curve": {
    "1e-10": 0.19664282594836685,
    "1e-08": 0.19664284186610126,
    "1e-06": 0.1966447865697188,
    "0.0001": 0.19743744416073286,
    "0.01": 0.21889234532235918,
    "1.0": 0.3339215377468553
  },
  "val_metrics": {
    "nmse": 0.19664282594836685,
    "rmse": 0.04501820954427509
  },
  "test_metrics": {
    "nmse": 0.20536267864578694,
    "rmse": 0.04770712121011393
  },
  "timing": {
    "train_states_s": 0.018038399997749366,
    "ridge_select_s": 0.012386099999275757,
    "total_s": 0.055554999999003485
  },
  "timestamp": "2026-04-16T18:22:14.704071+00:00"
}