{
  "sweep_name": "region_selection_multitask_v1_narma10",
  "config_id": "b7758828505f",
  "seed": 1024,
  "config_point": {
    "spectral_radius": 1.1,
    "input_scaling": 0.1,
    "leak_rate": 0.9
  },
  "best_ridge": 1e-08,
  "val_curve": {
    "1e-10": 0.17336833051205552,
    "1e-08": 0.1733216031012425,
    "1e-06": 0.17744853257389664,
    "0.0001": 0.19745931128693975,
    "0.01": 0.23501593969640625,
    "1.0": 0.3851686537669587
  },
  "val_metrics": {
    "nmse": 0.1733216031012425,
    "rmse": 0.05272674669962506
  },
  "test_metrics": {
    "nmse": 0.11274083400801233,
    "rmse": 0.03832714175608238
  },
  "timing": {
    "train_states_s": 0.0178529000004346,
    "ridge_select_s": 0.011570200000278419,
    "total_s": 0.05059620000247378
  },
  "timestamp": "2026-04-16T18:22:14.837046+00:00"
}