{
  "sweep_name": "region_selection_multitask_v1_narma10",
  "config_id": "b7758828505f",
  "seed": 123,
  "config_point": {
    "spectral_radius": 1.1,
    "input_scaling": 0.1,
    "leak_rate": 0.9
  },
  "best_ridge": 1e-10,
  "val_curve": {
    "1e-10": 0.11379144251228163,
    "1e-08": 0.11380810747663835,
    "1e-06": 0.1160780982756551,
    "0.0001": 0.1403608703204185,
    "0.01": 0.16952334982729836,
    "1.0": 0.267675522560158
  },
  "val_metrics": {
    "nmse": 0.11379144251228163,
    "rmse": 0.0329819090579677
  },
  "test_metrics": {
    "nmse": 0.1098959401539379,
    "rmse": 0.03422666336846681
  },
  "timing": {
    "train_states_s": 0.017994199999520788,
    "ridge_select_s": 0.01253530000030878,
    "total_s": 0.05258060000051046
  },
  "timestamp": "2026-04-16T18:22:14.633548+00:00"
}