{
  "sweep_name": "region_selection_multitask_v1_narma10",
  "config_id": "b7ca5cc723dc",
  "seed": 123,
  "config_point": {
    "spectral_radius": 0.7,
    "input_scaling": 0.1,
    "leak_rate": 0.8
  },
  "best_ridge": 1e-10,
  "val_curve": {
    "1e-10": 0.14151487865379161,
    "1e-08": 0.1714462400429903,
    "1e-06": 0.2351315577493779,
    "0.0001": 0.29732395999387035,
    "0.01": 0.45908144232014575,
    "1.0": 0.8457581043277209
  },
  "val_metrics": {
    "nmse": 0.14151487865379161,
    "rmse": 0.036780873590576565
  },
  "test_metrics": {
    "nmse": 0.12474154179731035,
    "rmse": 0.036465258186362204
  },
  "timing": {
    "train_states_s": 0.01856229999975767,
    "ridge_select_s": 0.013258499999210471,
    "total_s": 0.05394190000151866
  },
  "timestamp": "2026-04-16T18:21:22.810953+00:00"
}