{
  "sweep_name": "region_selection_multitask_v1_narma10",
  "config_id": "b7ca5cc723dc",
  "seed": 789,
  "config_point": {
    "spectral_radius": 0.7,
    "input_scaling": 0.1,
    "leak_rate": 0.8
  },
  "best_ridge": 1e-10,
  "val_curve": {
    "1e-10": 0.16184210153756962,
    "1e-08": 0.18670484813761434,
    "1e-06": 0.25625484122771675,
    "0.0001": 0.30742048777285735,
    "0.01": 0.43912280862063857,
    "1.0": 0.7640762366268951
  },
  "val_metrics": {
    "nmse": 0.16184210153756962,
    "rmse": 0.04448168055080288
  },
  "test_metrics": {
    "nmse": 0.11926005302656136,
    "rmse": 0.03673051095126394
  },
  "timing": {
    "train_states_s": 0.01793550000002142,
    "ridge_select_s": 0.013035600000876002,
    "total_s": 0.05309260000285576
  },
  "timestamp": "2026-04-16T18:21:22.949100+00:00"
}