{
  "sweep_name": "region_selection_multitask_v1_narma10",
  "config_id": "b7ca5cc723dc",
  "seed": 42,
  "config_point": {
    "spectral_radius": 0.7,
    "input_scaling": 0.1,
    "leak_rate": 0.8
  },
  "best_ridge": 1e-10,
  "val_curve": {
    "1e-10": 0.1188361725974759,
    "1e-08": 0.1569573094920121,
    "1e-06": 0.25979963814847223,
    "0.0001": 0.2930974736637841,
    "0.01": 0.3651992877512327,
    "1.0": 0.722230187217368
  },
  "val_metrics": {
    "nmse": 0.1188361725974759,
    "rmse": 0.042528555007063436
  },
  "test_metrics": {
    "nmse": 0.12240872147285604,
    "rmse": 0.035547703858317965
  },
  "timing": {
    "train_states_s": 0.017952900001546368,
    "ridge_select_s": 0.012432299998181406,
    "total_s": 0.05190960000254563
  },
  "timestamp": "2026-04-16T18:21:22.742025+00:00"
}