{
  "sweep_name": "region_selection_multitask_v1_narma10",
  "config_id": "b7ca5cc723dc",
  "seed": 1024,
  "config_point": {
    "spectral_radius": 0.7,
    "input_scaling": 0.1,
    "leak_rate": 0.8
  },
  "best_ridge": 1e-10,
  "val_curve": {
    "1e-10": 0.1911978790569904,
    "1e-08": 0.22588083706749262,
    "1e-06": 0.2916881578713345,
    "0.0001": 0.35983826682100173,
    "0.01": 0.5429683879703361,
    "1.0": 0.7606446801769771
  },
  "val_metrics": {
    "nmse": 0.1911978790569904,
    "rmse": 0.055379134270121276
  },
  "test_metrics": {
    "nmse": 0.1355162619262473,
    "rmse": 0.042020529260730057
  },
  "timing": {
    "train_states_s": 0.017904600001202198,
    "ridge_select_s": 0.012625600000319537,
    "total_s": 0.052428599999984726
  },
  "timestamp": "2026-04-16T18:21:23.016724+00:00"
}