{
  "sweep_name": "region_selection_multitask_v1_narma10",
  "config_id": "b7ca5cc723dc",
  "seed": 456,
  "config_point": {
    "spectral_radius": 0.7,
    "input_scaling": 0.1,
    "leak_rate": 0.8
  },
  "best_ridge": 1e-10,
  "val_curve": {
    "1e-10": 0.1055833214920922,
    "1e-08": 0.13100661898439048,
    "1e-06": 0.1893763216910491,
    "0.0001": 0.26083763117386444,
    "0.01": 0.352799144539066,
    "1.0": 0.6749736799467969
  },
  "val_metrics": {
    "nmse": 0.1055833214920922,
    "rmse": 0.03298730416613576
  },
  "test_metrics": {
    "nmse": 0.10518770848848447,
    "rmse": 0.03414325704104541
  },
  "timing": {
    "train_states_s": 0.017869600000267383,
    "ridge_select_s": 0.01302860000214423,
    "total_s": 0.05560489999697893
  },
  "timestamp": "2026-04-16T18:21:22.881514+00:00"
}