{
  "sweep_name": "region_selection_multitask_v1_narma10",
  "config_id": "b8198960514a",
  "seed": 456,
  "config_point": {
    "spectral_radius": 1.1,
    "input_scaling": 0.15,
    "leak_rate": 1.0
  },
  "best_ridge": 0.0001,
  "val_curve": {
    "1e-10": 0.22669444988480358,
    "1e-08": 0.22669440908233413,
    "1e-06": 0.2266903384298639,
    "0.0001": 0.22635903766136312,
    "0.01": 0.2297405571648202,
    "1.0": 0.36885065351781743
  },
  "val_metrics": {
    "nmse": 0.22635903766136312,
    "rmse": 0.04830010605748474
  },
  "test_metrics": {
    "nmse": 0.8136202426367097,
    "rmse": 0.09495838572941194
  },
  "timing": {
    "train_states_s": 0.017860100000689272,
    "ridge_select_s": 0.012116100002458552,
    "total_s": 0.05362580000291928
  },
  "timestamp": "2026-04-16T18:22:17.191375+00:00"
}