{
  "sweep_name": "region_selection_multitask_v1_narma10",
  "config_id": "b8198960514a",
  "seed": 1024,
  "config_point": {
    "spectral_radius": 1.1,
    "input_scaling": 0.15,
    "leak_rate": 1.0
  },
  "best_ridge": 0.01,
  "val_curve": {
    "1e-10": 224.99010279265318,
    "1e-08": 224.92584444297336,
    "1e-06": 218.67744247086523,
    "0.0001": 60.228868246973654,
    "0.01": 7.801096671093384,
    "1.0": 15.454750842721575
  },
  "val_metrics": {
    "nmse": 7.801096671093384,
    "rmse": 0.3537386034460449
  },
  "test_metrics": {
    "nmse": 0.19644190811577253,
    "rmse": 0.05059212058074628
  },
  "timing": {
    "train_states_s": 0.017813100002967985,
    "ridge_select_s": 0.012156299999332987,
    "total_s": 0.051540600001317216
  },
  "timestamp": "2026-04-16T18:22:17.325168+00:00"
}