{
  "sweep_name": "region_selection_multitask_v1_narma10",
  "config_id": "b8198960514a",
  "seed": 123,
  "config_point": {
    "spectral_radius": 1.1,
    "input_scaling": 0.15,
    "leak_rate": 1.0
  },
  "best_ridge": 1e-06,
  "val_curve": {
    "1e-10": 0.15770757662389936,
    "1e-08": 0.15770729349853208,
    "1e-06": 0.1576804615690356,
    "0.0001": 0.15813708645390626,
    "0.01": 0.16695772907330497,
    "1.0": 0.23729380644892506
  },
  "val_metrics": {
    "nmse": 0.1576804615690356,
    "rmse": 0.03882486279898521
  },
  "test_metrics": {
    "nmse": 0.14818644485433952,
    "rmse": 0.039744586095702514
  },
  "timing": {
    "train_states_s": 0.018265200000314508,
    "ridge_select_s": 0.011932299999898532,
    "total_s": 0.05264790000001085
  },
  "timestamp": "2026-04-16T18:22:17.123086+00:00"
}