{
  "sweep_name": "region_selection_multitask_v1_narma10",
  "config_id": "b8198960514a",
  "seed": 789,
  "config_point": {
    "spectral_radius": 1.1,
    "input_scaling": 0.15,
    "leak_rate": 1.0
  },
  "best_ridge": 0.0001,
  "val_curve": {
    "1e-10": 0.17455646586408777,
    "1e-08": 0.17455566463501657,
    "1e-06": 0.17447831159364915,
    "0.0001": 0.17353663885315532,
    "0.01": 0.2068956097014093,
    "1.0": 0.3488230693782702
  },
  "val_metrics": {
    "nmse": 0.17353663885315532,
    "rmse": 0.046060751889375674
  },
  "test_metrics": {
    "nmse": 0.12636268465577294,
    "rmse": 0.037808451696111335
  },
  "timing": {
    "train_states_s": 0.01791850000154227,
    "ridge_select_s": 0.01246299999911571,
    "total_s": 0.05234030000065104
  },
  "timestamp": "2026-04-16T18:22:17.258840+00:00"
}