{
  "sweep_name": "region_selection_multitask_v1_narma10",
  "config_id": "b91874646580",
  "seed": 789,
  "config_point": {
    "spectral_radius": 1.0,
    "input_scaling": 0.2,
    "leak_rate": 0.6
  },
  "best_ridge": 1e-08,
  "val_curve": {
    "1e-10": 0.18096268282769448,
    "1e-08": 0.18025177440342244,
    "1e-06": 0.20281238483487152,
    "0.0001": 0.2531785611638176,
    "0.01": 0.2779569471461189,
    "1.0": 0.43608524865160836
  },
  "val_metrics": {
    "nmse": 0.18025177440342244,
    "rmse": 0.04694347190779053
  },
  "test_metrics": {
    "nmse": 0.1603430503957628,
    "rmse": 0.042589696127132
  },
  "timing": {
    "train_states_s": 0.018092199999955483,
    "ridge_select_s": 0.012781199999153614,
    "total_s": 0.05270550000204821
  },
  "timestamp": "2026-04-16T18:22:05.169909+00:00"
}