{
  "sweep_name": "region_selection_multitask_v1_narma10",
  "config_id": "b91874646580",
  "seed": 456,
  "config_point": {
    "spectral_radius": 1.0,
    "input_scaling": 0.2,
    "leak_rate": 0.6
  },
  "best_ridge": 1e-08,
  "val_curve": {
    "1e-10": 0.15882209152859245,
    "1e-08": 0.15879540575078188,
    "1e-06": 0.1670112955036392,
    "0.0001": 0.1943499441848056,
    "0.01": 0.24477688747339116,
    "1.0": 0.3431068235979847
  },
  "val_metrics": {
    "nmse": 0.15879540575078188,
    "rmse": 0.04045462051080442
  },
  "test_metrics": {
    "nmse": 0.1689543449149966,
    "rmse": 0.04327201638831257
  },
  "timing": {
    "train_states_s": 0.017937699998583412,
    "ridge_select_s": 0.012041399997542612,
    "total_s": 0.05480349999925238
  },
  "timestamp": "2026-04-16T18:22:05.101847+00:00"
}