{
  "sweep_name": "region_selection_multitask_v1_narma10",
  "config_id": "b91874646580",
  "seed": 123,
  "config_point": {
    "spectral_radius": 1.0,
    "input_scaling": 0.2,
    "leak_rate": 0.6
  },
  "best_ridge": 1e-10,
  "val_curve": {
    "1e-10": 0.1778322974921408,
    "1e-08": 0.18050491371882754,
    "1e-06": 0.2147545033128566,
    "0.0001": 0.2524651186756751,
    "0.01": 0.3128722790655005,
    "1.0": 0.41335015264218083
  },
  "val_metrics": {
    "nmse": 0.1778322974921408,
    "rmse": 0.04123123164372884
  },
  "test_metrics": {
    "nmse": 0.16686307469048528,
    "rmse": 0.042174880427674304
  },
  "timing": {
    "train_states_s": 0.0179526000029,
    "ridge_select_s": 0.012393200002406957,
    "total_s": 0.052150699997582706
  },
  "timestamp": "2026-04-16T18:22:05.032670+00:00"
}