{
  "sweep_name": "region_selection_multitask_v1_narma10",
  "config_id": "bb42fed7ad80",
  "seed": 1024,
  "config_point": {
    "spectral_radius": 0.9,
    "input_scaling": 0.15,
    "leak_rate": 0.7
  },
  "best_ridge": 1e-10,
  "val_curve": {
    "1e-10": 0.16903190811632707,
    "1e-08": 0.17654228755311022,
    "1e-06": 0.21981183713381472,
    "0.0001": 0.28714120366899604,
    "0.01": 0.37419309913656607,
    "1.0": 0.48689692530769063
  },
  "val_metrics": {
    "nmse": 0.16903190811632707,
    "rmse": 0.052070167420533754
  },
  "test_metrics": {
    "nmse": 0.11414363940963773,
    "rmse": 0.03856485201776866
  },
  "timing": {
    "train_states_s": 0.01863509999748203,
    "ridge_select_s": 0.01361180000094464,
    "total_s": 0.055058699999790406
  },
  "timestamp": "2026-04-16T18:21:50.438500+00:00"
}