{
  "sweep_name": "region_selection_multitask_v1_narma10",
  "config_id": "bb42fed7ad80",
  "seed": 123,
  "config_point": {
    "spectral_radius": 0.9,
    "input_scaling": 0.15,
    "leak_rate": 0.7
  },
  "best_ridge": 1e-10,
  "val_curve": {
    "1e-10": 0.12944075992137083,
    "1e-08": 0.14408673935353172,
    "1e-06": 0.20069744840031323,
    "0.0001": 0.2634244586051215,
    "0.01": 0.3266874215470047,
    "1.0": 0.43435453182944905
  },
  "val_metrics": {
    "nmse": 0.12944075992137083,
    "rmse": 0.03517681504926188
  },
  "test_metrics": {
    "nmse": 0.11602635887720385,
    "rmse": 0.03516835630711307
  },
  "timing": {
    "train_states_s": 0.020554800001264084,
    "ridge_select_s": 0.013060000001132721,
    "total_s": 0.05737989999761339
  },
  "timestamp": "2026-04-16T18:21:50.225658+00:00"
}