{
  "sweep_name": "region_selection_multitask_v1_narma10",
  "config_id": "bb42fed7ad80",
  "seed": 789,
  "config_point": {
    "spectral_radius": 0.9,
    "input_scaling": 0.15,
    "leak_rate": 0.7
  },
  "best_ridge": 1e-10,
  "val_curve": {
    "1e-10": 0.14826598200707877,
    "1e-08": 0.15738937658859337,
    "1e-06": 0.19728687314318266,
    "0.0001": 0.2354636538576425,
    "0.01": 0.3147726223921236,
    "1.0": 0.45814299275586057
  },
  "val_metrics": {
    "nmse": 0.14826598200707877,
    "rmse": 0.042575150463288934
  },
  "test_metrics": {
    "nmse": 0.11287249027229895,
    "rmse": 0.03573333279974477
  },
  "timing": {
    "train_states_s": 0.018557900002633687,
    "ridge_select_s": 0.012795200000255136,
    "total_s": 0.05473689999780618
  },
  "timestamp": "2026-04-16T18:21:50.368298+00:00"
}