{
  "sweep_name": "region_selection_multitask_v1_narma10",
  "config_id": "bc1688d5c650",
  "seed": 42,
  "config_point": {
    "spectral_radius": 1.0,
    "input_scaling": 0.2,
    "leak_rate": 0.7
  },
  "best_ridge": 1e-08,
  "val_curve": {
    "1e-10": 0.11544575009622444,
    "1e-08": 0.11470148377346712,
    "1e-06": 0.131501149583725,
    "0.0001": 0.18617624920442624,
    "0.01": 0.21957688248661564,
    "1.0": 0.33731298061176135
  },
  "val_metrics": {
    "nmse": 0.11470148377346712,
    "rmse": 0.04178215318501391
  },
  "test_metrics": {
    "nmse": 0.13680368192973713,
    "rmse": 0.037579782794175794
  },
  "timing": {
    "train_states_s": 0.017916600001626648,
    "ridge_select_s": 0.011758199998439522,
    "total_s": 0.08806689999983064
  },
  "timestamp": "2026-04-16T18:22:05.340400+00:00"
}