{
  "sweep_name": "region_selection_multitask_v1_narma10",
  "config_id": "bc1688d5c650",
  "seed": 789,
  "config_point": {
    "spectral_radius": 1.0,
    "input_scaling": 0.2,
    "leak_rate": 0.7
  },
  "best_ridge": 1e-08,
  "val_curve": {
    "1e-10": 0.1427413542969918,
    "1e-08": 0.1422010604232736,
    "1e-06": 0.1628374172484115,
    "0.0001": 0.22027159789691245,
    "0.01": 0.2659255785533134,
    "1.0": 0.43810162059928914
  },
  "val_metrics": {
    "nmse": 0.1422010604232736,
    "rmse": 0.04169527569382515
  },
  "test_metrics": {
    "nmse": 0.11793643774871057,
    "rmse": 0.036526114286488866
  },
  "timing": {
    "train_states_s": 0.018031699997663964,
    "ridge_select_s": 0.012702500000159489,
    "total_s": 0.05248909999863827
  },
  "timestamp": "2026-04-16T18:22:05.545238+00:00"
}