{
  "sweep_name": "region_selection_multitask_v1_narma10",
  "config_id": "bd5c97f318a4",
  "seed": 789,
  "config_point": {
    "spectral_radius": 0.8,
    "input_scaling": 0.2,
    "leak_rate": 0.7
  },
  "best_ridge": 1e-10,
  "val_curve": {
    "1e-10": 0.1700162590509695,
    "1e-08": 0.18309714516551057,
    "1e-06": 0.2072690391097552,
    "0.0001": 0.26036976718904536,
    "0.01": 0.338356389907622,
    "1.0": 0.4705327036877183
  },
  "val_metrics": {
    "nmse": 0.1700162590509695,
    "rmse": 0.045591161881427804
  },
  "test_metrics": {
    "nmse": 0.13218959160701835,
    "rmse": 0.03867034985035715
  },
  "timing": {
    "train_states_s": 0.017886600002384512,
    "ridge_select_s": 0.012600300000485731,
    "total_s": 0.05300150000039139
  },
  "timestamp": "2026-04-16T18:21:39.374927+00:00"
}