{
  "sweep_name": "region_selection_multitask_v1_narma10",
  "config_id": "bd5c97f318a4",
  "seed": 456,
  "config_point": {
    "spectral_radius": 0.8,
    "input_scaling": 0.2,
    "leak_rate": 0.7
  },
  "best_ridge": 1e-10,
  "val_curve": {
    "1e-10": 0.13099028536043963,
    "1e-08": 0.14181786016818776,
    "1e-06": 0.16431018569225275,
    "0.0001": 0.21457290102260462,
    "0.01": 0.296500442656625,
    "1.0": 0.4209597971008866
  },
  "val_metrics": {
    "nmse": 0.13099028536043963,
    "rmse": 0.03674250052403519
  },
  "test_metrics": {
    "nmse": 0.12724175559210593,
    "rmse": 0.037552363554946476
  },
  "timing": {
    "train_states_s": 0.01787079999849084,
    "ridge_select_s": 0.013331099999049911,
    "total_s": 0.0561533000000054
  },
  "timestamp": "2026-04-16T18:21:39.306025+00:00"
}