{
  "sweep_name": "region_selection_multitask_v1_narma10",
  "config_id": "bd5c97f318a4",
  "seed": 123,
  "config_point": {
    "spectral_radius": 0.8,
    "input_scaling": 0.2,
    "leak_rate": 0.7
  },
  "best_ridge": 1e-10,
  "val_curve": {
    "1e-10": 0.14347206678600646,
    "1e-08": 0.17353844443084665,
    "1e-06": 0.2205171076676825,
    "0.0001": 0.27150044736312057,
    "0.01": 0.34933597069408057,
    "1.0": 0.5189556055359469
  },
  "val_metrics": {
    "nmse": 0.14347206678600646,
    "rmse": 0.037034344802564984
  },
  "test_metrics": {
    "nmse": 0.1301391830986428,
    "rmse": 0.037245840334595895
  },
  "timing": {
    "train_states_s": 0.018212000002677087,
    "ridge_select_s": 0.01221619999705581,
    "total_s": 0.05294330000106129
  },
  "timestamp": "2026-04-16T18:21:39.234911+00:00"
}