{
  "sweep_name": "region_selection_multitask_v1_narma10",
  "config_id": "bf8866ab4036",
  "seed": 1024,
  "config_point": {
    "spectral_radius": 0.9,
    "input_scaling": 0.2,
    "leak_rate": 0.6
  },
  "best_ridge": 1e-10,
  "val_curve": {
    "1e-10": 0.19458662195163012,
    "1e-08": 0.2061099299364398,
    "1e-06": 0.22474174442786599,
    "0.0001": 0.27811322329947974,
    "0.01": 0.3819727780122639,
    "1.0": 0.45544284369742555
  },
  "val_metrics": {
    "nmse": 0.19458662195163012,
    "rmse": 0.055867741681423604
  },
  "test_metrics": {
    "nmse": 0.14612252865219694,
    "rmse": 0.04363393706643412
  },
  "timing": {
    "train_states_s": 0.01969880000251578,
    "ridge_select_s": 0.013660099997650832,
    "total_s": 0.0585200999994413
  },
  "timestamp": "2026-04-16T18:21:52.246721+00:00"
}