{
  "sweep_name": "region_selection_multitask_v1_narma10",
  "config_id": "bf8866ab4036",
  "seed": 789,
  "config_point": {
    "spectral_radius": 0.9,
    "input_scaling": 0.2,
    "leak_rate": 0.6
  },
  "best_ridge": 1e-10,
  "val_curve": {
    "1e-10": 0.18604023163795702,
    "1e-08": 0.1946850977287039,
    "1e-06": 0.22411209799562237,
    "0.0001": 0.25559651936485817,
    "0.01": 0.30150267721270596,
    "1.0": 0.4593073464550898
  },
  "val_metrics": {
    "nmse": 0.18604023163795702,
    "rmse": 0.04769126784524998
  },
  "test_metrics": {
    "nmse": 0.1599726260855107,
    "rmse": 0.04254047235071634
  },
  "timing": {
    "train_states_s": 0.019325799999933224,
    "ridge_select_s": 0.01702619999923627,
    "total_s": 0.06126299999959883
  },
  "timestamp": "2026-04-16T18:21:52.171283+00:00"
}