{
  "sweep_name": "region_selection_multitask_v1_narma10",
  "config_id": "bf8866ab4036",
  "seed": 42,
  "config_point": {
    "spectral_radius": 0.9,
    "input_scaling": 0.2,
    "leak_rate": 0.6
  },
  "best_ridge": 1e-10,
  "val_curve": {
    "1e-10": 0.14000990587931422,
    "1e-08": 0.15037307818988013,
    "1e-06": 0.16872727172606586,
    "0.0001": 0.19925814678568582,
    "0.01": 0.27866736235963036,
    "1.0": 0.41264407319081997
  },
  "val_metrics": {
    "nmse": 0.14000990587931422,
    "rmse": 0.046162113113199975
  },
  "test_metrics": {
    "nmse": 0.17484949547658848,
    "rmse": 0.04248518994873351
  },
  "timing": {
    "train_states_s": 0.018106100000295555,
    "ridge_select_s": 0.012358199997834163,
    "total_s": 0.08426680000047782
  },
  "timestamp": "2026-04-16T18:21:51.955523+00:00"
}