{
  "sweep_name": "region_selection_multitask_v1_narma10",
  "config_id": "bf8866ab4036",
  "seed": 456,
  "config_point": {
    "spectral_radius": 0.9,
    "input_scaling": 0.2,
    "leak_rate": 0.6
  },
  "best_ridge": 1e-10,
  "val_curve": {
    "1e-10": 0.15552402279698363,
    "1e-08": 0.15676540140531314,
    "1e-06": 0.17788494243725275,
    "0.0001": 0.2166389973828131,
    "0.01": 0.2795478502484609,
    "1.0": 0.37377276902180756
  },
  "val_metrics": {
    "nmse": 0.15552402279698363,
    "rmse": 0.04003574417956316
  },
  "test_metrics": {
    "nmse": 0.1618394941980047,
    "rmse": 0.04235110115532342
  },
  "timing": {
    "train_states_s": 0.01907779999964987,
    "ridge_select_s": 0.012203199999930803,
    "total_s": 0.056029100000159815
  },
  "timestamp": "2026-04-16T18:21:52.094344+00:00"
}