{
  "sweep_name": "region_selection_multitask_v1_narma10",
  "config_id": "c80ccdb43523",
  "seed": 123,
  "config_point": {
    "spectral_radius": 0.7,
    "input_scaling": 0.3,
    "leak_rate": 0.5
  },
  "best_ridge": 1e-10,
  "val_curve": {
    "1e-10": 0.23759885799582522,
    "1e-08": 0.25894698294300106,
    "1e-06": 0.2939328523316059,
    "0.0001": 0.3283434391532281,
    "0.01": 0.40457316656117637,
    "1.0": 0.5426089623026324
  },
  "val_metrics": {
    "nmse": 0.23759885799582522,
    "rmse": 0.0476588065614242
  },
  "test_metrics": {
    "nmse": 0.20973138683687853,
    "rmse": 0.04728304677293364
  },
  "timing": {
    "train_states_s": 0.017965399998502107,
    "ridge_select_s": 0.012114799999835668,
    "total_s": 0.05288650000147754
  },
  "timestamp": "2026-04-16T18:21:28.023746+00:00"
}