{
  "sweep_name": "region_selection_multitask_v1_narma10",
  "config_id": "c80ccdb43523",
  "seed": 456,
  "config_point": {
    "spectral_radius": 0.7,
    "input_scaling": 0.3,
    "leak_rate": 0.5
  },
  "best_ridge": 1e-10,
  "val_curve": {
    "1e-10": 0.195473299002426,
    "1e-08": 0.208831323896217,
    "1e-06": 0.23416073905591722,
    "0.0001": 0.27450186266333054,
    "0.01": 0.3444746175835563,
    "1.0": 0.4355106007568469
  },
  "val_metrics": {
    "nmse": 0.195473299002426,
    "rmse": 0.04488413771609525
  },
  "test_metrics": {
    "nmse": 0.18563050596070998,
    "rmse": 0.04535729273786499
  },
  "timing": {
    "train_states_s": 0.017796700001781574,
    "ridge_select_s": 0.012855100001615938,
    "total_s": 0.05581530000199564
  },
  "timestamp": "2026-04-16T18:21:28.094210+00:00"
}