{
  "sweep_name": "region_selection_multitask_v1_narma10",
  "config_id": "c80ccdb43523",
  "seed": 1024,
  "config_point": {
    "spectral_radius": 0.7,
    "input_scaling": 0.3,
    "leak_rate": 0.5
  },
  "best_ridge": 1e-10,
  "val_curve": {
    "1e-10": 0.22540923434733112,
    "1e-08": 0.23313687709721853,
    "1e-06": 0.27287628859662444,
    "0.0001": 0.3188374485356544,
    "0.01": 0.41574305705560416,
    "1.0": 0.5481329452036023
  },
  "val_metrics": {
    "nmse": 0.22540923434733112,
    "rmse": 0.06012989963662984
  },
  "test_metrics": {
    "nmse": 0.1774618363853956,
    "rmse": 0.04808596068603019
  },
  "timing": {
    "train_states_s": 0.01782880000246223,
    "ridge_select_s": 0.012611699999979464,
    "total_s": 0.05172769999990123
  },
  "timestamp": "2026-04-16T18:21:28.228086+00:00"
}