{
  "sweep_name": "region_selection_multitask_v1_narma10",
  "config_id": "c82084527fd4",
  "seed": 1024,
  "config_point": {
    "spectral_radius": 0.9,
    "input_scaling": 0.15,
    "leak_rate": 0.8
  },
  "best_ridge": 1e-10,
  "val_curve": {
    "1e-10": 0.1585642634808038,
    "1e-08": 0.16688257021294614,
    "1e-06": 0.195809150263308,
    "0.0001": 0.2519359952785727,
    "0.01": 0.3560024951109307,
    "1.0": 0.5167072425320273
  },
  "val_metrics": {
    "nmse": 0.1585642634808038,
    "rmse": 0.05043212691010754
  },
  "test_metrics": {
    "nmse": 0.10656779949617345,
    "rmse": 0.03726308528318351
  },
  "timing": {
    "train_states_s": 0.017914200001541758,
    "ridge_select_s": 0.014575699999113567,
    "total_s": 0.05445710000276449
  },
  "timestamp": "2026-04-16T18:21:50.797447+00:00"
}