{
  "sweep_name": "region_selection_multitask_v1_narma10",
  "config_id": "c82084527fd4",
  "seed": 456,
  "config_point": {
    "spectral_radius": 0.9,
    "input_scaling": 0.15,
    "leak_rate": 0.8
  },
  "best_ridge": 1e-10,
  "val_curve": {
    "1e-10": 0.09901337830449382,
    "1e-08": 0.0991111489664843,
    "1e-06": 0.10824369470482643,
    "0.0001": 0.14941949358949067,
    "0.01": 0.24167060836148133,
    "1.0": 0.39098312003535285
  },
  "val_metrics": {
    "nmse": 0.09901337830449382,
    "rmse": 0.03194450069252595
  },
  "test_metrics": {
    "nmse": 0.10216106365435614,
    "rmse": 0.03364845697660274
  },
  "timing": {
    "train_states_s": 0.01795280000078492,
    "ridge_select_s": 0.011909699998795986,
    "total_s": 0.05351320000045234
  },
  "timestamp": "2026-04-16T18:21:50.661215+00:00"
}