{
  "sweep_name": "region_selection_multitask_v1_narma10",
  "config_id": "c8503090418a",
  "seed": 42,
  "config_point": {
    "spectral_radius": 0.6,
    "input_scaling": 0.4,
    "leak_rate": 0.9
  },
  "best_ridge": 1e-10,
  "val_curve": {
    "1e-10": 0.14832626561399576,
    "1e-08": 0.16101176250845486,
    "1e-06": 0.19849187677525873,
    "0.0001": 0.27625867560728823,
    "0.01": 0.45700821397620495,
    "1.0": 0.7323448067097014
  },
  "val_metrics": {
    "nmse": 0.14832626561399576,
    "rmse": 0.047513314802042524
  },
  "test_metrics": {
    "nmse": 0.12210088899124788,
    "rmse": 0.03550297817985266
  },
  "timing": {
    "train_states_s": 0.01856219999899622,
    "ridge_select_s": 0.012792300000000978,
    "total_s": 0.0836118000006536
  },
  "timestamp": "2026-04-16T18:21:18.825506+00:00"
}