{
  "sweep_name": "region_selection_multitask_v1_narma10",
  "config_id": "c8503090418a",
  "seed": 1024,
  "config_point": {
    "spectral_radius": 0.6,
    "input_scaling": 0.4,
    "leak_rate": 0.9
  },
  "best_ridge": 1e-10,
  "val_curve": {
    "1e-10": 0.22516100990272167,
    "1e-08": 0.23759887278404254,
    "1e-06": 0.2672373108997459,
    "0.0001": 0.3496681068906202,
    "0.01": 0.6184982973113211,
    "1.0": 0.7362362185775642
  },
  "val_metrics": {
    "nmse": 0.22516100990272167,
    "rmse": 0.060096782487813645
  },
  "test_metrics": {
    "nmse": 0.1624901150035825,
    "rmse": 0.0460128659388423
  },
  "timing": {
    "train_states_s": 0.01809099999809405,
    "ridge_select_s": 0.013552700002037454,
    "total_s": 0.05407259999992675
  },
  "timestamp": "2026-04-16T18:21:19.106991+00:00"
}