{
  "sweep_name": "region_selection_multitask_v1_narma10",
  "config_id": "c8503090418a",
  "seed": 789,
  "config_point": {
    "spectral_radius": 0.6,
    "input_scaling": 0.4,
    "leak_rate": 0.9
  },
  "best_ridge": 1e-10,
  "val_curve": {
    "1e-10": 0.17329319763376796,
    "1e-08": 0.18027234003558926,
    "1e-06": 0.2113164982607433,
    "0.0001": 0.2746582055383771,
    "0.01": 0.546398252117634,
    "1.0": 0.7946150110189251
  },
  "val_metrics": {
    "nmse": 0.17329319763376796,
    "rmse": 0.04602843300578201
  },
  "test_metrics": {
    "nmse": 0.13439968411690656,
    "rmse": 0.038992276788766385
  },
  "timing": {
    "train_states_s": 0.018845800001145108,
    "ridge_select_s": 0.012562699997943128,
    "total_s": 0.05444350000107079
  },
  "timestamp": "2026-04-16T18:21:19.037457+00:00"
}