{
  "sweep_name": "region_selection_multitask_v1_narma10",
  "config_id": "ce0331293b2e",
  "seed": 456,
  "config_point": {
    "spectral_radius": 0.9,
    "input_scaling": 0.4,
    "leak_rate": 0.7
  },
  "best_ridge": 1e-08,
  "val_curve": {
    "1e-10": 0.14431339018286013,
    "1e-08": 0.14425710514864484,
    "1e-06": 0.14518637010988208,
    "0.0001": 0.1634699292253741,
    "0.01": 0.21378120619239896,
    "1.0": 0.33040987456332166
  },
  "val_metrics": {
    "nmse": 0.14425710514864484,
    "rmse": 0.03855829052871929
  },
  "test_metrics": {
    "nmse": 0.14357773527364792,
    "rmse": 0.03989018035340956
  },
  "timing": {
    "train_states_s": 0.01809769999817945,
    "ridge_select_s": 0.012701600000582403,
    "total_s": 0.054947900000115624
  },
  "timestamp": "2026-04-16T18:21:56.681898+00:00"
}