{
  "sweep_name": "region_selection_multitask_v1_narma10",
  "config_id": "ce0331293b2e",
  "seed": 1024,
  "config_point": {
    "spectral_radius": 0.9,
    "input_scaling": 0.4,
    "leak_rate": 0.7
  },
  "best_ridge": 1e-08,
  "val_curve": {
    "1e-10": 0.1980036889670724,
    "1e-08": 0.19756890612180117,
    "1e-06": 0.20151366506077928,
    "0.0001": 0.23144561105491893,
    "0.01": 0.3035545498084676,
    "1.0": 0.4346626239334861
  },
  "val_metrics": {
    "nmse": 0.19756890612180117,
    "rmse": 0.05629423538254206
  },
  "test_metrics": {
    "nmse": 0.13952286313056167,
    "rmse": 0.042637182777939445
  },
  "timing": {
    "train_states_s": 0.019957399999839254,
    "ridge_select_s": 0.013897799999540439,
    "total_s": 0.05624600000010105
  },
  "timestamp": "2026-04-16T18:21:56.826791+00:00"
}