{
  "sweep_name": "region_selection_multitask_v1_narma10",
  "config_id": "ce0331293b2e",
  "seed": 42,
  "config_point": {
    "spectral_radius": 0.9,
    "input_scaling": 0.4,
    "leak_rate": 0.7
  },
  "best_ridge": 1e-10,
  "val_curve": {
    "1e-10": 0.13750448549425695,
    "1e-08": 0.13803530995711988,
    "1e-06": 0.14884683553748862,
    "0.0001": 0.174001526846562,
    "0.01": 0.2074971434461633,
    "1.0": 0.3756904200431705
  },
  "val_metrics": {
    "nmse": 0.13750448549425695,
    "rmse": 0.045747222529898914
  },
  "test_metrics": {
    "nmse": 0.15976515236205605,
    "rmse": 0.040611254149564194
  },
  "timing": {
    "train_states_s": 0.01807149999876856,
    "ridge_select_s": 0.011967099999310449,
    "total_s": 0.05934950000300887
  },
  "timestamp": "2026-04-16T18:21:56.544487+00:00"
}