{
  "sweep_name": "region_selection_multitask_v1_narma10",
  "config_id": "ce0331293b2e",
  "seed": 789,
  "config_point": {
    "spectral_radius": 0.9,
    "input_scaling": 0.4,
    "leak_rate": 0.7
  },
  "best_ridge": 1e-08,
  "val_curve": {
    "1e-10": 0.18320256182135872,
    "1e-08": 0.18262976377662984,
    "1e-06": 0.18671979911354522,
    "0.0001": 0.22004864002989125,
    "0.01": 0.26945132499494917,
    "1.0": 0.42278111519797856
  },
  "val_metrics": {
    "nmse": 0.18262976377662984,
    "rmse": 0.0472521105063705
  },
  "test_metrics": {
    "nmse": 0.14706204488067248,
    "rmse": 0.040787752089298836
  },
  "timing": {
    "train_states_s": 0.019405499999265885,
    "ridge_select_s": 0.013843299999280134,
    "total_s": 0.0567752000024484
  },
  "timestamp": "2026-04-16T18:21:56.755222+00:00"
}