{
  "sweep_name": "region_selection_multitask_v1_narma10",
  "config_id": "ceee6b7602f2",
  "seed": 42,
  "config_point": {
    "spectral_radius": 0.7,
    "input_scaling": 0.05,
    "leak_rate": 0.7
  },
  "best_ridge": 1e-10,
  "val_curve": {
    "1e-10": 0.1800819940596237,
    "1e-08": 0.25738506470505645,
    "1e-06": 0.29111072682288625,
    "0.0001": 0.31878840038539646,
    "0.01": 0.40866522363504587,
    "1.0": 0.8499070763916272
  },
  "val_metrics": {
    "nmse": 0.1800819940596237,
    "rmse": 0.05235298448109134
  },
  "test_metrics": {
    "nmse": 0.18866722511449732,
    "rmse": 0.044131999392639634
  },
  "timing": {
    "train_states_s": 0.018101699999533594,
    "ridge_select_s": 0.012617000000318512,
    "total_s": 0.07317039999907138
  },
  "timestamp": "2026-04-16T18:21:20.254151+00:00"
}