{
  "sweep_name": "region_selection_multitask_v1_narma10",
  "config_id": "ceee6b7602f2",
  "seed": 1024,
  "config_point": {
    "spectral_radius": 0.7,
    "input_scaling": 0.05,
    "leak_rate": 0.7
  },
  "best_ridge": 1e-10,
  "val_curve": {
    "1e-10": 0.24024473272119715,
    "1e-08": 0.29278249711091575,
    "1e-06": 0.35041192327191634,
    "0.0001": 0.38209879261894364,
    "0.01": 0.5591661957011534,
    "1.0": 0.928377334849771
  },
  "val_metrics": {
    "nmse": 0.24024473272119715,
    "rmse": 0.06207712061365048
  },
  "test_metrics": {
    "nmse": 0.18113334630329797,
    "rmse": 0.048580839640109376
  },
  "timing": {
    "train_states_s": 0.018007300001045223,
    "ridge_select_s": 0.011796300001151394,
    "total_s": 0.051364099999773316
  },
  "timestamp": "2026-04-16T18:21:20.530324+00:00"
}