{
  "sweep_name": "region_selection_multitask_v1_narma10",
  "config_id": "ceee6b7602f2",
  "seed": 789,
  "config_point": {
    "spectral_radius": 0.7,
    "input_scaling": 0.05,
    "leak_rate": 0.7
  },
  "best_ridge": 1e-10,
  "val_curve": {
    "1e-10": 0.21047605925777424,
    "1e-08": 0.2617782769275203,
    "1e-06": 0.3079437472701538,
    "0.0001": 0.3334445217329924,
    "0.01": 0.48985630908764066,
    "1.0": 0.8772231912321166
  },
  "val_metrics": {
    "nmse": 0.21047605925777424,
    "rmse": 0.050726720297190823
  },
  "test_metrics": {
    "nmse": 0.177139810182757,
    "rmse": 0.04476489376830472
  },
  "timing": {
    "train_states_s": 0.019125099999655504,
    "ridge_select_s": 0.013153299998521106,
    "total_s": 0.05517350000081933
  },
  "timestamp": "2026-04-16T18:21:20.464134+00:00"
}