{
  "sweep_name": "region_selection_multitask_v1_narma10",
  "config_id": "ceee6b7602f2",
  "seed": 456,
  "config_point": {
    "spectral_radius": 0.7,
    "input_scaling": 0.05,
    "leak_rate": 0.7
  },
  "best_ridge": 1e-10,
  "val_curve": {
    "1e-10": 0.15563773780322585,
    "1e-08": 0.2008293134049456,
    "1e-06": 0.25616450864618606,
    "0.0001": 0.3030821318960708,
    "0.01": 0.4062978429690332,
    "1.0": 0.7269974144186917
  },
  "val_metrics": {
    "nmse": 0.15563773780322585,
    "rmse": 0.04005037803780842
  },
  "test_metrics": {
    "nmse": 0.15860624782722457,
    "rmse": 0.041925919492831976
  },
  "timing": {
    "train_states_s": 0.01806379999834462,
    "ridge_select_s": 0.012898900000436697,
    "total_s": 0.05489839999791002
  },
  "timestamp": "2026-04-16T18:21:20.393559+00:00"
}