{
  "sweep_name": "region_selection_multitask_v1_narma10",
  "config_id": "ceee6b7602f2",
  "seed": 123,
  "config_point": {
    "spectral_radius": 0.7,
    "input_scaling": 0.05,
    "leak_rate": 0.7
  },
  "best_ridge": 1e-10,
  "val_curve": {
    "1e-10": 0.21192976916540962,
    "1e-08": 0.2500526003178362,
    "1e-06": 0.29248615119947097,
    "0.0001": 0.34923581507370166,
    "0.01": 0.532700725852351,
    "1.0": 0.9734931034892437
  },
  "val_metrics": {
    "nmse": 0.21192976916540962,
    "rmse": 0.04501082476985173
  },
  "test_metrics": {
    "nmse": 0.19994271608865646,
    "rmse": 0.04616645555937375
  },
  "timing": {
    "train_states_s": 0.01905770000303164,
    "ridge_select_s": 0.013184100000216858,
    "total_s": 0.05547410000144737
  },
  "timestamp": "2026-04-16T18:21:20.323821+00:00"
}