{
  "sweep_name": "region_selection_multitask_v1_narma10",
  "config_id": "d1d6c7e29003",
  "seed": 789,
  "config_point": {
    "spectral_radius": 0.6,
    "input_scaling": 0.05,
    "leak_rate": 0.9
  },
  "best_ridge": 1e-10,
  "val_curve": {
    "1e-10": 0.20562053709544495,
    "1e-08": 0.2250443995289211,
    "1e-06": 0.26048707652137604,
    "0.0001": 0.4906119001786337,
    "0.01": 0.776919607241199,
    "1.0": 1.1793881913770143
  },
  "val_metrics": {
    "nmse": 0.20562053709544495,
    "rmse": 0.05013819289837542
  },
  "test_metrics": {
    "nmse": 0.1646207590855455,
    "rmse": 0.04315407089334472
  },
  "timing": {
    "train_states_s": 0.01881639999919571,
    "ridge_select_s": 0.012304500000027474,
    "total_s": 0.05376500000056694
  },
  "timestamp": "2026-04-16T18:21:08.337097+00:00"
}