{
  "sweep_name": "region_selection_multitask_v1_narma10",
  "config_id": "d1d6c7e29003",
  "seed": 123,
  "config_point": {
    "spectral_radius": 0.6,
    "input_scaling": 0.05,
    "leak_rate": 0.9
  },
  "best_ridge": 1e-10,
  "val_curve": {
    "1e-10": 0.1711463536897047,
    "1e-08": 0.18281697899584243,
    "1e-06": 0.22735442188287788,
    "0.0001": 0.48909245672358304,
    "0.01": 0.8165771875509039,
    "1.0": 1.2862294443541031
  },
  "val_metrics": {
    "nmse": 0.1711463536897047,
    "rmse": 0.04044872287771878
  },
  "test_metrics": {
    "nmse": 0.1695882459001787,
    "rmse": 0.042517881103989234
  },
  "timing": {
    "train_states_s": 0.018916299999546027,
    "ridge_select_s": 0.012287999998079613,
    "total_s": 0.054078900000604335
  },
  "timestamp": "2026-04-16T18:21:08.198179+00:00"
}