{
  "sweep_name": "region_selection_multitask_v1_narma10",
  "config_id": "d1d6c7e29003",
  "seed": 1024,
  "config_point": {
    "spectral_radius": 0.6,
    "input_scaling": 0.05,
    "leak_rate": 0.9
  },
  "best_ridge": 1e-10,
  "val_curve": {
    "1e-10": 0.24164111848050898,
    "1e-08": 0.2725036914798644,
    "1e-06": 0.3233116379440914,
    "0.0001": 0.591195144951555,
    "0.01": 0.730111928700791,
    "1.0": 1.2124965789616455
  },
  "val_metrics": {
    "nmse": 0.24164111848050898,
    "rmse": 0.06225726610977753
  },
  "test_metrics": {
    "nmse": 0.17057621319774885,
    "rmse": 0.047143849946603034
  },
  "timing": {
    "train_states_s": 0.017999100000452017,
    "ridge_select_s": 0.011880300000484567,
    "total_s": 0.05118599999696016
  },
  "timestamp": "2026-04-16T18:21:08.403025+00:00"
}