{
  "sweep_name": "region_selection_multitask_v1_narma10",
  "config_id": "d2b660b589fa",
  "seed": 1024,
  "config_point": {
    "spectral_radius": 1.1,
    "input_scaling": 0.15,
    "leak_rate": 0.7
  },
  "best_ridge": 1e-10,
  "val_curve": {
    "1e-10": 0.14074057610785895,
    "1e-08": 0.14196750846999642,
    "1e-06": 0.16248398466105785,
    "0.0001": 0.21892589599560672,
    "0.01": 0.27926801479710783,
    "1.0": 0.38505305587780114
  },
  "val_metrics": {
    "nmse": 0.14074057610785895,
    "rmse": 0.04751320090313564
  },
  "test_metrics": {
    "nmse": 0.10951048674490882,
    "rmse": 0.03777406001765262
  },
  "timing": {
    "train_states_s": 0.01784330000009504,
    "ridge_select_s": 0.011733899998944253,
    "total_s": 0.05128349999722559
  },
  "timestamp": "2026-04-16T18:22:16.294427+00:00"
}