{
  "sweep_name": "region_selection_multitask_v1_narma10",
  "config_id": "d2b660b589fa",
  "seed": 456,
  "config_point": {
    "spectral_radius": 1.1,
    "input_scaling": 0.15,
    "leak_rate": 0.7
  },
  "best_ridge": 1e-06,
  "val_curve": {
    "1e-10": 0.203346830587255,
    "1e-08": 0.2033450494295487,
    "1e-06": 0.20318516493205802,
    "0.0001": 0.20695820951232835,
    "0.01": 0.24559557023846057,
    "1.0": 0.3466888093346452
  },
  "val_metrics": {
    "nmse": 0.20318516493205802,
    "rmse": 0.04576096380032926
  },
  "test_metrics": {
    "nmse": 0.22050422393147534,
    "rmse": 0.049434586644956056
  },
  "timing": {
    "train_states_s": 0.01786770000035176,
    "ridge_select_s": 0.012552799998957198,
    "total_s": 0.05405899999823305
  },
  "timestamp": "2026-04-16T18:22:16.162286+00:00"
}