{
  "sweep_name": "region_selection_multitask_v1_narma10",
  "config_id": "d2b660b589fa",
  "seed": 789,
  "config_point": {
    "spectral_radius": 1.1,
    "input_scaling": 0.15,
    "leak_rate": 0.7
  },
  "best_ridge": 1e-10,
  "val_curve": {
    "1e-10": 0.13902261606003197,
    "1e-08": 0.13935200013198554,
    "1e-06": 0.15932537504973965,
    "0.0001": 0.22056783848926906,
    "0.01": 0.266615861183922,
    "1.0": 0.43309265622641946
  },
  "val_metrics": {
    "nmse": 0.13902261606003197,
    "rmse": 0.0412266608487397
  },
  "test_metrics": {
    "nmse": 0.11720714836459994,
    "rmse": 0.03641300498555066
  },
  "timing": {
    "train_states_s": 0.017871100000775186,
    "ridge_select_s": 0.011704500000632834,
    "total_s": 0.051345100000617094
  },
  "timestamp": "2026-04-16T18:22:16.228400+00:00"
}