{
  "sweep_name": "region_selection_multitask_v1_narma10",
  "config_id": "d2b660b589fa",
  "seed": 123,
  "config_point": {
    "spectral_radius": 1.1,
    "input_scaling": 0.15,
    "leak_rate": 0.7
  },
  "best_ridge": 1e-08,
  "val_curve": {
    "1e-10": 0.12865506812947983,
    "1e-08": 0.128597249230114,
    "1e-06": 0.14207282287055434,
    "0.0001": 0.2004954607432833,
    "0.01": 0.25495296696646597,
    "1.0": 0.36210045134107416
  },
  "val_metrics": {
    "nmse": 0.128597249230114,
    "rmse": 0.03506201149840446
  },
  "test_metrics": {
    "nmse": 0.11729771048378476,
    "rmse": 0.035360508903945966
  },
  "timing": {
    "train_states_s": 0.017928900000697467,
    "ridge_select_s": 0.012419599999702768,
    "total_s": 0.05268609999984619
  },
  "timestamp": "2026-04-16T18:22:16.093472+00:00"
}