{
  "sweep_name": "region_selection_multitask_v1_narma10",
  "config_id": "d3e30772a0a7",
  "seed": 42,
  "config_point": {
    "spectral_radius": 0.6,
    "input_scaling": 0.15,
    "leak_rate": 0.8
  },
  "best_ridge": 1e-10,
  "val_curve": {
    "1e-10": 0.1377024955970155,
    "1e-08": 0.19605880225802966,
    "1e-06": 0.2574202788796361,
    "0.0001": 0.3048547939046308,
    "0.01": 0.4815465665722415,
    "1.0": 0.8083991502920541
  },
  "val_metrics": {
    "nmse": 0.1377024955970155,
    "rmse": 0.045780149286648045
  },
  "test_metrics": {
    "nmse": 0.13982862592180773,
    "rmse": 0.03799298511691297
  },
  "timing": {
    "train_states_s": 0.018849200001568533,
    "ridge_select_s": 0.01198610000210465,
    "total_s": 0.05804609999904642
  },
  "timestamp": "2026-04-16T18:21:12.021008+00:00"
}