{
  "sweep_name": "region_selection_multitask_v1_narma10",
  "config_id": "d3e30772a0a7",
  "seed": 1024,
  "config_point": {
    "spectral_radius": 0.6,
    "input_scaling": 0.15,
    "leak_rate": 0.8
  },
  "best_ridge": 1e-10,
  "val_curve": {
    "1e-10": 0.21100628867531337,
    "1e-08": 0.25865909317099817,
    "1e-06": 0.3212413361244891,
    "0.0001": 0.3982230692051182,
    "0.01": 0.6229182735616987,
    "1.0": 0.7823245025822119
  },
  "val_metrics": {
    "nmse": 0.21100628867531337,
    "rmse": 0.05817713451522045
  },
  "test_metrics": {
    "nmse": 0.15071561182884116,
    "rmse": 0.044314405951139
  },
  "timing": {
    "train_states_s": 0.018822199999704026,
    "ridge_select_s": 0.01297820000036154,
    "total_s": 0.05382420000023558
  },
  "timestamp": "2026-04-16T18:21:12.302522+00:00"
}