{
  "sweep_name": "region_selection_multitask_v1_narma10",
  "config_id": "d3e30772a0a7",
  "seed": 123,
  "config_point": {
    "spectral_radius": 0.6,
    "input_scaling": 0.15,
    "leak_rate": 0.8
  },
  "best_ridge": 1e-10,
  "val_curve": {
    "1e-10": 0.15099122810512933,
    "1e-08": 0.20876122105062536,
    "1e-06": 0.2540077192611699,
    "0.0001": 0.3267703617810583,
    "0.01": 0.617394598860489,
    "1.0": 0.8751870414398945
  },
  "val_metrics": {
    "nmse": 0.15099122810512933,
    "rmse": 0.03799241033323003
  },
  "test_metrics": {
    "nmse": 0.13307987485239497,
    "rmse": 0.03766430265198807
  },
  "timing": {
    "train_states_s": 0.018200400001660455,
    "ridge_select_s": 0.012495400002080714,
    "total_s": 0.053099100001418265
  },
  "timestamp": "2026-04-16T18:21:12.088981+00:00"
}