{
  "sweep_name": "region_selection_multitask_v1_narma10",
  "config_id": "d3e30772a0a7",
  "seed": 789,
  "config_point": {
    "spectral_radius": 0.6,
    "input_scaling": 0.15,
    "leak_rate": 0.8
  },
  "best_ridge": 1e-10,
  "val_curve": {
    "1e-10": 0.17470184297423783,
    "1e-08": 0.22376278176212616,
    "1e-06": 0.27737925131364516,
    "0.0001": 0.32761972659661887,
    "0.01": 0.5906633043648429,
    "1.0": 0.8642760151447676
  },
  "val_metrics": {
    "nmse": 0.17470184297423783,
    "rmse": 0.04621512962758271
  },
  "test_metrics": {
    "nmse": 0.13326827153779358,
    "rmse": 0.03882780619708492
  },
  "timing": {
    "train_states_s": 0.017934200001036515,
    "ridge_select_s": 0.012482599999202648,
    "total_s": 0.05303819999971893
  },
  "timestamp": "2026-04-16T18:21:12.227850+00:00"
}