{
  "sweep_name": "region_selection_multitask_v1_narma10",
  "config_id": "d3e30772a0a7",
  "seed": 456,
  "config_point": {
    "spectral_radius": 0.6,
    "input_scaling": 0.15,
    "leak_rate": 0.8
  },
  "best_ridge": 1e-10,
  "val_curve": {
    "1e-10": 0.11769595073863655,
    "1e-08": 0.15983984418493366,
    "1e-06": 0.22165154503734238,
    "0.0001": 0.2847643138435563,
    "0.01": 0.4830302452556459,
    "1.0": 0.7168761578416528
  },
  "val_metrics": {
    "nmse": 0.11769595073863655,
    "rmse": 0.03482811145894257
  },
  "test_metrics": {
    "nmse": 0.11895452079852974,
    "rmse": 0.03630888616510013
  },
  "timing": {
    "train_states_s": 0.018833699999959208,
    "ridge_select_s": 0.012319699999352451,
    "total_s": 0.056014499998127576
  },
  "timestamp": "2026-04-16T18:21:12.159938+00:00"
}