{
  "sweep_name": "region_selection_multitask_v1_narma10",
  "config_id": "d60a77474b87",
  "seed": 1024,
  "config_point": {
    "spectral_radius": 0.6,
    "input_scaling": 0.3,
    "leak_rate": 0.7
  },
  "best_ridge": 1e-10,
  "val_curve": {
    "1e-10": 0.21512985829519313,
    "1e-08": 0.24556917818110668,
    "1e-06": 0.2945431385993909,
    "0.0001": 0.3533211233179019,
    "0.01": 0.49223518372233505,
    "1.0": 0.6879145376142476
  },
  "val_metrics": {
    "nmse": 0.21512985829519313,
    "rmse": 0.058742844516305355
  },
  "test_metrics": {
    "nmse": 0.16146650872082408,
    "rmse": 0.04586770797543512
  },
  "timing": {
    "train_states_s": 0.018149499999708496,
    "ridge_select_s": 0.012672400000155903,
    "total_s": 0.052593399999750545
  },
  "timestamp": "2026-04-16T18:21:16.228694+00:00"
}