{
  "sweep_name": "region_selection_multitask_v1_narma10",
  "config_id": "d60a77474b87",
  "seed": 456,
  "config_point": {
    "spectral_radius": 0.6,
    "input_scaling": 0.3,
    "leak_rate": 0.7
  },
  "best_ridge": 1e-10,
  "val_curve": {
    "1e-10": 0.16476361267388215,
    "1e-08": 0.17739249027818627,
    "1e-06": 0.21481761372424715,
    "0.0001": 0.2873145123442091,
    "0.01": 0.3704240651278445,
    "1.0": 0.6094605014348257
  },
  "val_metrics": {
    "nmse": 0.16476361267388215,
    "rmse": 0.04120783689313514
  },
  "test_metrics": {
    "nmse": 0.16484388486684415,
    "rmse": 0.04274239672362207
  },
  "timing": {
    "train_states_s": 0.01811719999750494,
    "ridge_select_s": 0.012117599999328377,
    "total_s": 0.054347799999959534
  },
  "timestamp": "2026-04-16T18:21:16.091097+00:00"
}