{
  "sweep_name": "region_selection_multitask_v1_narma10",
  "config_id": "d60a77474b87",
  "seed": 789,
  "config_point": {
    "spectral_radius": 0.6,
    "input_scaling": 0.3,
    "leak_rate": 0.7
  },
  "best_ridge": 1e-10,
  "val_curve": {
    "1e-10": 0.20352421614381166,
    "1e-08": 0.22052933202960978,
    "1e-06": 0.2688143052058416,
    "0.0001": 0.3184655661350335,
    "0.01": 0.42533510155006227,
    "1.0": 0.7339129783614672
  },
  "val_metrics": {
    "nmse": 0.20352421614381166,
    "rmse": 0.04988195631117546
  },
  "test_metrics": {
    "nmse": 0.16596794791033795,
    "rmse": 0.043330288719362536
  },
  "timing": {
    "train_states_s": 0.01868340000146418,
    "ridge_select_s": 0.013489900000422494,
    "total_s": 0.05484889999934239
  },
  "timestamp": "2026-04-16T18:21:16.160864+00:00"
}