{
  "sweep_name": "region_selection_multitask_v1_narma10",
  "config_id": "d60a77474b87",
  "seed": 123,
  "config_point": {
    "spectral_radius": 0.6,
    "input_scaling": 0.3,
    "leak_rate": 0.7
  },
  "best_ridge": 1e-10,
  "val_curve": {
    "1e-10": 0.19145340702634933,
    "1e-08": 0.22289915437234994,
    "1e-06": 0.2654473605502804,
    "0.0001": 0.32502640555224144,
    "0.01": 0.44533199998402945,
    "1.0": 0.7521686930115173
  },
  "val_metrics": {
    "nmse": 0.19145340702634933,
    "rmse": 0.04278115821284394
  },
  "test_metrics": {
    "nmse": 0.16942421755521134,
    "rmse": 0.04249731415720242
  },
  "timing": {
    "train_states_s": 0.019538199998351047,
    "ridge_select_s": 0.012459800000215182,
    "total_s": 0.05507980000038515
  },
  "timestamp": "2026-04-16T18:21:16.021517+00:00"
}