{
  "sweep_name": "region_selection_multitask_v1_narma10",
  "config_id": "d7a95944c457",
  "seed": 123,
  "config_point": {
    "spectral_radius": 0.6,
    "input_scaling": 0.4,
    "leak_rate": 0.6
  },
  "best_ridge": 1e-10,
  "val_curve": {
    "1e-10": 0.22420918198196507,
    "1e-08": 0.24832080361488615,
    "1e-06": 0.2778632504123962,
    "0.0001": 0.33273759964466937,
    "0.01": 0.4051643394469939,
    "1.0": 0.6539170472574418
  },
  "val_metrics": {
    "nmse": 0.22420918198196507,
    "rmse": 0.046296449443349166
  },
  "test_metrics": {
    "nmse": 0.19814032311971258,
    "rmse": 0.04595789964927009
  },
  "timing": {
    "train_states_s": 0.018089500001224224,
    "ridge_select_s": 0.012394799996400252,
    "total_s": 0.0533212000009371
  },
  "timestamp": "2026-04-16T18:21:17.794981+00:00"
}