{
  "sweep_name": "region_selection_multitask_v1_narma10",
  "config_id": "d7a95944c457",
  "seed": 456,
  "config_point": {
    "spectral_radius": 0.6,
    "input_scaling": 0.4,
    "leak_rate": 0.6
  },
  "best_ridge": 1e-10,
  "val_curve": {
    "1e-10": 0.18347491619241243,
    "1e-08": 0.20094126114205013,
    "1e-06": 0.2298464819688253,
    "0.0001": 0.28673884854293413,
    "0.01": 0.3390006191721525,
    "1.0": 0.5249481739243401
  },
  "val_metrics": {
    "nmse": 0.18347491619241243,
    "rmse": 0.04348480370030245
  },
  "test_metrics": {
    "nmse": 0.17689599201132675,
    "rmse": 0.044277332321578385
  },
  "timing": {
    "train_states_s": 0.018614099997648736,
    "ridge_select_s": 0.012076000002707588,
    "total_s": 0.05587709999963408
  },
  "timestamp": "2026-04-16T18:21:17.865545+00:00"
}