{
  "sweep_name": "region_selection_multitask_v1_narma10",
  "config_id": "d8224f554bc3",
  "seed": 1024,
  "config_point": {
    "spectral_radius": 1.1,
    "input_scaling": 0.1,
    "leak_rate": 0.7
  },
  "best_ridge": 1e-10,
  "val_curve": {
    "1e-10": 0.13853379563754176,
    "1e-08": 0.14344601650521246,
    "1e-06": 0.17185581963842456,
    "0.0001": 0.2305177444112445,
    "0.01": 0.28800580478326726,
    "1.0": 0.4154810643994692
  },
  "val_metrics": {
    "nmse": 0.13853379563754176,
    "rmse": 0.047139231036887795
  },
  "test_metrics": {
    "nmse": 0.1069560353504184,
    "rmse": 0.03733089992205929
  },
  "timing": {
    "train_states_s": 0.017776900000171736,
    "ridge_select_s": 0.01209519999974873,
    "total_s": 0.05122029999984079
  },
  "timestamp": "2026-04-16T18:22:14.154255+00:00"
}