{
  "sweep_name": "region_selection_multitask_v1_narma10",
  "config_id": "d8224f554bc3",
  "seed": 789,
  "config_point": {
    "spectral_radius": 1.1,
    "input_scaling": 0.1,
    "leak_rate": 0.7
  },
  "best_ridge": 1e-10,
  "val_curve": {
    "1e-10": 0.12997179549713941,
    "1e-08": 0.13163955147477432,
    "1e-06": 0.16978938660310544,
    "0.0001": 0.2286907198956881,
    "0.01": 0.2703047024078194,
    "1.0": 0.5108316885789125
  },
  "val_metrics": {
    "nmse": 0.12997179549713941,
    "rmse": 0.03986208322514692
  },
  "test_metrics": {
    "nmse": 0.10933927046669427,
    "rmse": 0.03516961034452362
  },
  "timing": {
    "train_states_s": 0.017988599996897392,
    "ridge_select_s": 0.013530500000342727,
    "total_s": 0.06115779999890947
  },
  "timestamp": "2026-04-16T18:22:14.087825+00:00"
}