{
  "sweep_name": "region_selection_multitask_v1_narma10",
  "config_id": "d8224f554bc3",
  "seed": 42,
  "config_point": {
    "spectral_radius": 1.1,
    "input_scaling": 0.1,
    "leak_rate": 0.7
  },
  "best_ridge": 1e-10,
  "val_curve": {
    "1e-10": 0.16912011601984964,
    "1e-08": 0.1694306831131355,
    "1e-06": 0.18165566757697715,
    "0.0001": 0.200464002301904,
    "0.01": 0.2337949789631614,
    "1.0": 0.5234149615397231
  },
  "val_metrics": {
    "nmse": 0.16912011601984964,
    "rmse": 0.050734564051968516
  },
  "test_metrics": {
    "nmse": 0.16325923870234624,
    "rmse": 0.04105293920077229
  },
  "timing": {
    "train_states_s": 0.01798149999740417,
    "ridge_select_s": 0.012622500002180459,
    "total_s": 0.05213469999944209
  },
  "timestamp": "2026-04-16T18:22:13.871281+00:00"
}