{
  "sweep_name": "region_selection_multitask_v1_narma10",
  "config_id": "d8224f554bc3",
  "seed": 456,
  "config_point": {
    "spectral_radius": 1.1,
    "input_scaling": 0.1,
    "leak_rate": 0.7
  },
  "best_ridge": 1e-10,
  "val_curve": {
    "1e-10": 0.223427216871565,
    "1e-08": 0.22342892498980976,
    "1e-06": 0.22362198585623058,
    "0.0001": 0.2315741430515136,
    "0.01": 0.25536123076763895,
    "1.0": 0.3919873207485645
  },
  "val_metrics": {
    "nmse": 0.223427216871565,
    "rmse": 0.04798629314891718
  },
  "test_metrics": {
    "nmse": 0.2267498003727194,
    "rmse": 0.050129792528865416
  },
  "timing": {
    "train_states_s": 0.017908300000271993,
    "ridge_select_s": 0.01267560000269441,
    "total_s": 0.056389800000033574
  },
  "timestamp": "2026-04-16T18:22:14.011918+00:00"
}