{
  "sweep_name": "region_selection_multitask_v1_narma10",
  "config_id": "d8e9c3ab2524",
  "seed": 123,
  "config_point": {
    "spectral_radius": 0.6,
    "input_scaling": 0.4,
    "leak_rate": 0.8
  },
  "best_ridge": 1e-10,
  "val_curve": {
    "1e-10": 0.14509443542545625,
    "1e-08": 0.183504356064421,
    "1e-06": 0.2365688840275104,
    "0.0001": 0.29395177039635795,
    "0.01": 0.4665108919224325,
    "1.0": 0.7798649043898933
  },
  "val_metrics": {
    "nmse": 0.14509443542545625,
    "rmse": 0.03724314662824915
  },
  "test_metrics": {
    "nmse": 0.12234314441768117,
    "rmse": 0.03611299919873428
  },
  "timing": {
    "train_states_s": 0.018182800002250588,
    "ridge_select_s": 0.011941799999476643,
    "total_s": 0.052412100001674844
  },
  "timestamp": "2026-04-16T18:21:18.519216+00:00"
}