{
  "sweep_name": "region_selection_multitask_v1_narma10",
  "config_id": "d8e9c3ab2524",
  "seed": 456,
  "config_point": {
    "spectral_radius": 0.6,
    "input_scaling": 0.4,
    "leak_rate": 0.8
  },
  "best_ridge": 1e-10,
  "val_curve": {
    "1e-10": 0.13023315018580983,
    "1e-08": 0.14243440555077752,
    "1e-06": 0.19143546727908986,
    "0.0001": 0.2592457880649775,
    "0.01": 0.3691657851587087,
    "1.0": 0.6359402231710098
  },
  "val_metrics": {
    "nmse": 0.13023315018580983,
    "rmse": 0.036636159220991345
  },
  "test_metrics": {
    "nmse": 0.13009465910116397,
    "rmse": 0.0379710130631621
  },
  "timing": {
    "train_states_s": 0.018549299998994684,
    "ridge_select_s": 0.012035300002025906,
    "total_s": 0.0564632999994501
  },
  "timestamp": "2026-04-16T18:21:18.590512+00:00"
}