{
  "sweep_name": "region_selection_multitask_v1_narma10",
  "config_id": "d8e9c3ab2524",
  "seed": 42,
  "config_point": {
    "spectral_radius": 0.6,
    "input_scaling": 0.4,
    "leak_rate": 0.8
  },
  "best_ridge": 1e-10,
  "val_curve": {
    "1e-10": 0.13409722327296486,
    "1e-08": 0.16841621084589273,
    "1e-06": 0.21036873561816155,
    "0.0001": 0.27890782783888207,
    "0.01": 0.37992796801885037,
    "1.0": 0.6896567701921757
  },
  "val_metrics": {
    "nmse": 0.13409722327296486,
    "rmse": 0.04517687553945558
  },
  "test_metrics": {
    "nmse": 0.12806407465841213,
    "rmse": 0.0363595944444539
  },
  "timing": {
    "train_states_s": 0.01883520000046701,
    "ridge_select_s": 0.012423199998011114,
    "total_s": 0.09262769999986631
  },
  "timestamp": "2026-04-16T18:21:18.452258+00:00"
}