{
  "sweep_name": "region_selection_multitask_v1_narma10",
  "config_id": "d8e9c3ab2524",
  "seed": 789,
  "config_point": {
    "spectral_radius": 0.6,
    "input_scaling": 0.4,
    "leak_rate": 0.8
  },
  "best_ridge": 1e-10,
  "val_curve": {
    "1e-10": 0.1710827406064409,
    "1e-08": 0.18784063956429722,
    "1e-06": 0.2526910201403237,
    "0.0001": 0.29767804180606916,
    "0.01": 0.4543101710565758,
    "1.0": 0.750943771172881
  },
  "val_metrics": {
    "nmse": 0.1710827406064409,
    "rmse": 0.04573393093846372
  },
  "test_metrics": {
    "nmse": 0.132102762143911,
    "rmse": 0.03865764734768207
  },
  "timing": {
    "train_states_s": 0.017801499998313375,
    "ridge_select_s": 0.012385999998514308,
    "total_s": 0.05207519999748911
  },
  "timestamp": "2026-04-16T18:21:18.656975+00:00"
}