{
  "sweep_name": "region_selection_multitask_v1_narma10",
  "config_id": "d9ecd148e6ac",
  "seed": 1024,
  "config_point": {
    "spectral_radius": 0.8,
    "input_scaling": 0.3,
    "leak_rate": 0.9
  },
  "best_ridge": 1e-10,
  "val_curve": {
    "1e-10": 0.17082810065630355,
    "1e-08": 0.1736660635572891,
    "1e-06": 0.20754829222030746,
    "0.0001": 0.2419903662217864,
    "0.01": 0.3232621822402224,
    "1.0": 0.6191254178486714
  },
  "val_metrics": {
    "nmse": 0.17082810065630355,
    "rmse": 0.05234609429514022
  },
  "test_metrics": {
    "nmse": 0.12178617735145239,
    "rmse": 0.03983499902337769
  },
  "timing": {
    "train_states_s": 0.019272100002126535,
    "ridge_select_s": 0.012407600002916297,
    "total_s": 0.05365450000317651
  },
  "timestamp": "2026-04-16T18:21:42.407185+00:00"
}