{
  "sweep_name": "region_selection_multitask_v1_narma10",
  "config_id": "d9ecd148e6ac",
  "seed": 789,
  "config_point": {
    "spectral_radius": 0.8,
    "input_scaling": 0.3,
    "leak_rate": 0.9
  },
  "best_ridge": 1e-08,
  "val_curve": {
    "1e-10": 0.14935828840778947,
    "1e-08": 0.14900091645669516,
    "1e-06": 0.15942489699452966,
    "0.0001": 0.18161073436877118,
    "0.01": 0.25397166092414314,
    "1.0": 0.4842796129374805
  },
  "val_metrics": {
    "nmse": 0.14900091645669516,
    "rmse": 0.04268053966028114
  },
  "test_metrics": {
    "nmse": 0.112711859021955,
    "rmse": 0.03570789731273152
  },
  "timing": {
    "train_states_s": 0.01787780000086059,
    "ridge_select_s": 0.01256909999938216,
    "total_s": 0.05299949999971432
  },
  "timestamp": "2026-04-16T18:21:42.338577+00:00"
}