{
  "sweep_name": "region_selection_multitask_v1_narma10",
  "config_id": "d9ecd148e6ac",
  "seed": 42,
  "config_point": {
    "spectral_radius": 0.8,
    "input_scaling": 0.3,
    "leak_rate": 0.9
  },
  "best_ridge": 1e-10,
  "val_curve": {
    "1e-10": 0.10219442914455985,
    "1e-08": 0.10284995298155968,
    "1e-06": 0.11563175280240691,
    "0.0001": 0.13944757225156357,
    "0.01": 0.2739864316130826,
    "1.0": 0.4175837904312294
  },
  "val_metrics": {
    "nmse": 0.10219442914455985,
    "rmse": 0.039438456534258585
  },
  "test_metrics": {
    "nmse": 0.0885116362233721,
    "rmse": 0.03022773158522236
  },
  "timing": {
    "train_states_s": 0.018802800001139985,
    "ridge_select_s": 0.01309910000054515,
    "total_s": 0.09347640000123647
  },
  "timestamp": "2026-04-16T18:21:42.124069+00:00"
}