{
  "sweep_name": "region_selection_multitask_v1_narma10",
  "config_id": "d9ecd148e6ac",
  "seed": 456,
  "config_point": {
    "spectral_radius": 0.8,
    "input_scaling": 0.3,
    "leak_rate": 0.9
  },
  "best_ridge": 1e-08,
  "val_curve": {
    "1e-10": 0.09723367762873743,
    "1e-08": 0.09722202615111454,
    "1e-06": 0.10333588632177501,
    "0.0001": 0.1350450134010498,
    "0.01": 0.2033365508481099,
    "1.0": 0.3700868397689067
  },
  "val_metrics": {
    "nmse": 0.09722202615111454,
    "rmse": 0.031654211425534984
  },
  "test_metrics": {
    "nmse": 0.10473438493791092,
    "rmse": 0.034069604639342735
  },
  "timing": {
    "train_states_s": 0.017866099999082508,
    "ridge_select_s": 0.012153300001955358,
    "total_s": 0.05467700000008335
  },
  "timestamp": "2026-04-16T18:21:42.270494+00:00"
}