{
  "sweep_name": "region_selection_multitask_v1_narma10",
  "config_id": "d9ecd148e6ac",
  "seed": 123,
  "config_point": {
    "spectral_radius": 0.8,
    "input_scaling": 0.3,
    "leak_rate": 0.9
  },
  "best_ridge": 1e-10,
  "val_curve": {
    "1e-10": 0.09413587940013479,
    "1e-08": 0.0951374197577768,
    "1e-06": 0.13020682543995898,
    "0.0001": 0.16939540097387976,
    "0.01": 0.22811175908669956,
    "1.0": 0.4955794085702498
  },
  "val_metrics": {
    "nmse": 0.09413587940013479,
    "rmse": 0.029998433756105898
  },
  "test_metrics": {
    "nmse": 0.09368274498724367,
    "rmse": 0.03160119769282682
  },
  "timing": {
    "train_states_s": 0.01861769999959506,
    "ridge_select_s": 0.013628000000608154,
    "total_s": 0.05598509999981616
  },
  "timestamp": "2026-04-16T18:21:42.200764+00:00"
}