{
  "sweep_name": "region_selection_multitask_v1_narma10",
  "config_id": "da4cfa8dabb2",
  "seed": 789,
  "config_point": {
    "spectral_radius": 0.6,
    "input_scaling": 0.15,
    "leak_rate": 0.6
  },
  "best_ridge": 1e-10,
  "val_curve": {
    "1e-10": 0.2228486634679976,
    "1e-08": 0.26732800380882565,
    "1e-06": 0.30666085667238396,
    "0.0001": 0.3460636313750936,
    "0.01": 0.4502825541493954,
    "1.0": 0.7898784905658347
  },
  "val_metrics": {
    "nmse": 0.2228486634679976,
    "rmse": 0.05219638780365238
  },
  "test_metrics": {
    "nmse": 0.19877998634862398,
    "rmse": 0.047420463977264904
  },
  "timing": {
    "train_states_s": 0.018101100002240855,
    "ridge_select_s": 0.012507100000220817,
    "total_s": 0.05260920000000624
  },
  "timestamp": "2026-04-16T18:21:11.539464+00:00"
}