{
  "sweep_name": "region_selection_multitask_v1_narma10",
  "config_id": "da7e4d92e8cb",
  "seed": 789,
  "config_point": {
    "spectral_radius": 0.8,
    "input_scaling": 0.15,
    "leak_rate": 0.8
  },
  "best_ridge": 1e-10,
  "val_curve": {
    "1e-10": 0.13969262923003656,
    "1e-08": 0.15044515180010004,
    "1e-06": 0.17425560257724912,
    "0.0001": 0.2534694281871146,
    "0.01": 0.328460225458391,
    "1.0": 0.5155027282784079
  },
  "val_metrics": {
    "nmse": 0.13969262923003656,
    "rmse": 0.041325886446818734
  },
  "test_metrics": {
    "nmse": 0.10899024306207072,
    "rmse": 0.03511343213210305
  },
  "timing": {
    "train_states_s": 0.017864800000097603,
    "ridge_select_s": 0.012447299999621464,
    "total_s": 0.05239340000116499
  },
  "timestamp": "2026-04-16T18:21:37.621616+00:00"
}