{
  "sweep_name": "region_selection_multitask_v1_narma10",
  "config_id": "da7e4d92e8cb",
  "seed": 42,
  "config_point": {
    "spectral_radius": 0.8,
    "input_scaling": 0.15,
    "leak_rate": 0.8
  },
  "best_ridge": 1e-10,
  "val_curve": {
    "1e-10": 0.09749129119228915,
    "1e-08": 0.11371073874538742,
    "1e-06": 0.14206339127454445,
    "0.0001": 0.2648940978169345,
    "0.01": 0.3109856270220509,
    "1.0": 0.43614895248423924
  },
  "val_metrics": {
    "nmse": 0.09749129119228915,
    "rmse": 0.03852026003010234
  },
  "test_metrics": {
    "nmse": 0.09431232609151657,
    "rmse": 0.031202515003963475
  },
  "timing": {
    "train_states_s": 0.018074699997669086,
    "ridge_select_s": 0.012556799996673362,
    "total_s": 0.0637369000032777
  },
  "timestamp": "2026-04-16T18:21:37.415092+00:00"
}