{
  "sweep_name": "region_selection_multitask_v1_narma10",
  "config_id": "db21d0806e31",
  "seed": 456,
  "config_point": {
    "spectral_radius": 1.1,
    "input_scaling": 0.3,
    "leak_rate": 0.6
  },
  "best_ridge": 1e-06,
  "val_curve": {
    "1e-10": 0.20122531937398105,
    "1e-08": 0.2012251099179287,
    "1e-06": 0.2012099418376829,
    "0.0001": 0.20471415915147162,
    "0.01": 0.23994702702319096,
    "1.0": 0.30262628853081175
  },
  "val_metrics": {
    "nmse": 0.2012099418376829,
    "rmse": 0.04553799265175466
  },
  "test_metrics": {
    "nmse": 0.20326431453265836,
    "rmse": 0.04746276340897979
  },
  "timing": {
    "train_states_s": 0.018957500000396976,
    "ridge_select_s": 0.012955599999258993,
    "total_s": 0.05803620000006049
  },
  "timestamp": "2026-04-16T18:22:20.025655+00:00"
}