{
  "sweep_name": "region_selection_multitask_v1_narma10",
  "config_id": "db21d0806e31",
  "seed": 1024,
  "config_point": {
    "spectral_radius": 1.1,
    "input_scaling": 0.3,
    "leak_rate": 0.6
  },
  "best_ridge": 1e-10,
  "val_curve": {
    "1e-10": 0.19536876368746578,
    "1e-08": 0.19554380676652608,
    "1e-06": 0.20192410840568098,
    "0.0001": 0.22825391536641187,
    "0.01": 0.2801065044060677,
    "1.0": 0.3599017184928177
  },
  "val_metrics": {
    "nmse": 0.19536876368746578,
    "rmse": 0.05597990938978426
  },
  "test_metrics": {
    "nmse": 0.15647058551078902,
    "rmse": 0.045152537835841056
  },
  "timing": {
    "train_states_s": 0.018779000001813984,
    "ridge_select_s": 0.012004500000330154,
    "total_s": 0.05312749999939115
  },
  "timestamp": "2026-04-16T18:22:20.162105+00:00"
}