{
  "sweep_name": "region_selection_multitask_v1_narma10",
  "config_id": "db21d0806e31",
  "seed": 789,
  "config_point": {
    "spectral_radius": 1.1,
    "input_scaling": 0.3,
    "leak_rate": 0.6
  },
  "best_ridge": 1e-10,
  "val_curve": {
    "1e-10": 0.18434747743709493,
    "1e-08": 0.18436999669918702,
    "1e-06": 0.18959026133598575,
    "0.0001": 0.232650894339571,
    "0.01": 0.27520514396570206,
    "1.0": 0.34894080032743513
  },
  "val_metrics": {
    "nmse": 0.18434747743709493,
    "rmse": 0.04747380393881596
  },
  "test_metrics": {
    "nmse": 0.16747713963820762,
    "rmse": 0.04352684993947494
  },
  "timing": {
    "train_states_s": 0.018878400001995033,
    "ridge_select_s": 0.012436400000296999,
    "total_s": 0.05408499999975902
  },
  "timestamp": "2026-04-16T18:22:20.094407+00:00"
}