{
  "sweep_name": "region_selection_multitask_v1_narma10",
  "config_id": "dbe2e4b383cc",
  "seed": 42,
  "config_point": {
    "spectral_radius": 1.1,
    "input_scaling": 0.05,
    "leak_rate": 0.6
  },
  "best_ridge": 1e-10,
  "val_curve": {
    "1e-10": 0.20650036373111522,
    "1e-08": 0.2111087142457155,
    "1e-06": 0.22873093448288268,
    "0.0001": 0.24472940047022662,
    "0.01": 0.3012501531526406,
    "1.0": 0.7031128330250412
  },
  "val_metrics": {
    "nmse": 0.20650036373111522,
    "rmse": 0.05606175762864201
  },
  "test_metrics": {
    "nmse": 0.22354345715271126,
    "rmse": 0.04803815887012137
  },
  "timing": {
    "train_states_s": 0.017798500000935746,
    "ridge_select_s": 0.012334299997746712,
    "total_s": 0.06285940000088885
  },
  "timestamp": "2026-04-16T18:22:11.312003+00:00"
}