{
  "sweep_name": "region_selection_multitask_v1_narma10",
  "config_id": "dbe2e4b383cc",
  "seed": 789,
  "config_point": {
    "spectral_radius": 1.1,
    "input_scaling": 0.05,
    "leak_rate": 0.6
  },
  "best_ridge": 1e-10,
  "val_curve": {
    "1e-10": 0.15289285631077584,
    "1e-08": 0.17537008494819029,
    "1e-06": 0.234741488629581,
    "0.0001": 0.2666938538437371,
    "0.01": 0.293166419173598,
    "1.0": 0.6831172662724254
  },
  "val_metrics": {
    "nmse": 0.15289285631077584,
    "rmse": 0.043234359487737316
  },
  "test_metrics": {
    "nmse": 0.1391664449807254,
    "rmse": 0.039677722651454105
  },
  "timing": {
    "train_states_s": 0.017754600001353538,
    "ridge_select_s": 0.013224400001490721,
    "total_s": 0.05299569999988307
  },
  "timestamp": "2026-04-16T18:22:11.517003+00:00"
}