{
  "sweep_name": "region_selection_multitask_v1_narma10",
  "config_id": "dbe2e4b383cc",
  "seed": 1024,
  "config_point": {
    "spectral_radius": 1.1,
    "input_scaling": 0.05,
    "leak_rate": 0.6
  },
  "best_ridge": 1e-10,
  "val_curve": {
    "1e-10": 0.16930536066921031,
    "1e-08": 0.19297971578430742,
    "1e-06": 0.23530617641473073,
    "0.0001": 0.2675085346748708,
    "0.01": 0.3207293673233426,
    "1.0": 0.5493137553020663
  },
  "val_metrics": {
    "nmse": 0.16930536066921031,
    "rmse": 0.05211226883891348
  },
  "test_metrics": {
    "nmse": 0.1361081721180866,
    "rmse": 0.042112198256157286
  },
  "timing": {
    "train_states_s": 0.017924600000696955,
    "ridge_select_s": 0.011478500000521308,
    "total_s": 0.050849900002504
  },
  "timestamp": "2026-04-16T18:22:11.582165+00:00"
}