{
  "sweep_name": "region_selection_multitask_v1_narma10",
  "config_id": "dbe2e4b383cc",
  "seed": 123,
  "config_point": {
    "spectral_radius": 1.1,
    "input_scaling": 0.05,
    "leak_rate": 0.6
  },
  "best_ridge": 1e-10,
  "val_curve": {
    "1e-10": 0.1736688550666196,
    "1e-08": 0.18951317044143307,
    "1e-06": 0.23108164008860965,
    "0.0001": 0.2668995680297754,
    "0.01": 0.31717438896186695,
    "1.0": 0.5294635609216093
  },
  "val_metrics": {
    "nmse": 0.1736688550666196,
    "rmse": 0.040745716485014606
  },
  "test_metrics": {
    "nmse": 0.16682906403007733,
    "rmse": 0.04217058208714253
  },
  "timing": {
    "train_states_s": 0.017823599999246653,
    "ridge_select_s": 0.012050400000589434,
    "total_s": 0.05226500000208034
  },
  "timestamp": "2026-04-16T18:22:11.379136+00:00"
}