{
  "sweep_name": "region_selection_multitask_v1_narma10",
  "config_id": "dbe2e4b383cc",
  "seed": 456,
  "config_point": {
    "spectral_radius": 1.1,
    "input_scaling": 0.05,
    "leak_rate": 0.6
  },
  "best_ridge": 1e-10,
  "val_curve": {
    "1e-10": 0.1938829232381625,
    "1e-08": 0.1944219462276219,
    "1e-06": 0.20975274052848683,
    "0.0001": 0.24774696780000927,
    "0.01": 0.29130259942617964,
    "1.0": 0.48658484721598994
  },
  "val_metrics": {
    "nmse": 0.1938829232381625,
    "rmse": 0.04470117556317821
  },
  "test_metrics": {
    "nmse": 0.20733445232650566,
    "rmse": 0.04793560217933891
  },
  "timing": {
    "train_states_s": 0.017800699999497738,
    "ridge_select_s": 0.012567000001581619,
    "total_s": 0.05533039999863831
  },
  "timestamp": "2026-04-16T18:22:11.449132+00:00"
}