{
  "sweep_name": "region_selection_multitask_v1_narma10",
  "config_id": "dc4c45de4adf",
  "seed": 42,
  "config_point": {
    "spectral_radius": 1.0,
    "input_scaling": 0.1,
    "leak_rate": 1.0
  },
  "best_ridge": 1e-10,
  "val_curve": {
    "1e-10": 0.12841788159931214,
    "1e-08": 0.12847284299222872,
    "1e-06": 0.13401044384943378,
    "0.0001": 0.1592157769853297,
    "0.01": 0.1736113211297845,
    "1.0": 0.3689362311039148
  },
  "val_metrics": {
    "nmse": 0.12841788159931214,
    "rmse": 0.04420985084949571
  },
  "test_metrics": {
    "nmse": 0.109089715415331,
    "rmse": 0.0335580932834263
  },
  "timing": {
    "train_states_s": 0.017869500003143912,
    "ridge_select_s": 0.012987300000531832,
    "total_s": 0.06078170000182581
  },
  "timestamp": "2026-04-16T18:22:02.095247+00:00"
}