{
  "sweep_name": "region_selection_multitask_v1_narma10",
  "config_id": "dc4c45de4adf",
  "seed": 123,
  "config_point": {
    "spectral_radius": 1.0,
    "input_scaling": 0.1,
    "leak_rate": 1.0
  },
  "best_ridge": 1e-08,
  "val_curve": {
    "1e-10": 0.12392625241042386,
    "1e-08": 0.12370302213633472,
    "1e-06": 0.1265236636264656,
    "0.0001": 0.16373859522483034,
    "0.01": 0.1879341781220972,
    "1.0": 0.25219766679806194
  },
  "val_metrics": {
    "nmse": 0.12370302213633472,
    "rmse": 0.0343883345616605
  },
  "test_metrics": {
    "nmse": 0.1201531225730103,
    "rmse": 0.03578831654482107
  },
  "timing": {
    "train_states_s": 0.017884099997900194,
    "ridge_select_s": 0.013224799997260561,
    "total_s": 0.05362450000029639
  },
  "timestamp": "2026-04-16T18:22:02.163768+00:00"
}