{
  "sweep_name": "region_selection_multitask_v1_narma10",
  "config_id": "dc4c45de4adf",
  "seed": 456,
  "config_point": {
    "spectral_radius": 1.0,
    "input_scaling": 0.1,
    "leak_rate": 1.0
  },
  "best_ridge": 0.0001,
  "val_curve": {
    "1e-10": 0.17452185156354785,
    "1e-08": 0.17451806830142308,
    "1e-06": 0.17419492986897997,
    "0.0001": 0.17267422274558902,
    "0.01": 0.19497980300381934,
    "1.0": 0.324959725868371
  },
  "val_metrics": {
    "nmse": 0.17267422274558902,
    "rmse": 0.04218547269608256
  },
  "test_metrics": {
    "nmse": 0.17184171893857458,
    "rmse": 0.043640202251670084
  },
  "timing": {
    "train_states_s": 0.017921899998327717,
    "ridge_select_s": 0.011688000002322951,
    "total_s": 0.053800500001671026
  },
  "timestamp": "2026-04-16T18:22:02.232519+00:00"
}