{
  "sweep_name": "region_selection_multitask_v1_narma10",
  "config_id": "dc67d33a6091",
  "seed": 1024,
  "config_point": {
    "spectral_radius": 0.9,
    "input_scaling": 0.15,
    "leak_rate": 0.5
  },
  "best_ridge": 1e-10,
  "val_curve": {
    "1e-10": 0.20634345462250442,
    "1e-08": 0.2224986773109119,
    "1e-06": 0.2514046549361803,
    "0.0001": 0.3202707514853943,
    "0.01": 0.3965754407738966,
    "1.0": 0.49819294545026255
  },
  "val_metrics": {
    "nmse": 0.20634345462250442,
    "rmse": 0.05753074204315487
  },
  "test_metrics": {
    "nmse": 0.16646319064817303,
    "rmse": 0.04657200320598119
  },
  "timing": {
    "train_states_s": 0.01811490000181948,
    "ridge_select_s": 0.01588650000121561,
    "total_s": 0.05606600000101025
  },
  "timestamp": "2026-04-16T18:21:49.684110+00:00"
}