{
  "sweep_name": "region_selection_multitask_v1_narma10",
  "config_id": "dc67d33a6091",
  "seed": 456,
  "config_point": {
    "spectral_radius": 0.9,
    "input_scaling": 0.15,
    "leak_rate": 0.5
  },
  "best_ridge": 1e-10,
  "val_curve": {
    "1e-10": 0.1794866748297727,
    "1e-08": 0.19372138231440178,
    "1e-06": 0.2160589029280035,
    "0.0001": 0.2506344825568777,
    "0.01": 0.32271128778545355,
    "1.0": 0.41164775928602565
  },
  "val_metrics": {
    "nmse": 0.1794866748297727,
    "rmse": 0.043009586862430775
  },
  "test_metrics": {
    "nmse": 0.17846268231187545,
    "rmse": 0.0444729725683924
  },
  "timing": {
    "train_states_s": 0.01962909999929252,
    "ridge_select_s": 0.015304900000046473,
    "total_s": 0.06332409999959054
  },
  "timestamp": "2026-04-16T18:21:49.541355+00:00"
}