{
  "sweep_name": "region_selection_multitask_v1_narma10",
  "config_id": "dc67d33a6091",
  "seed": 123,
  "config_point": {
    "spectral_radius": 0.9,
    "input_scaling": 0.15,
    "leak_rate": 0.5
  },
  "best_ridge": 1e-10,
  "val_curve": {
    "1e-10": 0.21334302226398377,
    "1e-08": 0.2409790582464314,
    "1e-06": 0.2724333840957686,
    "0.0001": 0.3256468768720275,
    "0.01": 0.3777482666404361,
    "1.0": 0.4949935545289829
  },
  "val_metrics": {
    "nmse": 0.21334302226398377,
    "rmse": 0.04516065268538923
  },
  "test_metrics": {
    "nmse": 0.19616307609293143,
    "rmse": 0.04572801722049047
  },
  "timing": {
    "train_states_s": 0.01838080000015907,
    "ridge_select_s": 0.01263699999981327,
    "total_s": 0.05367599999954109
  },
  "timestamp": "2026-04-16T18:21:49.461747+00:00"
}