{
  "sweep_name": "region_selection_multitask_v1_narma10",
  "config_id": "dc754c86358d",
  "seed": 1024,
  "config_point": {
    "spectral_radius": 0.6,
    "input_scaling": 0.2,
    "leak_rate": 0.5
  },
  "best_ridge": 1e-10,
  "val_curve": {
    "1e-10": 0.23197356599487048,
    "1e-08": 0.2701528635702001,
    "1e-06": 0.30678548614338147,
    "0.0001": 0.3890287135410293,
    "0.01": 0.44278681023976846,
    "1.0": 0.6725605621188979
  },
  "val_metrics": {
    "nmse": 0.23197356599487048,
    "rmse": 0.060999163072357
  },
  "test_metrics": {
    "nmse": 0.19054540467673148,
    "rmse": 0.04982703571585175
  },
  "timing": {
    "train_states_s": 0.018825399998604553,
    "ridge_select_s": 0.012233699999342207,
    "total_s": 0.05282700000316254
  },
  "timestamp": "2026-04-16T18:21:13.360766+00:00"
}