{
  "sweep_name": "region_selection_multitask_v1_narma10",
  "config_id": "dc754c86358d",
  "seed": 789,
  "config_point": {
    "spectral_radius": 0.6,
    "input_scaling": 0.2,
    "leak_rate": 0.5
  },
  "best_ridge": 1e-10,
  "val_curve": {
    "1e-10": 0.2340615416883009,
    "1e-08": 0.26303404260203384,
    "1e-06": 0.2946558725813162,
    "0.0001": 0.3487010256921362,
    "0.01": 0.40281713902562294,
    "1.0": 0.7239684209931145
  },
  "val_metrics": {
    "nmse": 0.2340615416883009,
    "rmse": 0.053493432111381724
  },
  "test_metrics": {
    "nmse": 0.21322041524164112,
    "rmse": 0.049112705963245316
  },
  "timing": {
    "train_states_s": 0.01880660000097123,
    "ridge_select_s": 0.01255479999963427,
    "total_s": 0.054248100001132116
  },
  "timestamp": "2026-04-16T18:21:13.293056+00:00"
}