{
  "sweep_name": "region_selection_multitask_v1_narma10",
  "config_id": "dc754c86358d",
  "seed": 42,
  "config_point": {
    "spectral_radius": 0.6,
    "input_scaling": 0.2,
    "leak_rate": 0.5
  },
  "best_ridge": 1e-10,
  "val_curve": {
    "1e-10": 0.18050109642733597,
    "1e-08": 0.21040893453990142,
    "1e-06": 0.2577741492434409,
    "0.0001": 0.3320962729608086,
    "0.01": 0.3771629306889721,
    "1.0": 0.6491090443767223
  },
  "val_metrics": {
    "nmse": 0.18050109642733597,
    "rmse": 0.05241386927082866
  },
  "test_metrics": {
    "nmse": 0.23854868212259459,
    "rmse": 0.0496242416903567
  },
  "timing": {
    "train_states_s": 0.017861000000266358,
    "ridge_select_s": 0.012221500001032837,
    "total_s": 0.06402359999992768
  },
  "timestamp": "2026-04-16T18:21:13.083841+00:00"
}