{
  "sweep_name": "region_selection_multitask_v1_narma10",
  "config_id": "dc754c86358d",
  "seed": 123,
  "config_point": {
    "spectral_radius": 0.6,
    "input_scaling": 0.2,
    "leak_rate": 0.5
  },
  "best_ridge": 1e-10,
  "val_curve": {
    "1e-10": 0.2566034950267516,
    "1e-08": 0.2895869533745148,
    "1e-06": 0.3113140785923059,
    "0.0001": 0.3755196789889224,
    "0.01": 0.4307987831751498,
    "1.0": 0.7098504692607498
  },
  "val_metrics": {
    "nmse": 0.2566034950267516,
    "rmse": 0.04952816890270227
  },
  "test_metrics": {
    "nmse": 0.21949591594284934,
    "rmse": 0.048371211078537604
  },
  "timing": {
    "train_states_s": 0.01877319999766769,
    "ridge_select_s": 0.013008300000365125,
    "total_s": 0.05470179999974789
  },
  "timestamp": "2026-04-16T18:21:13.153312+00:00"
}