{
  "sweep_name": "region_selection_multitask_v1_narma10",
  "config_id": "dceacae1b13c",
  "seed": 789,
  "config_point": {
    "spectral_radius": 1.0,
    "input_scaling": 0.15,
    "leak_rate": 0.7
  },
  "best_ridge": 1e-08,
  "val_curve": {
    "1e-10": 0.13161327218238536,
    "1e-08": 0.13149655441321825,
    "1e-06": 0.16775600201041527,
    "0.0001": 0.2254083961296418,
    "0.01": 0.2680628317745596,
    "1.0": 0.48001387912916116
  },
  "val_metrics": {
    "nmse": 0.13149655441321825,
    "rmse": 0.040095221672100737
  },
  "test_metrics": {
    "nmse": 0.10861125937060166,
    "rmse": 0.0350523303025426
  },
  "timing": {
    "train_states_s": 0.017869100000098115,
    "ridge_select_s": 0.012751499998557847,
    "total_s": 0.05293159999928321
  },
  "timestamp": "2026-04-16T18:22:03.400280+00:00"
}