{
  "sweep_name": "region_selection_multitask_v1_narma10",
  "config_id": "dceacae1b13c",
  "seed": 123,
  "config_point": {
    "spectral_radius": 1.0,
    "input_scaling": 0.15,
    "leak_rate": 0.7
  },
  "best_ridge": 1e-10,
  "val_curve": {
    "1e-10": 0.1284900295907569,
    "1e-08": 0.12947751921497658,
    "1e-06": 0.16585395682617354,
    "0.0001": 0.2225969607538884,
    "0.01": 0.29076349862461265,
    "1.0": 0.4055785717148215
  },
  "val_metrics": {
    "nmse": 0.1284900295907569,
    "rmse": 0.035047391744963824
  },
  "test_metrics": {
    "nmse": 0.11125880031584985,
    "rmse": 0.034438238185094276
  },
  "timing": {
    "train_states_s": 0.017888900001707952,
    "ridge_select_s": 0.011968499999056803,
    "total_s": 0.05197939999925438
  },
  "timestamp": "2026-04-16T18:22:03.264367+00:00"
}