{
  "sweep_name": "region_selection_multitask_v1_narma10",
  "config_id": "dceacae1b13c",
  "seed": 42,
  "config_point": {
    "spectral_radius": 1.0,
    "input_scaling": 0.15,
    "leak_rate": 0.7
  },
  "best_ridge": 1e-08,
  "val_curve": {
    "1e-10": 0.11232298858062645,
    "1e-08": 0.11130708892418412,
    "1e-06": 0.1456090885345433,
    "0.0001": 0.19497818412263823,
    "0.01": 0.22355759265404745,
    "1.0": 0.37528967937470165
  },
  "val_metrics": {
    "nmse": 0.11130708892418412,
    "rmse": 0.04115927452663485
  },
  "test_metrics": {
    "nmse": 0.13272024225589873,
    "rmse": 0.037014676271482416
  },
  "timing": {
    "train_states_s": 0.017839200001617428,
    "ridge_select_s": 0.01270190000286675,
    "total_s": 0.06269950000205426
  },
  "timestamp": "2026-04-16T18:22:03.197493+00:00"
}