{
  "sweep_name": "region_selection_multitask_v1_narma10",
  "config_id": "de029cf2303a",
  "seed": 789,
  "config_point": {
    "spectral_radius": 1.0,
    "input_scaling": 0.4,
    "leak_rate": 1.0
  },
  "best_ridge": 1e-06,
  "val_curve": {
    "1e-10": 0.17215827475701673,
    "1e-08": 0.17215826225771688,
    "1e-06": 0.17215718791209367,
    "0.0001": 0.17289795370033245,
    "0.01": 0.19953647501207883,
    "1.0": 0.2897905269956481
  },
  "val_metrics": {
    "nmse": 0.17215718791209367,
    "rmse": 0.045877317082608234
  },
  "test_metrics": {
    "nmse": 0.12581310644640661,
    "rmse": 0.0377261436031349
  },
  "timing": {
    "train_states_s": 0.017967899999348447,
    "ridge_select_s": 0.012716400000499561,
    "total_s": 0.05296010000165552
  },
  "timestamp": "2026-04-16T18:22:10.824548+00:00"
}