{
  "sweep_name": "region_selection_multitask_v1_narma10",
  "config_id": "de029cf2303a",
  "seed": 42,
  "config_point": {
    "spectral_radius": 1.0,
    "input_scaling": 0.4,
    "leak_rate": 1.0
  },
  "best_ridge": 1e-06,
  "val_curve": {
    "1e-10": 0.13977955397078803,
    "1e-08": 0.13977945031060707,
    "1e-06": 0.1397698188860386,
    "0.0001": 0.14093697012348616,
    "0.01": 0.16974383787532527,
    "1.0": 0.246499618840118
  },
  "val_metrics": {
    "nmse": 0.1397698188860386,
    "rmse": 0.04612251706405401
  },
  "test_metrics": {
    "nmse": 0.10114758128113506,
    "rmse": 0.03231343473921324
  },
  "timing": {
    "train_states_s": 0.01792610000120476,
    "ridge_select_s": 0.012410000003001187,
    "total_s": 0.05306140000175219
  },
  "timestamp": "2026-04-16T18:22:10.617413+00:00"
}