{
  "sweep_name": "region_selection_multitask_v1_narma10",
  "config_id": "de029cf2303a",
  "seed": 123,
  "config_point": {
    "spectral_radius": 1.0,
    "input_scaling": 0.4,
    "leak_rate": 1.0
  },
  "best_ridge": 0.0001,
  "val_curve": {
    "1e-10": 0.12602733910650502,
    "1e-08": 0.12602703463430004,
    "1e-06": 0.1259968726719663,
    "0.0001": 0.12461747637074728,
    "0.01": 0.14626797739791597,
    "1.0": 0.23500500650143916
  },
  "val_metrics": {
    "nmse": 0.12461747637074728,
    "rmse": 0.03451520557723614
  },
  "test_metrics": {
    "nmse": 0.11898195238271896,
    "rmse": 0.0356134694531512
  },
  "timing": {
    "train_states_s": 0.01794499999959953,
    "ridge_select_s": 0.012113500000850763,
    "total_s": 0.05229479999979958
  },
  "timestamp": "2026-04-16T18:22:10.684340+00:00"
}