{
  "sweep_name": "region_selection_multitask_v1_narma10",
  "config_id": "de029cf2303a",
  "seed": 456,
  "config_point": {
    "spectral_radius": 1.0,
    "input_scaling": 0.4,
    "leak_rate": 1.0
  },
  "best_ridge": 0.01,
  "val_curve": {
    "1e-10": 0.18051803568019814,
    "1e-08": 0.18051801508681906,
    "1e-06": 0.18051595689733257,
    "0.0001": 0.1803209171136891,
    "0.01": 0.17829263782581048,
    "1.0": 0.22665768725710334
  },
  "val_metrics": {
    "nmse": 0.17829263782581048,
    "rmse": 0.042866287273328495
  },
  "test_metrics": {
    "nmse": 0.19376231177013076,
    "rmse": 0.04634011467833232
  },
  "timing": {
    "train_states_s": 0.018533899998146808,
    "ridge_select_s": 0.012897799999336712,
    "total_s": 0.05701499999850057
  },
  "timestamp": "2026-04-16T18:22:10.756360+00:00"
}