{
  "sweep_name": "region_selection_multitask_v1_narma10",
  "config_id": "de8458ccd58c",
  "seed": 42,
  "config_point": {
    "spectral_radius": 1.1,
    "input_scaling": 0.3,
    "leak_rate": 1.0
  },
  "best_ridge": 1e-10,
  "val_curve": {
    "1e-10": 0.20560136108578736,
    "1e-08": 0.20560146251208378,
    "1e-06": 0.20561161136546993,
    "0.0001": 0.20666924173968573,
    "0.01": 0.24247544284683833,
    "1.0": 0.3260210646569632
  },
  "val_metrics": {
    "nmse": 0.20560136108578736,
    "rmse": 0.05593959164024115
  },
  "test_metrics": {
    "nmse": 0.17859990617713278,
    "rmse": 0.04293841268754684
  },
  "timing": {
    "train_states_s": 0.01905809999880148,
    "ridge_select_s": 0.012132199997722637,
    "total_s": 0.0619795000020531
  },
  "timestamp": "2026-04-16T18:22:21.358986+00:00"
}