{
  "sweep_name": "region_selection_multitask_v1_narma10",
  "config_id": "de8458ccd58c",
  "seed": 789,
  "config_point": {
    "spectral_radius": 1.1,
    "input_scaling": 0.3,
    "leak_rate": 1.0
  },
  "best_ridge": 0.0001,
  "val_curve": {
    "1e-10": 0.19740581396104528,
    "1e-08": 0.19740578095981856,
    "1e-06": 0.19740249239159588,
    "0.0001": 0.1971690705490293,
    "0.01": 0.21017640669986284,
    "1.0": 0.3178779472156878
  },
  "val_metrics": {
    "nmse": 0.1971690705490293,
    "rmse": 0.049096985400330403
  },
  "test_metrics": {
    "nmse": 0.14495092055860873,
    "rmse": 0.04049393297026608
  },
  "timing": {
    "train_states_s": 0.018611700001201825,
    "ridge_select_s": 0.012304699997912394,
    "total_s": 0.05363759999818285
  },
  "timestamp": "2026-04-16T18:22:21.566862+00:00"
}