{
  "sweep_name": "region_selection_multitask_v1_narma10",
  "config_id": "de8458ccd58c",
  "seed": 456,
  "config_point": {
    "spectral_radius": 1.1,
    "input_scaling": 0.3,
    "leak_rate": 1.0
  },
  "best_ridge": 0.01,
  "val_curve": {
    "1e-10": 0.26103905496952357,
    "1e-08": 0.26103905236820385,
    "1e-06": 0.2610387923219533,
    "0.0001": 0.26101368811479775,
    "0.01": 0.2609532565028879,
    "1.0": 0.3210012199491892
  },
  "val_metrics": {
    "nmse": 0.2609532565028879,
    "rmse": 0.051859762721037025
  },
  "test_metrics": {
    "nmse": 0.29371521920017846,
    "rmse": 0.05705394456505139
  },
  "timing": {
    "train_states_s": 0.018706899998505833,
    "ridge_select_s": 0.012047799998981645,
    "total_s": 0.05579659999784781
  },
  "timestamp": "2026-04-16T18:22:21.498463+00:00"
}