{
  "sweep_name": "region_selection_multitask_v1_narma10",
  "config_id": "de99317441ca",
  "seed": 456,
  "config_point": {
    "spectral_radius": 0.8,
    "input_scaling": 0.15,
    "leak_rate": 0.6
  },
  "best_ridge": 1e-10,
  "val_curve": {
    "1e-10": 0.15422675788340132,
    "1e-08": 0.17450550701478312,
    "1e-06": 0.20552427529689454,
    "0.0001": 0.24983679932441386,
    "0.01": 0.3283146230745738,
    "1.0": 0.4350784545222646
  },
  "val_metrics": {
    "nmse": 0.15422675788340132,
    "rmse": 0.039868420430592126
  },
  "test_metrics": {
    "nmse": 0.1590268049632761,
    "rmse": 0.04198146765696159
  },
  "timing": {
    "train_states_s": 0.01781969999865396,
    "ridge_select_s": 0.012575700002344092,
    "total_s": 0.05442320000292966
  },
  "timestamp": "2026-04-16T18:21:36.830004+00:00"
}