{
  "sweep_name": "region_selection_multitask_v1_narma10",
  "config_id": "de99317441ca",
  "seed": 42,
  "config_point": {
    "spectral_radius": 0.8,
    "input_scaling": 0.15,
    "leak_rate": 0.6
  },
  "best_ridge": 1e-10,
  "val_curve": {
    "1e-10": 0.15141928361440407,
    "1e-08": 0.16569309141659977,
    "1e-06": 0.19210905525442176,
    "0.0001": 0.2815064661118411,
    "0.01": 0.3369266270560672,
    "1.0": 0.44841416160349845
  },
  "val_metrics": {
    "nmse": 0.15141928361440407,
    "rmse": 0.04800615163449024
  },
  "test_metrics": {
    "nmse": 0.1795699065842757,
    "rmse": 0.043054856978164475
  },
  "timing": {
    "train_states_s": 0.017987200000789016,
    "ridge_select_s": 0.011945800000830786,
    "total_s": 0.07346949999919161
  },
  "timestamp": "2026-04-16T18:21:36.692897+00:00"
}