{
  "sweep_name": "region_selection_multitask_v1_narma10",
  "config_id": "de99317441ca",
  "seed": 1024,
  "config_point": {
    "spectral_radius": 0.8,
    "input_scaling": 0.15,
    "leak_rate": 0.6
  },
  "best_ridge": 1e-10,
  "val_curve": {
    "1e-10": 0.2015066703687732,
    "1e-08": 0.22000698888349102,
    "1e-06": 0.26646439774349506,
    "0.0001": 0.34777452758819033,
    "0.01": 0.4017565040422065,
    "1.0": 0.5607351569274903
  },
  "val_metrics": {
    "nmse": 0.2015066703687732,
    "rmse": 0.056852470368752614
  },
  "test_metrics": {
    "nmse": 0.15142246146235633,
    "rmse": 0.04441820070900676
  },
  "timing": {
    "train_states_s": 0.017941300000529736,
    "ridge_select_s": 0.012116199999582022,
    "total_s": 0.051739599999564234
  },
  "timestamp": "2026-04-16T18:21:36.966174+00:00"
}