{
  "sweep_name": "region_selection_multitask_v1_narma10",
  "config_id": "de99317441ca",
  "seed": 123,
  "config_point": {
    "spectral_radius": 0.8,
    "input_scaling": 0.15,
    "leak_rate": 0.6
  },
  "best_ridge": 1e-10,
  "val_curve": {
    "1e-10": 0.19073954689300862,
    "1e-08": 0.22307830277685092,
    "1e-06": 0.26191949882667925,
    "0.0001": 0.3145280084748439,
    "0.01": 0.3770403300448825,
    "1.0": 0.5524643763723041
  },
  "val_metrics": {
    "nmse": 0.19073954689300862,
    "rmse": 0.042701326036189945
  },
  "test_metrics": {
    "nmse": 0.17416245626373375,
    "rmse": 0.04308747154330835
  },
  "timing": {
    "train_states_s": 0.017874500001198612,
    "ridge_select_s": 0.012997399997402681,
    "total_s": 0.0531358000007458
  },
  "timestamp": "2026-04-16T18:21:36.760849+00:00"
}