{
  "sweep_name": "region_selection_multitask_v1_narma10",
  "config_id": "e02c3daaea07",
  "seed": 123,
  "config_point": {
    "spectral_radius": 1.0,
    "input_scaling": 0.2,
    "leak_rate": 0.8
  },
  "best_ridge": 1e-10,
  "val_curve": {
    "1e-10": 0.10283914502681588,
    "1e-08": 0.1030816480655119,
    "1e-06": 0.11754420495064344,
    "0.0001": 0.1459377580208457,
    "0.01": 0.23465107227947957,
    "1.0": 0.3522052212209892
  },
  "val_metrics": {
    "nmse": 0.10283914502681588,
    "rmse": 0.031354524364720984
  },
  "test_metrics": {
    "nmse": 0.10155456503565011,
    "rmse": 0.032902088353300135
  },
  "timing": {
    "train_states_s": 0.018001500000536907,
    "ridge_select_s": 0.012565300003188895,
    "total_s": 0.05382139999710489
  },
  "timestamp": "2026-04-16T18:22:05.775330+00:00"
}