{
  "sweep_name": "region_selection_multitask_v1_narma10",
  "config_id": "e02c3daaea07",
  "seed": 42,
  "config_point": {
    "spectral_radius": 1.0,
    "input_scaling": 0.2,
    "leak_rate": 0.8
  },
  "best_ridge": 1e-10,
  "val_curve": {
    "1e-10": 0.08543844351900887,
    "1e-08": 0.08545638800968276,
    "1e-06": 0.09653362508525937,
    "0.0001": 0.15068184731440287,
    "0.01": 0.20250649786499414,
    "1.0": 0.33616990891398174
  },
  "val_metrics": {
    "nmse": 0.08543844351900887,
    "rmse": 0.03606060120100703
  },
  "test_metrics": {
    "nmse": 0.08768604939722276,
    "rmse": 0.030086427661629885
  },
  "timing": {
    "train_states_s": 0.01811730000190437,
    "ridge_select_s": 0.01273360000050161,
    "total_s": 0.07997449999675155
  },
  "timestamp": "2026-04-16T18:22:05.706675+00:00"
}