{
  "sweep_name": "region_selection_multitask_v1_narma10",
  "config_id": "e02c3daaea07",
  "seed": 789,
  "config_point": {
    "spectral_radius": 1.0,
    "input_scaling": 0.2,
    "leak_rate": 0.8
  },
  "best_ridge": 1e-10,
  "val_curve": {
    "1e-10": 0.11838117110645098,
    "1e-08": 0.11853291121692879,
    "1e-06": 0.13171415371782563,
    "0.0001": 0.17086007500631428,
    "0.01": 0.23112470480070846,
    "1.0": 0.42134301968779225
  },
  "val_metrics": {
    "nmse": 0.11838117110645098,
    "rmse": 0.03804317440629515
  },
  "test_metrics": {
    "nmse": 0.09261207715592461,
    "rmse": 0.032367807545377214
  },
  "timing": {
    "train_states_s": 0.017883599997730926,
    "ridge_select_s": 0.011834599998110207,
    "total_s": 0.051509799999621464
  },
  "timestamp": "2026-04-16T18:22:05.911212+00:00"
}