{
  "sweep_name": "region_selection_multitask_v1_narma10",
  "config_id": "e265f3cf582e",
  "seed": 456,
  "config_point": {
    "spectral_radius": 0.8,
    "input_scaling": 0.1,
    "leak_rate": 0.5
  },
  "best_ridge": 1e-10,
  "val_curve": {
    "1e-10": 0.18876417970007472,
    "1e-08": 0.2133407968097564,
    "1e-06": 0.2466571895235279,
    "0.0001": 0.30073025852177704,
    "0.01": 0.36518460533682434,
    "1.0": 0.5012896286020853
  },
  "val_metrics": {
    "nmse": 0.18876417970007472,
    "rmse": 0.04410714602838498
  },
  "test_metrics": {
    "nmse": 0.18404399330047805,
    "rmse": 0.04516305113731081
  },
  "timing": {
    "train_states_s": 0.01827179999963846,
    "ridge_select_s": 0.011891400001331931,
    "total_s": 0.054879500003153225
  },
  "timestamp": "2026-04-16T18:21:34.391617+00:00"
}