{
  "sweep_name": "region_selection_multitask_v1_narma10",
  "config_id": "e265f3cf582e",
  "seed": 123,
  "config_point": {
    "spectral_radius": 0.8,
    "input_scaling": 0.1,
    "leak_rate": 0.5
  },
  "best_ridge": 1e-10,
  "val_curve": {
    "1e-10": 0.23621048788736834,
    "1e-08": 0.26671180522702387,
    "1e-06": 0.3124171291987373,
    "0.0001": 0.3499729891642641,
    "0.01": 0.4114291089445924,
    "1.0": 0.6325416253319831
  },
  "val_metrics": {
    "nmse": 0.23621048788736834,
    "rmse": 0.047519359328796654
  },
  "test_metrics": {
    "nmse": 0.21019138118098446,
    "rmse": 0.047334870254601306
  },
  "timing": {
    "train_states_s": 0.017886400000861613,
    "ridge_select_s": 0.012461300000722986,
    "total_s": 0.0526836999997613
  },
  "timestamp": "2026-04-16T18:21:34.322109+00:00"
}