{
  "sweep_name": "region_selection_multitask_v1_narma10",
  "config_id": "e265f3cf582e",
  "seed": 42,
  "config_point": {
    "spectral_radius": 0.8,
    "input_scaling": 0.1,
    "leak_rate": 0.5
  },
  "best_ridge": 1e-10,
  "val_curve": {
    "1e-10": 0.16628059861948993,
    "1e-08": 0.18807102355689573,
    "1e-06": 0.23880136389150558,
    "0.0001": 0.30644374679141906,
    "0.01": 0.35423477676914356,
    "1.0": 0.5270827552186089
  },
  "val_metrics": {
    "nmse": 0.16628059861948993,
    "rmse": 0.05030684584774591
  },
  "test_metrics": {
    "nmse": 0.21735837812765138,
    "rmse": 0.047368928936180464
  },
  "timing": {
    "train_states_s": 0.017891200001031393,
    "ridge_select_s": 0.012131800001952797,
    "total_s": 0.05324500000278931
  },
  "timestamp": "2026-04-16T18:21:34.254447+00:00"
}