{
  "sweep_name": "region_selection_multitask_v1_narma10",
  "config_id": "e265f3cf582e",
  "seed": 1024,
  "config_point": {
    "spectral_radius": 0.8,
    "input_scaling": 0.1,
    "leak_rate": 0.5
  },
  "best_ridge": 1e-10,
  "val_curve": {
    "1e-10": 0.21764270242181621,
    "1e-08": 0.24741930740459123,
    "1e-06": 0.30802708864897993,
    "0.0001": 0.3825495985825559,
    "0.01": 0.4198864214002287,
    "1.0": 0.6204882634558931
  },
  "val_metrics": {
    "nmse": 0.21764270242181621,
    "rmse": 0.059084924096634586
  },
  "test_metrics": {
    "nmse": 0.17553170525848732,
    "rmse": 0.04782374668857949
  },
  "timing": {
    "train_states_s": 0.017821400000684662,
    "ridge_select_s": 0.01217239999823505,
    "total_s": 0.05154160000165575
  },
  "timestamp": "2026-04-16T18:21:34.524618+00:00"
}