{
  "sweep_name": "region_selection_multitask_v1_narma10",
  "config_id": "e3f517fda7c3",
  "seed": 456,
  "config_point": {
    "spectral_radius": 0.9,
    "input_scaling": 0.4,
    "leak_rate": 1.0
  },
  "best_ridge": 0.0001,
  "val_curve": {
    "1e-10": 0.12104967632479888,
    "1e-08": 0.12104928337908535,
    "1e-06": 0.12101084862129571,
    "0.0001": 0.12021899281083144,
    "0.01": 0.15553830762240967,
    "1.0": 0.25920058223430664
  },
  "val_metrics": {
    "nmse": 0.12021899281083144,
    "rmse": 0.03519943621507165
  },
  "test_metrics": {
    "nmse": 0.11717325348618676,
    "rmse": 0.036036009685474345
  },
  "timing": {
    "train_states_s": 0.017893600001116283,
    "ridge_select_s": 0.01501319999806583,
    "total_s": 0.057342799998878036
  },
  "timestamp": "2026-04-16T18:21:57.866306+00:00"
}