{
  "sweep_name": "region_selection_multitask_v1_narma10",
  "config_id": "e3f517fda7c3",
  "seed": 1024,
  "config_point": {
    "spectral_radius": 0.9,
    "input_scaling": 0.4,
    "leak_rate": 1.0
  },
  "best_ridge": 1e-08,
  "val_curve": {
    "1e-10": 0.19292443886281158,
    "1e-08": 0.19292442372185611,
    "1e-06": 0.1929904866825033,
    "0.0001": 0.20923758210325322,
    "0.01": 0.2624004197301896,
    "1.0": 0.4045369125708368
  },
  "val_metrics": {
    "nmse": 0.19292442372185611,
    "rmse": 0.055628613147960734
  },
  "test_metrics": {
    "nmse": 0.12454643822908235,
    "rmse": 0.04028389612476544
  },
  "timing": {
    "train_states_s": 0.01896679999845219,
    "ridge_select_s": 0.01329000000259839,
    "total_s": 0.054831899997225264
  },
  "timestamp": "2026-04-16T18:21:58.007135+00:00"
}