{
  "sweep_name": "region_selection_multitask_v1_narma10",
  "config_id": "e3f517fda7c3",
  "seed": 42,
  "config_point": {
    "spectral_radius": 0.9,
    "input_scaling": 0.4,
    "leak_rate": 1.0
  },
  "best_ridge": 1e-10,
  "val_curve": {
    "1e-10": 0.1067614688153422,
    "1e-08": 0.10676873721360984,
    "1e-06": 0.10756332035117548,
    "0.0001": 0.1260665203304535,
    "0.01": 0.15693630288313276,
    "1.0": 0.31106749810278994
  },
  "val_metrics": {
    "nmse": 0.1067614688153422,
    "rmse": 0.04031007155509692
  },
  "test_metrics": {
    "nmse": 0.08382358188335115,
    "rmse": 0.02941632939331528
  },
  "timing": {
    "train_states_s": 0.01834180000150809,
    "ridge_select_s": 0.012932999998156447,
    "total_s": 0.09155660000033095
  },
  "timestamp": "2026-04-16T18:21:57.722077+00:00"
}