{
  "sweep_name": "region_selection_multitask_v1_narma10",
  "config_id": "e3f517fda7c3",
  "seed": 789,
  "config_point": {
    "spectral_radius": 0.9,
    "input_scaling": 0.4,
    "leak_rate": 1.0
  },
  "best_ridge": 1e-06,
  "val_curve": {
    "1e-10": 0.1488993268747138,
    "1e-08": 0.1488986323322025,
    "1e-06": 0.14884393949205982,
    "0.0001": 0.15451064645914916,
    "0.01": 0.19152102602861476,
    "1.0": 0.33551068005376766
  },
  "val_metrics": {
    "nmse": 0.14884393949205982,
    "rmse": 0.042658051116985535
  },
  "test_metrics": {
    "nmse": 0.1067584803717738,
    "rmse": 0.034752068720581994
  },
  "timing": {
    "train_states_s": 0.019054600001254585,
    "ridge_select_s": 0.012887900000350783,
    "total_s": 0.054633100000501145
  },
  "timestamp": "2026-04-16T18:21:57.936546+00:00"
}