{
  "sweep_name": "region_selection_multitask_v1_narma10",
  "config_id": "e5d26cba92a0",
  "seed": 123,
  "config_point": {
    "spectral_radius": 0.6,
    "input_scaling": 0.3,
    "leak_rate": 0.5
  },
  "best_ridge": 1e-10,
  "val_curve": {
    "1e-10": 0.2496241963828566,
    "1e-08": 0.2800332841228089,
    "1e-06": 0.3023484638580199,
    "0.0001": 0.35914220981717476,
    "0.01": 0.4230658650773633,
    "1.0": 0.6554894195713687
  },
  "val_metrics": {
    "nmse": 0.2496241963828566,
    "rmse": 0.048849973028885746
  },
  "test_metrics": {
    "nmse": 0.21655735198223605,
    "rmse": 0.0480463283814795
  },
  "timing": {
    "train_states_s": 0.018894200002250727,
    "ridge_select_s": 0.012384699999529403,
    "total_s": 0.054635100001178216
  },
  "timestamp": "2026-04-16T18:21:15.295521+00:00"
}