{
  "sweep_name": "region_selection_multitask_v1_narma10",
  "config_id": "e5d26cba92a0",
  "seed": 42,
  "config_point": {
    "spectral_radius": 0.6,
    "input_scaling": 0.3,
    "leak_rate": 0.5
  },
  "best_ridge": 1e-10,
  "val_curve": {
    "1e-10": 0.17644082860533547,
    "1e-08": 0.19703705466997232,
    "1e-06": 0.23411376836347014,
    "0.0001": 0.30613950548407437,
    "0.01": 0.367069898449284,
    "1.0": 0.602678333972325
  },
  "val_metrics": {
    "nmse": 0.17644082860533547,
    "rmse": 0.0518210064357986
  },
  "test_metrics": {
    "nmse": 0.23828980856293847,
    "rmse": 0.04959730821265684
  },
  "timing": {
    "train_states_s": 0.01794579999841517,
    "ridge_select_s": 0.012632300000404939,
    "total_s": 0.0897441000015533
  },
  "timestamp": "2026-04-16T18:21:15.226066+00:00"
}