{
  "sweep_name": "region_selection_multitask_v1_narma10",
  "config_id": "e5d26cba92a0",
  "seed": 1024,
  "config_point": {
    "spectral_radius": 0.6,
    "input_scaling": 0.3,
    "leak_rate": 0.5
  },
  "best_ridge": 1e-10,
  "val_curve": {
    "1e-10": 0.23307986881445156,
    "1e-08": 0.2523373277025309,
    "1e-06": 0.2871514661428732,
    "0.0001": 0.35662524382936633,
    "0.01": 0.4333008282161252,
    "1.0": 0.629519765868704
  },
  "val_metrics": {
    "nmse": 0.23307986881445156,
    "rmse": 0.061144445312428054
  },
  "test_metrics": {
    "nmse": 0.18703691149202747,
    "rmse": 0.04936617433682747
  },
  "timing": {
    "train_states_s": 0.017999600000621285,
    "ridge_select_s": 0.012115699999412755,
    "total_s": 0.05364410000038333
  },
  "timestamp": "2026-04-16T18:21:15.503926+00:00"
}