{
  "sweep_name": "region_selection_multitask_v1_narma10",
  "config_id": "e5d26cba92a0",
  "seed": 456,
  "config_point": {
    "spectral_radius": 0.6,
    "input_scaling": 0.3,
    "leak_rate": 0.5
  },
  "best_ridge": 1e-10,
  "val_curve": {
    "1e-10": 0.2080888876291542,
    "1e-08": 0.22162974223756562,
    "1e-06": 0.25898808039090265,
    "0.0001": 0.3015924836313334,
    "0.01": 0.373303003604765,
    "1.0": 0.5245779955552475
  },
  "val_metrics": {
    "nmse": 0.2080888876291542,
    "rmse": 0.04630987505176029
  },
  "test_metrics": {
    "nmse": 0.19627553163107578,
    "rmse": 0.046639676743914046
  },
  "timing": {
    "train_states_s": 0.017858900002465816,
    "ridge_select_s": 0.012185100000351667,
    "total_s": 0.056348399997659726
  },
  "timestamp": "2026-04-16T18:21:15.366214+00:00"
}