{
  "sweep_name": "region_selection_multitask_v1_narma10",
  "config_id": "e5d26cba92a0",
  "seed": 789,
  "config_point": {
    "spectral_radius": 0.6,
    "input_scaling": 0.3,
    "leak_rate": 0.5
  },
  "best_ridge": 1e-10,
  "val_curve": {
    "1e-10": 0.23013934139986167,
    "1e-08": 0.248308599711806,
    "1e-06": 0.2834328003443685,
    "0.0001": 0.3296939367568736,
    "0.01": 0.394979216742119,
    "1.0": 0.6522928041692605
  },
  "val_metrics": {
    "nmse": 0.23013934139986167,
    "rmse": 0.053043340316061456
  },
  "test_metrics": {
    "nmse": 0.20760625246564227,
    "rmse": 0.04846181609843067
  },
  "timing": {
    "train_states_s": 0.01881429999775719,
    "ridge_select_s": 0.012506700000812998,
    "total_s": 0.0539850999994087
  },
  "timestamp": "2026-04-16T18:21:15.435169+00:00"
}