{
  "sweep_name": "region_selection_multitask_v1_narma10",
  "config_id": "e74399494040",
  "seed": 1024,
  "config_point": {
    "spectral_radius": 0.9,
    "input_scaling": 0.3,
    "leak_rate": 1.0
  },
  "best_ridge": 1e-10,
  "val_curve": {
    "1e-10": 0.18710796689351059,
    "1e-08": 0.18711072706001294,
    "1e-06": 0.18821189252379683,
    "0.0001": 0.2179138777627518,
    "0.01": 0.26877089153306416,
    "1.0": 0.43396762835272734
  },
  "val_metrics": {
    "nmse": 0.18710796689351059,
    "rmse": 0.05478362513308981
  },
  "test_metrics": {
    "nmse": 0.12039567988879021,
    "rmse": 0.03960693751038604
  },
  "timing": {
    "train_states_s": 0.018079400000715395,
    "ridge_select_s": 0.011998800000583287,
    "total_s": 0.05152489999818499
  },
  "timestamp": "2026-04-16T18:21:55.770846+00:00"
}