{
  "sweep_name": "region_selection_multitask_v1_narma10",
  "config_id": "e74399494040",
  "seed": 789,
  "config_point": {
    "spectral_radius": 0.9,
    "input_scaling": 0.3,
    "leak_rate": 1.0
  },
  "best_ridge": 1e-08,
  "val_curve": {
    "1e-10": 0.1378162420861035,
    "1e-08": 0.1378143566829602,
    "1e-06": 0.13789201482347901,
    "0.0001": 0.1543023917389739,
    "0.01": 0.18888374634402433,
    "1.0": 0.35140808854776323
  },
  "val_metrics": {
    "nmse": 0.1378143566829602,
    "rmse": 0.04104711738591262
  },
  "test_metrics": {
    "nmse": 0.09942082424571887,
    "rmse": 0.033536532001465086
  },
  "timing": {
    "train_states_s": 0.017873299999337178,
    "ridge_select_s": 0.011956199999985984,
    "total_s": 0.05166490000192425
  },
  "timestamp": "2026-04-16T18:21:55.704844+00:00"
}