{
  "sweep_name": "region_selection_multitask_v1_narma10",
  "config_id": "e7e25c68091c",
  "seed": 456,
  "config_point": {
    "spectral_radius": 0.8,
    "input_scaling": 0.1,
    "leak_rate": 0.6
  },
  "best_ridge": 1e-10,
  "val_curve": {
    "1e-10": 0.15740589993026619,
    "1e-08": 0.18190376061423655,
    "1e-06": 0.22056779856052827,
    "0.0001": 0.2786151337737058,
    "0.01": 0.3380673699193956,
    "1.0": 0.4886473632895911
  },
  "val_metrics": {
    "nmse": 0.15740589993026619,
    "rmse": 0.04027723679169436
  },
  "test_metrics": {
    "nmse": 0.15974991714311307,
    "rmse": 0.042076806550728006
  },
  "timing": {
    "train_states_s": 0.017869600000267383,
    "ridge_select_s": 0.012544799999886891,
    "total_s": 0.054468700000143144
  },
  "timestamp": "2026-04-16T18:21:34.748731+00:00"
}