{
  "sweep_name": "region_selection_multitask_v1_narma10",
  "config_id": "e7e25c68091c",
  "seed": 789,
  "config_point": {
    "spectral_radius": 0.8,
    "input_scaling": 0.1,
    "leak_rate": 0.6
  },
  "best_ridge": 1e-10,
  "val_curve": {
    "1e-10": 0.19303432728478884,
    "1e-08": 0.22122316118528113,
    "1e-06": 0.2588576753669605,
    "0.0001": 0.3224233111775283,
    "0.01": 0.3679628733047908,
    "1.0": 0.5476788102022759
  },
  "val_metrics": {
    "nmse": 0.19303432728478884,
    "rmse": 0.04857946252012331
  },
  "test_metrics": {
    "nmse": 0.1642462730665773,
    "rmse": 0.04310495862626064
  },
  "timing": {
    "train_states_s": 0.018305100002180552,
    "ridge_select_s": 0.01255690000107279,
    "total_s": 0.052723600001627347
  },
  "timestamp": "2026-04-16T18:21:34.816584+00:00"
}