{
  "sweep_name": "region_selection_multitask_v1_narma10",
  "config_id": "e7e25c68091c",
  "seed": 42,
  "config_point": {
    "spectral_radius": 0.8,
    "input_scaling": 0.1,
    "leak_rate": 0.6
  },
  "best_ridge": 1e-10,
  "val_curve": {
    "1e-10": 0.15513058438536267,
    "1e-08": 0.17565822935728242,
    "1e-06": 0.22542726486627374,
    "0.0001": 0.29874434559781443,
    "0.01": 0.3431390951646041,
    "1.0": 0.4958954440517513
  },
  "val_metrics": {
    "nmse": 0.15513058438536267,
    "rmse": 0.048590907845831754
  },
  "test_metrics": {
    "nmse": 0.18398318858931392,
    "rmse": 0.043580724236093125
  },
  "timing": {
    "train_states_s": 0.01835149999897112,
    "ridge_select_s": 0.012144899999839254,
    "total_s": 0.0714802000002237
  },
  "timestamp": "2026-04-16T18:21:34.610946+00:00"
}