{
  "sweep_name": "region_selection_multitask_v1_narma10",
  "config_id": "e8362232f904",
  "seed": 1024,
  "config_point": {
    "spectral_radius": 0.6,
    "input_scaling": 0.2,
    "leak_rate": 1.0
  },
  "best_ridge": 1e-10,
  "val_curve": {
    "1e-10": 0.23932486471885275,
    "1e-08": 0.25707352362293306,
    "1e-06": 0.2823921971575446,
    "0.0001": 0.42646738557745306,
    "0.01": 0.699409750149166,
    "1.0": 0.822324737769386
  },
  "val_metrics": {
    "nmse": 0.23932486471885275,
    "rmse": 0.06195816374607833
  },
  "test_metrics": {
    "nmse": 0.17330930684715765,
    "rmse": 0.04752003523809464
  },
  "timing": {
    "train_states_s": 0.019153400000504917,
    "ridge_select_s": 0.012885000000096625,
    "total_s": 0.054589600000326755
  },
  "timestamp": "2026-04-16T18:21:15.121855+00:00"
}