{
  "sweep_name": "region_selection_multitask_v1_narma10",
  "config_id": "e8362232f904",
  "seed": 789,
  "config_point": {
    "spectral_radius": 0.6,
    "input_scaling": 0.2,
    "leak_rate": 1.0
  },
  "best_ridge": 1e-10,
  "val_curve": {
    "1e-10": 0.17765925496499974,
    "1e-08": 0.20109078154512902,
    "1e-06": 0.22257954346846653,
    "0.0001": 0.2968423268169319,
    "0.01": 0.7080369815363554,
    "1.0": 0.9089962061993749
  },
  "val_metrics": {
    "nmse": 0.17765925496499974,
    "rmse": 0.046604660703878
  },
  "test_metrics": {
    "nmse": 0.14626225073171606,
    "rmse": 0.04067668917097987
  },
  "timing": {
    "train_states_s": 0.017896200002724072,
    "ridge_select_s": 0.01260309999997844,
    "total_s": 0.052997699996922165
  },
  "timestamp": "2026-04-16T18:21:15.051816+00:00"
}