{
  "sweep_name": "region_selection_multitask_v1_narma10",
  "config_id": "e8362232f904",
  "seed": 42,
  "config_point": {
    "spectral_radius": 0.6,
    "input_scaling": 0.2,
    "leak_rate": 1.0
  },
  "best_ridge": 1e-10,
  "val_curve": {
    "1e-10": 0.17569398445443377,
    "1e-08": 0.1931875691174883,
    "1e-06": 0.22379654973932636,
    "0.0001": 0.26631458400494307,
    "0.01": 0.6138333369794098,
    "1.0": 0.8588699491729779
  },
  "val_metrics": {
    "nmse": 0.17569398445443377,
    "rmse": 0.0517112153581165
  },
  "test_metrics": {
    "nmse": 0.1465689445199036,
    "rmse": 0.03889791766741109
  },
  "timing": {
    "train_states_s": 0.018825099999958184,
    "ridge_select_s": 0.01262039999710396,
    "total_s": 0.05510649999996531
  },
  "timestamp": "2026-04-16T18:21:14.842028+00:00"
}