{
  "sweep_name": "region_selection_multitask_v1_narma10",
  "config_id": "e8362232f904",
  "seed": 123,
  "config_point": {
    "spectral_radius": 0.6,
    "input_scaling": 0.2,
    "leak_rate": 1.0
  },
  "best_ridge": 1e-10,
  "val_curve": {
    "1e-10": 0.15527475212899508,
    "1e-08": 0.17383385666171486,
    "1e-06": 0.18231827373959741,
    "0.0001": 0.24292762017226735,
    "0.01": 0.7177900339239738,
    "1.0": 0.9422915349076015
  },
  "val_metrics": {
    "nmse": 0.15527475212899508,
    "rmse": 0.038527551595207196
  },
  "test_metrics": {
    "nmse": 0.14802990538112595,
    "rmse": 0.03972358808701317
  },
  "timing": {
    "train_states_s": 0.01780270000017481,
    "ridge_select_s": 0.013144199998350814,
    "total_s": 0.053658000000723405
  },
  "timestamp": "2026-04-16T18:21:14.910585+00:00"
}