{
  "sweep_name": "region_selection_multitask_v1_narma10",
  "config_id": "e9eae8b2ca4e",
  "seed": 1024,
  "config_point": {
    "spectral_radius": 0.6,
    "input_scaling": 0.2,
    "leak_rate": 0.8
  },
  "best_ridge": 1e-10,
  "val_curve": {
    "1e-10": 0.20669153287258765,
    "1e-08": 0.24873285379461116,
    "1e-06": 0.3128376482813933,
    "0.0001": 0.3787264273319778,
    "0.01": 0.5986909193489377,
    "1.0": 0.7529518062368685
  },
  "val_metrics": {
    "nmse": 0.20669153287258765,
    "rmse": 0.057579245549365374
  },
  "test_metrics": {
    "nmse": 0.14490782592191923,
    "rmse": 0.043452196188069565
  },
  "timing": {
    "train_states_s": 0.018821500001649838,
    "ridge_select_s": 0.012770999997883337,
    "total_s": 0.053810600002179854
  },
  "timestamp": "2026-04-16T18:21:14.413811+00:00"
}