{
  "sweep_name": "region_selection_multitask_v1_narma10",
  "config_id": "e9eae8b2ca4e",
  "seed": 42,
  "config_point": {
    "spectral_radius": 0.6,
    "input_scaling": 0.2,
    "leak_rate": 0.8
  },
  "best_ridge": 1e-10,
  "val_curve": {
    "1e-10": 0.13502823802289304,
    "1e-08": 0.1785557675257692,
    "1e-06": 0.24314326341426232,
    "0.0001": 0.2955609499627314,
    "0.01": 0.44395086489974395,
    "1.0": 0.7724329411624126
  },
  "val_metrics": {
    "nmse": 0.13502823802289304,
    "rmse": 0.04533343204490853
  },
  "test_metrics": {
    "nmse": 0.13548595660890364,
    "rmse": 0.037398356186723006
  },
  "timing": {
    "train_states_s": 0.018682500001887092,
    "ridge_select_s": 0.011694500000885455,
    "total_s": 0.057216799999878276
  },
  "timestamp": "2026-04-16T18:21:14.135553+00:00"
}