{
  "sweep_name": "region_selection_multitask_v1_narma10",
  "config_id": "e9eae8b2ca4e",
  "seed": 456,
  "config_point": {
    "spectral_radius": 0.6,
    "input_scaling": 0.2,
    "leak_rate": 0.8
  },
  "best_ridge": 1e-10,
  "val_curve": {
    "1e-10": 0.11614586027605639,
    "1e-08": 0.15270686624567317,
    "1e-06": 0.21243519802228003,
    "0.0001": 0.27437763297500933,
    "0.01": 0.4392636552172291,
    "1.0": 0.6938345698741542
  },
  "val_metrics": {
    "nmse": 0.11614586027605639,
    "rmse": 0.034598003037163955
  },
  "test_metrics": {
    "nmse": 0.11492749543901594,
    "rmse": 0.035689003489913176
  },
  "timing": {
    "train_states_s": 0.01904369999829214,
    "ridge_select_s": 0.012472500002331799,
    "total_s": 0.0577240000020538
  },
  "timestamp": "2026-04-16T18:21:14.277127+00:00"
}