{
  "sweep_name": "region_selection_multitask_v1_narma10",
  "config_id": "e9eae8b2ca4e",
  "seed": 789,
  "config_point": {
    "spectral_radius": 0.6,
    "input_scaling": 0.2,
    "leak_rate": 0.8
  },
  "best_ridge": 1e-10,
  "val_curve": {
    "1e-10": 0.16704089446484413,
    "1e-08": 0.21453072501489898,
    "1e-06": 0.26720190688914763,
    "0.0001": 0.31577102587414557,
    "0.01": 0.5482913103768292,
    "1.0": 0.8289106830379516
  },
  "val_metrics": {
    "nmse": 0.16704089446484413,
    "rmse": 0.045190467659392455
  },
  "test_metrics": {
    "nmse": 0.12659756891929191,
    "rmse": 0.03784357475219438
  },
  "timing": {
    "train_states_s": 0.017775200001779012,
    "ridge_select_s": 0.012479700002586469,
    "total_s": 0.05235000000175205
  },
  "timestamp": "2026-04-16T18:21:14.344923+00:00"
}