{
  "sweep_name": "region_selection_multitask_v1_narma10",
  "config_id": "e9eae8b2ca4e",
  "seed": 123,
  "config_point": {
    "spectral_radius": 0.6,
    "input_scaling": 0.2,
    "leak_rate": 0.8
  },
  "best_ridge": 1e-10,
  "val_curve": {
    "1e-10": 0.14595693612840574,
    "1e-08": 0.20157938445513213,
    "1e-06": 0.24741462366625108,
    "0.0001": 0.315485270471918,
    "0.01": 0.5712549455756925,
    "1.0": 0.845890537327789
  },
  "val_metrics": {
    "nmse": 0.14595693612840574,
    "rmse": 0.03735367686490692
  },
  "test_metrics": {
    "nmse": 0.12392364635901568,
    "rmse": 0.0363455153284594
  },
  "timing": {
    "train_states_s": 0.01788239999950747,
    "ridge_select_s": 0.01298270000188495,
    "total_s": 0.05410029999984545
  },
  "timestamp": "2026-04-16T18:21:14.204507+00:00"
}