{
  "sweep_name": "region_selection_multitask_v1_narma10",
  "config_id": "ea93ddc121f9",
  "seed": 1024,
  "config_point": {
    "spectral_radius": 0.8,
    "input_scaling": 0.05,
    "leak_rate": 1.0
  },
  "best_ridge": 1e-10,
  "val_curve": {
    "1e-10": 0.21441875202424213,
    "1e-08": 0.24181506886891316,
    "1e-06": 0.27859932335214493,
    "0.0001": 0.289854827918988,
    "0.01": 0.5591403151816372,
    "1.0": 0.8623448447489966
  },
  "val_metrics": {
    "nmse": 0.21441875202424213,
    "rmse": 0.0586456776655124
  },
  "test_metrics": {
    "nmse": 0.15387832012344457,
    "rmse": 0.04477695221849557
  },
  "timing": {
    "train_states_s": 0.017990399999689544,
    "ridge_select_s": 0.012243099998158868,
    "total_s": 0.05170670000006794
  },
  "timestamp": "2026-04-16T18:21:34.186200+00:00"
}