{
  "sweep_name": "region_selection_multitask_v1_narma10",
  "config_id": "ea93ddc121f9",
  "seed": 42,
  "config_point": {
    "spectral_radius": 0.8,
    "input_scaling": 0.05,
    "leak_rate": 1.0
  },
  "best_ridge": 1e-10,
  "val_curve": {
    "1e-10": 0.12302223024165095,
    "1e-08": 0.17018472717068922,
    "1e-06": 0.2321373795994244,
    "0.0001": 0.23630097095224248,
    "0.01": 0.310040656355351,
    "1.0": 0.6910204229918822
  },
  "val_metrics": {
    "nmse": 0.12302223024165095,
    "rmse": 0.04327111608158682
  },
  "test_metrics": {
    "nmse": 0.12383524830651513,
    "rmse": 0.03575423680437863
  },
  "timing": {
    "train_states_s": 0.01802289999977802,
    "ridge_select_s": 0.012452700000721961,
    "total_s": 0.05663819999972475
  },
  "timestamp": "2026-04-16T18:21:33.914949+00:00"
}