{
  "sweep_name": "region_selection_multitask_v1_narma10",
  "config_id": "ea93ddc121f9",
  "seed": 789,
  "config_point": {
    "spectral_radius": 0.8,
    "input_scaling": 0.05,
    "leak_rate": 1.0
  },
  "best_ridge": 1e-10,
  "val_curve": {
    "1e-10": 0.1560796346250033,
    "1e-08": 0.1822302506039556,
    "1e-06": 0.22233505942701415,
    "0.0001": 0.2298506592567391,
    "0.01": 0.368535071161238,
    "1.0": 0.6908298273229961
  },
  "val_metrics": {
    "nmse": 0.1560796346250033,
    "rmse": 0.04368260727650309
  },
  "test_metrics": {
    "nmse": 0.12412384457533246,
    "rmse": 0.037472017838395766
  },
  "timing": {
    "train_states_s": 0.017818800002714852,
    "ridge_select_s": 0.012375199999951292,
    "total_s": 0.05240399999820511
  },
  "timestamp": "2026-04-16T18:21:34.119202+00:00"
}