{
  "sweep_name": "region_selection_multitask_v1_narma10",
  "config_id": "ea93ddc121f9",
  "seed": 456,
  "config_point": {
    "spectral_radius": 0.8,
    "input_scaling": 0.05,
    "leak_rate": 1.0
  },
  "best_ridge": 1e-10,
  "val_curve": {
    "1e-10": 0.09395304500780989,
    "1e-08": 0.13639800308506772,
    "1e-06": 0.1683601262547588,
    "0.0001": 0.1921016785415276,
    "0.01": 0.27252003678406445,
    "1.0": 0.7518181373758388
  },
  "val_metrics": {
    "nmse": 0.09395304500780989,
    "rmse": 0.031117492602016374
  },
  "test_metrics": {
    "nmse": 0.09382086992385745,
    "rmse": 0.0322457274037574
  },
  "timing": {
    "train_states_s": 0.017934499999682885,
    "ridge_select_s": 0.012669100000493927,
    "total_s": 0.053957799998897826
  },
  "timestamp": "2026-04-16T18:21:34.051993+00:00"
}