{
  "sweep_name": "region_selection_multitask_v1_narma10",
  "config_id": "eca525dfdc66",
  "seed": 1024,
  "config_point": {
    "spectral_radius": 0.6,
    "input_scaling": 0.05,
    "leak_rate": 0.8
  },
  "best_ridge": 1e-10,
  "val_curve": {
    "1e-10": 0.24105951739170148,
    "1e-08": 0.3062565783699625,
    "1e-06": 0.35446325119482863,
    "0.0001": 0.5018009655437823,
    "0.01": 0.695075965625272,
    "1.0": 1.1564877647277334
  },
  "val_metrics": {
    "nmse": 0.24105951739170148,
    "rmse": 0.06218229809966536
  },
  "test_metrics": {
    "nmse": 0.17231241243135198,
    "rmse": 0.04738316787022142
  },
  "timing": {
    "train_states_s": 0.019006800001079682,
    "ridge_select_s": 0.012609499997779494,
    "total_s": 0.055080899997847155
  },
  "timestamp": "2026-04-16T18:21:08.053320+00:00"
}