{
  "sweep_name": "region_selection_multitask_v1_narma10",
  "config_id": "eca525dfdc66",
  "seed": 123,
  "config_point": {
    "spectral_radius": 0.6,
    "input_scaling": 0.05,
    "leak_rate": 0.8
  },
  "best_ridge": 1e-10,
  "val_curve": {
    "1e-10": 0.1790981812086365,
    "1e-08": 0.2404424191126531,
    "1e-06": 0.2929409467693115,
    "0.0001": 0.4192376956439329,
    "0.01": 0.7631085332039743,
    "1.0": 1.2129753101798684
  },
  "val_metrics": {
    "nmse": 0.1790981812086365,
    "rmse": 0.041377721876670576
  },
  "test_metrics": {
    "nmse": 0.17198910701094733,
    "rmse": 0.0428177862555853
  },
  "timing": {
    "train_states_s": 0.01785300000119605,
    "ridge_select_s": 0.012098900002456503,
    "total_s": 0.05274889999782317
  },
  "timestamp": "2026-04-16T18:21:07.838419+00:00"
}