{
  "sweep_name": "region_selection_multitask_v1_narma10",
  "config_id": "eca525dfdc66",
  "seed": 789,
  "config_point": {
    "spectral_radius": 0.6,
    "input_scaling": 0.05,
    "leak_rate": 0.8
  },
  "best_ridge": 1e-10,
  "val_curve": {
    "1e-10": 0.20392473266639888,
    "1e-08": 0.2641078375955055,
    "1e-06": 0.3061448583163029,
    "0.0001": 0.4099494738478434,
    "0.01": 0.7258337555036318,
    "1.0": 1.1108705888175203
  },
  "val_metrics": {
    "nmse": 0.20392473266639888,
    "rmse": 0.04993101368808972
  },
  "test_metrics": {
    "nmse": 0.1661809578898127,
    "rmse": 0.04335808572612289
  },
  "timing": {
    "train_states_s": 0.017965400002140086,
    "ridge_select_s": 0.012355099999695085,
    "total_s": 0.052707499999087304
  },
  "timestamp": "2026-04-16T18:21:07.983798+00:00"
}