{
  "sweep_name": "region_selection_multitask_v1_narma10",
  "config_id": "ed9cbcae5f86",
  "seed": 456,
  "config_point": {
    "spectral_radius": 0.9,
    "input_scaling": 0.2,
    "leak_rate": 0.8
  },
  "best_ridge": 1e-08,
  "val_curve": {
    "1e-10": 0.09838454652738392,
    "1e-08": 0.09830707750843055,
    "1e-06": 0.10182566777731979,
    "0.0001": 0.13585977590577206,
    "0.01": 0.22048246515854553,
    "1.0": 0.36441599054696366
  },
  "val_metrics": {
    "nmse": 0.09830707750843055,
    "rmse": 0.03183036052559476
  },
  "test_metrics": {
    "nmse": 0.10297139717058856,
    "rmse": 0.03378164185146466
  },
  "timing": {
    "train_states_s": 0.018015900001046248,
    "ridge_select_s": 0.012210699998831842,
    "total_s": 0.054785500000434695
  },
  "timestamp": "2026-04-16T18:21:52.817849+00:00"
}