{
  "sweep_name": "region_selection_multitask_v1_narma10",
  "config_id": "ed9cbcae5f86",
  "seed": 123,
  "config_point": {
    "spectral_radius": 0.9,
    "input_scaling": 0.2,
    "leak_rate": 0.8
  },
  "best_ridge": 1e-10,
  "val_curve": {
    "1e-10": 0.1097761898964149,
    "1e-08": 0.11083689335550717,
    "1e-06": 0.12880986453367288,
    "0.0001": 0.18325292282293834,
    "0.01": 0.2724706690601766,
    "1.0": 0.38825681508445575
  },
  "val_metrics": {
    "nmse": 0.1097761898964149,
    "rmse": 0.032394782246380295
  },
  "test_metrics": {
    "nmse": 0.10351336144635587,
    "rmse": 0.03321788253487625
  },
  "timing": {
    "train_states_s": 0.018108899999788264,
    "ridge_select_s": 0.012642000001505949,
    "total_s": 0.05344150000018999
  },
  "timestamp": "2026-04-16T18:21:52.747996+00:00"
}