{
  "sweep_name": "region_selection_multitask_v1_narma10",
  "config_id": "ed9cbcae5f86",
  "seed": 42,
  "config_point": {
    "spectral_radius": 0.9,
    "input_scaling": 0.2,
    "leak_rate": 0.8
  },
  "best_ridge": 1e-10,
  "val_curve": {
    "1e-10": 0.1009598050115812,
    "1e-08": 0.10259560388240156,
    "1e-06": 0.12067402830913117,
    "0.0001": 0.15549152208284756,
    "0.01": 0.26358545184370336,
    "1.0": 0.39676135544472657
  },
  "val_metrics": {
    "nmse": 0.1009598050115812,
    "rmse": 0.03919950208090542
  },
  "test_metrics": {
    "nmse": 0.0871780071907923,
    "rmse": 0.029999142513782367
  },
  "timing": {
    "train_states_s": 0.01788680000026943,
    "ridge_select_s": 0.01318139999784762,
    "total_s": 0.061455700000806246
  },
  "timestamp": "2026-04-16T18:21:52.680046+00:00"
}