{
  "sweep_name": "region_selection_multitask_v1_narma10",
  "config_id": "f1c1d748b2e2",
  "seed": 1024,
  "config_point": {
    "spectral_radius": 1.1,
    "input_scaling": 0.4,
    "leak_rate": 0.9
  },
  "best_ridge": 1e-06,
  "val_curve": {
    "1e-10": 0.1914146484345898,
    "1e-08": 0.19141429405989946,
    "1e-06": 0.19138100690614024,
    "0.0001": 0.19307858822251736,
    "0.01": 0.22896730238281243,
    "1.0": 0.3002106866994188
  },
  "val_metrics": {
    "nmse": 0.19138100690614024,
    "rmse": 0.05540564877594506
  },
  "test_metrics": {
    "nmse": 0.1207606979952661,
    "rmse": 0.03966693263637329
  },
  "timing": {
    "train_states_s": 0.01859889999832376,
    "ridge_select_s": 0.012089700001524761,
    "total_s": 0.052675599999929545
  },
  "timestamp": "2026-04-16T18:22:23.422986+00:00"
}