{
  "sweep_name": "region_selection_multitask_v1_narma10",
  "config_id": "f1c1d748b2e2",
  "seed": 42,
  "config_point": {
    "spectral_radius": 1.1,
    "input_scaling": 0.4,
    "leak_rate": 0.9
  },
  "best_ridge": 0.0001,
  "val_curve": {
    "1e-10": 0.18218009300954438,
    "1e-08": 0.18217918218465204,
    "1e-06": 0.18208979478027396,
    "0.0001": 0.18056204705377962,
    "0.01": 0.23344533469935322,
    "1.0": 0.29485701939704895
  },
  "val_metrics": {
    "nmse": 0.18056204705377962,
    "rmse": 0.05242271793874939
  },
  "test_metrics": {
    "nmse": 0.12132539100959625,
    "rmse": 0.035390053760443595
  },
  "timing": {
    "train_states_s": 0.018592200001876336,
    "ridge_select_s": 0.011887200002092868,
    "total_s": 0.06777360000342014
  },
  "timestamp": "2026-04-16T18:22:23.146264+00:00"
}