{
  "sweep_name": "region_selection_multitask_v1_narma10",
  "config_id": "f669676d58af",
  "seed": 42,
  "config_point": {
    "spectral_radius": 0.9,
    "input_scaling": 0.3,
    "leak_rate": 0.7
  },
  "best_ridge": 1e-10,
  "val_curve": {
    "1e-10": 0.13213005810555256,
    "1e-08": 0.13483878769933721,
    "1e-06": 0.152098774323095,
    "0.0001": 0.17865642092296444,
    "0.01": 0.21955675044726713,
    "1.0": 0.39389525705591033
  },
  "val_metrics": {
    "nmse": 0.13213005810555256,
    "rmse": 0.04484428582652464
  },
  "test_metrics": {
    "nmse": 0.15319671040664684,
    "rmse": 0.039767665069739284
  },
  "timing": {
    "train_states_s": 0.017873900000267895,
    "ridge_select_s": 0.012261100000614533,
    "total_s": 0.055997899999056244
  },
  "timestamp": "2026-04-16T18:21:54.450980+00:00"
}