{
  "sweep_name": "region_selection_multitask_v1_narma10",
  "config_id": "f669676d58af",
  "seed": 789,
  "config_point": {
    "spectral_radius": 0.9,
    "input_scaling": 0.3,
    "leak_rate": 0.7
  },
  "best_ridge": 1e-08,
  "val_curve": {
    "1e-10": 0.17217961716301292,
    "1e-08": 0.17132469194842084,
    "1e-06": 0.18643696051200132,
    "0.0001": 0.22320087211405973,
    "0.01": 0.2704724653435371,
    "1.0": 0.43832623738892385
  },
  "val_metrics": {
    "nmse": 0.17132469194842084,
    "rmse": 0.04576625879463153
  },
  "test_metrics": {
    "nmse": 0.13693760234286906,
    "rmse": 0.039358707704773004
  },
  "timing": {
    "train_states_s": 0.017859399998997105,
    "ridge_select_s": 0.011999499998637475,
    "total_s": 0.052833000001555774
  },
  "timestamp": "2026-04-16T18:21:54.655942+00:00"
}