{
  "sweep_name": "region_selection_multitask_v1_narma10",
  "config_id": "f669676d58af",
  "seed": 1024,
  "config_point": {
    "spectral_radius": 0.9,
    "input_scaling": 0.3,
    "leak_rate": 0.7
  },
  "best_ridge": 1e-10,
  "val_curve": {
    "1e-10": 0.18980183499574596,
    "1e-08": 0.1898780074244864,
    "1e-06": 0.1978905298008019,
    "0.0001": 0.24595905182985672,
    "0.01": 0.33042673302660824,
    "1.0": 0.43871812068440297
  },
  "val_metrics": {
    "nmse": 0.18980183499574596,
    "rmse": 0.055176586643474884
  },
  "test_metrics": {
    "nmse": 0.13079863342123416,
    "rmse": 0.041282635461427616
  },
  "timing": {
    "train_states_s": 0.017922200000612065,
    "ridge_select_s": 0.012325400002737297,
    "total_s": 0.05149109999911161
  },
  "timestamp": "2026-04-16T18:21:54.722243+00:00"
}