{
  "sweep_name": "region_selection_multitask_v1_narma10",
  "config_id": "f669676d58af",
  "seed": 123,
  "config_point": {
    "spectral_radius": 0.9,
    "input_scaling": 0.3,
    "leak_rate": 0.7
  },
  "best_ridge": 1e-10,
  "val_curve": {
    "1e-10": 0.14930734722462155,
    "1e-08": 0.15144668312768075,
    "1e-06": 0.17675488379331056,
    "0.0001": 0.22414717224951503,
    "0.01": 0.297615734423749,
    "1.0": 0.40522567362399753
  },
  "val_metrics": {
    "nmse": 0.14930734722462155,
    "rmse": 0.037779967332384055
  },
  "test_metrics": {
    "nmse": 0.13515074780093442,
    "rmse": 0.0379562209063156
  },
  "timing": {
    "train_states_s": 0.018212999999377644,
    "ridge_select_s": 0.012252999997144798,
    "total_s": 0.05283209999834071
  },
  "timestamp": "2026-04-16T18:21:54.518893+00:00"
}