{
  "sweep_name": "region_selection_multitask_v1_narma10",
  "config_id": "f8869541ea23",
  "seed": 789,
  "config_point": {
    "spectral_radius": 0.7,
    "input_scaling": 0.1,
    "leak_rate": 0.7
  },
  "best_ridge": 1e-10,
  "val_curve": {
    "1e-10": 0.19465780257591794,
    "1e-08": 0.22502066132942944,
    "1e-06": 0.28350376156733326,
    "0.0001": 0.32631730466799963,
    "0.01": 0.40823948317364744,
    "1.0": 0.7349810305910455
  },
  "val_metrics": {
    "nmse": 0.19465780257591794,
    "rmse": 0.04878331855707458
  },
  "test_metrics": {
    "nmse": 0.15839397859671847,
    "rmse": 0.042330052253033545
  },
  "timing": {
    "train_states_s": 0.017925399999512592,
    "ridge_select_s": 0.012862499999755528,
    "total_s": 0.05311919999803649
  },
  "timestamp": "2026-04-16T18:21:22.608488+00:00"
}