{
  "sweep_name": "region_selection_multitask_v1_narma10",
  "config_id": "f8869541ea23",
  "seed": 42,
  "config_point": {
    "spectral_radius": 0.7,
    "input_scaling": 0.1,
    "leak_rate": 0.7
  },
  "best_ridge": 1e-10,
  "val_curve": {
    "1e-10": 0.1545130543801013,
    "1e-08": 0.18424105450324801,
    "1e-06": 0.27195169313344253,
    "0.0001": 0.31094697320070236,
    "0.01": 0.35597657477119127,
    "1.0": 0.6849479088972001
  },
  "val_metrics": {
    "nmse": 0.1545130543801013,
    "rmse": 0.04849409822919534
  },
  "test_metrics": {
    "nmse": 0.17091596586607322,
    "rmse": 0.04200458413502101
  },
  "timing": {
    "train_states_s": 0.017986999999266118,
    "ridge_select_s": 0.012454899999283953,
    "total_s": 0.05322810000143363
  },
  "timestamp": "2026-04-16T18:21:22.402833+00:00"
}