{
  "sweep_name": "region_selection_multitask_v1_narma10",
  "config_id": "f8869541ea23",
  "seed": 123,
  "config_point": {
    "spectral_radius": 0.7,
    "input_scaling": 0.1,
    "leak_rate": 0.7
  },
  "best_ridge": 1e-10,
  "val_curve": {
    "1e-10": 0.18390032517374144,
    "1e-08": 0.22654925706748527,
    "1e-06": 0.2732074127727873,
    "0.0001": 0.33081727820150875,
    "0.01": 0.4308353239923996,
    "1.0": 0.797912155898804
  },
  "val_metrics": {
    "nmse": 0.18390032517374144,
    "rmse": 0.041928781065547566
  },
  "test_metrics": {
    "nmse": 0.16433995354467137,
    "rmse": 0.04185480462321548
  },
  "timing": {
    "train_states_s": 0.017985000002227025,
    "ridge_select_s": 0.012558599999465514,
    "total_s": 0.05298369999945862
  },
  "timestamp": "2026-04-16T18:21:22.470571+00:00"
}