{
  "sweep_name": "region_selection_multitask_v1_narma10",
  "config_id": "f8ac2775ac41",
  "seed": 123,
  "config_point": {
    "spectral_radius": 0.6,
    "input_scaling": 0.4,
    "leak_rate": 1.0
  },
  "best_ridge": 1e-10,
  "val_curve": {
    "1e-10": 0.14705504021128762,
    "1e-08": 0.15959404586792875,
    "1e-06": 0.18055871082230837,
    "0.0001": 0.20953708480170488,
    "0.01": 0.6068457717302017,
    "1.0": 0.8686598221029093
  },
  "val_metrics": {
    "nmse": 0.14705504021128762,
    "rmse": 0.037493928383861834
  },
  "test_metrics": {
    "nmse": 0.14691575733427698,
    "rmse": 0.03957381581703321
  },
  "timing": {
    "train_states_s": 0.017782099999749335,
    "ridge_select_s": 0.012591399998200359,
    "total_s": 0.05276320000120904
  },
  "timestamp": "2026-04-16T18:21:19.258092+00:00"
}