{
  "sweep_name": "region_selection_multitask_v1_narma10",
  "config_id": "f8ac2775ac41",
  "seed": 789,
  "config_point": {
    "spectral_radius": 0.6,
    "input_scaling": 0.4,
    "leak_rate": 1.0
  },
  "best_ridge": 1e-10,
  "val_curve": {
    "1e-10": 0.17952315839327493,
    "1e-08": 0.18435346544307657,
    "1e-06": 0.21122760502771964,
    "0.0001": 0.25692074433191164,
    "0.01": 0.622624961880968,
    "1.0": 0.830559386771
  },
  "val_metrics": {
    "nmse": 0.17952315839327493,
    "rmse": 0.04684849808554476
  },
  "test_metrics": {
    "nmse": 0.14901003679419997,
    "rmse": 0.041057001799209125
  },
  "timing": {
    "train_states_s": 0.01843120000194176,
    "ridge_select_s": 0.012289400001463946,
    "total_s": 0.05279340000197408
  },
  "timestamp": "2026-04-16T18:21:19.397922+00:00"
}