{
  "sweep_name": "region_selection_multitask_v1_narma10",
  "config_id": "f8ac2775ac41",
  "seed": 42,
  "config_point": {
    "spectral_radius": 0.6,
    "input_scaling": 0.4,
    "leak_rate": 1.0
  },
  "best_ridge": 1e-10,
  "val_curve": {
    "1e-10": 0.18789219009694483,
    "1e-08": 0.19454017360626624,
    "1e-06": 0.21348586222410523,
    "0.0001": 0.2607091681856292,
    "0.01": 0.541984294705638,
    "1.0": 0.7694980172567649
  },
  "val_metrics": {
    "nmse": 0.18789219009694483,
    "rmse": 0.053476215324650356
  },
  "test_metrics": {
    "nmse": 0.14601173484200017,
    "rmse": 0.03882390834970018
  },
  "timing": {
    "train_states_s": 0.018926599997939775,
    "ridge_select_s": 0.012938899999426212,
    "total_s": 0.06865100000140956
  },
  "timestamp": "2026-04-16T18:21:19.190902+00:00"
}