{
  "sweep_name": "region_selection_multitask_v1_narma10",
  "config_id": "f8ac2775ac41",
  "seed": 1024,
  "config_point": {
    "spectral_radius": 0.6,
    "input_scaling": 0.4,
    "leak_rate": 1.0
  },
  "best_ridge": 1e-10,
  "val_curve": {
    "1e-10": 0.25441765013392337,
    "1e-08": 0.2600720160120768,
    "1e-06": 0.2836298881755969,
    "0.0001": 0.36276015267145545,
    "0.01": 0.6563434705222136,
    "1.0": 0.7639048568011989
  },
  "val_metrics": {
    "nmse": 0.25441765013392337,
    "rmse": 0.06388196192013962
  },
  "test_metrics": {
    "nmse": 0.17916454429681683,
    "rmse": 0.04831609716910851
  },
  "timing": {
    "train_states_s": 0.01861839999764925,
    "ridge_select_s": 0.012423500000295462,
    "total_s": 0.053580300002067816
  },
  "timestamp": "2026-04-16T18:21:19.466122+00:00"
}