{
  "sweep_name": "region_selection_multitask_v1_narma10",
  "config_id": "f8ac2775ac41",
  "seed": 456,
  "config_point": {
    "spectral_radius": 0.6,
    "input_scaling": 0.4,
    "leak_rate": 1.0
  },
  "best_ridge": 1e-10,
  "val_curve": {
    "1e-10": 0.13946537025106567,
    "1e-08": 0.13968113169427726,
    "1e-06": 0.16883910094186758,
    "0.0001": 0.20388403137390135,
    "0.01": 0.3817336722472018,
    "1.0": 0.7048099361620093
  },
  "val_metrics": {
    "nmse": 0.13946537025106567,
    "rmse": 0.03791249420908878
  },
  "test_metrics": {
    "nmse": 0.14605384394652787,
    "rmse": 0.04023267845271928
  },
  "timing": {
    "train_states_s": 0.018946000000141794,
    "ridge_select_s": 0.012760000001435401,
    "total_s": 0.05765429999883054
  },
  "timestamp": "2026-04-16T18:21:19.330270+00:00"
}