{
  "sweep_name": "region_selection_multitask_v1_narma10",
  "config_id": "f8ef031126a0",
  "seed": 456,
  "config_point": {
    "spectral_radius": 1.1,
    "input_scaling": 0.4,
    "leak_rate": 0.7
  },
  "best_ridge": 1e-10,
  "val_curve": {
    "1e-10": 0.21567334223206228,
    "1e-08": 0.21567339024128895,
    "1e-06": 0.2156781826849634,
    "0.0001": 0.21610205941147695,
    "0.01": 0.23448904755918756,
    "1.0": 0.29896542845337004
  },
  "val_metrics": {
    "nmse": 0.21567334223206228,
    "rmse": 0.047146276531938036
  },
  "test_metrics": {
    "nmse": 0.23104049377454475,
    "rmse": 0.05060186254176802
  },
  "timing": {
    "train_states_s": 0.018622099996719044,
    "ridge_select_s": 0.012469499997678213,
    "total_s": 0.05649809999886202
  },
  "timestamp": "2026-04-16T18:22:22.564367+00:00"
}