{
  "sweep_name": "region_selection_multitask_v1_narma10",
  "config_id": "f8ef031126a0",
  "seed": 789,
  "config_point": {
    "spectral_radius": 1.1,
    "input_scaling": 0.4,
    "leak_rate": 0.7
  },
  "best_ridge": 1e-10,
  "val_curve": {
    "1e-10": 0.17910893595447602,
    "1e-08": 0.17911192238213447,
    "1e-06": 0.17963690106606076,
    "0.0001": 0.20387239361645973,
    "0.01": 0.256707534772764,
    "1.0": 0.32624604074629077
  },
  "val_metrics": {
    "nmse": 0.17910893595447602,
    "rmse": 0.046794418973512796
  },
  "test_metrics": {
    "nmse": 0.15096979832214302,
    "rmse": 0.04132610817452525
  },
  "timing": {
    "train_states_s": 0.018641099999513244,
    "ridge_select_s": 0.013171800001146039,
    "total_s": 0.05410249999840744
  },
  "timestamp": "2026-04-16T18:22:22.633769+00:00"
}