{
  "sweep_name": "region_selection_multitask_v1_narma10",
  "config_id": "f8ef031126a0",
  "seed": 1024,
  "config_point": {
    "spectral_radius": 1.1,
    "input_scaling": 0.4,
    "leak_rate": 0.7
  },
  "best_ridge": 1e-10,
  "val_curve": {
    "1e-10": 0.16763855352323387,
    "1e-08": 0.16765370557707987,
    "1e-06": 0.16920531865093885,
    "0.0001": 0.20016622333676135,
    "0.01": 0.2578654049292962,
    "1.0": 0.33889071187231484
  },
  "val_metrics": {
    "nmse": 0.16763855352323387,
    "rmse": 0.05185511234077194
  },
  "test_metrics": {
    "nmse": 0.12589027280075876,
    "rmse": 0.04050064117606375
  },
  "timing": {
    "train_states_s": 0.01862509999773465,
    "ridge_select_s": 0.01235140000062529,
    "total_s": 0.053118799998628674
  },
  "timestamp": "2026-04-16T18:22:22.701787+00:00"
}