{
  "sweep_name": "region_selection_multitask_v1_narma10",
  "config_id": "f9fb2fa2e9af",
  "seed": 123,
  "config_point": {
    "spectral_radius": 1.0,
    "input_scaling": 0.4,
    "leak_rate": 0.8
  },
  "best_ridge": 1e-10,
  "val_curve": {
    "1e-10": 0.10521354775638182,
    "1e-08": 0.10521763757153069,
    "1e-06": 0.10631434048743417,
    "0.0001": 0.13103435427770535,
    "0.01": 0.1981652748517396,
    "1.0": 0.32558959767623935
  },
  "val_metrics": {
    "nmse": 0.10521354775638182,
    "rmse": 0.03171442347564126
  },
  "test_metrics": {
    "nmse": 0.10512380903747875,
    "rmse": 0.03347528501658815
  },
  "timing": {
    "train_states_s": 0.01789970000027097,
    "ridge_select_s": 0.011696100002154708,
    "total_s": 0.052145400000881637
  },
  "timestamp": "2026-04-16T18:22:10.009497+00:00"
}