{
  "sweep_name": "region_selection_multitask_v1_narma10",
  "config_id": "f9fb2fa2e9af",
  "seed": 42,
  "config_point": {
    "spectral_radius": 1.0,
    "input_scaling": 0.4,
    "leak_rate": 0.8
  },
  "best_ridge": 1e-06,
  "val_curve": {
    "1e-10": 0.09637742662670007,
    "1e-08": 0.09636358285371027,
    "1e-06": 0.09617752620260153,
    "0.0001": 0.11708398952977225,
    "0.01": 0.18757325302712963,
    "1.0": 0.28566114462668085
  },
  "val_metrics": {
    "nmse": 0.09617752620260153,
    "rmse": 0.03825983565348736
  },
  "test_metrics": {
    "nmse": 0.09293886954860277,
    "rmse": 0.030974482939937036
  },
  "timing": {
    "train_states_s": 0.01787079999849084,
    "ridge_select_s": 0.012043299997458234,
    "total_s": 0.07008219999988796
  },
  "timestamp": "2026-04-16T18:22:09.942535+00:00"
}