{
  "sweep_name": "region_selection_multitask_v1_narma10",
  "config_id": "f9fb2fa2e9af",
  "seed": 1024,
  "config_point": {
    "spectral_radius": 1.0,
    "input_scaling": 0.4,
    "leak_rate": 0.8
  },
  "best_ridge": 1e-10,
  "val_curve": {
    "1e-10": 0.1638085477320633,
    "1e-08": 0.16381492627752176,
    "1e-06": 0.164930277002868,
    "0.0001": 0.1797253255842078,
    "0.01": 0.24146391427097538,
    "1.0": 0.3981891720084996
  },
  "val_metrics": {
    "nmse": 0.1638085477320633,
    "rmse": 0.051259327846184734
  },
  "test_metrics": {
    "nmse": 0.11204473425564229,
    "rmse": 0.03820863623047668
  },
  "timing": {
    "train_states_s": 0.01788489999671583,
    "ridge_select_s": 0.013131899999279995,
    "total_s": 0.05241960000057588
  },
  "timestamp": "2026-04-16T18:22:10.211396+00:00"
}