{
  "sweep_name": "region_selection_multitask_v1_narma10",
  "config_id": "f9fb2fa2e9af",
  "seed": 789,
  "config_point": {
    "spectral_radius": 1.0,
    "input_scaling": 0.4,
    "leak_rate": 0.8
  },
  "best_ridge": 1e-10,
  "val_curve": {
    "1e-10": 0.1347802839552448,
    "1e-08": 0.1347908288933846,
    "1e-06": 0.13578888671460856,
    "0.0001": 0.15895595015138037,
    "0.01": 0.22336956415900985,
    "1.0": 0.34403210834415965
  },
  "val_metrics": {
    "nmse": 0.1347802839552448,
    "rmse": 0.0405927632452591
  },
  "test_metrics": {
    "nmse": 0.10662509719859277,
    "rmse": 0.03473035246006137
  },
  "timing": {
    "train_states_s": 0.01774739999746089,
    "ridge_select_s": 0.012705000001005828,
    "total_s": 0.05248720000236062
  },
  "timestamp": "2026-04-16T18:22:10.144227+00:00"
}