{
  "sweep_name": "region_selection_multitask_v1_narma10",
  "config_id": "f9fb2fa2e9af",
  "seed": 456,
  "config_point": {
    "spectral_radius": 1.0,
    "input_scaling": 0.4,
    "leak_rate": 0.8
  },
  "best_ridge": 1e-06,
  "val_curve": {
    "1e-10": 0.1108803064370155,
    "1e-08": 0.11088003460479108,
    "1e-06": 0.11085448565772478,
    "0.0001": 0.11239128243054587,
    "0.01": 0.15102998019878477,
    "1.0": 0.23280398151952267
  },
  "val_metrics": {
    "nmse": 0.11085448565772478,
    "rmse": 0.033800708257775015
  },
  "test_metrics": {
    "nmse": 0.12432064931343681,
    "rmse": 0.03711881348353283
  },
  "timing": {
    "train_states_s": 0.017910400001710514,
    "ridge_select_s": 0.011713199997757329,
    "total_s": 0.052629699999670265
  },
  "timestamp": "2026-04-16T18:22:10.076838+00:00"
}