{
  "sweep_name": "region_selection_multitask_v1_narma10",
  "config_id": "fa7e97985af0",
  "seed": 123,
  "config_point": {
    "spectral_radius": 1.1,
    "input_scaling": 0.4,
    "leak_rate": 0.6
  },
  "best_ridge": 1e-08,
  "val_curve": {
    "1e-10": 0.19846938741107542,
    "1e-08": 0.19846054171346403,
    "1e-06": 0.19881818665750844,
    "0.0001": 0.22361877188336354,
    "0.01": 0.2699730935158056,
    "1.0": 0.3504052276477924
  },
  "val_metrics": {
    "nmse": 0.19846054171346403,
    "rmse": 0.043557011499703674
  },
  "test_metrics": {
    "nmse": 0.1806207984534232,
    "rmse": 0.04387909057699703
  },
  "timing": {
    "train_states_s": 0.01892489999954705,
    "ridge_select_s": 0.01227160000053118,
    "total_s": 0.05383179999989807
  },
  "timestamp": "2026-04-16T18:22:22.142895+00:00"
}