{
  "sweep_name": "region_selection_multitask_v1_narma10",
  "config_id": "fa7e97985af0",
  "seed": 789,
  "config_point": {
    "spectral_radius": 1.1,
    "input_scaling": 0.4,
    "leak_rate": 0.6
  },
  "best_ridge": 1e-08,
  "val_curve": {
    "1e-10": 0.19658435507648736,
    "1e-08": 0.19656543250097452,
    "1e-06": 0.19728818127248263,
    "0.0001": 0.22566049440571717,
    "0.01": 0.2750198689267967,
    "1.0": 0.33255753839067614
  },
  "val_metrics": {
    "nmse": 0.19656543250097452,
    "rmse": 0.04902177196397032
  },
  "test_metrics": {
    "nmse": 0.17579164961119798,
    "rmse": 0.04459422199520893
  },
  "timing": {
    "train_states_s": 0.01867359999960172,
    "ridge_select_s": 0.011853600000904407,
    "total_s": 0.05308100000183913
  },
  "timestamp": "2026-04-16T18:22:22.280508+00:00"
}