{
  "sweep_name": "region_selection_multitask_v1_narma10",
  "config_id": "fa7e97985af0",
  "seed": 42,
  "config_point": {
    "spectral_radius": 1.1,
    "input_scaling": 0.4,
    "leak_rate": 0.6
  },
  "best_ridge": 1e-10,
  "val_curve": {
    "1e-10": 0.15523149095839212,
    "1e-08": 0.1552405247040696,
    "1e-06": 0.15667576965563287,
    "0.0001": 0.19383394102079812,
    "0.01": 0.24292357577345342,
    "1.0": 0.2953730665413603
  },
  "val_metrics": {
    "nmse": 0.15523149095839212,
    "rmse": 0.048606708549937525
  },
  "test_metrics": {
    "nmse": 0.19841067158966277,
    "rmse": 0.04525722134799862
  },
  "timing": {
    "train_states_s": 0.018954700000904268,
    "ridge_select_s": 0.011844299999211216,
    "total_s": 0.07659170000260929
  },
  "timestamp": "2026-04-16T18:22:22.073848+00:00"
}