{
  "sweep_name": "region_selection_multitask_v1_narma10",
  "config_id": "fa7e97985af0",
  "seed": 1024,
  "config_point": {
    "spectral_radius": 1.1,
    "input_scaling": 0.4,
    "leak_rate": 0.6
  },
  "best_ridge": 1e-10,
  "val_curve": {
    "1e-10": 0.20123681701331744,
    "1e-08": 0.2012720595822347,
    "1e-06": 0.203628361694551,
    "0.0001": 0.22322349402071096,
    "0.01": 0.2716222117830714,
    "1.0": 0.34597562677802746
  },
  "val_metrics": {
    "nmse": 0.20123681701331744,
    "rmse": 0.0568143898186886
  },
  "test_metrics": {
    "nmse": 0.15922937859683456,
    "rmse": 0.04554884947015093
  },
  "timing": {
    "train_states_s": 0.01864660000137519,
    "ridge_select_s": 0.01294679999773507,
    "total_s": 0.053650699999707285
  },
  "timestamp": "2026-04-16T18:22:22.349274+00:00"
}