{
  "sweep_name": "region_selection_multitask_v1_narma10",
  "config_id": "fa7e97985af0",
  "seed": 456,
  "config_point": {
    "spectral_radius": 1.1,
    "input_scaling": 0.4,
    "leak_rate": 0.6
  },
  "best_ridge": 1e-06,
  "val_curve": {
    "1e-10": 0.2019620398653462,
    "1e-08": 0.2019618953458679,
    "1e-06": 0.2019480752165277,
    "0.0001": 0.20232253884817644,
    "0.01": 0.23062973840754397,
    "1.0": 0.29167041893213863
  },
  "val_metrics": {
    "nmse": 0.2019480752165277,
    "rmse": 0.04562144365145569
  },
  "test_metrics": {
    "nmse": 0.2125790374322853,
    "rmse": 0.0485380884371067
  },
  "timing": {
    "train_states_s": 0.018730199997662567,
    "ridge_select_s": 0.01217479999831994,
    "total_s": 0.05491279999841936
  },
  "timestamp": "2026-04-16T18:22:22.212637+00:00"
}