{
  "sweep_name": "region_selection_multitask_v1_narma10",
  "config_id": "fc01cbd8804c",
  "seed": 456,
  "config_point": {
    "spectral_radius": 0.8,
    "input_scaling": 0.05,
    "leak_rate": 0.9
  },
  "best_ridge": 1e-10,
  "val_curve": {
    "1e-10": 0.10771244269389464,
    "1e-08": 0.13506718696418224,
    "1e-06": 0.16414702692730782,
    "0.0001": 0.1896499666821198,
    "0.01": 0.3138530534035628,
    "1.0": 0.7168987260786217
  },
  "val_metrics": {
    "nmse": 0.10771244269389464,
    "rmse": 0.03331824384845462
  },
  "test_metrics": {
    "nmse": 0.11434961022989167,
    "rmse": 0.035599163637225
  },
  "timing": {
    "train_states_s": 0.01816340000004857,
    "ridge_select_s": 0.012020400001347298,
    "total_s": 0.054754000000684755
  },
  "timestamp": "2026-04-16T18:21:33.706986+00:00"
}