{
  "sweep_name": "region_selection_multitask_v1_narma10",
  "config_id": "fc01cbd8804c",
  "seed": 42,
  "config_point": {
    "spectral_radius": 0.8,
    "input_scaling": 0.05,
    "leak_rate": 0.9
  },
  "best_ridge": 1e-10,
  "val_curve": {
    "1e-10": 0.1205871176723549,
    "1e-08": 0.16427314662071438,
    "1e-06": 0.2307224804873112,
    "0.0001": 0.2562859411221363,
    "0.01": 0.3382535488412804,
    "1.0": 0.6568299337976465
  },
  "val_metrics": {
    "nmse": 0.1205871176723549,
    "rmse": 0.0428407195196843
  },
  "test_metrics": {
    "nmse": 0.12117432556782097,
    "rmse": 0.03536801435353894
  },
  "timing": {
    "train_states_s": 0.01822330000140937,
    "ridge_select_s": 0.012598400000570109,
    "total_s": 0.0537490999995498
  },
  "timestamp": "2026-04-16T18:21:33.569822+00:00"
}