{
  "sweep_name": "region_selection_multitask_v1_narma10",
  "config_id": "fc01cbd8804c",
  "seed": 123,
  "config_point": {
    "spectral_radius": 0.8,
    "input_scaling": 0.05,
    "leak_rate": 0.9
  },
  "best_ridge": 1e-10,
  "val_curve": {
    "1e-10": 0.1407173123212824,
    "1e-08": 0.16770083014924073,
    "1e-06": 0.18572959609658568,
    "0.0001": 0.19926032290124077,
    "0.01": 0.38490998224433803,
    "1.0": 0.9005338447029891
  },
  "val_metrics": {
    "nmse": 0.1407173123212824,
    "rmse": 0.03667708013683584
  },
  "test_metrics": {
    "nmse": 0.13415769580431428,
    "rmse": 0.03781651766474024
  },
  "timing": {
    "train_states_s": 0.017950900000869296,
    "ridge_select_s": 0.012228300001879688,
    "total_s": 0.05247389999931329
  },
  "timestamp": "2026-04-16T18:21:33.637130+00:00"
}