{
  "sweep_name": "region_selection_multitask_v1_narma10",
  "config_id": "fc504b853d09",
  "seed": 456,
  "config_point": {
    "spectral_radius": 0.7,
    "input_scaling": 0.3,
    "leak_rate": 0.8
  },
  "best_ridge": 1e-10,
  "val_curve": {
    "1e-10": 0.10829144494395188,
    "1e-08": 0.11290069625773841,
    "1e-06": 0.146985016676621,
    "0.0001": 0.21162170401321778,
    "0.01": 0.2996416648216476,
    "1.0": 0.5457499195839716
  },
  "val_metrics": {
    "nmse": 0.10829144494395188,
    "rmse": 0.03340767401195745
  },
  "test_metrics": {
    "nmse": 0.1040377895224317,
    "rmse": 0.03395611600717798
  },
  "timing": {
    "train_states_s": 0.017912300001626136,
    "ridge_select_s": 0.013672299999598181,
    "total_s": 0.056817999997292645
  },
  "timestamp": "2026-04-16T18:21:29.162727+00:00"
}