{
  "sweep_name": "region_selection_multitask_v1_narma10",
  "config_id": "fc504b853d09",
  "seed": 789,
  "config_point": {
    "spectral_radius": 0.7,
    "input_scaling": 0.3,
    "leak_rate": 0.8
  },
  "best_ridge": 1e-10,
  "val_curve": {
    "1e-10": 0.15980850306511596,
    "1e-08": 0.16247097894920062,
    "1e-06": 0.20421474933796338,
    "0.0001": 0.26838493199439084,
    "0.01": 0.3469905725497685,
    "1.0": 0.6221778189093231
  },
  "val_metrics": {
    "nmse": 0.15980850306511596,
    "rmse": 0.04420133373649475
  },
  "test_metrics": {
    "nmse": 0.11721010704148237,
    "rmse": 0.03641346457200803
  },
  "timing": {
    "train_states_s": 0.01811759999691276,
    "ridge_select_s": 0.012510600001405692,
    "total_s": 0.05240079999930458
  },
  "timestamp": "2026-04-16T18:21:29.229628+00:00"
}