{
  "sweep_name": "region_selection_multitask_v1_narma10",
  "config_id": "fc504b853d09",
  "seed": 1024,
  "config_point": {
    "spectral_radius": 0.7,
    "input_scaling": 0.3,
    "leak_rate": 0.8
  },
  "best_ridge": 1e-10,
  "val_curve": {
    "1e-10": 0.1828253885299583,
    "1e-08": 0.1962686578768091,
    "1e-06": 0.24197892583073485,
    "0.0001": 0.3185567518590742,
    "0.01": 0.42903178518561824,
    "1.0": 0.6613602486462199
  },
  "val_metrics": {
    "nmse": 0.1828253885299583,
    "rmse": 0.05415304471856507
  },
  "test_metrics": {
    "nmse": 0.122748561740838,
    "rmse": 0.03999208229644941
  },
  "timing": {
    "train_states_s": 0.018031899999186862,
    "ridge_select_s": 0.013095800000883173,
    "total_s": 0.05245389999981853
  },
  "timestamp": "2026-04-16T18:21:29.297179+00:00"
}