{
  "sweep_name": "region_selection_multitask_v1_narma10",
  "config_id": "fc87902cb709",
  "seed": 123,
  "config_point": {
    "spectral_radius": 1.1,
    "input_scaling": 0.05,
    "leak_rate": 0.9
  },
  "best_ridge": 1e-10,
  "val_curve": {
    "1e-10": 0.13417195279586583,
    "1e-08": 0.1344697329774824,
    "1e-06": 0.14370217071205618,
    "0.0001": 0.1553170417439602,
    "0.01": 0.19263348781538076,
    "1.0": 0.3715414684465774
  },
  "val_metrics": {
    "nmse": 0.13417195279586583,
    "rmse": 0.03581391996668375
  },
  "test_metrics": {
    "nmse": 0.128000450400432,
    "rmse": 0.03693851976285956
  },
  "timing": {
    "train_states_s": 0.01790709999841056,
    "ridge_select_s": 0.012096700000256533,
    "total_s": 0.05191460000060033
  },
  "timestamp": "2026-04-16T18:22:12.425676+00:00"
}