{
  "sweep_name": "region_selection_multitask_v1_narma10",
  "config_id": "fc87902cb709",
  "seed": 42,
  "config_point": {
    "spectral_radius": 1.1,
    "input_scaling": 0.05,
    "leak_rate": 0.9
  },
  "best_ridge": 1e-08,
  "val_curve": {
    "1e-10": 0.14663475847175989,
    "1e-08": 0.1465321595296643,
    "1e-06": 0.146633766441512,
    "0.0001": 0.1579521243640643,
    "0.01": 0.2601823464868696,
    "1.0": 0.6598095830608492
  },
  "val_metrics": {
    "nmse": 0.1465321595296643,
    "rmse": 0.04722508780347778
  },
  "test_metrics": {
    "nmse": 0.15635613687686925,
    "rmse": 0.04017564319781257
  },
  "timing": {
    "train_states_s": 0.017895600001793355,
    "ridge_select_s": 0.012114000001020031,
    "total_s": 0.06151289999979781
  },
  "timestamp": "2026-04-16T18:22:12.359017+00:00"
}