{
  "sweep_name": "region_selection_multitask_v1_narma10",
  "config_id": "fc87902cb709",
  "seed": 789,
  "config_point": {
    "spectral_radius": 1.1,
    "input_scaling": 0.05,
    "leak_rate": 0.9
  },
  "best_ridge": 1e-10,
  "val_curve": {
    "1e-10": 0.11677751785474404,
    "1e-08": 0.11789711040990294,
    "1e-06": 0.15011498467796802,
    "0.0001": 0.18156266473418006,
    "0.01": 0.20317032161277607,
    "1.0": 0.5946887989334109
  },
  "val_metrics": {
    "nmse": 0.11677751785474404,
    "rmse": 0.037784619422678675
  },
  "test_metrics": {
    "nmse": 0.08658096711069385,
    "rmse": 0.03129613359577269
  },
  "timing": {
    "train_states_s": 0.017920300000696443,
    "ridge_select_s": 0.012095499998395098,
    "total_s": 0.05211549999876297
  },
  "timestamp": "2026-04-16T18:22:12.561601+00:00"
}