{
  "sweep_name": "region_selection_multitask_v1_narma10",
  "config_id": "fdf1c43a4fc3",
  "seed": 456,
  "config_point": {
    "spectral_radius": 1.0,
    "input_scaling": 0.1,
    "leak_rate": 0.7
  },
  "best_ridge": 1e-10,
  "val_curve": {
    "1e-10": 0.11166905547078788,
    "1e-08": 0.11424542839299688,
    "1e-06": 0.14745420780532004,
    "0.0001": 0.19391836752552558,
    "0.01": 0.2597207156128828,
    "1.0": 0.3774774009010771
  },
  "val_metrics": {
    "nmse": 0.11166905547078788,
    "rmse": 0.03392466644742152
  },
  "test_metrics": {
    "nmse": 0.11857705300469967,
    "rmse": 0.036251232513480836
  },
  "timing": {
    "train_states_s": 0.017788300003303448,
    "ridge_select_s": 0.011565900000277907,
    "total_s": 0.05341699999917182
  },
  "timestamp": "2026-04-16T18:22:01.175911+00:00"
}