{
  "sweep_name": "region_selection_multitask_v1_narma10",
  "config_id": "fdf1c43a4fc3",
  "seed": 1024,
  "config_point": {
    "spectral_radius": 1.0,
    "input_scaling": 0.1,
    "leak_rate": 0.7
  },
  "best_ridge": 1e-10,
  "val_curve": {
    "1e-10": 0.15487973870453187,
    "1e-08": 0.16354477318849764,
    "1e-06": 0.20261815560324642,
    "0.0001": 0.28581028694102534,
    "0.01": 0.3552906941939458,
    "1.0": 0.4503308776090487
  },
  "val_metrics": {
    "nmse": 0.15487973870453187,
    "rmse": 0.049842742518848265
  },
  "test_metrics": {
    "nmse": 0.10797958860644176,
    "rmse": 0.037509100163278776
  },
  "timing": {
    "train_states_s": 0.017808299999160226,
    "ridge_select_s": 0.012142499999754364,
    "total_s": 0.05119070000000647
  },
  "timestamp": "2026-04-16T18:22:01.309607+00:00"
}