{
  "sweep_name": "region_selection_multitask_v1_narma10",
  "config_id": "fdf1c43a4fc3",
  "seed": 123,
  "config_point": {
    "spectral_radius": 1.0,
    "input_scaling": 0.1,
    "leak_rate": 0.7
  },
  "best_ridge": 1e-10,
  "val_curve": {
    "1e-10": 0.12139234530629105,
    "1e-08": 0.13159477158151334,
    "1e-06": 0.17970680369986156,
    "0.0001": 0.24458362922479385,
    "0.01": 0.30188455557802474,
    "1.0": 0.43215461992934406
  },
  "val_metrics": {
    "nmse": 0.12139234530629105,
    "rmse": 0.03406564681529161
  },
  "test_metrics": {
    "nmse": 0.1080876633957759,
    "rmse": 0.033943905002323096
  },
  "timing": {
    "train_states_s": 0.017825099999754457,
    "ridge_select_s": 0.01249910000115051,
    "total_s": 0.05426420000003418
  },
  "timestamp": "2026-04-16T18:22:01.107809+00:00"
}