{
  "sweep_name": "region_selection_multitask_v1_narma10",
  "config_id": "feb072eefef2",
  "seed": 456,
  "config_point": {
    "spectral_radius": 1.1,
    "input_scaling": 0.15,
    "leak_rate": 0.9
  },
  "best_ridge": 0.0001,
  "val_curve": {
    "1e-10": 0.23208420561887322,
    "1e-08": 0.23208411557678404,
    "1e-06": 0.23207510761006547,
    "0.0001": 0.23122746946444067,
    "0.01": 0.2378010611012377,
    "1.0": 0.3158100728800853
  },
  "val_metrics": {
    "nmse": 0.23122746946444067,
    "rmse": 0.048816751732625105
  },
  "test_metrics": {
    "nmse": 0.22863170622594758,
    "rmse": 0.050337388336164
  },
  "timing": {
    "train_states_s": 0.017854199999419507,
    "ridge_select_s": 0.011601000001974171,
    "total_s": 0.05329390000042622
  },
  "timestamp": "2026-04-16T18:22:16.854473+00:00"
}