{
  "sweep_name": "region_selection_multitask_v1_narma10",
  "config_id": "feb072eefef2",
  "seed": 1024,
  "config_point": {
    "spectral_radius": 1.1,
    "input_scaling": 0.15,
    "leak_rate": 0.9
  },
  "best_ridge": 1e-08,
  "val_curve": {
    "1e-10": 0.1753596945215177,
    "1e-08": 0.17534736655117392,
    "1e-06": 0.17545536442569248,
    "0.0001": 0.1929710039815075,
    "0.01": 0.23111890339842814,
    "1.0": 0.3489036363268109
  },
  "val_metrics": {
    "nmse": 0.17534736655117392,
    "rmse": 0.053033983719294735
  },
  "test_metrics": {
    "nmse": 0.11286973739882979,
    "rmse": 0.03834904636229922
  },
  "timing": {
    "train_states_s": 0.017888999998831423,
    "ridge_select_s": 0.011629399999947054,
    "total_s": 0.0506476999980805
  },
  "timestamp": "2026-04-16T18:22:16.986278+00:00"
}