{
  "sweep_name": "region_selection_multitask_v1_narma10",
  "config_id": "feb072eefef2",
  "seed": 789,
  "config_point": {
    "spectral_radius": 1.1,
    "input_scaling": 0.15,
    "leak_rate": 0.9
  },
  "best_ridge": 1e-10,
  "val_curve": {
    "1e-10": 0.11856985166222328,
    "1e-08": 0.11859791186409217,
    "1e-06": 0.12158162208351339,
    "0.0001": 0.15962619611582088,
    "0.01": 0.19229740597564127,
    "1.0": 0.36379665582017423
  },
  "val_metrics": {
    "nmse": 0.11856985166222328,
    "rmse": 0.03807347968775536
  },
  "test_metrics": {
    "nmse": 0.08865929881377917,
    "rmse": 0.03166952990402056
  },
  "timing": {
    "train_states_s": 0.01817260000098031,
    "ridge_select_s": 0.01148299999840674,
    "total_s": 0.05118619999848306
  },
  "timestamp": "2026-04-16T18:22:16.920360+00:00"
}