{
  "sweep_name": "cycle_comparison_cycle_jump_j7_mackey_glass",
  "config_id": "129fe242d561",
  "seed": 123,
  "config_point": {
    "spectral_radius": 0.9,
    "input_scaling": 0.1,
    "leak_rate": 1.0
  },
  "best_ridge": 1e-10,
  "val_curve": {
    "1e-10": 3.353893838021913e-12,
    "1e-08": 1.5807041391745725e-10,
    "1e-06": 8.239668294154316e-09,
    "0.0001": 2.6437725422467007e-07,
    "0.01": 1.1677993358600793e-05,
    "1.0": 0.001434021338770465
  },
  "val_metrics": {
    "nmse": 3.353893838021913e-12,
    "rmse": 4.127128116497106e-07
  },
  "test_metrics": {
    "nmse": 2.948542026272633e-12,
    "rmse": 3.5080925135103214e-07
  },
  "timing": {
    "train_states_s": 0.01824620002298616,
    "ridge_select_s": 0.013481800007866696,
    "total_s": 0.0637540000025183
  },
  "timestamp": "2026-05-12T10:15:33.642242+00:00",
  "reservoir_diagnostics": {
    "spectral_radius": 0.8999999999999965,
    "mean_abs_eigenvalue": 0.7079742795605912,
    "spectral_norm": 0.8999999999999961,
    "frobenius_norm": 7.227904506168811,
    "density": 0.02,
    "henrici_departure": 2.019962575251881e-08
  }
}