{
  "sweep_name": "cycle_comparison_cycle_jump_j7_mackey_glass",
  "config_id": "129fe242d561",
  "seed": 42,
  "config_point": {
    "spectral_radius": 0.9,
    "input_scaling": 0.1,
    "leak_rate": 1.0
  },
  "best_ridge": 1e-10,
  "val_curve": {
    "1e-10": 4.17340921717638e-12,
    "1e-08": 1.9760482687357255e-10,
    "1e-06": 9.013153554566063e-09,
    "0.0001": 3.886608636538669e-07,
    "0.01": 1.9088760144867486e-05,
    "1.0": 0.001173131273079725
  },
  "val_metrics": {
    "nmse": 4.17340921717638e-12,
    "rmse": 4.603824717918438e-07
  },
  "test_metrics": {
    "nmse": 3.657640845036848e-12,
    "rmse": 3.9072203657214616e-07
  },
  "timing": {
    "train_states_s": 0.01904180002748035,
    "ridge_select_s": 0.012772399990353733,
    "total_s": 0.06499519999488257
  },
  "timestamp": "2026-05-12T10:15:33.566364+00:00",
  "reservoir_diagnostics": {
    "spectral_radius": 0.8999999999999965,
    "mean_abs_eigenvalue": 0.7079742795605912,
    "spectral_norm": 0.8999999999999961,
    "frobenius_norm": 7.227904506168811,
    "density": 0.02,
    "henrici_departure": 2.019962575251881e-08
  }
}