{
  "sweep_name": "cycle_comparison_cycle_jump_j7_mackey_glass",
  "config_id": "129fe242d561",
  "seed": 2024,
  "config_point": {
    "spectral_radius": 0.9,
    "input_scaling": 0.1,
    "leak_rate": 1.0
  },
  "best_ridge": 1e-10,
  "val_curve": {
    "1e-10": 3.1634830560766355e-12,
    "1e-08": 3.431796282187856e-10,
    "1e-06": 1.148284908508101e-08,
    "0.0001": 2.924185301305127e-07,
    "0.01": 1.8754939471233847e-05,
    "1.0": 0.005097087230735086
  },
  "val_metrics": {
    "nmse": 3.1634830560766355e-12,
    "rmse": 4.0082615364833034e-07
  },
  "test_metrics": {
    "nmse": 3.057287769749342e-12,
    "rmse": 3.572198108561732e-07
  },
  "timing": {
    "train_states_s": 0.018710300006205216,
    "ridge_select_s": 0.014622899994719774,
    "total_s": 0.06592819999787025
  },
  "timestamp": "2026-05-12T10:15:33.871531+00:00",
  "reservoir_diagnostics": {
    "spectral_radius": 0.8999999999999965,
    "mean_abs_eigenvalue": 0.7079742795605912,
    "spectral_norm": 0.8999999999999961,
    "frobenius_norm": 7.227904506168811,
    "density": 0.02,
    "henrici_departure": 2.019962575251881e-08
  }
}