{
  "sweep_name": "cycle_comparison_cycle_jump_j7_mackey_glass",
  "config_id": "5033ae01f908",
  "seed": 789,
  "config_point": {
    "spectral_radius": 0.9,
    "input_scaling": 0.2,
    "leak_rate": 1.0
  },
  "best_ridge": 1e-10,
  "val_curve": {
    "1e-10": 1.061263884777486e-12,
    "1e-08": 5.7260628337778045e-11,
    "1e-06": 2.226778394861319e-09,
    "0.0001": 1.2504549686777198e-07,
    "0.01": 6.470801917247061e-06,
    "1.0": 0.0004887643834904511
  },
  "val_metrics": {
    "nmse": 1.061263884777486e-12,
    "rmse": 2.3215871298898402e-07
  },
  "test_metrics": {
    "nmse": 9.313774339049316e-13,
    "rmse": 1.9716518579606485e-07
  },
  "timing": {
    "train_states_s": 0.018491599999833852,
    "ridge_select_s": 0.0129538000037428,
    "total_s": 0.06279860000358894
  },
  "timestamp": "2026-05-12T10:15:35.288479+00:00",
  "reservoir_diagnostics": {
    "spectral_radius": 0.8999999999999965,
    "mean_abs_eigenvalue": 0.7079742795605912,
    "spectral_norm": 0.8999999999999961,
    "frobenius_norm": 7.227904506168811,
    "density": 0.02,
    "henrici_departure": 2.019962575251881e-08
  }
}