{
  "sweep_name": "cycle_comparison_cycle_jump_j7_mackey_glass",
  "config_id": "5033ae01f908",
  "seed": 456,
  "config_point": {
    "spectral_radius": 0.9,
    "input_scaling": 0.2,
    "leak_rate": 1.0
  },
  "best_ridge": 1e-10,
  "val_curve": {
    "1e-10": 1.1425890601935203e-12,
    "1e-08": 7.89593072653691e-11,
    "1e-06": 1.841096112108397e-09,
    "0.0001": 1.0536111684679767e-07,
    "0.01": 6.330733107658325e-06,
    "1.0": 0.000536458289286287
  },
  "val_metrics": {
    "nmse": 1.1425890601935203e-12,
    "rmse": 2.40889752636059e-07
  },
  "test_metrics": {
    "nmse": 1.0069803820742536e-12,
    "rmse": 2.0501133871204114e-07
  },
  "timing": {
    "train_states_s": 0.018727899994701147,
    "ridge_select_s": 0.013303900021128356,
    "total_s": 0.06249570002546534
  },
  "timestamp": "2026-05-12T10:15:35.214147+00:00",
  "reservoir_diagnostics": {
    "spectral_radius": 0.8999999999999965,
    "mean_abs_eigenvalue": 0.7079742795605912,
    "spectral_norm": 0.8999999999999961,
    "frobenius_norm": 7.227904506168811,
    "density": 0.02,
    "henrici_departure": 2.019962575251881e-08
  }
}