{
  "sweep_name": "cycle_comparison_cycle_jump_j7_mackey_glass",
  "config_id": "65189332b1c4",
  "seed": 456,
  "config_point": {
    "spectral_radius": 0.9,
    "input_scaling": 0.1,
    "leak_rate": 0.9
  },
  "best_ridge": 1e-10,
  "val_curve": {
    "1e-10": 3.737861041720176e-12,
    "1e-08": 2.608045539506061e-10,
    "1e-06": 6.7269695749436e-09,
    "0.0001": 3.140095083566746e-07,
    "0.01": 1.3717133422319589e-05,
    "1.0": 0.0006854543069318626
  },
  "val_metrics": {
    "nmse": 3.737861041720176e-12,
    "rmse": 4.3569730228135356e-07
  },
  "test_metrics": {
    "nmse": 3.3695764923998264e-12,
    "rmse": 3.750205242032679e-07
  },
  "timing": {
    "train_states_s": 0.019360899983439595,
    "ridge_select_s": 0.013219599990407005,
    "total_s": 0.06360880000283942
  },
  "timestamp": "2026-05-12T10:15:33.336505+00:00",
  "reservoir_diagnostics": {
    "spectral_radius": 0.8999999999999965,
    "mean_abs_eigenvalue": 0.7079742795605912,
    "spectral_norm": 0.8999999999999961,
    "frobenius_norm": 7.227904506168811,
    "density": 0.02,
    "henrici_departure": 2.019962575251881e-08
  }
}