{
  "sweep_name": "cycle_comparison_cycle_jump_j7_mackey_glass",
  "config_id": "65189332b1c4",
  "seed": 2024,
  "config_point": {
    "spectral_radius": 0.9,
    "input_scaling": 0.1,
    "leak_rate": 0.9
  },
  "best_ridge": 1e-10,
  "val_curve": {
    "1e-10": 5.008303366270798e-12,
    "1e-08": 3.718178864735911e-10,
    "1e-06": 1.2147061540553798e-08,
    "0.0001": 3.306510000200728e-07,
    "0.01": 2.2700546504357186e-05,
    "1.0": 0.005031906948708867
  },
  "val_metrics": {
    "nmse": 5.008303366270798e-12,
    "rmse": 5.043344194273235e-07
  },
  "test_metrics": {
    "nmse": 4.883010670121673e-12,
    "rmse": 4.514516174430388e-07
  },
  "timing": {
    "train_states_s": 0.018387699994491413,
    "ridge_select_s": 0.013520400010747835,
    "total_s": 0.06552750000264496
  },
  "timestamp": "2026-05-12T10:15:33.489798+00:00",
  "reservoir_diagnostics": {
    "spectral_radius": 0.8999999999999965,
    "mean_abs_eigenvalue": 0.7079742795605912,
    "spectral_norm": 0.8999999999999961,
    "frobenius_norm": 7.227904506168811,
    "density": 0.02,
    "henrici_departure": 2.019962575251881e-08
  }
}