{
  "sweep_name": "cycle_comparison_cycle_jump_j7_mackey_glass",
  "config_id": "65189332b1c4",
  "seed": 42,
  "config_point": {
    "spectral_radius": 0.9,
    "input_scaling": 0.1,
    "leak_rate": 0.9
  },
  "best_ridge": 1e-10,
  "val_curve": {
    "1e-10": 4.6858933980839854e-12,
    "1e-08": 2.578288932715974e-10,
    "1e-06": 1.1476635713452336e-08,
    "0.0001": 4.6998102073951304e-07,
    "0.01": 2.09877151309686e-05,
    "1.0": 0.0012613481120277124
  },
  "val_metrics": {
    "nmse": 4.6858933980839854e-12,
    "rmse": 4.878311148836875e-07
  },
  "test_metrics": {
    "nmse": 4.14994389104093e-12,
    "rmse": 4.161869795547694e-07
  },
  "timing": {
    "train_states_s": 0.01844310000888072,
    "ridge_select_s": 0.013342199992621318,
    "total_s": 0.06125420000171289
  },
  "timestamp": "2026-05-12T10:15:33.188446+00:00",
  "reservoir_diagnostics": {
    "spectral_radius": 0.8999999999999965,
    "mean_abs_eigenvalue": 0.7079742795605912,
    "spectral_norm": 0.8999999999999961,
    "frobenius_norm": 7.227904506168811,
    "density": 0.02,
    "henrici_departure": 2.019962575251881e-08
  }
}