{
  "sweep_name": "cycle_comparison_cycle_jump_j7_mackey_glass",
  "config_id": "92815a841b21",
  "seed": 2024,
  "config_point": {
    "spectral_radius": 0.9,
    "input_scaling": 0.15,
    "leak_rate": 1.0
  },
  "best_ridge": 1e-10,
  "val_curve": {
    "1e-10": 2.7288184365580263e-12,
    "1e-08": 1.6188067145200312e-10,
    "1e-06": 8.20372232508969e-09,
    "0.0001": 2.1992443991403345e-07,
    "0.01": 2.045721796000968e-05,
    "1.0": 0.0014511870573719495
  },
  "val_metrics": {
    "nmse": 2.7288184365580263e-12,
    "rmse": 3.722722080268181e-07
  },
  "test_metrics": {
    "nmse": 2.4271170684466404e-12,
    "rmse": 3.1828248406337784e-07
  },
  "timing": {
    "train_states_s": 0.018300299998372793,
    "ridge_select_s": 0.012428799993358552,
    "total_s": 0.062225300003774464
  },
  "timestamp": "2026-05-12T10:15:34.617344+00:00",
  "reservoir_diagnostics": {
    "spectral_radius": 0.8999999999999965,
    "mean_abs_eigenvalue": 0.7079742795605912,
    "spectral_norm": 0.8999999999999961,
    "frobenius_norm": 7.227904506168811,
    "density": 0.02,
    "henrici_departure": 2.019962575251881e-08
  }
}