{
  "sweep_name": "cycle_comparison_cycle_jump_j7_mackey_glass",
  "config_id": "92815a841b21",
  "seed": 789,
  "config_point": {
    "spectral_radius": 0.9,
    "input_scaling": 0.15,
    "leak_rate": 1.0
  },
  "best_ridge": 1e-10,
  "val_curve": {
    "1e-10": 1.9020846345505823e-12,
    "1e-08": 8.472913597489947e-11,
    "1e-06": 2.665626728825562e-09,
    "0.0001": 1.5861174077441954e-07,
    "0.01": 7.641899107235958e-06,
    "1.0": 0.000634179491031966
  },
  "val_metrics": {
    "nmse": 1.9020846345505823e-12,
    "rmse": 3.1080515509521885e-07
  },
  "test_metrics": {
    "nmse": 1.7052957766400554e-12,
    "rmse": 2.6678857966356365e-07
  },
  "timing": {
    "train_states_s": 0.018541099998401478,
    "ridge_select_s": 0.013779200002318248,
    "total_s": 0.0629035999882035
  },
  "timestamp": "2026-05-12T10:15:34.543400+00:00",
  "reservoir_diagnostics": {
    "spectral_radius": 0.8999999999999965,
    "mean_abs_eigenvalue": 0.7079742795605912,
    "spectral_norm": 0.8999999999999961,
    "frobenius_norm": 7.227904506168811,
    "density": 0.02,
    "henrici_departure": 2.019962575251881e-08
  }
}