{
  "sweep_name": "cycle_comparison_cycle_jump_j7_mackey_glass",
  "config_id": "b5cf1e3871f2",
  "seed": 456,
  "config_point": {
    "spectral_radius": 0.9,
    "input_scaling": 0.15,
    "leak_rate": 0.9
  },
  "best_ridge": 1e-10,
  "val_curve": {
    "1e-10": 1.851617656420221e-12,
    "1e-08": 1.3521691470189042e-10,
    "1e-06": 3.1093955007144994e-09,
    "0.0001": 1.6883142310100406e-07,
    "0.01": 8.119250217536921e-06,
    "1.0": 0.0007081050155209174
  },
  "val_metrics": {
    "nmse": 1.851617656420221e-12,
    "rmse": 3.0665422424603303e-07
  },
  "test_metrics": {
    "nmse": 1.6951771433800366e-12,
    "rmse": 2.6599588660564823e-07
  },
  "timing": {
    "train_states_s": 0.019747099984670058,
    "ridge_select_s": 0.015014300006441772,
    "total_s": 0.06535849999636412
  },
  "timestamp": "2026-05-12T10:15:34.096123+00:00",
  "reservoir_diagnostics": {
    "spectral_radius": 0.8999999999999965,
    "mean_abs_eigenvalue": 0.7079742795605912,
    "spectral_norm": 0.8999999999999961,
    "frobenius_norm": 7.227904506168811,
    "density": 0.02,
    "henrici_departure": 2.019962575251881e-08
  }
}