{
  "sweep_name": "cycle_comparison_cycle_jump_j7_mackey_glass",
  "config_id": "b5cf1e3871f2",
  "seed": 123,
  "config_point": {
    "spectral_radius": 0.9,
    "input_scaling": 0.15,
    "leak_rate": 0.9
  },
  "best_ridge": 1e-10,
  "val_curve": {
    "1e-10": 2.1958454625996647e-12,
    "1e-08": 1.3113548868292192e-10,
    "1e-06": 4.243901195424726e-09,
    "0.0001": 2.325356572317757e-07,
    "0.01": 1.0703038686145307e-05,
    "1.0": 0.0007727961603087012
  },
  "val_metrics": {
    "nmse": 2.1958454625996647e-12,
    "rmse": 3.3394441232760355e-07
  },
  "test_metrics": {
    "nmse": 1.888607405628821e-12,
    "rmse": 2.807619310947229e-07
  },
  "timing": {
    "train_states_s": 0.018381300003966317,
    "ridge_select_s": 0.014334099978441373,
    "total_s": 0.06312329997308552
  },
  "timestamp": "2026-05-12T10:15:34.019587+00:00",
  "reservoir_diagnostics": {
    "spectral_radius": 0.8999999999999965,
    "mean_abs_eigenvalue": 0.7079742795605912,
    "spectral_norm": 0.8999999999999961,
    "frobenius_norm": 7.227904506168811,
    "density": 0.02,
    "henrici_departure": 2.019962575251881e-08
  }
}