{
  "sweep_name": "cycle_comparison_cycle_jump_j7_mackey_glass",
  "config_id": "b5cf1e3871f2",
  "seed": 2024,
  "config_point": {
    "spectral_radius": 0.9,
    "input_scaling": 0.15,
    "leak_rate": 0.9
  },
  "best_ridge": 1e-10,
  "val_curve": {
    "1e-10": 4.236623355470051e-12,
    "1e-08": 1.8347529432134871e-10,
    "1e-06": 8.63750094505402e-09,
    "0.0001": 2.555975897654071e-07,
    "0.01": 2.217162361791157e-05,
    "1.0": 0.0014279167248775057
  },
  "val_metrics": {
    "nmse": 4.236623355470051e-12,
    "rmse": 4.638560473283082e-07
  },
  "test_metrics": {
    "nmse": 3.71811145272293e-12,
    "rmse": 3.939386376214162e-07
  },
  "timing": {
    "train_states_s": 0.018701699998928234,
    "ridge_select_s": 0.013667499995790422,
    "total_s": 0.06237279999186285
  },
  "timestamp": "2026-05-12T10:15:34.244384+00:00",
  "reservoir_diagnostics": {
    "spectral_radius": 0.8999999999999965,
    "mean_abs_eigenvalue": 0.7079742795605912,
    "spectral_norm": 0.8999999999999961,
    "frobenius_norm": 7.227904506168811,
    "density": 0.02,
    "henrici_departure": 2.019962575251881e-08
  }
}