{
  "sweep_name": "cycle_comparison_cycle_jump_j7_mackey_glass",
  "config_id": "b5cf1e3871f2",
  "seed": 789,
  "config_point": {
    "spectral_radius": 0.9,
    "input_scaling": 0.15,
    "leak_rate": 0.9
  },
  "best_ridge": 1e-10,
  "val_curve": {
    "1e-10": 2.159846515727283e-12,
    "1e-08": 1.0018984223142371e-10,
    "1e-06": 3.3584405366482e-09,
    "0.0001": 1.9739568193393393e-07,
    "0.01": 8.593831395183398e-06,
    "1.0": 0.0006693919683942394
  },
  "val_metrics": {
    "nmse": 2.159846515727283e-12,
    "rmse": 3.311957384115066e-07
  },
  "test_metrics": {
    "nmse": 1.9270206959639503e-12,
    "rmse": 2.836028338668843e-07
  },
  "timing": {
    "train_states_s": 0.01873189999605529,
    "ridge_select_s": 0.013304299995070323,
    "total_s": 0.06298309998237528
  },
  "timestamp": "2026-05-12T10:15:34.170735+00:00",
  "reservoir_diagnostics": {
    "spectral_radius": 0.8999999999999965,
    "mean_abs_eigenvalue": 0.7079742795605912,
    "spectral_norm": 0.8999999999999961,
    "frobenius_norm": 7.227904506168811,
    "density": 0.02,
    "henrici_departure": 2.019962575251881e-08
  }
}