{
  "sweep_name": "cycle_comparison_cycle_jump_j3",
  "config_id": "0292ac89d7b8",
  "seed": 789,
  "config_point": {
    "spectral_radius": 0.9,
    "input_scaling": 0.2,
    "leak_rate": 0.9
  },
  "mc_total": 23.352229945842062,
  "kmax": 200,
  "timing": {
    "mc_s": 0.10783300001639873
  },
  "timestamp": "2026-05-12T10:15:30.249412+00:00",
  "reservoir_diagnostics": {
    "spectral_radius": 0.8999999999999997,
    "mean_abs_eigenvalue": 0.7079742795605938,
    "spectral_norm": 0.8999999999999994,
    "frobenius_norm": 7.227904506168839,
    "density": 0.02,
    "henrici_departure": 1.1662259365746388e-08
  }
}