{
  "sweep_name": "pilot_multitask_narma10",
  "config_id": "10b5d24c62b0",
  "seed": 123,
  "config_point": {
    "spectral_radius": 1.1,
    "input_scaling": 0.2,
    "leak_rate": 0.6
  },
  "best_ridge": 1e-06,
  "val_curve": {
    "1e-08": 0.15259274516076363,
    "1e-06": 0.14689357040476891,
    "0.0001": 0.17039990800002322,
    "0.01": 0.2190140374901496,
    "0.1": 0.24874836923116633,
    "1.0": 0.3111240463817453
  },
  "val_metrics": {
    "nmse": 0.14689357040476891,
    "rmse": 0.04612491214919431
  },
  "test_metrics": {
    "nmse": 0.1699386403040033,
    "rmse": 0.045837143317021455
  },
  "timing": {
    "train_states_s": 0.013029400000959868,
    "ridge_select_s": 0.010922100000243518,
    "total_s": 0.041064299999561626
  },
  "timestamp": "2026-04-16T17:26:32.558167+00:00"
}