{
  "sweep_name": "pilot_multitask_narma10",
  "config_id": "129fe242d561",
  "seed": 42,
  "config_point": {
    "spectral_radius": 0.9,
    "input_scaling": 0.1,
    "leak_rate": 1.0
  },
  "best_ridge": 1e-08,
  "val_curve": {
    "1e-08": 0.11460970650857455,
    "1e-06": 0.1423481108183816,
    "0.0001": 0.16056247991822278,
    "0.01": 0.192440911845471,
    "0.1": 0.24339827382259346,
    "1.0": 0.40055052002150937
  },
  "val_metrics": {
    "nmse": 0.11460970650857455,
    "rmse": 0.03452003556150667
  },
  "test_metrics": {
    "nmse": 0.0966486576686206,
    "rmse": 0.036627620080750635
  },
  "timing": {
    "train_states_s": 0.013809400001264294,
    "ridge_select_s": 0.010474799999428797,
    "total_s": 0.048085899999932735
  },
  "timestamp": "2026-04-16T17:26:31.553314+00:00"
}