{
  "sweep_name": "pilot_multitask_narma10",
  "config_id": "129fe242d561",
  "seed": 123,
  "config_point": {
    "spectral_radius": 0.9,
    "input_scaling": 0.1,
    "leak_rate": 1.0
  },
  "best_ridge": 1e-08,
  "val_curve": {
    "1e-08": 0.11181753237534747,
    "1e-06": 0.15993157125964078,
    "0.0001": 0.19812627545090575,
    "0.01": 0.20828967283122618,
    "0.1": 0.2552388022435961,
    "1.0": 0.4878864325690787
  },
  "val_metrics": {
    "nmse": 0.11181753237534747,
    "rmse": 0.04024288526530367
  },
  "test_metrics": {
    "nmse": 0.11227310207493361,
    "rmse": 0.03725712467335649
  },
  "timing": {
    "train_states_s": 0.013170099999115337,
    "ridge_select_s": 0.01124320000053558,
    "total_s": 0.042220999999699416
  },
  "timestamp": "2026-04-16T17:26:31.606593+00:00"
}