{
  "sweep_name": "pilot_multitask_narma10",
  "config_id": "129fe242d561",
  "seed": 456,
  "config_point": {
    "spectral_radius": 0.9,
    "input_scaling": 0.1,
    "leak_rate": 1.0
  },
  "best_ridge": 1e-08,
  "val_curve": {
    "1e-08": 0.09510479776268077,
    "1e-06": 0.11460768832320943,
    "0.0001": 0.17991055339351186,
    "0.01": 0.22984236500506297,
    "0.1": 0.27985070067928824,
    "1.0": 0.40657001261234327
  },
  "val_metrics": {
    "nmse": 0.09510479776268077,
    "rmse": 0.03096151348565558
  },
  "test_metrics": {
    "nmse": 0.10629260573781646,
    "rmse": 0.032900376427445935
  },
  "timing": {
    "train_states_s": 0.013029999998252606,
    "ridge_select_s": 0.010671500000171363,
    "total_s": 0.04364279999936116
  },
  "timestamp": "2026-04-16T17:26:31.665468+00:00"
}