{
  "sweep_name": "pilot_multitask_narma10",
  "config_id": "25de579150b8",
  "seed": 456,
  "config_point": {
    "spectral_radius": 0.7,
    "input_scaling": 0.1,
    "leak_rate": 1.0
  },
  "best_ridge": 1e-08,
  "val_curve": {
    "1e-08": 0.14751090064114963,
    "1e-06": 0.176801848076555,
    "0.0001": 0.22723496866367926,
    "0.01": 0.3402956954720271,
    "0.1": 0.5933391624096952,
    "1.0": 0.697361694994575
  },
  "val_metrics": {
    "nmse": 0.14751090064114963,
    "rmse": 0.03855964493579447
  },
  "test_metrics": {
    "nmse": 0.14558801219123169,
    "rmse": 0.03850455851327609
  },
  "timing": {
    "train_states_s": 0.01421430000118562,
    "ridge_select_s": 0.010394499999165419,
    "total_s": 0.04453969999849505
  },
  "timestamp": "2026-04-16T17:26:30.969256+00:00"
}