{
  "sweep_name": "pilot_multitask_narma10",
  "config_id": "25de579150b8",
  "seed": 42,
  "config_point": {
    "spectral_radius": 0.7,
    "input_scaling": 0.1,
    "leak_rate": 1.0
  },
  "best_ridge": 1e-08,
  "val_curve": {
    "1e-08": 0.1508216543006834,
    "1e-06": 0.17204935285096595,
    "0.0001": 0.1777395688777614,
    "0.01": 0.4785008869235374,
    "0.1": 0.6701609229833645,
    "1.0": 0.9287242452146436
  },
  "val_metrics": {
    "nmse": 0.1508216543006834,
    "rmse": 0.039599744540282554
  },
  "test_metrics": {
    "nmse": 0.16760377748555647,
    "rmse": 0.04823393445016408
  },
  "timing": {
    "train_states_s": 0.014147100000627688,
    "ridge_select_s": 0.011403900000004796,
    "total_s": 0.07323100000030536
  },
  "timestamp": "2026-04-16T17:26:30.858080+00:00"
}