{
  "sweep_name": "pilot_multitask_narma10",
  "config_id": "4624975b8b19",
  "seed": 123,
  "config_point": {
    "spectral_radius": 1.1,
    "input_scaling": 0.1,
    "leak_rate": 0.6
  },
  "best_ridge": 1e-08,
  "val_curve": {
    "1e-08": 0.14654823450497007,
    "1e-06": 0.15728876129419173,
    "0.0001": 0.19515532103903074,
    "0.01": 0.23407050292404255,
    "0.1": 0.28297041513730053,
    "1.0": 0.38788605271737425
  },
  "val_metrics": {
    "nmse": 0.14654823450497007,
    "rmse": 0.046070662120587226
  },
  "test_metrics": {
    "nmse": 0.15391018467219011,
    "rmse": 0.043621957831862214
  },
  "timing": {
    "train_states_s": 0.013363400001253467,
    "ridge_select_s": 0.01059729999906267,
    "total_s": 0.04113099999995029
  },
  "timestamp": "2026-04-16T17:26:32.164781+00:00"
}