{
  "sweep_name": "pilot_multitask_narma10",
  "config_id": "4624975b8b19",
  "seed": 456,
  "config_point": {
    "spectral_radius": 1.1,
    "input_scaling": 0.1,
    "leak_rate": 0.6
  },
  "best_ridge": 1e-08,
  "val_curve": {
    "1e-08": 0.19165170760644154,
    "1e-06": 0.20012183107681167,
    "0.0001": 0.24360413232054273,
    "0.01": 0.28330875956163376,
    "0.1": 0.3105670943211759,
    "1.0": 0.4079112677896063
  },
  "val_metrics": {
    "nmse": 0.19165170760644154,
    "rmse": 0.0439518657403035
  },
  "test_metrics": {
    "nmse": 0.2136516528089118,
    "rmse": 0.04664471764059668
  },
  "timing": {
    "train_states_s": 0.012929600001371,
    "ridge_select_s": 0.009903500000291388,
    "total_s": 0.04190740000012738
  },
  "timestamp": "2026-04-16T17:26:32.217419+00:00"
}