{
  "sweep_name": "pilot_multitask_narma10",
  "config_id": "4624975b8b19",
  "seed": 42,
  "config_point": {
    "spectral_radius": 1.1,
    "input_scaling": 0.1,
    "leak_rate": 0.6
  },
  "best_ridge": 1e-08,
  "val_curve": {
    "1e-08": 0.197718350255089,
    "1e-06": 0.22266971140278877,
    "0.0001": 0.2634558761410773,
    "0.01": 0.3074236024899253,
    "0.1": 0.34012358181067753,
    "1.0": 0.543212659689258
  },
  "val_metrics": {
    "nmse": 0.197718350255089,
    "rmse": 0.045340261781466086
  },
  "test_metrics": {
    "nmse": 0.17845827401559672,
    "rmse": 0.04977131687684813
  },
  "timing": {
    "train_states_s": 0.013464600000588689,
    "ridge_select_s": 0.010336599998481688,
    "total_s": 0.11735649999900488
  },
  "timestamp": "2026-04-16T17:26:32.112708+00:00"
}