{
  "sweep_name": "pilot_multitask_narma10",
  "config_id": "5033ae01f908",
  "seed": 42,
  "config_point": {
    "spectral_radius": 0.9,
    "input_scaling": 0.2,
    "leak_rate": 1.0
  },
  "best_ridge": 1e-08,
  "val_curve": {
    "1e-08": 0.10965085155978646,
    "1e-06": 0.12008171594091556,
    "0.0001": 0.14929012611425196,
    "0.01": 0.17683915014732768,
    "0.1": 0.2147219320196726,
    "1.0": 0.322820736261831
  },
  "val_metrics": {
    "nmse": 0.10965085155978646,
    "rmse": 0.03376498325245077
  },
  "test_metrics": {
    "nmse": 0.09568964427088493,
    "rmse": 0.0364454450191665
  },
  "timing": {
    "train_states_s": 0.013256700000056298,
    "ridge_select_s": 0.010376500000347733,
    "total_s": 0.04302289999941422
  },
  "timestamp": "2026-04-16T17:26:31.877744+00:00"
}