{
  "sweep_name": "pilot_multitask_narma10",
  "config_id": "5033ae01f908",
  "seed": 123,
  "config_point": {
    "spectral_radius": 0.9,
    "input_scaling": 0.2,
    "leak_rate": 1.0
  },
  "best_ridge": 1e-08,
  "val_curve": {
    "1e-08": 0.09806393660700494,
    "1e-06": 0.11891159346570024,
    "0.0001": 0.17011443292950137,
    "0.01": 0.21264302434136198,
    "0.1": 0.22434006274959603,
    "1.0": 0.3353241130392576
  },
  "val_metrics": {
    "nmse": 0.09806393660700494,
    "rmse": 0.03768676157885296
  },
  "test_metrics": {
    "nmse": 0.10362513921200878,
    "rmse": 0.03579348931236236
  },
  "timing": {
    "train_states_s": 0.012957300001289696,
    "ridge_select_s": 0.010872500000914442,
    "total_s": 0.040515799999411684
  },
  "timestamp": "2026-04-16T17:26:31.929026+00:00"
}