{
  "sweep_name": "pilot_multitask_narma10",
  "config_id": "5dacf2ac3539",
  "seed": 123,
  "config_point": {
    "spectral_radius": 0.7,
    "input_scaling": 0.2,
    "leak_rate": 0.6
  },
  "best_ridge": 1e-08,
  "val_curve": {
    "1e-08": 0.17959405555887992,
    "1e-06": 0.22922507228772712,
    "0.0001": 0.2930804796967766,
    "0.01": 0.3469807607910553,
    "0.1": 0.4539007355329609,
    "1.0": 0.6548814166801346
  },
  "val_metrics": {
    "nmse": 0.17959405555887992,
    "rmse": 0.05100116978540936
  },
  "test_metrics": {
    "nmse": 0.21211222853349812,
    "rmse": 0.05120994712107394
  },
  "timing": {
    "train_states_s": 0.01359260000026552,
    "ridge_select_s": 0.010538799999267212,
    "total_s": 0.042966300001353375
  },
  "timestamp": "2026-04-16T17:26:31.094086+00:00"
}