{
  "sweep_name": "pilot_multitask_narma10",
  "config_id": "5dacf2ac3539",
  "seed": 42,
  "config_point": {
    "spectral_radius": 0.7,
    "input_scaling": 0.2,
    "leak_rate": 0.6
  },
  "best_ridge": 1e-08,
  "val_curve": {
    "1e-08": 0.22559893965140523,
    "1e-06": 0.2500256438067089,
    "0.0001": 0.3107580908722644,
    "0.01": 0.36349111422688934,
    "0.1": 0.40400671882868394,
    "1.0": 0.5903717602520987
  },
  "val_metrics": {
    "nmse": 0.22559893965140523,
    "rmse": 0.04843162726821531
  },
  "test_metrics": {
    "nmse": 0.17977261589836246,
    "rmse": 0.049954263059457445
  },
  "timing": {
    "train_states_s": 0.013536099999328144,
    "ridge_select_s": 0.011084600000685896,
    "total_s": 0.060451900000771275
  },
  "timestamp": "2026-04-16T17:26:31.039990+00:00"
}