{
  "sweep_name": "pilot_multitask_narma10",
  "config_id": "5dacf2ac3539",
  "seed": 456,
  "config_point": {
    "spectral_radius": 0.7,
    "input_scaling": 0.2,
    "leak_rate": 0.6
  },
  "best_ridge": 1e-08,
  "val_curve": {
    "1e-08": 0.18190677012420162,
    "1e-06": 0.21119308755896132,
    "0.0001": 0.24600554755519058,
    "0.01": 0.340481702114179,
    "0.1": 0.39723835511669764,
    "1.0": 0.5099124791127617
  },
  "val_metrics": {
    "nmse": 0.18190677012420162,
    "rmse": 0.04281987549993011
  },
  "test_metrics": {
    "nmse": 0.19945523189440872,
    "rmse": 0.045068391303364055
  },
  "timing": {
    "train_states_s": 0.013751899999988382,
    "ridge_select_s": 0.010237399999823538,
    "total_s": 0.04344640000090294
  },
  "timestamp": "2026-04-16T17:26:31.148671+00:00"
}