{
  "sweep_name": "pilot_multitask_narma10",
  "config_id": "72f84ae81d5b",
  "seed": 123,
  "config_point": {
    "spectral_radius": 0.7,
    "input_scaling": 0.1,
    "leak_rate": 0.6
  },
  "best_ridge": 1e-08,
  "val_curve": {
    "1e-08": 0.216238168597131,
    "1e-06": 0.26027194009731836,
    "0.0001": 0.30472007406546614,
    "0.01": 0.3932055800006912,
    "0.1": 0.5719702646878276,
    "1.0": 0.7616743364527618
  },
  "val_metrics": {
    "nmse": 0.216238168597131,
    "rmse": 0.055962916005948965
  },
  "test_metrics": {
    "nmse": 0.2375596959361173,
    "rmse": 0.0541948295016882
  },
  "timing": {
    "train_states_s": 0.013011499999265652,
    "ridge_select_s": 0.010721399999965797,
    "total_s": 0.040994499999214895
  },
  "timestamp": "2026-04-16T17:26:30.713801+00:00"
}