{
  "sweep_name": "pilot_multitask_narma10",
  "config_id": "72f84ae81d5b",
  "seed": 42,
  "config_point": {
    "spectral_radius": 0.7,
    "input_scaling": 0.1,
    "leak_rate": 0.6
  },
  "best_ridge": 1e-08,
  "val_curve": {
    "1e-08": 0.2430848604269641,
    "1e-06": 0.27388533098676504,
    "0.0001": 0.322720597020237,
    "0.01": 0.38164103892619844,
    "0.1": 0.49188964704813576,
    "1.0": 0.7379761910088048
  },
  "val_metrics": {
    "nmse": 0.2430848604269641,
    "rmse": 0.05027354264877273
  },
  "test_metrics": {
    "nmse": 0.20886653454977197,
    "rmse": 0.05384497976528543
  },
  "timing": {
    "train_states_s": 0.016649299999698997,
    "ridge_select_s": 0.010831499999767402,
    "total_s": 0.0719874999995227
  },
  "timestamp": "2026-04-16T17:26:30.661828+00:00"
}