{
  "sweep_name": "pilot_multitask_narma10",
  "config_id": "9bba7c25d761",
  "seed": 42,
  "config_point": {
    "spectral_radius": 1.1,
    "input_scaling": 0.2,
    "leak_rate": 1.0
  },
  "best_ridge": 1e-08,
  "val_curve": {
    "1e-08": 0.18988632812274592,
    "1e-06": 0.1898870735009864,
    "0.0001": 0.1908454717845587,
    "0.01": 0.23058363145034105,
    "0.1": 0.2699875496064072,
    "1.0": 0.3518407352462875
  },
  "val_metrics": {
    "nmse": 0.18988632812274592,
    "rmse": 0.044433178619013323
  },
  "test_metrics": {
    "nmse": 0.21710823016826186,
    "rmse": 0.054897040348583656
  },
  "timing": {
    "train_states_s": 0.013030200001594494,
    "ridge_select_s": 0.010676800000510411,
    "total_s": 0.06398900000021968
  },
  "timestamp": "2026-04-16T17:26:32.688986+00:00"
}