{
  "sweep_name": "pilot_multitask_narma10",
  "config_id": "9bba7c25d761",
  "seed": 456,
  "config_point": {
    "spectral_radius": 1.1,
    "input_scaling": 0.2,
    "leak_rate": 1.0
  },
  "best_ridge": 1e-08,
  "val_curve": {
    "1e-08": 0.29795567344897933,
    "1e-06": 0.2979567037242101,
    "0.0001": 0.29807766709941824,
    "0.01": 0.30560977925832034,
    "0.1": 0.3203085279954733,
    "1.0": 0.4143268714601938
  },
  "val_metrics": {
    "nmse": 0.29795567344897933,
    "rmse": 0.05480204923564248
  },
  "test_metrics": {
    "nmse": 0.2575831550017518,
    "rmse": 0.05121628449274696
  },
  "timing": {
    "train_states_s": 0.013508600000932347,
    "ridge_select_s": 0.010915400000158115,
    "total_s": 0.044761499999367516
  },
  "timestamp": "2026-04-16T17:26:32.798090+00:00"
}