{
  "sweep_name": "pilot_multitask_narma10",
  "config_id": "9c67a6f86fa9",
  "seed": 123,
  "config_point": {
    "spectral_radius": 0.9,
    "input_scaling": 0.1,
    "leak_rate": 0.6
  },
  "best_ridge": 1e-08,
  "val_curve": {
    "1e-08": 0.15292973168900267,
    "1e-06": 0.19889713330928113,
    "0.0001": 0.24362760599546832,
    "0.01": 0.32062134671715603,
    "0.1": 0.37187692755327123,
    "1.0": 0.5074337406807602
  },
  "val_metrics": {
    "nmse": 0.15292973168900267,
    "rmse": 0.04706305572982929
  },
  "test_metrics": {
    "nmse": 0.18563159882204688,
    "rmse": 0.047906829125002846
  },
  "timing": {
    "train_states_s": 0.014307900000858353,
    "ridge_select_s": 0.010148399998797686,
    "total_s": 0.04122970000025816
  },
  "timestamp": "2026-04-16T17:26:31.442347+00:00"
}