{
  "sweep_name": "pilot_multitask_narma10",
  "config_id": "9c67a6f86fa9",
  "seed": 456,
  "config_point": {
    "spectral_radius": 0.9,
    "input_scaling": 0.1,
    "leak_rate": 0.6
  },
  "best_ridge": 1e-08,
  "val_curve": {
    "1e-08": 0.16294557575930801,
    "1e-06": 0.1943134656640881,
    "0.0001": 0.23620693791232233,
    "0.01": 0.3115704635773402,
    "0.1": 0.352914610563013,
    "1.0": 0.4518336768355113
  },
  "val_metrics": {
    "nmse": 0.16294557575930801,
    "rmse": 0.04052679461373379
  },
  "test_metrics": {
    "nmse": 0.1743183272881883,
    "rmse": 0.04213285269573868
  },
  "timing": {
    "train_states_s": 0.012347600000794046,
    "ridge_select_s": 0.01000440000098024,
    "total_s": 0.041899499999999534
  },
  "timestamp": "2026-04-16T17:26:31.494912+00:00"
}