{
  "sweep_name": "pilot_multitask_narma10",
  "config_id": "ae031b6366dd",
  "seed": 42,
  "config_point": {
    "spectral_radius": 1.1,
    "input_scaling": 0.1,
    "leak_rate": 1.0
  },
  "best_ridge": 1e-08,
  "val_curve": {
    "1e-08": 0.2137180858118846,
    "1e-06": 0.21387433784435947,
    "0.0001": 0.22803683158163943,
    "0.01": 0.29026262377347845,
    "0.1": 0.35982855400031527,
    "1.0": 0.4649737642463308
  },
  "val_metrics": {
    "nmse": 0.2137180858118846,
    "rmse": 0.04713908758019959
  },
  "test_metrics": {
    "nmse": 0.22764126422000935,
    "rmse": 0.056212937666090965
  },
  "timing": {
    "train_states_s": 0.01237800000126299,
    "ridge_select_s": 0.009799199999179109,
    "total_s": 0.1096782999993593
  },
  "timestamp": "2026-04-16T17:26:32.337935+00:00"
}