{
  "sweep_name": "pilot_multitask_narma10",
  "config_id": "ae031b6366dd",
  "seed": 456,
  "config_point": {
    "spectral_radius": 1.1,
    "input_scaling": 0.1,
    "leak_rate": 1.0
  },
  "best_ridge": 0.01,
  "val_curve": {
    "1e-08": 0.35723268012958653,
    "1e-06": 0.357045924548189,
    "0.0001": 0.34922713525679816,
    "0.01": 0.32305187478313346,
    "0.1": 0.38308174963905633,
    "1.0": 0.4788295549458197
  },
  "val_metrics": {
    "nmse": 0.32305187478313346,
    "rmse": 0.05706332867238812
  },
  "test_metrics": {
    "nmse": 0.2135798539466721,
    "rmse": 0.04663687936968896
  },
  "timing": {
    "train_states_s": 0.012781899999026791,
    "ridge_select_s": 0.010706699998991098,
    "total_s": 0.04457969999930356
  },
  "timestamp": "2026-04-16T17:26:32.445291+00:00"
}