{
  "sweep_name": "pilot_multitask_narma10",
  "config_id": "aeb751998e63",
  "seed": 456,
  "config_point": {
    "spectral_radius": 0.7,
    "input_scaling": 0.2,
    "leak_rate": 1.0
  },
  "best_ridge": 1e-08,
  "val_curve": {
    "1e-08": 0.10927544156047639,
    "1e-06": 0.1606011370566849,
    "0.0001": 0.20494789174480682,
    "0.01": 0.2692373111924931,
    "0.1": 0.451305428870244,
    "1.0": 0.6441307146007343
  },
  "val_metrics": {
    "nmse": 0.10927544156047639,
    "rmse": 0.033188089598785935
  },
  "test_metrics": {
    "nmse": 0.10979605121831909,
    "rmse": 0.03343818533609236
  },
  "timing": {
    "train_states_s": 0.0127941999999166,
    "ridge_select_s": 0.010997200000929297,
    "total_s": 0.041613900000811554
  },
  "timestamp": "2026-04-16T17:26:31.307684+00:00"
}