{
  "sweep_name": "pilot_multitask_narma10",
  "config_id": "aeb751998e63",
  "seed": 123,
  "config_point": {
    "spectral_radius": 0.7,
    "input_scaling": 0.2,
    "leak_rate": 1.0
  },
  "best_ridge": 1e-08,
  "val_curve": {
    "1e-08": 0.1566146742947633,
    "1e-06": 0.18460360681209317,
    "0.0001": 0.2055872407567226,
    "0.01": 0.4334718738027909,
    "0.1": 0.6913328999961117,
    "1.0": 0.856644449441671
  },
  "val_metrics": {
    "nmse": 0.1566146742947633,
    "rmse": 0.0476266883272024
  },
  "test_metrics": {
    "nmse": 0.15595850090652133,
    "rmse": 0.04391127020680547
  },
  "timing": {
    "train_states_s": 0.013002899999264628,
    "ridge_select_s": 0.010060700000394718,
    "total_s": 0.040270900000905385
  },
  "timestamp": "2026-04-16T17:26:31.255575+00:00"
}