{
  "sweep_name": "pilot_multitask_narma10",
  "config_id": "aeb751998e63",
  "seed": 42,
  "config_point": {
    "spectral_radius": 0.7,
    "input_scaling": 0.2,
    "leak_rate": 1.0
  },
  "best_ridge": 1e-08,
  "val_curve": {
    "1e-08": 0.14064259729044887,
    "1e-06": 0.15189724998538262,
    "0.0001": 0.177256840375893,
    "0.01": 0.3204316563172879,
    "0.1": 0.5673500261819344,
    "1.0": 0.7564642333921844
  },
  "val_metrics": {
    "nmse": 0.14064259729044887,
    "rmse": 0.0382400959462126
  },
  "test_metrics": {
    "nmse": 0.14897848281977413,
    "rmse": 0.045474984646861887
  },
  "timing": {
    "train_states_s": 0.013741500000833184,
    "ridge_select_s": 0.010796799999297946,
    "total_s": 0.0447093999991921
  },
  "timestamp": "2026-04-16T17:26:31.204556+00:00"
}