{
  "sweep_name": "pilot_multitask_narma10",
  "config_id": "bf8866ab4036",
  "seed": 42,
  "config_point": {
    "spectral_radius": 0.9,
    "input_scaling": 0.2,
    "leak_rate": 0.6
  },
  "best_ridge": 1e-08,
  "val_curve": {
    "1e-08": 0.20057339098375196,
    "1e-06": 0.22570686942388188,
    "0.0001": 0.26090032878450026,
    "0.01": 0.29636242132960167,
    "0.1": 0.34005427563642315,
    "1.0": 0.42525498613324136
  },
  "val_metrics": {
    "nmse": 0.20057339098375196,
    "rmse": 0.04566644377550825
  },
  "test_metrics": {
    "nmse": 0.16021121199680527,
    "rmse": 0.04715820222444286
  },
  "timing": {
    "train_states_s": 0.012920900000608526,
    "ridge_select_s": 0.009891699999570847,
    "total_s": 0.042678600000726874
  },
  "timestamp": "2026-04-16T17:26:31.718926+00:00"
}