{
  "shortlist_top_n": 5,
  "configs": [
    {
      "config_id": "5033ae01f908",
      "config_point": {
        "spectral_radius": 0.9,
        "input_scaling": 0.2,
        "leak_rate": 1.0
      },
      "n_seeds": 3,
      "narma10_primary_metric": "nmse",
      "narma10_val_mean": 0.10609510238713393,
      "narma10_val_std": 0.005691289536862755,
      "narma10_test_mean": 0.10448203348106185,
      "narma10_test_std": 0.007553124021977322,
      "mg_primary_metric": "nmse",
      "mg_val_mean": 1.4747458361256465e-10,
      "mg_val_std": 3.130694773914132e-11,
      "mg_test_mean": 1.194833591370127e-10,
      "mg_test_std": 3.385086857533691e-11,
      "mc_total_mean": 22.425566043113946,
      "mc_total_std": 0.24394320085268803,
      "rank_narma10": 1,
      "rank_mg": 1,
      "rank_mc": 2,
      "aggregate_rank": 1.3333333333333333
    },
    {
      "config_id": "129fe242d561",
      "config_point": {
        "spectral_radius": 0.9,
        "input_scaling": 0.1,
        "leak_rate": 1.0
      },
      "n_seeds": 3,
      "narma10_primary_metric": "nmse",
      "narma10_val_mean": 0.1071773455488676,
      "narma10_val_std": 0.008612350303871332,
      "narma10_test_mean": 0.10507145516045689,
      "narma10_test_std": 0.006436832673550489,
      "mg_primary_metric": "nmse",
      "mg_val_mean": 2.696061420763592e-10,
      "mg_val_std": 1.0048382308558538e-10,
      "mg_test_mean": 2.3598421759676257e-10,
      "mg_test_std": 8.355086273507932e-11,
      "mc_total_mean": 26.956659063620663,
      "mc_total_std": 0.48034177372869225,
      "rank_narma10": 2,
      "rank_mg": 4,
      "rank_mc": 1,
      "aggregate_rank": 2.3333333333333335
    },
    {
      "config_id": "aeb751998e63",
      "config_point": {
        "spectral_radius": 0.7,
        "input_scaling": 0.2,
        "leak_rate": 1.0
      },
      "n_seeds": 3,
      "narma10_primary_metric": "nmse",
      "narma10_val_mean": 0.1355109043818962,
      "narma10_val_std": 0.01966386606695155,
      "narma10_test_mean": 0.13824434498153818,
      "narma10_test_std": 0.02031681121061468,
      "mg_primary_metric": "nmse",
      "mg_val_mean": 2.556036380985807e-10,
      "mg_val_std": 5.483990224340755e-11,
      "mg_test_mean": 2.1897804749546564e-10,
      "mg_test_std": 5.5761760776389175e-11,
      "mc_total_mean": 16.785787167521605,
      "mc_total_std": 0.06010058437255018,
      "rank_narma10": 3,
      "rank_mg": 3,
      "rank_mc": 6,
      "aggregate_rank": 4.0
    },
    {
      "config_id": "bf8866ab4036",
      "config_point": {
        "spectral_radius": 0.9,
        "input_scaling": 0.2,
        "leak_rate": 0.6
      },
      "n_seeds": 3,
      "narma10_primary_metric": "nmse",
      "narma10_val_mean": 0.16609499395582533,
      "narma10_val_std": 0.025925415621042735,
      "narma10_test_mean": 0.16481609456408744,
      "narma10_test_std": 0.0033006906593674927,
      "mg_primary_metric": "nmse",
      "mg_val_mean": 1.6951551019058922e-10,
      "mg_val_std": 5.207723199377886e-11,
      "mg_test_mean": 1.6863914346371112e-10,
      "mg_test_std": 3.943880291952445e-11,
      "mc_total_mean": 14.45703197545918,
      "mc_total_std": 0.3575941757228255,
      "rank_narma10": 5,
      "rank_mg": 2,
      "rank_mc": 9,
      "aggregate_rank": 5.333333333333333
    },
    {
      "config_id": "25de579150b8",
      "config_point": {
        "spectral_radius": 0.7,
        "input_scaling": 0.1,
        "leak_rate": 1.0
      },
      "n_seeds": 3,
      "narma10_primary_metric": "nmse",
      "narma10_val_mean": 0.15784451713516853,
      "narma10_val_std": 0.01234708611938111,
      "narma10_test_mean": 0.16396277445171017,
      "narma10_test_std": 0.01375951128213925,
      "mg_primary_metric": "nmse",
      "mg_val_mean": 9.91456614262554e-10,
      "mg_val_std": 1.5801148218260092e-10,
      "mg_test_mean": 8.142739450804891e-10,
      "mg_test_std": 1.5671471542410487e-10,
      "mc_total_mean": 18.686315226588047,
      "mc_total_std": 0.6295339576352851,
      "rank_narma10": 4,
      "rank_mg": 8,
      "rank_mc": 5,
      "aggregate_rank": 5.666666666666667
    }
  ]
}