{
  "sweep_name": "pilot_multitask",
  "n_configs": 12,
  "n_seeds": 3,
  "grid": {
    "spectral_radius": [
      0.7,
      0.9,
      1.1
    ],
    "input_scaling": [
      0.1,
      0.2
    ],
    "leak_rate": [
      0.6,
      1.0
    ]
  },
  "ranking_config": {
    "narma10": {
      "metric": "nmse",
      "direction": "min"
    },
    "mackey_glass": {
      "metric": "nmse",
      "direction": "min"
    },
    "memory_capacity": {
      "metric": "mc_total",
      "direction": "max"
    }
  },
  "configs": [
    {
      "config_id": "5033ae01f908",
      "config_point": {
        "spectral_radius": 0.9,
        "input_scaling": 0.2,
        "leak_rate": 1.0
      },
      "n_seeds": 3,
      "narma10_primary_metric": "nmse",
      "narma10_val_mean": 0.10609510238713393,
      "narma10_val_std": 0.005691289536862755,
      "narma10_test_mean": 0.10448203348106185,
      "narma10_test_std": 0.007553124021977322,
      "mg_primary_metric": "nmse",
      "mg_val_mean": 1.4747458361256465e-10,
      "mg_val_std": 3.130694773914132e-11,
      "mg_test_mean": 1.194833591370127e-10,
      "mg_test_std": 3.385086857533691e-11,
      "mc_total_mean": 22.425566043113946,
      "mc_total_std": 0.24394320085268803,
      "rank_narma10": 1,
      "rank_mg": 1,
      "rank_mc": 2,
      "aggregate_rank": 1.3333333333333333
    },
    {
      "config_id": "129fe242d561",
      "config_point": {
        "spectral_radius": 0.9,
        "input_scaling": 0.1,
        "leak_rate": 1.0
      },
      "n_seeds": 3,
      "narma10_primary_metric": "nmse",
      "narma10_val_mean": 0.1071773455488676,
      "narma10_val_std": 0.008612350303871332,
      "narma10_test_mean": 0.10507145516045689,
      "narma10_test_std": 0.006436832673550489,
      "mg_primary_metric": "nmse",
      "mg_val_mean": 2.696061420763592e-10,
      "mg_val_std": 1.0048382308558538e-10,
      "mg_test_mean": 2.3598421759676257e-10,
      "mg_test_std": 8.355086273507932e-11,
      "mc_total_mean": 26.956659063620663,
      "mc_total_std": 0.48034177372869225,
      "rank_narma10": 2,
      "rank_mg": 4,
      "rank_mc": 1,
      "aggregate_rank": 2.3333333333333335
    },
    {
      "config_id": "aeb751998e63",
      "config_point": {
        "spectral_radius": 0.7,
        "input_scaling": 0.2,
        "leak_rate": 1.0
      },
      "n_seeds": 3,
      "narma10_primary_metric": "nmse",
      "narma10_val_mean": 0.1355109043818962,
      "narma10_val_std": 0.01966386606695155,
      "narma10_test_mean": 0.13824434498153818,
      "narma10_test_std": 0.02031681121061468,
      "mg_primary_metric": "nmse",
      "mg_val_mean": 2.556036380985807e-10,
      "mg_val_std": 5.483990224340755e-11,
      "mg_test_mean": 2.1897804749546564e-10,
      "mg_test_std": 5.5761760776389175e-11,
      "mc_total_mean": 16.785787167521605,
      "mc_total_std": 0.06010058437255018,
      "rank_narma10": 3,
      "rank_mg": 3,
      "rank_mc": 6,
      "aggregate_rank": 4.0
    },
    {
      "config_id": "bf8866ab4036",
      "config_point": {
        "spectral_radius": 0.9,
        "input_scaling": 0.2,
        "leak_rate": 0.6
      },
      "n_seeds": 3,
      "narma10_primary_metric": "nmse",
      "narma10_val_mean": 0.16609499395582533,
      "narma10_val_std": 0.025925415621042735,
      "narma10_test_mean": 0.16481609456408744,
      "narma10_test_std": 0.0033006906593674927,
      "mg_primary_metric": "nmse",
      "mg_val_mean": 1.6951551019058922e-10,
      "mg_val_std": 5.207723199377886e-11,
      "mg_test_mean": 1.6863914346371112e-10,
      "mg_test_std": 3.943880291952445e-11,
      "mc_total_mean": 14.45703197545918,
      "mc_total_std": 0.3575941757228255,
      "rank_narma10": 5,
      "rank_mg": 2,
      "rank_mc": 9,
      "aggregate_rank": 5.333333333333333
    },
    {
      "config_id": "25de579150b8",
      "config_point": {
        "spectral_radius": 0.7,
        "input_scaling": 0.1,
        "leak_rate": 1.0
      },
      "n_seeds": 3,
      "narma10_primary_metric": "nmse",
      "narma10_val_mean": 0.15784451713516853,
      "narma10_val_std": 0.01234708611938111,
      "narma10_test_mean": 0.16396277445171017,
      "narma10_test_std": 0.01375951128213925,
      "mg_primary_metric": "nmse",
      "mg_val_mean": 9.91456614262554e-10,
      "mg_val_std": 1.5801148218260092e-10,
      "mg_test_mean": 8.142739450804891e-10,
      "mg_test_std": 1.5671471542410487e-10,
      "mc_total_mean": 18.686315226588047,
      "mc_total_std": 0.6295339576352851,
      "rank_narma10": 4,
      "rank_mg": 8,
      "rank_mc": 5,
      "aggregate_rank": 5.666666666666667
    },
    {
      "config_id": "9c67a6f86fa9",
      "config_point": {
        "spectral_radius": 0.9,
        "input_scaling": 0.1,
        "leak_rate": 0.6
      },
      "n_seeds": 3,
      "narma10_primary_metric": "nmse",
      "narma10_val_mean": 0.17570354852185485,
      "narma10_val_std": 0.0254553247474727,
      "narma10_test_mean": 0.17494358878586894,
      "narma10_test_std": 0.008482991190669944,
      "mg_primary_metric": "nmse",
      "mg_val_mean": 5.087591785076203e-10,
      "mg_val_std": 8.402203673509483e-11,
      "mg_test_mean": 4.4539047373854196e-10,
      "mg_test_std": 5.7228713524754824e-11,
      "mc_total_mean": 16.39138575242981,
      "mc_total_std": 0.37601336050912065,
      "rank_narma10": 6,
      "rank_mg": 6,
      "rank_mc": 7,
      "aggregate_rank": 6.333333333333333
    },
    {
      "config_id": "4624975b8b19",
      "config_point": {
        "spectral_radius": 1.1,
        "input_scaling": 0.1,
        "leak_rate": 0.6
      },
      "n_seeds": 3,
      "narma10_primary_metric": "nmse",
      "narma10_val_mean": 0.17863943078883351,
      "narma10_val_std": 0.02282666127512134,
      "narma10_test_mean": 0.1820067038322329,
      "narma10_test_std": 0.024518078627894523,
      "mg_primary_metric": "nmse",
      "mg_val_mean": 8.96531120688721e-09,
      "mg_val_std": 9.939752604831199e-09,
      "mg_test_mean": 3.0873990816053577e-09,
      "mg_test_std": 2.0023640449123923e-09,
      "mc_total_mean": 15.324088725275237,
      "mc_total_std": 2.9748533979326957,
      "rank_narma10": 7,
      "rank_mg": 9,
      "rank_mc": 8,
      "aggregate_rank": 8.0
    },
    {
      "config_id": "9bba7c25d761",
      "config_point": {
        "spectral_radius": 1.1,
        "input_scaling": 0.2,
        "leak_rate": 1.0
      },
      "n_seeds": 3,
      "narma10_primary_metric": "nmse",
      "narma10_val_mean": 0.21246639445076143,
      "narma10_val_std": 0.06265206902089633,
      "narma10_test_mean": 0.20862485856015342,
      "narma10_test_std": 0.04384984839440684,
      "mg_primary_metric": "nmse",
      "mg_val_mean": 4.6539955742386004e-08,
      "mg_val_std": 6.564903339621654e-08,
      "mg_test_mean": 1.0776801313431854e-07,
      "mg_test_std": 1.522399249251295e-07,
      "mc_total_mean": 18.797125783661542,
      "mc_total_std": 2.058914072479268,
      "rank_narma10": 10,
      "rank_mg": 10,
      "rank_mc": 4,
      "aggregate_rank": 8.0
    },
    {
      "config_id": "5dacf2ac3539",
      "config_point": {
        "spectral_radius": 0.7,
        "input_scaling": 0.2,
        "leak_rate": 0.6
      },
      "n_seeds": 3,
      "narma10_primary_metric": "nmse",
      "narma10_val_mean": 0.19569992177816228,
      "narma10_val_std": 0.021162870229146456,
      "narma10_test_mean": 0.1971133587754231,
      "narma10_test_std": 0.01330603656557747,
      "mg_primary_metric": "nmse",
      "mg_val_mean": 4.204705424237221e-10,
      "mg_val_std": 4.902626399983313e-11,
      "mg_test_mean": 3.758533827804561e-10,
      "mg_test_std": 4.798604795186687e-11,
      "mc_total_mean": 11.566296928940574,
      "mc_total_std": 0.10541219404203053,
      "rank_narma10": 9,
      "rank_mg": 5,
      "rank_mc": 12,
      "aggregate_rank": 8.666666666666666
    },
    {
      "config_id": "ae031b6366dd",
      "config_point": {
        "spectral_radius": 1.1,