{
  "sweep_name": "region_selection_multitask_v1_mackey_glass",
  "config_id": "01667e5bb997",
  "seed": 456,
  "config_point": {
    "spectral_radius": 0.7,
    "input_scaling": 0.4,
    "leak_rate": 0.6
  },
  "best_ridge": 1e-10,
  "val_curve": {
    "1e-10": 3.743014714278676e-12,
    "1e-08": 1.3279062627914293e-10,
    "1e-06": 4.833058082548581e-09,
    "0.0001": 1.7466901755158849e-07,
    "0.01": 7.212786039126054e-06,
    "1.0": 0.0004029440259648502
  },
  "val_metrics": {
    "nmse": 3.743014714278676e-12,
    "rmse": 4.359975632793692e-07
  },
  "test_metrics": {
    "nmse": 3.781520336532769e-12,
    "rmse": 3.972835627212216e-07
  },
  "timing": {
    "train_states_s": 0.017675499999313615,
    "ridge_select_s": 0.011846499997773208,
    "total_s": 0.05237269999997807
  },
  "timestamp": "2026-04-16T18:22:46.448718+00:00"
}