{
  "sweep_name": "region_selection_multitask_v1_mackey_glass",
  "config_id": "01667e5bb997",
  "seed": 123,
  "config_point": {
    "spectral_radius": 0.7,
    "input_scaling": 0.4,
    "leak_rate": 0.6
  },
  "best_ridge": 1e-10,
  "val_curve": {
    "1e-10": 6.718609496862112e-12,
    "1e-08": 1.738538052416995e-10,
    "1e-06": 7.922393545569649e-09,
    "0.0001": 3.1620664806327507e-07,
    "0.01": 8.11171235671759e-06,
    "1.0": 0.00034823418435843466
  },
  "val_metrics": {
    "nmse": 6.718609496862112e-12,
    "rmse": 5.841346848617074e-07
  },
  "test_metrics": {
    "nmse": 6.5779841174967216e-12,
    "rmse": 5.239788856987966e-07
  },
  "timing": {
    "train_states_s": 0.018410699998639757,
    "ridge_select_s": 0.011707300000125542,
    "total_s": 0.05316790000142646
  },
  "timestamp": "2026-04-16T18:22:46.380877+00:00"
}