{
  "sweep_name": "region_selection_multitask_v1_mackey_glass",
  "config_id": "01667e5bb997",
  "seed": 1024,
  "config_point": {
    "spectral_radius": 0.7,
    "input_scaling": 0.4,
    "leak_rate": 0.6
  },
  "best_ridge": 1e-10,
  "val_curve": {
    "1e-10": 6.55626805381194e-12,
    "1e-08": 2.2107193572487655e-10,
    "1e-06": 5.237770820725192e-09,
    "0.0001": 3.297960421482637e-07,
    "0.01": 8.70796965825141e-06,
    "1.0": 0.000537173446300616
  },
  "val_metrics": {
    "nmse": 6.55626805381194e-12,
    "rmse": 5.770343217917175e-07
  },
  "test_metrics": {
    "nmse": 6.073260131242514e-12,
    "rmse": 5.034754727326205e-07
  },
  "timing": {
    "train_states_s": 0.017723699998896336,
    "ridge_select_s": 0.012718699999823002,
    "total_s": 0.05197019999832264
  },
  "timestamp": "2026-04-16T18:22:46.575680+00:00"
}