{
  "sweep_name": "region_selection_multitask_v1_mackey_glass",
  "config_id": "01667e5bb997",
  "seed": 789,
  "config_point": {
    "spectral_radius": 0.7,
    "input_scaling": 0.4,
    "leak_rate": 0.6
  },
  "best_ridge": 1e-10,
  "val_curve": {
    "1e-10": 5.349030436337858e-12,
    "1e-08": 2.0389749823792985e-10,
    "1e-06": 6.314853326851936e-09,
    "0.0001": 1.7583620244883175e-07,
    "0.01": 9.023848007412061e-06,
    "1.0": 0.0002651436094439889
  },
  "val_metrics": {
    "nmse": 5.349030436337858e-12,
    "rmse": 5.212077075936375e-07
  },
  "test_metrics": {
    "nmse": 4.7165538671076205e-12,
    "rmse": 4.436901384492142e-07
  },
  "timing": {
    "train_states_s": 0.01865170000019134,
    "ridge_select_s": 0.011955199999647448,
    "total_s": 0.05339389999790001
  },
  "timestamp": "2026-04-16T18:22:46.513101+00:00"
}