{
  "sweep_name": "region_selection_multitask_v1_mackey_glass",
  "config_id": "036ddab9716a",
  "seed": 456,
  "config_point": {
    "spectral_radius": 0.8,
    "input_scaling": 0.3,
    "leak_rate": 0.8
  },
  "best_ridge": 1e-10,
  "val_curve": {
    "1e-10": 1.670844949404577e-12,
    "1e-08": 6.415420875704232e-11,
    "1e-06": 3.1042682532492634e-09,
    "0.0001": 1.1642250094631964e-07,
    "0.01": 6.183242711848897e-06,
    "1.0": 0.00045779967781917205
  },
  "val_metrics": {
    "nmse": 1.670844949404577e-12,
    "rmse": 2.913005938536168e-07
  },
  "test_metrics": {
    "nmse": 1.3978687156674925e-12,
    "rmse": 2.415464001503328e-07
  },
  "timing": {
    "train_states_s": 0.017740899998898385,
    "ridge_select_s": 0.012744399999064626,
    "total_s": 0.055499400001281174
  },
  "timestamp": "2026-04-16T18:22:57.312752+00:00"
}