{
  "sweep_name": "region_selection_multitask_v1_mackey_glass",
  "config_id": "036ddab9716a",
  "seed": 42,
  "config_point": {
    "spectral_radius": 0.8,
    "input_scaling": 0.3,
    "leak_rate": 0.8
  },
  "best_ridge": 1e-10,
  "val_curve": {
    "1e-10": 3.380780491821293e-12,
    "1e-08": 1.299183833549318e-10,
    "1e-06": 4.795444928267772e-09,
    "0.0001": 1.8179598350468996e-07,
    "0.01": 8.076868023160776e-06,
    "1.0": 0.000690356841960816
  },
  "val_metrics": {
    "nmse": 3.380780491821293e-12,
    "rmse": 4.1436377570433907e-07
  },
  "test_metrics": {
    "nmse": 2.8786987186620896e-12,
    "rmse": 3.4662947065547455e-07
  },
  "timing": {
    "train_states_s": 0.017714500001602573,
    "ridge_select_s": 0.012416000001394423,
    "total_s": 0.06307840000226861
  },
  "timestamp": "2026-04-16T18:22:57.179365+00:00"
}