{
  "sweep_name": "region_selection_multitask_v1_mackey_glass",
  "config_id": "036ddab9716a",
  "seed": 789,
  "config_point": {
    "spectral_radius": 0.8,
    "input_scaling": 0.3,
    "leak_rate": 0.8
  },
  "best_ridge": 1e-10,
  "val_curve": {
    "1e-10": 2.1254592243459623e-12,
    "1e-08": 1.0564669226752568e-10,
    "1e-06": 2.8382188130962723e-09,
    "0.0001": 1.3992508155932853e-07,
    "0.01": 6.8904023197651255e-06,
    "1.0": 0.0002708748884256216
  },
  "val_metrics": {
    "nmse": 2.1254592243459623e-12,
    "rmse": 3.2854864751104703e-07
  },
  "test_metrics": {
    "nmse": 1.7856558486555154e-12,
    "rmse": 2.730022692402202e-07
  },
  "timing": {
    "train_states_s": 0.0185961999995925,
    "ridge_select_s": 0.012404199998854892,
    "total_s": 0.05410960000153864
  },
  "timestamp": "2026-04-16T18:22:57.377899+00:00"
}