{
  "sweep_name": "region_selection_multitask_v1_mackey_glass",
  "config_id": "0421b10f715a",
  "seed": 123,
  "config_point": {
    "spectral_radius": 1.1,
    "input_scaling": 0.3,
    "leak_rate": 0.5
  },
  "best_ridge": 1e-10,
  "val_curve": {
    "1e-10": 4.043052201779572e-12,
    "1e-08": 1.6095291445933741e-10,
    "1e-06": 3.9272901945906375e-09,
    "0.0001": 1.7436378807283852e-07,
    "0.01": 9.000040807559357e-06,
    "1.0": 0.00026921120545393793
  },
  "val_metrics": {
    "nmse": 4.043052201779572e-12,
    "rmse": 4.5313537667927876e-07
  },
  "test_metrics": {
    "nmse": 4.230167921296307e-12,
    "rmse": 4.201904527361053e-07
  },
  "timing": {
    "train_states_s": 0.01896380000107456,
    "ridge_select_s": 0.0127241000009235,
    "total_s": 0.054758700000093086
  },
  "timestamp": "2026-04-16T18:23:33.092670+00:00"
}