{
  "sweep_name": "region_selection_multitask_v1_mackey_glass",
  "config_id": "0421b10f715a",
  "seed": 1024,
  "config_point": {
    "spectral_radius": 1.1,
    "input_scaling": 0.3,
    "leak_rate": 0.5
  },
  "best_ridge": 1e-10,
  "val_curve": {
    "1e-10": 4.215237061057594e-12,
    "1e-08": 1.4361485807179624e-10,
    "1e-06": 3.3950875070534863e-09,
    "0.0001": 3.268370214832294e-07,
    "0.01": 1.2791188847629261e-05,
    "1.0": 0.00047821218292759364
  },
  "val_metrics": {
    "nmse": 4.215237061057594e-12,
    "rmse": 4.626838033032025e-07
  },
  "test_metrics": {
    "nmse": 4.001548819758035e-12,
    "rmse": 4.086781667627354e-07
  },
  "timing": {
    "train_states_s": 0.01919600000110222,
    "ridge_select_s": 0.012716099998215213,
    "total_s": 0.05422719999842229
  },
  "timestamp": "2026-04-16T18:23:33.291219+00:00"
}