{
  "sweep_name": "region_selection_multitask_v1_mackey_glass",
  "config_id": "0421b10f715a",
  "seed": 456,
  "config_point": {
    "spectral_radius": 1.1,
    "input_scaling": 0.3,
    "leak_rate": 0.5
  },
  "best_ridge": 1e-10,
  "val_curve": {
    "1e-10": 5.447748096778743e-07,
    "1e-08": 7.022515871657829e-06,
    "1e-06": 2.4556284431737813e-05,
    "0.0001": 2.2414395370219205e-05,
    "0.01": 1.896769411844915e-05,
    "1.0": 0.0005378228558152783
  },
  "val_metrics": {
    "nmse": 5.447748096778743e-07,
    "rmse": 0.00016633429572945183
  },
  "test_metrics": {
    "nmse": 1.5658277709935897e-09,
    "rmse": 8.084243243352768e-06
  },
  "timing": {
    "train_states_s": 0.020142500001384178,
    "ridge_select_s": 0.012154199997894466,
    "total_s": 0.05725470000106725
  },
  "timestamp": "2026-04-16T18:23:33.161135+00:00"
}