{
  "sweep_name": "region_selection_multitask_v1_mackey_glass",
  "config_id": "0421b10f715a",
  "seed": 42,
  "config_point": {
    "spectral_radius": 1.1,
    "input_scaling": 0.3,
    "leak_rate": 0.5
  },
  "best_ridge": 1e-10,
  "val_curve": {
    "1e-10": 2.7471051963824348e-11,
    "1e-08": 3.3785365683990815e-10,
    "1e-06": 5.230402739394365e-09,
    "0.0001": 3.2076414507184774e-07,
    "0.01": 1.2432826292433753e-05,
    "1.0": 0.0008616055668845468
  },
  "val_metrics": {
    "nmse": 2.7471051963824348e-11,
    "rmse": 1.1811660076968037e-06
  },
  "test_metrics": {
    "nmse": 1.537923624522266e-11,
    "rmse": 8.011885994496377e-07
  },
  "timing": {
    "train_states_s": 0.019349900001543574,
    "ridge_select_s": 0.012742200000502635,
    "total_s": 0.09537629999977071
  },
  "timestamp": "2026-04-16T18:23:33.026861+00:00"
}