{
  "sweep_name": "region_selection_multitask_v1_mackey_glass",
  "config_id": "04cd2014c754",
  "seed": 123,
  "config_point": {
    "spectral_radius": 0.7,
    "input_scaling": 0.3,
    "leak_rate": 0.6
  },
  "best_ridge": 1e-10,
  "val_curve": {
    "1e-10": 8.823628838979525e-12,
    "1e-08": 2.5409386238519575e-10,
    "1e-06": 9.095766778289946e-09,
    "0.0001": 3.7321311599009233e-07,
    "0.01": 9.876455007671851e-06,
    "1.0": 0.0006988302975384693
  },
  "val_metrics": {
    "nmse": 8.823628838979525e-12,
    "rmse": 6.69417267338366e-07
  },
  "test_metrics": {
    "nmse": 8.848799622637394e-12,
    "rmse": 6.07728435095423e-07
  },
  "timing": {
    "train_states_s": 0.018577400001959177,
    "ridge_select_s": 0.012071000001014909,
    "total_s": 0.05353660000037053
  },
  "timestamp": "2026-04-16T18:22:44.350350+00:00"
}