{
  "sweep_name": "region_selection_multitask_v1_mackey_glass",
  "config_id": "04cd2014c754",
  "seed": 789,
  "config_point": {
    "spectral_radius": 0.7,
    "input_scaling": 0.3,
    "leak_rate": 0.6
  },
  "best_ridge": 1e-10,
  "val_curve": {
    "1e-10": 5.693720835840839e-12,
    "1e-08": 2.8575226984216267e-10,
    "1e-06": 7.358866207334768e-09,
    "0.0001": 2.5336240640337735e-07,
    "0.01": 1.2547748025673587e-05,
    "1.0": 0.0003646350643376076
  },
  "val_metrics": {
    "nmse": 5.693720835840839e-12,
    "rmse": 5.377388075414302e-07
  },
  "test_metrics": {
    "nmse": 4.833198926839438e-12,
    "rmse": 4.4914307900843863e-07
  },
  "timing": {
    "train_states_s": 0.01878759999817703,
    "ridge_select_s": 0.012159000001702225,
    "total_s": 0.05365200000233017
  },
  "timestamp": "2026-04-16T18:22:44.481232+00:00"
}