{
  "sweep_name": "region_selection_multitask_v1_mackey_glass",
  "config_id": "04cd2014c754",
  "seed": 42,
  "config_point": {
    "spectral_radius": 0.7,
    "input_scaling": 0.3,
    "leak_rate": 0.6
  },
  "best_ridge": 1e-10,
  "val_curve": {
    "1e-10": 7.644320403218734e-12,
    "1e-08": 2.9256124820798585e-10,
    "1e-06": 1.1549575419909832e-08,
    "0.0001": 3.629912726062465e-07,
    "0.01": 1.1781909584848834e-05,
    "1.0": 0.0009571237015634114
  },
  "val_metrics": {
    "nmse": 7.644320403218734e-12,
    "rmse": 6.230784570129539e-07
  },
  "test_metrics": {
    "nmse": 6.674199219649116e-12,
    "rmse": 5.277970513649223e-07
  },
  "timing": {
    "train_states_s": 0.01774440000008326,
    "ridge_select_s": 0.01319560000047204,
    "total_s": 0.0730675999984669
  },
  "timestamp": "2026-04-16T18:22:44.285822+00:00"
}