{
  "sweep_name": "region_selection_multitask_v1_mackey_glass",
  "config_id": "04cd2014c754",
  "seed": 1024,
  "config_point": {
    "spectral_radius": 0.7,
    "input_scaling": 0.3,
    "leak_rate": 0.6
  },
  "best_ridge": 1e-10,
  "val_curve": {
    "1e-10": 7.193524653215174e-12,
    "1e-08": 2.6523151531997455e-10,
    "1e-06": 7.433059050627389e-09,
    "0.0001": 5.00206122836116e-07,
    "0.01": 1.1566836784675889e-05,
    "1.0": 0.0007683628463543733
  },
  "val_metrics": {
    "nmse": 7.193524653215174e-12,
    "rmse": 6.044274270348492e-07
  },
  "test_metrics": {
    "nmse": 6.144740031620447e-12,
    "rmse": 5.064296606137518e-07
  },
  "timing": {
    "train_states_s": 0.01782640000237734,
    "ridge_select_s": 0.012122200001613237,
    "total_s": 0.05106370000066818
  },
  "timestamp": "2026-04-16T18:22:44.543229+00:00"
}