{
  "sweep_name": "region_selection_multitask_v1_mackey_glass",
  "config_id": "097547e9077d",
  "seed": 789,
  "config_point": {
    "spectral_radius": 0.9,
    "input_scaling": 0.1,
    "leak_rate": 0.8
  },
  "best_ridge": 1e-10,
  "val_curve": {
    "1e-10": 5.9269961033220424e-12,
    "1e-08": 2.206128036886342e-10,
    "1e-06": 1.2383259192135422e-08,
    "0.0001": 2.873683968941649e-07,
    "0.01": 1.995032996603673e-05,
    "1.0": 0.0016701773395493462
  },
  "val_metrics": {
    "nmse": 5.9269961033220424e-12,
    "rmse": 5.486439768094885e-07
  },
  "test_metrics": {
    "nmse": 5.217821627695532e-12,
    "rmse": 4.66672265073826e-07
  },
  "timing": {
    "train_states_s": 0.01861799999824143,
    "ridge_select_s": 0.012064200000168057,
    "total_s": 0.05383849999998347
  },
  "timestamp": "2026-04-16T18:23:03.540269+00:00"
}