{
  "sweep_name": "region_selection_multitask_v1_mackey_glass",
  "config_id": "097547e9077d",
  "seed": 123,
  "config_point": {
    "spectral_radius": 0.9,
    "input_scaling": 0.1,
    "leak_rate": 0.8
  },
  "best_ridge": 1e-10,
  "val_curve": {
    "1e-10": 7.048921569718723e-12,
    "1e-08": 2.6075208575231067e-10,
    "1e-06": 6.937865402600506e-09,
    "0.0001": 4.771088754728946e-07,
    "0.01": 2.6682624635288873e-05,
    "1.0": 0.0020053872275838103
  },
  "val_metrics": {
    "nmse": 7.048921569718723e-12,
    "rmse": 5.983215345465129e-07
  },
  "test_metrics": {
    "nmse": 7.477866938042215e-12,
    "rmse": 5.586711479360162e-07
  },
  "timing": {
    "train_states_s": 0.018662099999346538,
    "ridge_select_s": 0.01257179999811342,
    "total_s": 0.054727000002458226
  },
  "timestamp": "2026-04-16T18:23:03.409503+00:00"
}