{
  "sweep_name": "region_selection_multitask_v1_mackey_glass",
  "config_id": "097547e9077d",
  "seed": 42,
  "config_point": {
    "spectral_radius": 0.9,
    "input_scaling": 0.1,
    "leak_rate": 0.8
  },
  "best_ridge": 1e-10,
  "val_curve": {
    "1e-10": 9.557783419101767e-12,
    "1e-08": 3.8311395485758723e-10,
    "1e-06": 1.0781218615745927e-08,
    "0.0001": 5.553775599259683e-07,
    "0.01": 4.544930792266464e-05,
    "1.0": 0.0009010908852660769
  },
  "val_metrics": {
    "nmse": 9.557783419101767e-12,
    "rmse": 6.967097487021087e-07
  },
  "test_metrics": {
    "nmse": 9.262195354064809e-12,
    "rmse": 6.217622421515823e-07
  },
  "timing": {
    "train_states_s": 0.018169099999795435,
    "ridge_select_s": 0.012417900001310045,
    "total_s": 0.0675329999976384
  },
  "timestamp": "2026-04-16T18:23:03.344015+00:00"
}