{
  "sweep_name": "region_selection_multitask_v1_mackey_glass",
  "config_id": "0a746aa19511",
  "seed": 42,
  "config_point": {
    "spectral_radius": 0.7,
    "input_scaling": 0.15,
    "leak_rate": 0.5
  },
  "best_ridge": 1e-10,
  "val_curve": {
    "1e-10": 2.8560697552582584e-11,
    "1e-08": 7.184731374820068e-10,
    "1e-06": 3.2199161683970315e-08,
    "0.0001": 6.918916686348453e-07,
    "0.01": 3.1623272650206935e-05,
    "1.0": 0.0023001826219021205
  },
  "val_metrics": {
    "nmse": 2.8560697552582584e-11,
    "rmse": 1.2043638185951437e-06
  },
  "test_metrics": {
    "nmse": 2.7311723994071326e-11,
    "rmse": 1.0676820322410982e-06
  },
  "timing": {
    "train_states_s": 0.018398500000330387,
    "ridge_select_s": 0.012410600000293925,
    "total_s": 0.0695612000017718
  },
  "timestamp": "2026-04-16T18:22:39.984815+00:00"
}