{
  "sweep_name": "region_selection_multitask_v1_mackey_glass",
  "config_id": "0a746aa19511",
  "seed": 789,
  "config_point": {
    "spectral_radius": 0.7,
    "input_scaling": 0.15,
    "leak_rate": 0.5
  },
  "best_ridge": 1e-10,
  "val_curve": {
    "1e-10": 2.4125214589454014e-11,
    "1e-08": 8.87776468727332e-10,
    "1e-06": 2.065008745023159e-08,
    "0.0001": 7.157740678168136e-07,
    "0.01": 2.2856926477161214e-05,
    "1.0": 0.0014752890205298403
  },
  "val_metrics": {
    "nmse": 2.4125214589454014e-11,
    "rmse": 1.1069012742036279e-06
  },
  "test_metrics": {
    "nmse": 2.2842619338911673e-11,
    "rmse": 9.764282320721206e-07
  },
  "timing": {
    "train_states_s": 0.017772200000763405,
    "ridge_select_s": 0.012160299997049151,
    "total_s": 0.05193160000271746
  },
  "timestamp": "2026-04-16T18:22:40.178190+00:00"
}