{
  "sweep_name": "region_selection_multitask_v1_mackey_glass",
  "config_id": "0a746aa19511",
  "seed": 456,
  "config_point": {
    "spectral_radius": 0.7,
    "input_scaling": 0.15,
    "leak_rate": 0.5
  },
  "best_ridge": 1e-10,
  "val_curve": {
    "1e-10": 1.6435149285357922e-11,
    "1e-08": 6.867826586089549e-10,
    "1e-06": 1.9972210129171402e-08,
    "0.0001": 5.702570069892123e-07,
    "0.01": 1.4251441050373393e-05,
    "1.0": 0.001909895753824542
  },
  "val_metrics": {
    "nmse": 1.6435149285357922e-11,
    "rmse": 9.136084789968688e-07
  },
  "test_metrics": {
    "nmse": 1.5757364158601726e-11,
    "rmse": 8.109781674432946e-07
  },
  "timing": {
    "train_states_s": 0.018718499999522464,
    "ridge_select_s": 0.01211909999983618,
    "total_s": 0.05493399999977555
  },
  "timestamp": "2026-04-16T18:22:40.114528+00:00"
}