{
  "sweep_name": "region_selection_multitask_v1_mackey_glass",
  "config_id": "0ba5d3b2b52c",
  "seed": 123,
  "config_point": {
    "spectral_radius": 0.6,
    "input_scaling": 0.2,
    "leak_rate": 0.9
  },
  "best_ridge": 1e-10,
  "val_curve": {
    "1e-10": 7.699490223644045e-12,
    "1e-08": 4.3477551460601754e-10,
    "1e-06": 1.0233428420931172e-08,
    "0.0001": 5.439543499533658e-07,
    "0.01": 1.948441134427455e-05,
    "1.0": 0.0010264055145742087
  },
  "val_metrics": {
    "nmse": 7.699490223644045e-12,
    "rmse": 6.253228244258412e-07
  },
  "test_metrics": {
    "nmse": 7.732829304841493e-12,
    "rmse": 5.681154347659206e-07
  },
  "timing": {
    "train_states_s": 0.017812900001445087,
    "ridge_select_s": 0.012229600000864593,
    "total_s": 0.05249019999973825
  },
  "timestamp": "2026-04-16T18:22:31.318818+00:00"
}