{
  "sweep_name": "region_selection_multitask_v1_mackey_glass",
  "config_id": "0bc9dac62c1c",
  "seed": 789,
  "config_point": {
    "spectral_radius": 0.7,
    "input_scaling": 0.4,
    "leak_rate": 0.7
  },
  "best_ridge": 1e-10,
  "val_curve": {
    "1e-10": 2.5874617981653714e-12,
    "1e-08": 1.642928735765605e-10,
    "1e-06": 5.5560490727880774e-09,
    "0.0001": 1.548427111792226e-07,
    "0.01": 7.983219481429245e-06,
    "1.0": 0.00022584353662053846
  },
  "val_metrics": {
    "nmse": 2.5874617981653714e-12,
    "rmse": 3.625018840783264e-07
  },
  "test_metrics": {
    "nmse": 2.412861969653154e-12,
    "rmse": 3.173464291205351e-07
  },
  "timing": {
    "train_states_s": 0.01768639999863808,
    "ridge_select_s": 0.012396999998600222,
    "total_s": 0.052184400003170595
  },
  "timestamp": "2026-04-16T18:22:46.856714+00:00"
}