{
  "sweep_name": "region_selection_multitask_v1_mackey_glass",
  "config_id": "0bc9dac62c1c",
  "seed": 1024,
  "config_point": {
    "spectral_radius": 0.7,
    "input_scaling": 0.4,
    "leak_rate": 0.7
  },
  "best_ridge": 1e-10,
  "val_curve": {
    "1e-10": 3.6085128723263232e-12,
    "1e-08": 1.6355900120146195e-10,
    "1e-06": 3.759842995091495e-09,
    "0.0001": 3.059026204469493e-07,
    "0.01": 7.613917996216822e-06,
    "1.0": 0.0004592717652106005
  },
  "val_metrics": {
    "nmse": 3.6085128723263232e-12,
    "rmse": 4.2809230784726823e-07
  },
  "test_metrics": {
    "nmse": 3.598876444311968e-12,
    "rmse": 3.875706176849411e-07
  },
  "timing": {
    "train_states_s": 0.018851099997846177,
    "ridge_select_s": 0.012634200000320561,
    "total_s": 0.054078800003480865
  },
  "timestamp": "2026-04-16T18:22:46.921841+00:00"
}