{
  "sweep_name": "region_selection_multitask_v1_mackey_glass",
  "config_id": "0bc9dac62c1c",
  "seed": 42,
  "config_point": {
    "spectral_radius": 0.7,
    "input_scaling": 0.4,
    "leak_rate": 0.7
  },
  "best_ridge": 1e-10,
  "val_curve": {
    "1e-10": 3.673388302433954e-12,
    "1e-08": 2.0724045820325846e-10,
    "1e-06": 7.280819500920371e-09,
    "0.0001": 2.547867029217072e-07,
    "0.01": 7.597103882176753e-06,
    "1.0": 0.0004544413858288063
  },
  "val_metrics": {
    "nmse": 3.673388302433954e-12,
    "rmse": 4.3192338118633153e-07
  },
  "test_metrics": {
    "nmse": 3.529872964997541e-12,
    "rmse": 3.8383706932922385e-07
  },
  "timing": {
    "train_states_s": 0.018706100003328174,
    "ridge_select_s": 0.011892999998963205,
    "total_s": 0.07401770000069519
  },
  "timestamp": "2026-04-16T18:22:46.660806+00:00"
}