{
  "sweep_name": "region_selection_multitask_v1_mackey_glass",
  "config_id": "0bc9dac62c1c",
  "seed": 123,
  "config_point": {
    "spectral_radius": 0.7,
    "input_scaling": 0.4,
    "leak_rate": 0.7
  },
  "best_ridge": 1e-10,
  "val_curve": {
    "1e-10": 5.48615952887322e-12,
    "1e-08": 1.628261805000316e-10,
    "1e-06": 5.3860564888228105e-09,
    "0.0001": 2.690187882697748e-07,
    "0.01": 7.046002773114204e-06,
    "1.0": 0.00030877864911032534
  },
  "val_metrics": {
    "nmse": 5.48615952887322e-12,
    "rmse": 5.278463355407144e-07
  },
  "test_metrics": {
    "nmse": 5.912932010072685e-12,
    "rmse": 4.967853947814825e-07
  },
  "timing": {
    "train_states_s": 0.018105300001479918,
    "ridge_select_s": 0.011846299999888288,
    "total_s": 0.052929500001482666
  },
  "timestamp": "2026-04-16T18:22:46.725052+00:00"
}