{
  "sweep_name": "region_selection_multitask_v1_mackey_glass",
  "config_id": "0bc9dac62c1c",
  "seed": 456,
  "config_point": {
    "spectral_radius": 0.7,
    "input_scaling": 0.4,
    "leak_rate": 0.7
  },
  "best_ridge": 1e-10,
  "val_curve": {
    "1e-10": 2.3190780311986156e-12,
    "1e-08": 1.12945356585427e-10,
    "1e-06": 3.4298272222070237e-09,
    "0.0001": 1.651542224746645e-07,
    "0.01": 6.089458619780599e-06,
    "1.0": 0.0003748579888596565
  },
  "val_metrics": {
    "nmse": 2.3190780311986156e-12,
    "rmse": 3.431871165326392e-07
  },
  "test_metrics": {
    "nmse": 2.2226840412480384e-12,
    "rmse": 3.045834084440625e-07
  },
  "timing": {
    "train_states_s": 0.01874839999800315,
    "ridge_select_s": 0.012406800000462681,
    "total_s": 0.05684860000110348
  },
  "timestamp": "2026-04-16T18:22:46.792839+00:00"
}