{
  "sweep_name": "region_selection_multitask_v1_mackey_glass",
  "config_id": "0f39b85583a2",
  "seed": 789,
  "config_point": {
    "spectral_radius": 0.9,
    "input_scaling": 0.1,
    "leak_rate": 0.7
  },
  "best_ridge": 1e-10,
  "val_curve": {
    "1e-10": 7.510097628768703e-12,
    "1e-08": 1.931373325084009e-10,
    "1e-06": 1.1425903357012745e-08,
    "0.0001": 4.087835001255732e-07,
    "0.01": 2.3716872793357855e-05,
    "1.0": 0.001759232826823695
  },
  "val_metrics": {
    "nmse": 7.510097628768703e-12,
    "rmse": 6.175840714044619e-07
  },
  "test_metrics": {
    "nmse": 6.3464992876669354e-12,
    "rmse": 5.146766843852346e-07
  },
  "timing": {
    "train_states_s": 0.017698800002108328,
    "ridge_select_s": 0.012576000000990462,
    "total_s": 0.0522746000024199
  },
  "timestamp": "2026-04-16T18:23:03.199547+00:00"
}