{
  "sweep_name": "region_selection_multitask_v1_mackey_glass",
  "config_id": "0f39b85583a2",
  "seed": 1024,
  "config_point": {
    "spectral_radius": 0.9,
    "input_scaling": 0.1,
    "leak_rate": 0.7
  },
  "best_ridge": 1e-10,
  "val_curve": {
    "1e-10": 6.860929708058136e-12,
    "1e-08": 2.3558983807083223e-10,
    "1e-06": 1.6572426675772015e-08,
    "0.0001": 6.58433159775171e-07,
    "0.01": 2.578504506602884e-05,
    "1.0": 0.002993821730903862
  },
  "val_metrics": {
    "nmse": 6.860929708058136e-12,
    "rmse": 5.902891217586333e-07
  },
  "test_metrics": {
    "nmse": 6.298707842818637e-12,
    "rmse": 5.127351712147171e-07
  },
  "timing": {
    "train_states_s": 0.018808099997841055,
    "ridge_select_s": 0.012983200002054218,
    "total_s": 0.054412999998021405
  },
  "timestamp": "2026-04-16T18:23:03.265252+00:00"
}