{
  "sweep_name": "region_selection_multitask_v1_mackey_glass",
  "config_id": "0f39b85583a2",
  "seed": 123,
  "config_point": {
    "spectral_radius": 0.9,
    "input_scaling": 0.1,
    "leak_rate": 0.7
  },
  "best_ridge": 1e-10,
  "val_curve": {
    "1e-10": 8.80357886393102e-12,
    "1e-08": 2.943852650427504e-10,
    "1e-06": 9.94738153913809e-09,
    "0.0001": 5.956456816802968e-07,
    "0.01": 3.0180121527618866e-05,
    "1.0": 0.0021268656146533724
  },
  "val_metrics": {
    "nmse": 8.80357886393102e-12,
    "rmse": 6.686562747222623e-07
  },
  "test_metrics": {
    "nmse": 8.934123446946741e-12,
    "rmse": 6.106513916924487e-07
  },
  "timing": {
    "train_states_s": 0.01767439999821363,
    "ridge_select_s": 0.012487899999541696,
    "total_s": 0.05345080000188318
  },
  "timestamp": "2026-04-16T18:23:03.069424+00:00"
}