{
  "sweep_name": "region_selection_multitask_v1_mackey_glass",
  "config_id": "0f39b85583a2",
  "seed": 42,
  "config_point": {
    "spectral_radius": 0.9,
    "input_scaling": 0.1,
    "leak_rate": 0.7
  },
  "best_ridge": 1e-10,
  "val_curve": {
    "1e-10": 1.096710745411452e-11,
    "1e-08": 3.7586174225223903e-10,
    "1e-06": 1.4210801441371582e-08,
    "0.0001": 6.787400197775707e-07,
    "0.01": 5.780017932437244e-05,
    "1.0": 0.0009757841934113315
  },
  "val_metrics": {
    "nmse": 1.096710745411452e-11,
    "rmse": 7.46310143179255e-07
  },
  "test_metrics": {
    "nmse": 1.0701566931928374e-11,
    "rmse": 6.683301639852715e-07
  },
  "timing": {
    "train_states_s": 0.01890859999912209,
    "ridge_select_s": 0.012572999999974854,
    "total_s": 0.07668700000067474
  },
  "timestamp": "2026-04-16T18:23:03.004983+00:00"
}