{
  "sweep_name": "region_selection_multitask_v1_mackey_glass",
  "config_id": "0f7757481bd5",
  "seed": 1024,
  "config_point": {
    "spectral_radius": 0.6,
    "input_scaling": 0.1,
    "leak_rate": 0.6
  },
  "best_ridge": 1e-10,
  "val_curve": {
    "1e-10": 6.464059964026001e-11,
    "1e-08": 1.3726542800891927e-09,
    "1e-06": 3.7929579641578996e-08,
    "0.0001": 1.9043682828325149e-06,
    "0.01": 0.00013588243454022594,
    "1.0": 0.0012832121129735966
  },
  "val_metrics": {
    "nmse": 6.464059964026001e-11,
    "rmse": 1.811865614892134e-06
  },
  "test_metrics": {
    "nmse": 6.146717443117276e-11,
    "rmse": 1.601728862645257e-06
  },
  "timing": {
    "train_states_s": 0.01771319999897969,
    "ridge_select_s": 0.012006499997369247,
    "total_s": 0.051124599998729536
  },
  "timestamp": "2026-04-16T18:22:26.472370+00:00"
}