{
  "sweep_name": "region_selection_multitask_v1_mackey_glass",
  "config_id": "0f7757481bd5",
  "seed": 789,
  "config_point": {
    "spectral_radius": 0.6,
    "input_scaling": 0.1,
    "leak_rate": 0.6
  },
  "best_ridge": 1e-10,
  "val_curve": {
    "1e-10": 5.2291724595749915e-11,
    "1e-08": 8.759773505969271e-10,
    "1e-06": 2.7467241191809957e-08,
    "0.0001": 2.1519166058692346e-06,
    "0.01": 5.07494941886449e-05,
    "1.0": 0.001015109427631386
  },
  "val_metrics": {
    "nmse": 5.2291724595749915e-11,
    "rmse": 1.629632876035377e-06
  },
  "test_metrics": {
    "nmse": 5.046855758017702e-11,
    "rmse": 1.4513689340701976e-06
  },
  "timing": {
    "train_states_s": 0.018675199997232994,
    "ridge_select_s": 0.014439800001127878,
    "total_s": 0.05730269999912707
  },
  "timestamp": "2026-04-16T18:22:26.404101+00:00"
}