{
  "sweep_name": "region_selection_multitask_v1_mackey_glass",
  "config_id": "0f7757481bd5",
  "seed": 42,
  "config_point": {
    "spectral_radius": 0.6,
    "input_scaling": 0.1,
    "leak_rate": 0.6
  },
  "best_ridge": 1e-10,
  "val_curve": {
    "1e-10": 4.874959741394588e-11,
    "1e-08": 1.1934589096685275e-09,
    "1e-06": 4.14949175945899e-08,
    "0.0001": 1.9436070898396296e-06,
    "0.01": 0.00014035191863323598,
    "1.0": 0.0013778185964398722
  },
  "val_metrics": {
    "nmse": 4.874959741394588e-11,
    "rmse": 1.5734712486525099e-06
  },
  "test_metrics": {
    "nmse": 4.669181613105924e-11,
    "rmse": 1.396007527275858e-06
  },
  "timing": {
    "train_states_s": 0.01827889999913168,
    "ridge_select_s": 0.012091000000509666,
    "total_s": 0.06443470000158413
  },
  "timestamp": "2026-04-16T18:22:26.201916+00:00"
}