{
  "sweep_name": "region_selection_multitask_v1_mackey_glass",
  "config_id": "0fb1da4d091e",
  "seed": 123,
  "config_point": {
    "spectral_radius": 0.9,
    "input_scaling": 0.05,
    "leak_rate": 0.7
  },
  "best_ridge": 1e-10,
  "val_curve": {
    "1e-10": 2.028106623650569e-11,
    "1e-08": 8.310980020981888e-10,
    "1e-06": 2.4170402305842018e-08,
    "0.0001": 1.3041173907091761e-06,
    "0.01": 7.084255033763607e-05,
    "1.0": 0.004095552724908503
  },
  "val_metrics": {
    "nmse": 2.028106623650569e-11,
    "rmse": 1.014889329998752e-06
  },
  "test_metrics": {
    "nmse": 1.953704725412623e-11,
    "rmse": 9.030189001135513e-07
  },
  "timing": {
    "train_states_s": 0.01787049999984447,
    "ridge_select_s": 0.01271219999762252,
    "total_s": 0.05287599999792292
  },
  "timestamp": "2026-04-16T18:23:01.000161+00:00"
}