{
  "sweep_name": "region_selection_multitask_v1_mackey_glass",
  "config_id": "0fb1da4d091e",
  "seed": 42,
  "config_point": {
    "spectral_radius": 0.9,
    "input_scaling": 0.05,
    "leak_rate": 0.7
  },
  "best_ridge": 1e-10,
  "val_curve": {
    "1e-10": 2.2899342963746155e-11,
    "1e-08": 1.2645818605667995e-09,
    "1e-06": 2.5819866144500872e-08,
    "0.0001": 1.8816801275854786e-06,
    "0.01": 0.00010687744291429355,
    "1.0": 0.007075250162768384
  },
  "val_metrics": {
    "nmse": 2.2899342963746155e-11,
    "rmse": 1.0784122330518055e-06
  },
  "test_metrics": {
    "nmse": 2.221699876632494e-11,
    "rmse": 9.629640457551045e-07
  },
  "timing": {
    "train_states_s": 0.01846109999678447,
    "ridge_select_s": 0.012457699998776661,
    "total_s": 0.0677780999976676
  },
  "timestamp": "2026-04-16T18:23:00.936048+00:00"
}