{
  "sweep_name": "region_selection_multitask_v1_mackey_glass",
  "config_id": "0fb1da4d091e",
  "seed": 789,
  "config_point": {
    "spectral_radius": 0.9,
    "input_scaling": 0.05,
    "leak_rate": 0.7
  },
  "best_ridge": 1e-10,
  "val_curve": {
    "1e-10": 1.6929231672572264e-11,
    "1e-08": 9.3542053975377e-10,
    "1e-06": 3.8191264450243975e-08,
    "0.0001": 9.6246875881923e-07,
    "0.01": 5.436559918585258e-05,
    "1.0": 0.01116878276885695
  },
  "val_metrics": {
    "nmse": 1.6929231672572264e-11,
    "rmse": 9.272394891078564e-07
  },
  "test_metrics": {
    "nmse": 1.6004034252835828e-11,
    "rmse": 8.173011552635376e-07
  },
  "timing": {
    "train_states_s": 0.01775410000118427,
    "ridge_select_s": 0.011869099998875754,
    "total_s": 0.05201139999917359
  },
  "timestamp": "2026-04-16T18:23:01.128533+00:00"
}