{
  "sweep_name": "region_selection_multitask_v1_mackey_glass",
  "config_id": "0fb1da4d091e",
  "seed": 1024,
  "config_point": {
    "spectral_radius": 0.9,
    "input_scaling": 0.05,
    "leak_rate": 0.7
  },
  "best_ridge": 1e-10,
  "val_curve": {
    "1e-10": 1.9084730622945933e-11,
    "1e-08": 1.06952324575894e-09,
    "1e-06": 6.058282695566484e-08,
    "0.0001": 2.5699322069712748e-06,
    "0.01": 0.00011107278140667597,
    "1.0": 0.0036463013796125786
  },
  "val_metrics": {
    "nmse": 1.9084730622945933e-11,
    "rmse": 9.845013410536781e-07
  },
  "test_metrics": {
    "nmse": 1.833047078525369e-11,
    "rmse": 8.746900500564731e-07
  },
  "timing": {
    "train_states_s": 0.018570599997474346,
    "ridge_select_s": 0.011822700002085185,
    "total_s": 0.05242809999981546
  },
  "timestamp": "2026-04-16T18:23:01.192173+00:00"
}