{
  "sweep_name": "region_selection_multitask_v1_mackey_glass",
  "config_id": "10b5d24c62b0",
  "seed": 42,
  "config_point": {
    "spectral_radius": 1.1,
    "input_scaling": 0.2,
    "leak_rate": 0.6
  },
  "best_ridge": 1e-10,
  "val_curve": {
    "1e-10": 8.997743321116571e-12,
    "1e-08": 4.048016502591611e-10,
    "1e-06": 9.48674464528007e-09,
    "0.0001": 4.926159676031232e-07,
    "0.01": 3.020740772841012e-05,
    "1.0": 0.000732132377972957
  },
  "val_metrics": {
    "nmse": 8.997743321116571e-12,
    "rmse": 6.759897251146832e-07
  },
  "test_metrics": {
    "nmse": 7.85876445766393e-12,
    "rmse": 5.727228530216199e-07
  },
  "timing": {
    "train_states_s": 0.01848950000203331,
    "ridge_select_s": 0.012603499999386258,
    "total_s": 0.06869019999794546
  },
  "timestamp": "2026-04-16T18:23:31.299113+00:00"
}