{
  "sweep_name": "region_selection_multitask_v1_mackey_glass",
  "config_id": "10b5d24c62b0",
  "seed": 789,
  "config_point": {
    "spectral_radius": 1.1,
    "input_scaling": 0.2,
    "leak_rate": 0.6
  },
  "best_ridge": 1e-10,
  "val_curve": {
    "1e-10": 8.680762356213711e-12,
    "1e-08": 1.2454504593823912e-10,
    "1e-06": 5.794981516840636e-09,
    "0.0001": 1.8139211033793506e-07,
    "0.01": 5.939776388471973e-06,
    "1.0": 0.0005423558899519612
  },
  "val_metrics": {
    "nmse": 8.680762356213711e-12,
    "rmse": 6.639757657398547e-07
  },
  "test_metrics": {
    "nmse": 5.159903761705334e-12,
    "rmse": 4.6407500443270725e-07
  },
  "timing": {
    "train_states_s": 0.018795100000716047,
    "ridge_select_s": 0.012766899999405723,
    "total_s": 0.05433479999919655
  },
  "timestamp": "2026-04-16T18:23:31.497400+00:00"
}