{
  "sweep_name": "region_selection_multitask_v1_mackey_glass",
  "config_id": "10b5d24c62b0",
  "seed": 1024,
  "config_point": {
    "spectral_radius": 1.1,
    "input_scaling": 0.2,
    "leak_rate": 0.6
  },
  "best_ridge": 1e-10,
  "val_curve": {
    "1e-10": 3.09460182236193e-12,
    "1e-08": 1.1538089082601726e-10,
    "1e-06": 4.351241398845835e-09,
    "0.0001": 5.524630668866026e-07,
    "0.01": 2.086058857398639e-05,
    "1.0": 0.0006786785002476539
  },
  "val_metrics": {
    "nmse": 3.09460182236193e-12,
    "rmse": 3.964383714019858e-07
  },
  "test_metrics": {
    "nmse": 2.682079196690962e-12,
    "rmse": 3.3458246425627444e-07
  },
  "timing": {
    "train_states_s": 0.01917909999974654,
    "ridge_select_s": 0.012367199997243006,
    "total_s": 0.054175200002646307
  },
  "timestamp": "2026-04-16T18:23:31.562816+00:00"
}