{
  "sweep_name": "region_selection_multitask_v1_mackey_glass",
  "config_id": "10b5d24c62b0",
  "seed": 456,
  "config_point": {
    "spectral_radius": 1.1,
    "input_scaling": 0.2,
    "leak_rate": 0.6
  },
  "best_ridge": 1e-10,
  "val_curve": {
    "1e-10": 1.6031157038673575e-07,
    "1e-08": 5.960248322443412e-07,
    "1e-06": 1.1857847162751588e-05,
    "0.0001": 1.4748476038987956e-05,
    "0.01": 0.00018041146482768278,
    "1.0": 0.0024405664431322613
  },
  "val_metrics": {
    "nmse": 1.6031157038673575e-07,
    "rmse": 9.02309913888498e-05
  },
  "test_metrics": {
    "nmse": 5.374076458264071e-09,
    "rmse": 1.4976809204243369e-05
  },
  "timing": {
    "train_states_s": 0.018996800001332304,
    "ridge_select_s": 0.012778600001183804,
    "total_s": 0.057417799998802366
  },
  "timestamp": "2026-04-16T18:23:31.431892+00:00"
}