{
  "sweep_name": "region_selection_multitask_v1_mackey_glass",
  "config_id": "129fe242d561",
  "seed": 1024,
  "config_point": {
    "spectral_radius": 0.9,
    "input_scaling": 0.1,
    "leak_rate": 1.0
  },
  "best_ridge": 1e-10,
  "val_curve": {
    "1e-10": 2.7436195969048046e-12,
    "1e-08": 2.4733867566602317e-10,
    "1e-06": 1.7603396457007772e-08,
    "0.0001": 6.431896433417952e-07,
    "0.01": 2.3213231854920943e-05,
    "1.0": 0.0022092738083249117
  },
  "val_metrics": {
    "nmse": 2.7436195969048046e-12,
    "rmse": 3.732804482779262e-07
  },
  "test_metrics": {
    "nmse": 2.4898089477771553e-12,
    "rmse": 3.2236685951124715e-07
  },
  "timing": {
    "train_states_s": 0.01817230000233394,
    "ridge_select_s": 0.012131600000429899,
    "total_s": 0.0518088999997417
  },
  "timestamp": "2026-04-16T18:23:04.275444+00:00"
}