{
  "sweep_name": "region_selection_multitask_v1_mackey_glass",
  "config_id": "129fe242d561",
  "seed": 123,
  "config_point": {
    "spectral_radius": 0.9,
    "input_scaling": 0.1,
    "leak_rate": 1.0
  },
  "best_ridge": 1e-10,
  "val_curve": {
    "1e-10": 3.9956639080620175e-12,
    "1e-08": 2.4562364940487855e-10,
    "1e-06": 6.715390915646654e-09,
    "0.0001": 3.7091451050657566e-07,
    "0.01": 2.2739226503138193e-05,
    "1.0": 0.0017994322253966474
  },
  "val_metrics": {
    "nmse": 3.9956639080620175e-12,
    "rmse": 4.5047196739464083e-07
  },
  "test_metrics": {
    "nmse": 3.983153045702466e-12,
    "rmse": 4.0773770448342537e-07
  },
  "timing": {
    "train_states_s": 0.018735099998593796,
    "ridge_select_s": 0.012521499997092178,
    "total_s": 0.054606500001682434
  },
  "timestamp": "2026-04-16T18:23:04.079653+00:00"
}