{
  "sweep_name": "region_selection_multitask_v1_mackey_glass",
  "config_id": "129fe242d561",
  "seed": 42,
  "config_point": {
    "spectral_radius": 0.9,
    "input_scaling": 0.1,
    "leak_rate": 1.0
  },
  "best_ridge": 1e-10,
  "val_curve": {
    "1e-10": 5.764036496690184e-12,
    "1e-08": 3.02461330476725e-10,
    "1e-06": 9.899798361402186e-09,
    "0.0001": 5.41668706679148e-07,
    "0.01": 2.805042957570021e-05,
    "1.0": 0.0008115998219032814
  },
  "val_metrics": {
    "nmse": 5.764036496690184e-12,
    "rmse": 5.410490712626783e-07
  },
  "test_metrics": {
    "nmse": 5.580882971829296e-12,
    "rmse": 4.826350237890069e-07
  },
  "timing": {
    "train_states_s": 0.017926399999851128,
    "ridge_select_s": 0.01277739999932237,
    "total_s": 0.06946859999879962
  },
  "timestamp": "2026-04-16T18:23:04.013544+00:00"
}