{
  "sweep_name": "region_selection_multitask_v1_mackey_glass",
  "config_id": "129fe242d561",
  "seed": 789,
  "config_point": {
    "spectral_radius": 0.9,
    "input_scaling": 0.1,
    "leak_rate": 1.0
  },
  "best_ridge": 1e-10,
  "val_curve": {
    "1e-10": 2.641640696709885e-12,
    "1e-08": 2.06039229772231e-10,
    "1e-06": 1.4619261621187455e-08,
    "0.0001": 2.3637900515376196e-07,
    "0.01": 1.5738088799262625e-05,
    "1.0": 0.001532554463517113
  },
  "val_metrics": {
    "nmse": 2.641640696709885e-12,
    "rmse": 3.662774383671973e-07
  },
  "test_metrics": {
    "nmse": 2.356164442136916e-12,
    "rmse": 3.135957551986703e-07
  },
  "timing": {
    "train_states_s": 0.019253700000263052,
    "ridge_select_s": 0.012683700002526166,
    "total_s": 0.054853199999342905
  },
  "timestamp": "2026-04-16T18:23:04.212207+00:00"
}