{
  "sweep_name": "region_selection_multitask_v1_mackey_glass",
  "config_id": "139f2a03ac16",
  "seed": 1024,
  "config_point": {
    "spectral_radius": 1.0,
    "input_scaling": 0.3,
    "leak_rate": 0.5
  },
  "best_ridge": 1e-10,
  "val_curve": {
    "1e-10": 4.301561945777529e-12,
    "1e-08": 1.3075555070767475e-10,
    "1e-06": 3.9739012004366526e-09,
    "0.0001": 2.5002129743607e-07,
    "0.01": 1.3688042841601416e-05,
    "1.0": 0.0006736603230133588
  },
  "val_metrics": {
    "nmse": 4.301561945777529e-12,
    "rmse": 4.6739750052118387e-07
  },
  "test_metrics": {
    "nmse": 4.2074552718543634e-12,
    "rmse": 4.190608896099707e-07
  },
  "timing": {
    "train_states_s": 0.018730100000539096,
    "ridge_select_s": 0.012812199998734286,
    "total_s": 0.05376789999718312
  },
  "timestamp": "2026-04-16T18:23:20.965437+00:00"
}