{
  "sweep_name": "region_selection_multitask_v1_mackey_glass",
  "config_id": "139f2a03ac16",
  "seed": 456,
  "config_point": {
    "spectral_radius": 1.0,
    "input_scaling": 0.3,
    "leak_rate": 0.5
  },
  "best_ridge": 1e-10,
  "val_curve": {
    "1e-10": 3.3880309187697873e-12,
    "1e-08": 1.254052294187624e-10,
    "1e-06": 3.170208457375137e-09,
    "0.0001": 1.6742515112111504e-07,
    "0.01": 7.925795147919296e-06,
    "1.0": 0.0004705617604331401
  },
  "val_metrics": {
    "nmse": 3.3880309187697873e-12,
    "rmse": 4.148078603252992e-07
  },
  "test_metrics": {
    "nmse": 2.2041665301198638e-12,
    "rmse": 3.033119899869473e-07
  },
  "timing": {
    "train_states_s": 0.018594699999084696,
    "ridge_select_s": 0.012354799997410737,
    "total_s": 0.055818500000896165
  },
  "timestamp": "2026-04-16T18:23:20.834680+00:00"
}