{
  "sweep_name": "region_selection_multitask_v1_mackey_glass",
  "config_id": "139f2a03ac16",
  "seed": 789,
  "config_point": {
    "spectral_radius": 1.0,
    "input_scaling": 0.3,
    "leak_rate": 0.5
  },
  "best_ridge": 1e-10,
  "val_curve": {
    "1e-10": 3.5651434156613444e-12,
    "1e-08": 1.3419566417871608e-10,
    "1e-06": 3.6595606916966087e-09,
    "0.0001": 1.3940779963474077e-07,
    "0.01": 6.22469398977257e-06,
    "1.0": 0.00031447678510768774
  },
  "val_metrics": {
    "nmse": 3.5651434156613444e-12,
    "rmse": 4.2551198540093754e-07
  },
  "test_metrics": {
    "nmse": 2.9881995166411164e-12,
    "rmse": 3.531605400560299e-07
  },
  "timing": {
    "train_states_s": 0.018698999996558996,
    "ridge_select_s": 0.012798399999155663,
    "total_s": 0.054611000003205845
  },
  "timestamp": "2026-04-16T18:23:20.900716+00:00"
}