{
  "sweep_name": "region_selection_multitask_v1_mackey_glass",
  "config_id": "139f2a03ac16",
  "seed": 42,
  "config_point": {
    "spectral_radius": 1.0,
    "input_scaling": 0.3,
    "leak_rate": 0.5
  },
  "best_ridge": 1e-10,
  "val_curve": {
    "1e-10": 7.191272172865935e-12,
    "1e-08": 1.838782911356476e-10,
    "1e-06": 5.175071322869068e-09,
    "0.0001": 3.7392240273741363e-07,
    "0.01": 1.2059754989574252e-05,
    "1.0": 0.000657819978924568
  },
  "val_metrics": {
    "nmse": 7.191272172865935e-12,
    "rmse": 6.043327886231177e-07
  },
  "test_metrics": {
    "nmse": 6.949032742780512e-12,
    "rmse": 5.3855437180607e-07
  },
  "timing": {
    "train_states_s": 0.018640499998582527,
    "ridge_select_s": 0.012792600002285326,
    "total_s": 0.0663568000018131
  },
  "timestamp": "2026-04-16T18:23:20.701660+00:00"
}