{
  "sweep_name": "region_selection_multitask_v1_mackey_glass",
  "config_id": "156850c8e8b6",
  "seed": 789,
  "config_point": {
    "spectral_radius": 0.7,
    "input_scaling": 0.15,
    "leak_rate": 0.6
  },
  "best_ridge": 1e-10,
  "val_curve": {
    "1e-10": 1.1072265446155522e-11,
    "1e-08": 4.718511118450026e-10,
    "1e-06": 1.9194334226139685e-08,
    "0.0001": 7.15987794097604e-07,
    "0.01": 1.76983806456147e-05,
    "1.0": 0.0012785400845743329
  },
  "val_metrics": {
    "nmse": 1.1072265446155522e-11,
    "rmse": 7.498796005627459e-07
  },
  "test_metrics": {
    "nmse": 1.0550514994026225e-11,
    "rmse": 6.635966825074805e-07
  },
  "timing": {
    "train_states_s": 0.018411299999570474,
    "ridge_select_s": 0.012497800002165604,
    "total_s": 0.05349310000019614
  },
  "timestamp": "2026-04-16T18:22:40.512315+00:00"
}