{
  "sweep_name": "region_selection_multitask_v1_mackey_glass",
  "config_id": "156850c8e8b6",
  "seed": 456,
  "config_point": {
    "spectral_radius": 0.7,
    "input_scaling": 0.15,
    "leak_rate": 0.6
  },
  "best_ridge": 1e-10,
  "val_curve": {
    "1e-10": 9.332221161257462e-12,
    "1e-08": 3.6765694101593756e-10,
    "1e-06": 1.844846943344978e-08,
    "0.0001": 6.044459126677324e-07,
    "0.01": 1.1663872584198782e-05,
    "1.0": 0.0016603658626432151
  },
  "val_metrics": {
    "nmse": 9.332221161257462e-12,
    "rmse": 6.884395405691445e-07
  },
  "test_metrics": {
    "nmse": 8.705299479191788e-12,
    "rmse": 6.027805561117136e-07
  },
  "timing": {
    "train_states_s": 0.017965899998671375,
    "ridge_select_s": 0.011911800000234507,
    "total_s": 0.0539134999999078
  },
  "timestamp": "2026-04-16T18:22:40.448039+00:00"
}