{
  "sweep_name": "region_selection_multitask_v1_mackey_glass",
  "config_id": "156850c8e8b6",
  "seed": 1024,
  "config_point": {
    "spectral_radius": 0.7,
    "input_scaling": 0.15,
    "leak_rate": 0.6
  },
  "best_ridge": 1e-10,
  "val_curve": {
    "1e-10": 1.4284702552864785e-11,
    "1e-08": 2.678710896059675e-10,
    "1e-06": 1.8134592908812482e-08,
    "0.0001": 1.3769023631424732e-06,
    "0.01": 2.889964652904643e-05,
    "1.0": 0.0017961286729850155
  },
  "val_metrics": {
    "nmse": 1.4284702552864785e-11,
    "rmse": 8.517436327803553e-07
  },
  "test_metrics": {
    "nmse": 1.3481981703963483e-11,
    "rmse": 7.501433151054293e-07
  },
  "timing": {
    "train_states_s": 0.017977399998926558,
    "ridge_select_s": 0.01219660000060685,
    "total_s": 0.05400279999958002
  },
  "timestamp": "2026-04-16T18:22:40.577805+00:00"
}