{
  "sweep_name": "region_selection_multitask_v1_mackey_glass",
  "config_id": "156850c8e8b6",
  "seed": 42,
  "config_point": {
    "spectral_radius": 0.7,
    "input_scaling": 0.15,
    "leak_rate": 0.6
  },
  "best_ridge": 1e-10,
  "val_curve": {
    "1e-10": 1.7094033395671985e-11,
    "1e-08": 5.832520399838592e-10,
    "1e-06": 3.1316967824203134e-08,
    "0.0001": 5.688721045284708e-07,
    "0.01": 2.5441200073971055e-05,
    "1.0": 0.0019081868646492193
  },
  "val_metrics": {
    "nmse": 1.7094033395671985e-11,
    "rmse": 9.317417776504069e-07
  },
  "test_metrics": {
    "nmse": 1.607685106420884e-11,
    "rmse": 8.191583658200352e-07
  },
  "timing": {
    "train_states_s": 0.017677300002105767,
    "ridge_select_s": 0.01213629999983823,
    "total_s": 0.05853750000096625
  },
  "timestamp": "2026-04-16T18:22:40.317521+00:00"
}