{
  "sweep_name": "region_selection_multitask_v1_mackey_glass",
  "config_id": "156850c8e8b6",
  "seed": 123,
  "config_point": {
    "spectral_radius": 0.7,
    "input_scaling": 0.15,
    "leak_rate": 0.6
  },
  "best_ridge": 1e-10,
  "val_curve": {
    "1e-10": 1.704313514734166e-11,
    "1e-08": 5.533437319200483e-10,
    "1e-06": 2.4425247463828172e-08,
    "0.0001": 7.29088965055229e-07,
    "0.01": 1.9309037332998432e-05,
    "1.0": 0.0016203044848321776
  },
  "val_metrics": {
    "nmse": 1.704313514734166e-11,
    "rmse": 9.303535921437344e-07
  },
  "test_metrics": {
    "nmse": 1.6899751476659748e-11,
    "rmse": 8.398612339837001e-07
  },
  "timing": {
    "train_states_s": 0.018628599998919526,
    "ridge_select_s": 0.012252300002728589,
    "total_s": 0.054130000000441214
  },
  "timestamp": "2026-04-16T18:22:40.382662+00:00"
}