{
  "sweep_name": "region_selection_multitask_v1_mackey_glass",
  "config_id": "15c44783ca07",
  "seed": 123,
  "config_point": {
    "spectral_radius": 0.8,
    "input_scaling": 0.05,
    "leak_rate": 0.6
  },
  "best_ridge": 1e-10,
  "val_curve": {
    "1e-10": 6.186790025395751e-11,
    "1e-08": 2.234013453200112e-09,
    "1e-06": 6.656144168962635e-08,
    "0.0001": 2.6019796918271903e-06,
    "0.01": 0.0001296971634837282,
    "1.0": 0.002623054686832196
  },
  "val_metrics": {
    "nmse": 6.186790025395751e-11,
    "rmse": 1.7725805647132642e-06
  },
  "test_metrics": {
    "nmse": 6.064068359790977e-11,
    "rmse": 1.5909239539698985e-06
  },
  "timing": {
    "train_states_s": 0.018544000002293615,
    "ridge_select_s": 0.011965300000156276,
    "total_s": 0.05398510000304668
  },
  "timestamp": "2026-04-16T18:22:48.428162+00:00"
}