{
  "sweep_name": "region_selection_multitask_v1_mackey_glass",
  "config_id": "15c44783ca07",
  "seed": 42,
  "config_point": {
    "spectral_radius": 0.8,
    "input_scaling": 0.05,
    "leak_rate": 0.6
  },
  "best_ridge": 1e-10,
  "val_curve": {
    "1e-10": 4.3644439306196757e-11,
    "1e-08": 2.145969579884709e-09,
    "1e-06": 6.49397268472384e-08,
    "0.0001": 2.653697727349089e-06,
    "0.01": 0.00013350004259175905,
    "1.0": 0.004001594221840124
  },
  "val_metrics": {
    "nmse": 4.3644439306196757e-11,
    "rmse": 1.4888047788674894e-06
  },
  "test_metrics": {
    "nmse": 4.3306145883092646e-11,
    "rmse": 1.3444422251044016e-06
  },
  "timing": {
    "train_states_s": 0.018008700000791578,
    "ridge_select_s": 0.011561100000108127,
    "total_s": 0.10310849999950733
  },
  "timestamp": "2026-04-16T18:22:48.363093+00:00"
}