{
  "sweep_name": "region_selection_multitask_v1_mackey_glass",
  "config_id": "15c44783ca07",
  "seed": 456,
  "config_point": {
    "spectral_radius": 0.8,
    "input_scaling": 0.05,
    "leak_rate": 0.6
  },
  "best_ridge": 1e-10,
  "val_curve": {
    "1e-10": 3.1372371968593694e-11,
    "1e-08": 1.0192213457471933e-09,
    "1e-06": 6.847011039680839e-08,
    "0.0001": 2.394621465365172e-06,
    "0.01": 0.00010129340000970236,
    "1.0": 0.0029727869413259406
  },
  "val_metrics": {
    "nmse": 3.1372371968593694e-11,
    "rmse": 1.2622546308865455e-06
  },
  "test_metrics": {
    "nmse": 2.915011801942843e-11,
    "rmse": 1.103030535754436e-06
  },
  "timing": {
    "train_states_s": 0.017673499998636544,
    "ridge_select_s": 0.012047299998812377,
    "total_s": 0.054009100000257604
  },
  "timestamp": "2026-04-16T18:22:48.493516+00:00"
}