{
  "sweep_name": "region_selection_multitask_v1_mackey_glass",
  "config_id": "15d61a684a93",
  "seed": 456,
  "config_point": {
    "spectral_radius": 0.7,
    "input_scaling": 0.2,
    "leak_rate": 0.8
  },
  "best_ridge": 1e-10,
  "val_curve": {
    "1e-10": 3.901743733175596e-12,
    "1e-08": 1.1719272195589402e-10,
    "1e-06": 7.142659881899054e-09,
    "0.0001": 3.4840044914116964e-07,
    "0.01": 6.745779134648031e-06,
    "1.0": 0.0007844891313135865
  },
  "val_metrics": {
    "nmse": 3.901743733175596e-12,
    "rmse": 4.451461951481498e-07
  },
  "test_metrics": {
    "nmse": 3.5109907010570182e-12,
    "rmse": 3.8280906755128046e-07
  },
  "timing": {
    "train_states_s": 0.01765700000032666,
    "ridge_select_s": 0.011926800001674565,
    "total_s": 0.054122400000778725
  },
  "timestamp": "2026-04-16T18:22:43.096098+00:00"
}