{
  "sweep_name": "region_selection_multitask_v1_mackey_glass",
  "config_id": "15d61a684a93",
  "seed": 1024,
  "config_point": {
    "spectral_radius": 0.7,
    "input_scaling": 0.2,
    "leak_rate": 0.8
  },
  "best_ridge": 1e-10,
  "val_curve": {
    "1e-10": 6.843013770400963e-12,
    "1e-08": 1.3641015493364204e-10,
    "1e-06": 6.593618834921599e-09,
    "0.0001": 6.027493196942106e-07,
    "0.01": 1.7386281398071714e-05,
    "1.0": 0.0012532489185878258
  },
  "val_metrics": {
    "nmse": 6.843013770400963e-12,
    "rmse": 5.895179073178577e-07
  },
  "test_metrics": {
    "nmse": 5.985436292296582e-12,
    "rmse": 4.998219022119114e-07
  },
  "timing": {
    "train_states_s": 0.017631300001085037,
    "ridge_select_s": 0.012474099999963073,
    "total_s": 0.051930699999502394
  },
  "timestamp": "2026-04-16T18:22:43.223524+00:00"
}