{
  "sweep_name": "region_selection_multitask_v1_mackey_glass",
  "config_id": "15d61a684a93",
  "seed": 789,
  "config_point": {
    "spectral_radius": 0.7,
    "input_scaling": 0.2,
    "leak_rate": 0.8
  },
  "best_ridge": 1e-10,
  "val_curve": {
    "1e-10": 4.625423145502004e-12,
    "1e-08": 1.0935697335300787e-10,
    "1e-06": 7.430030134548154e-09,
    "0.0001": 4.360432925991061e-07,
    "0.01": 1.1318947481404587e-05,
    "1.0": 0.0008349182996203741
  },
  "val_metrics": {
    "nmse": 4.625423145502004e-12,
    "rmse": 4.84673226150197e-07
  },
  "test_metrics": {
    "nmse": 4.266414734347056e-12,
    "rmse": 4.219868444840762e-07
  },
  "timing": {
    "train_states_s": 0.018720699998084456,
    "ridge_select_s": 0.011886399999639252,
    "total_s": 0.0535898999987694
  },
  "timestamp": "2026-04-16T18:22:43.160599+00:00"
}