{
  "sweep_name": "region_selection_multitask_v1_mackey_glass",
  "config_id": "15d61a684a93",
  "seed": 123,
  "config_point": {
    "spectral_radius": 0.7,
    "input_scaling": 0.2,
    "leak_rate": 0.8
  },
  "best_ridge": 1e-10,
  "val_curve": {
    "1e-10": 5.440107355955692e-12,
    "1e-08": 2.181660609118013e-10,
    "1e-06": 9.4605315536538e-09,
    "0.0001": 3.764073483771326e-07,
    "0.01": 1.131331316858319e-05,
    "1.0": 0.0012783590486039834
  },
  "val_metrics": {
    "nmse": 5.440107355955692e-12,
    "rmse": 5.256262306888543e-07
  },
  "test_metrics": {
    "nmse": 5.026007974130772e-12,
    "rmse": 4.5801422164165183e-07
  },
  "timing": {
    "train_states_s": 0.01847739999720943,
    "ridge_select_s": 0.011769200002163416,
    "total_s": 0.05320019999999204
  },
  "timestamp": "2026-04-16T18:22:43.030681+00:00"
}