{
  "sweep_name": "region_selection_multitask_v1_mackey_glass",
  "config_id": "15dc672d4001",
  "seed": 1024,
  "config_point": {
    "spectral_radius": 0.6,
    "input_scaling": 0.15,
    "leak_rate": 0.5
  },
  "best_ridge": 1e-10,
  "val_curve": {
    "1e-10": 5.667768846156288e-11,
    "1e-08": 6.681906769700554e-10,
    "1e-06": 3.082966994613737e-08,
    "0.0001": 2.2249566158781556e-06,
    "0.01": 5.195537099765531e-05,
    "1.0": 0.0017720792070757153
  },
  "val_metrics": {
    "nmse": 5.667768846156288e-11,
    "rmse": 1.6965995978834148e-06
  },
  "test_metrics": {
    "nmse": 5.31337300065254e-11,
    "rmse": 1.4891982904650355e-06
  },
  "timing": {
    "train_states_s": 0.018765900000289548,
    "ridge_select_s": 0.012257599999429658,
    "total_s": 0.053449899998668116
  },
  "timestamp": "2026-04-16T18:22:28.205052+00:00"
}