{
  "sweep_name": "region_selection_multitask_v1_mackey_glass",
  "config_id": "15dc672d4001",
  "seed": 789,
  "config_point": {
    "spectral_radius": 0.6,
    "input_scaling": 0.15,
    "leak_rate": 0.5
  },
  "best_ridge": 1e-10,
  "val_curve": {
    "1e-10": 3.060293553835681e-11,
    "1e-08": 7.360956556366762e-10,
    "1e-06": 3.689699097130246e-08,
    "0.0001": 1.8851565766346341e-06,
    "0.01": 1.988025519319415e-05,
    "1.0": 0.0013277969678026087
  },
  "val_metrics": {
    "nmse": 3.060293553835681e-11,
    "rmse": 1.2466795588194517e-06
  },
  "test_metrics": {
    "nmse": 2.852710835878275e-11,
    "rmse": 1.0911796363850507e-06
  },
  "timing": {
    "train_states_s": 0.018063100000290433,
    "ridge_select_s": 0.012142600000515813,
    "total_s": 0.053270600001269486
  },
  "timestamp": "2026-04-16T18:22:28.140613+00:00"
}