{
  "sweep_name": "region_selection_multitask_v1_mackey_glass",
  "config_id": "15dc672d4001",
  "seed": 42,
  "config_point": {
    "spectral_radius": 0.6,
    "input_scaling": 0.15,
    "leak_rate": 0.5
  },
  "best_ridge": 1e-10,
  "val_curve": {
    "1e-10": 3.694342649170623e-11,
    "1e-08": 8.106743847740942e-10,
    "1e-06": 6.650708195113603e-08,
    "0.0001": 1.6475026626512716e-06,
    "0.01": 3.780632199219087e-05,
    "1.0": 0.001971180079806702
  },
  "val_metrics": {
    "nmse": 3.694342649170623e-11,
    "rmse": 1.3697518059645083e-06
  },
  "test_metrics": {
    "nmse": 3.515898259628685e-11,
    "rmse": 1.211394301414882e-06
  },
  "timing": {
    "train_states_s": 0.01910909999787691,
    "ridge_select_s": 0.012282700001378544,
    "total_s": 0.10194210000190651
  },
  "timestamp": "2026-04-16T18:22:27.946384+00:00"
}