{
  "sweep_name": "region_selection_multitask_v1_mackey_glass",
  "config_id": "15dc672d4001",
  "seed": 456,
  "config_point": {
    "spectral_radius": 0.6,
    "input_scaling": 0.15,
    "leak_rate": 0.5
  },
  "best_ridge": 1e-10,
  "val_curve": {
    "1e-10": 2.3705009456479827e-11,
    "1e-08": 7.312437719076137e-10,
    "1e-06": 3.412659610310913e-08,
    "0.0001": 1.2120239559431385e-06,
    "0.01": 2.2589578857884796e-05,
    "1.0": 0.0019143471003495195
  },
  "val_metrics": {
    "nmse": 2.3705009456479827e-11,
    "rmse": 1.097219105786443e-06
  },
  "test_metrics": {
    "nmse": 2.289808244208485e-11,
    "rmse": 9.776129234063979e-07
  },
  "timing": {
    "train_states_s": 0.01844160000109696,
    "ridge_select_s": 0.012011499999061925,
    "total_s": 0.05487880000146106
  },
  "timestamp": "2026-04-16T18:22:28.076332+00:00"
}