{
  "sweep_name": "region_selection_multitask_v1_mackey_glass",
  "config_id": "16217e21e3f8",
  "seed": 42,
  "config_point": {
    "spectral_radius": 0.9,
    "input_scaling": 0.05,
    "leak_rate": 0.9
  },
  "best_ridge": 1e-10,
  "val_curve": {
    "1e-10": 1.8423013453091984e-11,
    "1e-08": 9.86389211554091e-10,
    "1e-06": 3.0429382029720186e-08,
    "0.0001": 1.9609315955716143e-06,
    "0.01": 5.292080421527833e-05,
    "1.0": 0.007036975295941484
  },
  "val_metrics": {
    "nmse": 1.8423013453091984e-11,
    "rmse": 9.672831656734819e-07
  },
  "test_metrics": {
    "nmse": 1.927796350730677e-11,
    "rmse": 8.970113816917905e-07
  },
  "timing": {
    "train_states_s": 0.018914499996753875,
    "ridge_select_s": 0.012794800000847317,
    "total_s": 0.08714150000014342
  },
  "timestamp": "2026-04-16T18:23:01.641113+00:00"
}