{
  "sweep_name": "region_selection_multitask_v1_mackey_glass",
  "config_id": "16217e21e3f8",
  "seed": 123,
  "config_point": {
    "spectral_radius": 0.9,
    "input_scaling": 0.05,
    "leak_rate": 0.9
  },
  "best_ridge": 1e-10,
  "val_curve": {
    "1e-10": 1.4334267857730288e-11,
    "1e-08": 7.391255631254256e-10,
    "1e-06": 2.8240606246104494e-08,
    "0.0001": 1.396025241148799e-06,
    "0.01": 5.581377539920175e-05,
    "1.0": 0.002830119744898196
  },
  "val_metrics": {
    "nmse": 1.4334267857730288e-11,
    "rmse": 8.532200504659308e-07
  },
  "test_metrics": {
    "nmse": 1.3610914677425487e-11,
    "rmse": 7.537217233751999e-07
  },
  "timing": {
    "train_states_s": 0.01768129999982193,
    "ridge_select_s": 0.013269499999296386,
    "total_s": 0.05398310000236961
  },
  "timestamp": "2026-04-16T18:23:01.706231+00:00"
}