{
  "sweep_name": "region_selection_multitask_v1_mackey_glass",
  "config_id": "16217e21e3f8",
  "seed": 456,
  "config_point": {
    "spectral_radius": 0.9,
    "input_scaling": 0.05,
    "leak_rate": 0.9
  },
  "best_ridge": 1e-10,
  "val_curve": {
    "1e-10": 9.437472106445357e-12,
    "1e-08": 2.579701158099117e-10,
    "1e-06": 2.063713866659383e-08,
    "0.0001": 1.2782544559000163e-06,
    "0.01": 6.873292376907964e-05,
    "1.0": 0.0017968099939433598
  },
  "val_metrics": {
    "nmse": 9.437472106445357e-12,
    "rmse": 6.923108458586618e-07
  },
  "test_metrics": {
    "nmse": 9.110861304160049e-12,
    "rmse": 6.16661868313906e-07
  },
  "timing": {
    "train_states_s": 0.01864009999917471,
    "ridge_select_s": 0.012349799999356037,
    "total_s": 0.056220599999505794
  },
  "timestamp": "2026-04-16T18:23:01.773802+00:00"
}