{
  "sweep_name": "region_selection_multitask_v1_mackey_glass",
  "config_id": "16217e21e3f8",
  "seed": 1024,
  "config_point": {
    "spectral_radius": 0.9,
    "input_scaling": 0.05,
    "leak_rate": 0.9
  },
  "best_ridge": 1e-10,
  "val_curve": {
    "1e-10": 9.344731460519175e-12,
    "1e-08": 7.062511854042641e-10,
    "1e-06": 5.3111523582841574e-08,
    "0.0001": 2.303751930345111e-06,
    "0.01": 0.0001285383052720865,
    "1.0": 0.0023720235430753174
  },
  "val_metrics": {
    "nmse": 9.344731460519175e-12,
    "rmse": 6.88900829476821e-07
  },
  "test_metrics": {
    "nmse": 9.027865153651255e-12,
    "rmse": 6.138466759922589e-07
  },
  "timing": {
    "train_states_s": 0.0190193000016734,
    "ridge_select_s": 0.012022900002193637,
    "total_s": 0.053750200000649784
  },
  "timestamp": "2026-04-16T18:23:01.902721+00:00"
}