{
  "sweep_name": "region_selection_multitask_v1_mackey_glass",
  "config_id": "16217e21e3f8",
  "seed": 789,
  "config_point": {
    "spectral_radius": 0.9,
    "input_scaling": 0.05,
    "leak_rate": 0.9
  },
  "best_ridge": 1e-10,
  "val_curve": {
    "1e-10": 8.135013423235737e-12,
    "1e-08": 6.778299997640381e-10,
    "1e-06": 4.607421234522638e-08,
    "0.0001": 9.427028536088806e-07,
    "0.01": 4.0652818393078034e-05,
    "1.0": 0.01026052505887709
  },
  "val_metrics": {
    "nmse": 8.135013423235737e-12,
    "rmse": 6.42765312874019e-07
  },
  "test_metrics": {
    "nmse": 8.205916014874995e-12,
    "rmse": 5.852358346144074e-07
  },
  "timing": {
    "train_states_s": 0.017837600000348175,
    "ridge_select_s": 0.012744100000418257,
    "total_s": 0.05277449999994133
  },
  "timestamp": "2026-04-16T18:23:01.838105+00:00"
}