{
  "sweep_name": "region_selection_multitask_v1_mackey_glass",
  "config_id": "16407e9d8131",
  "seed": 123,
  "config_point": {
    "spectral_radius": 1.1,
    "input_scaling": 0.4,
    "leak_rate": 1.0
  },
  "best_ridge": 1e-10,
  "val_curve": {
    "1e-10": 2.9806798528701774e-09,
    "1e-08": 4.653836347667088e-09,
    "1e-06": 1.0845487965019829e-07,
    "0.0001": 6.771419985248871e-07,
    "0.01": 1.0494378578779677e-05,
    "1.0": 0.0003931925337613806
  },
  "val_metrics": {
    "nmse": 2.9806798528701774e-09,
    "rmse": 1.2303564799990064e-05
  },
  "test_metrics": {
    "nmse": 2.3223479613087744e-12,
    "rmse": 3.1133720507883273e-07
  },
  "timing": {
    "train_states_s": 0.018798000000970205,
    "ridge_select_s": 0.011981800002104137,
    "total_s": 0.05377999999836902
  },
  "timestamp": "2026-04-16T18:23:36.753892+00:00"
}