{
  "sweep_name": "region_selection_multitask_v1_mackey_glass",
  "config_id": "16407e9d8131",
  "seed": 42,
  "config_point": {
    "spectral_radius": 1.1,
    "input_scaling": 0.4,
    "leak_rate": 1.0
  },
  "best_ridge": 1e-10,
  "val_curve": {
    "1e-10": 2.9504882733901713e-12,
    "1e-08": 6.727934109652471e-11,
    "1e-06": 2.3285505723383197e-09,
    "0.0001": 7.628275743042922e-08,
    "0.01": 7.748779057635329e-06,
    "1.0": 0.00036774176062632136
  },
  "val_metrics": {
    "nmse": 2.9504882733901713e-12,
    "rmse": 3.870973884155407e-07
  },
  "test_metrics": {
    "nmse": 2.8945297623433103e-12,
    "rmse": 3.4758128656900185e-07
  },
  "timing": {
    "train_states_s": 0.018805200001224875,
    "ridge_select_s": 0.011670899999444373,
    "total_s": 0.05420819999926607
  },
  "timestamp": "2026-04-16T18:23:36.688959+00:00"
}