{
  "sweep_name": "region_selection_multitask_v1_mackey_glass",
  "config_id": "16407e9d8131",
  "seed": 456,
  "config_point": {
    "spectral_radius": 1.1,
    "input_scaling": 0.4,
    "leak_rate": 1.0
  },
  "best_ridge": 1e-08,
  "val_curve": {
    "1e-10": 0.00014505074879497216,
    "1e-08": 0.0001239778444385204,
    "1e-06": 0.002663743753245209,
    "0.0001": 0.007844896288368063,
    "0.01": 0.004429466980485091,
    "1.0": 0.0028356946287871184
  },
  "val_metrics": {
    "nmse": 0.0001239778444385204,
    "rmse": 0.0025092581040865583
  },
  "test_metrics": {
    "nmse": 7.324160513823741e-07,
    "rmse": 0.00017484221650763387
  },
  "timing": {
    "train_states_s": 0.019163099997967947,
    "ridge_select_s": 0.012504599999374477,
    "total_s": 0.057038399998418754
  },
  "timestamp": "2026-04-16T18:23:36.822340+00:00"
}