{
  "sweep_name": "region_selection_multitask_v1_mackey_glass",
  "config_id": "16407e9d8131",
  "seed": 789,
  "config_point": {
    "spectral_radius": 1.1,
    "input_scaling": 0.4,
    "leak_rate": 1.0
  },
  "best_ridge": 1e-10,
  "val_curve": {
    "1e-10": 6.935718817921681e-13,
    "1e-08": 2.9795989058898104e-11,
    "1e-06": 1.409932561646445e-09,
    "0.0001": 4.813493279558295e-08,
    "0.01": 2.9115838546866234e-06,
    "1.0": 0.00013358266032643322
  },
  "val_metrics": {
    "nmse": 6.935718817921681e-13,
    "rmse": 1.8768044905550073e-07
  },
  "test_metrics": {
    "nmse": 6.146595761967123e-13,
    "rmse": 1.6017130085591842e-07
  },
  "timing": {
    "train_states_s": 0.019242599999415688,
    "ridge_select_s": 0.012672700002440251,
    "total_s": 0.05467000000135158
  },
  "timestamp": "2026-04-16T18:23:36.888063+00:00"
}