{
  "sweep_name": "region_selection_multitask_v1_mackey_glass",
  "config_id": "16407e9d8131",
  "seed": 1024,
  "config_point": {
    "spectral_radius": 1.1,
    "input_scaling": 0.4,
    "leak_rate": 1.0
  },
  "best_ridge": 1e-10,
  "val_curve": {
    "1e-10": 7.426767239827341e-05,
    "1e-08": 0.00021410411395703536,
    "1e-06": 0.0005535148664681898,
    "0.0001": 0.00037077729628631566,
    "0.01": 0.0004947097437267907,
    "1.0": 0.0023265261644514626
  },
  "val_metrics": {
    "nmse": 7.426767239827341e-05,
    "rmse": 0.0019421072137365094
  },
  "test_metrics": {
    "nmse": 8.054609358957873e-09,
    "rmse": 1.8335367450976344e-05
  },
  "timing": {
    "train_states_s": 0.018895799999882,
    "ridge_select_s": 0.012194500002806308,
    "total_s": 0.05326050000076066
  },
  "timestamp": "2026-04-16T18:23:36.953036+00:00"
}