{
  "sweep_name": "region_selection_multitask_v1_mackey_glass",
  "config_id": "1a7e4f42f613",
  "seed": 123,
  "config_point": {
    "spectral_radius": 0.9,
    "input_scaling": 0.05,
    "leak_rate": 0.5
  },
  "best_ridge": 1e-10,
  "val_curve": {
    "1e-10": 5.5752633157727306e-11,
    "1e-08": 1.8561512012047956e-09,
    "1e-06": 7.006231076468232e-08,
    "0.0001": 2.1505797489423873e-06,
    "0.01": 0.00012746167933452748,
    "1.0": 0.00624598305455767
  },
  "val_metrics": {
    "nmse": 5.5752633157727306e-11,
    "rmse": 1.6826972566776676e-06
  },
  "test_metrics": {
    "nmse": 4.973795029913466e-11,
    "rmse": 1.4408252763986817e-06
  },
  "timing": {
    "train_states_s": 0.017839900003309594,
    "ridge_select_s": 0.011629000000539236,
    "total_s": 0.05235449999963748
  },
  "timestamp": "2026-04-16T18:23:00.312182+00:00"
}