{
  "sweep_name": "region_selection_multitask_v1_mackey_glass",
  "config_id": "1aa27eda48ff",
  "seed": 456,
  "config_point": {
    "spectral_radius": 0.7,
    "input_scaling": 0.15,
    "leak_rate": 0.8
  },
  "best_ridge": 1e-10,
  "val_curve": {
    "1e-10": 7.102228259600452e-12,
    "1e-08": 1.5542328354347476e-10,
    "1e-06": 7.779008796689368e-09,
    "0.0001": 5.4301326903842e-07,
    "0.01": 1.2112919024777522e-05,
    "1.0": 0.0013376090257485975
  },
  "val_metrics": {
    "nmse": 7.102228259600452e-12,
    "rmse": 6.005796436328418e-07
  },
  "test_metrics": {
    "nmse": 6.375531406516229e-12,
    "rmse": 5.158525377739797e-07
  },
  "timing": {
    "train_states_s": 0.017721799998980714,
    "ridge_select_s": 0.01173689999995986,
    "total_s": 0.05269380000027013
  },
  "timestamp": "2026-04-16T18:22:41.113941+00:00"
}