{
  "sweep_name": "region_selection_multitask_v1_mackey_glass",
  "config_id": "1aa27eda48ff",
  "seed": 1024,
  "config_point": {
    "spectral_radius": 0.7,
    "input_scaling": 0.15,
    "leak_rate": 0.8
  },
  "best_ridge": 1e-10,
  "val_curve": {
    "1e-10": 9.742998390796191e-12,
    "1e-08": 2.4363706568697495e-10,
    "1e-06": 1.0298183195164224e-08,
    "0.0001": 9.025058854728896e-07,
    "0.01": 3.359116959956413e-05,
    "1.0": 0.0013017389241590236
  },
  "val_metrics": {
    "nmse": 9.742998390796191e-12,
    "rmse": 7.034279333378705e-07
  },
  "test_metrics": {
    "nmse": 9.013545831459475e-12,
    "rmse": 6.133596640351391e-07
  },
  "timing": {
    "train_states_s": 0.017900499999086605,
    "ridge_select_s": 0.01169550000122399,
    "total_s": 0.05093470000065281
  },
  "timestamp": "2026-04-16T18:22:41.239720+00:00"
}