{
  "sweep_name": "region_selection_multitask_v1_mackey_glass",
  "config_id": "1aa27eda48ff",
  "seed": 42,
  "config_point": {
    "spectral_radius": 0.7,
    "input_scaling": 0.15,
    "leak_rate": 0.8
  },
  "best_ridge": 1e-10,
  "val_curve": {
    "1e-10": 6.786330348398954e-12,
    "1e-08": 2.627819223189665e-10,
    "1e-06": 1.5016649433147148e-08,
    "0.0001": 5.246518317309696e-07,
    "0.01": 2.2224288655356737e-05,
    "1.0": 0.0014332092387977357
  },
  "val_metrics": {
    "nmse": 6.786330348398954e-12,
    "rmse": 5.870712236752643e-07
  },
  "test_metrics": {
    "nmse": 5.920812311611688e-12,
    "rmse": 4.971163232642061e-07
  },
  "timing": {
    "train_states_s": 0.017843199999333592,
    "ridge_select_s": 0.011742300001060357,
    "total_s": 0.05773080000290065
  },
  "timestamp": "2026-04-16T18:22:40.985387+00:00"
}