{
  "sweep_name": "region_selection_multitask_v1_mackey_glass",
  "config_id": "1aa88b85cacc",
  "seed": 456,
  "config_point": {
    "spectral_radius": 0.6,
    "input_scaling": 0.1,
    "leak_rate": 1.0
  },
  "best_ridge": 1e-10,
  "val_curve": {
    "1e-10": 5.666651523923754e-12,
    "1e-08": 6.236583419059146e-10,
    "1e-06": 2.1469549286292194e-08,
    "0.0001": 3.788338951601595e-07,
    "0.01": 8.044420393280665e-05,
    "1.0": 0.0007199934738932464
  },
  "val_metrics": {
    "nmse": 5.666651523923754e-12,
    "rmse": 5.36459015107052e-07
  },
  "test_metrics": {
    "nmse": 5.642339669080751e-12,
    "rmse": 4.852851370458185e-07
  },
  "timing": {
    "train_states_s": 0.017648499997449107,
    "ridge_select_s": 0.012555799999972805,
    "total_s": 0.05549059999975725
  },
  "timestamp": "2026-04-16T18:22:27.704233+00:00"
}