{
  "sweep_name": "region_selection_multitask_v1_mackey_glass",
  "config_id": "1aa88b85cacc",
  "seed": 123,
  "config_point": {
    "spectral_radius": 0.6,
    "input_scaling": 0.1,
    "leak_rate": 1.0
  },
  "best_ridge": 1e-10,
  "val_curve": {
    "1e-10": 1.0458654414484083e-11,
    "1e-08": 7.913149824464791e-10,
    "1e-06": 3.877099456947562e-08,
    "0.0001": 4.063962025048374e-07,
    "0.01": 0.00011998083450137271,
    "1.0": 0.0005135694505652362
  },
  "val_metrics": {
    "nmse": 1.0458654414484083e-11,
    "rmse": 7.288047614104425e-07
  },
  "test_metrics": {
    "nmse": 1.1091231877155628e-11,
    "rmse": 6.803889772529875e-07
  },
  "timing": {
    "train_states_s": 0.01850890000059735,
    "ridge_select_s": 0.01193050000074436,
    "total_s": 0.053827100000489736
  },
  "timestamp": "2026-04-16T18:22:27.631156+00:00"
}