{
  "sweep_name": "region_selection_multitask_v1_mackey_glass",
  "config_id": "1aa88b85cacc",
  "seed": 1024,
  "config_point": {
    "spectral_radius": 0.6,
    "input_scaling": 0.1,
    "leak_rate": 1.0
  },
  "best_ridge": 1e-10,
  "val_curve": {
    "1e-10": 8.453827769807874e-12,
    "1e-08": 4.878704373565762e-10,
    "1e-06": 5.715233537052614e-08,
    "0.0001": 4.814944189103704e-07,
    "0.01": 0.00014152468324723475,
    "1.0": 0.0005227163181291137
  },
  "val_metrics": {
    "nmse": 8.453827769807874e-12,
    "rmse": 6.552393830347304e-07
  },
  "test_metrics": {
    "nmse": 9.972895578249055e-12,
    "rmse": 6.451757161691483e-07
  },
  "timing": {
    "train_states_s": 0.01888859999962733,
    "ridge_select_s": 0.011771800000133226,
    "total_s": 0.05278150000231108
  },
  "timestamp": "2026-04-16T18:22:27.833592+00:00"
}