{
  "sweep_name": "region_selection_multitask_v1_mackey_glass",
  "config_id": "1aa88b85cacc",
  "seed": 42,
  "config_point": {
    "spectral_radius": 0.6,
    "input_scaling": 0.1,
    "leak_rate": 1.0
  },
  "best_ridge": 1e-10,
  "val_curve": {
    "1e-10": 7.247676336591508e-12,
    "1e-08": 1.2950367277839275e-09,
    "1e-06": 2.6366399977740276e-08,
    "0.0001": 4.3827984697203807e-07,
    "0.01": 0.00015993694670309204,
    "1.0": 0.0005680482706291829
  },
  "val_metrics": {
    "nmse": 7.247676336591508e-12,
    "rmse": 6.066981772600944e-07
  },
  "test_metrics": {
    "nmse": 7.426313582751325e-12,
    "rmse": 5.567420427283853e-07
  },
  "timing": {
    "train_states_s": 0.017680500001006294,
    "ridge_select_s": 0.011668399998598034,
    "total_s": 0.090291000000434
  },
  "timestamp": "2026-04-16T18:22:27.566204+00:00"
}