{
  "sweep_name": "region_selection_multitask_v1_mackey_glass",
  "config_id": "1af9a7301069",
  "seed": 42,
  "config_point": {
    "spectral_radius": 0.7,
    "input_scaling": 0.4,
    "leak_rate": 0.5
  },
  "best_ridge": 1e-10,
  "val_curve": {
    "1e-10": 1.0051443313886929e-11,
    "1e-08": 2.4081341226112406e-10,
    "1e-06": 8.856482413619517e-09,
    "0.0001": 3.2381345852249686e-07,
    "0.01": 1.070563317923338e-05,
    "1.0": 0.0005849875955274893
  },
  "val_metrics": {
    "nmse": 1.0051443313886929e-11,
    "rmse": 7.144757759186351e-07
  },
  "test_metrics": {
    "nmse": 8.236585047657173e-12,
    "rmse": 5.86328453513257e-07
  },
  "timing": {
    "train_states_s": 0.018449799998052185,
    "ridge_select_s": 0.012031199999910314,
    "total_s": 0.06755640000119456
  },
  "timestamp": "2026-04-16T18:22:45.980891+00:00"
}