{
  "sweep_name": "region_selection_multitask_v1_mackey_glass",
  "config_id": "1af9a7301069",
  "seed": 1024,
  "config_point": {
    "spectral_radius": 0.7,
    "input_scaling": 0.4,
    "leak_rate": 0.5
  },
  "best_ridge": 1e-10,
  "val_curve": {
    "1e-10": 1.2853763623759056e-11,
    "1e-08": 2.9697538992637713e-10,
    "1e-06": 7.692477744990023e-09,
    "0.0001": 3.2430277775437493e-07,
    "0.01": 1.077428499481583e-05,
    "1.0": 0.0006394080645874237
  },
  "val_metrics": {
    "nmse": 1.2853763623759056e-11,
    "rmse": 8.079573748471416e-07
  },
  "test_metrics": {
    "nmse": 1.1372491078533684e-11,
    "rmse": 6.889618575899992e-07
  },
  "timing": {
    "train_states_s": 0.018790400001307717,
    "ridge_select_s": 0.011737299999367679,
    "total_s": 0.05255839999881573
  },
  "timestamp": "2026-04-16T18:22:46.237125+00:00"
}