{
  "sweep_name": "region_selection_multitask_v1_mackey_glass",
  "config_id": "1b0a13327b42",
  "seed": 789,
  "config_point": {
    "spectral_radius": 0.9,
    "input_scaling": 0.15,
    "leak_rate": 0.6
  },
  "best_ridge": 1e-10,
  "val_curve": {
    "1e-10": 6.6257692217968856e-12,
    "1e-08": 1.6808281364991624e-10,
    "1e-06": 8.738386896679778e-09,
    "0.0001": 4.822907720798426e-07,
    "0.01": 1.4704046328389032e-05,
    "1.0": 0.0008159110679810133
  },
  "val_metrics": {
    "nmse": 6.6257692217968856e-12,
    "rmse": 5.800847488283689e-07
  },
  "test_metrics": {
    "nmse": 5.30604311006237e-12,
    "rmse": 4.706009112422345e-07
  },
  "timing": {
    "train_states_s": 0.018587399998068577,
    "ridge_select_s": 0.012562200001411838,
    "total_s": 0.0541787000001932
  },
  "timestamp": "2026-04-16T18:23:04.873804+00:00"
}