{
  "sweep_name": "region_selection_multitask_v1_mackey_glass",
  "config_id": "1b0a13327b42",
  "seed": 1024,
  "config_point": {
    "spectral_radius": 0.9,
    "input_scaling": 0.15,
    "leak_rate": 0.6
  },
  "best_ridge": 1e-10,
  "val_curve": {
    "1e-10": 5.650825351004669e-12,
    "1e-08": 2.2299192944282521e-10,
    "1e-06": 1.1023149186984364e-08,
    "0.0001": 5.690019796514199e-07,
    "0.01": 2.3130675585911524e-05,
    "1.0": 0.001785805114842545
  },
  "val_metrics": {
    "nmse": 5.650825351004669e-12,
    "rmse": 5.357093634558788e-07
  },
  "test_metrics": {
    "nmse": 5.15257465478404e-12,
    "rmse": 4.6374530216256284e-07
  },
  "timing": {
    "train_states_s": 0.01767950000066776,
    "ridge_select_s": 0.013131600000633625,
    "total_s": 0.053057699999044416
  },
  "timestamp": "2026-04-16T18:23:04.937835+00:00"
}