{
  "sweep_name": "region_selection_multitask_v1_mackey_glass",
  "config_id": "1b0a13327b42",
  "seed": 42,
  "config_point": {
    "spectral_radius": 0.9,
    "input_scaling": 0.15,
    "leak_rate": 0.6
  },
  "best_ridge": 1e-10,
  "val_curve": {
    "1e-10": 9.141698592058767e-12,
    "1e-08": 3.007722840694972e-10,
    "1e-06": 1.4446953364282846e-08,
    "0.0001": 4.74868319192927e-07,
    "0.01": 3.747595998020713e-05,
    "1.0": 0.000733090670800351
  },
  "val_metrics": {
    "nmse": 9.141698592058767e-12,
    "rmse": 6.813758612590872e-07
  },
  "test_metrics": {
    "nmse": 8.785692017034186e-12,
    "rmse": 6.055574676826058e-07
  },
  "timing": {
    "train_states_s": 0.01773970000067493,
    "ridge_select_s": 0.012470400000893278,
    "total_s": 0.05699520000052871
  },
  "timestamp": "2026-04-16T18:23:04.679536+00:00"
}