{
  "sweep_name": "region_selection_multitask_v1_mackey_glass",
  "config_id": "1b1ae801a319",
  "seed": 789,
  "config_point": {
    "spectral_radius": 0.8,
    "input_scaling": 0.4,
    "leak_rate": 0.6
  },
  "best_ridge": 1e-10,
  "val_curve": {
    "1e-10": 2.701157633158657e-12,
    "1e-08": 8.82598315611432e-11,
    "1e-06": 4.1724983362718145e-09,
    "0.0001": 1.5205388239330383e-07,
    "0.01": 9.7242968436783e-06,
    "1.0": 0.00031460320433971534
  },
  "val_metrics": {
    "nmse": 2.701157633158657e-12,
    "rmse": 3.7038062443618475e-07
  },
  "test_metrics": {
    "nmse": 2.331475958368976e-12,
    "rmse": 3.1194846103716104e-07
  },
  "timing": {
    "train_states_s": 0.018860799998947186,
    "ridge_select_s": 0.011880999998538755,
    "total_s": 0.05342920000111917
  },
  "timestamp": "2026-04-16T18:22:58.700938+00:00"
}