{
  "sweep_name": "region_selection_multitask_v1_mackey_glass",
  "config_id": "1b1ae801a319",
  "seed": 456,
  "config_point": {
    "spectral_radius": 0.8,
    "input_scaling": 0.4,
    "leak_rate": 0.6
  },
  "best_ridge": 1e-10,
  "val_curve": {
    "1e-10": 2.454994114181487e-12,
    "1e-08": 9.248316099681156e-11,
    "1e-06": 3.491045515061804e-09,
    "0.0001": 1.558712528521431e-07,
    "0.01": 5.677940549049311e-06,
    "1.0": 0.0003191806444498244
  },
  "val_metrics": {
    "nmse": 2.454994114181487e-12,
    "rmse": 3.5310065445058055e-07
  },
  "test_metrics": {
    "nmse": 2.424193410689907e-12,
    "rmse": 3.18090727871501e-07
  },
  "timing": {
    "train_states_s": 0.017652099999395432,
    "ridge_select_s": 0.011854399999720044,
    "total_s": 0.05304280000200379
  },
  "timestamp": "2026-04-16T18:22:58.636313+00:00"
}