{
  "sweep_name": "region_selection_multitask_v1_mackey_glass",
  "config_id": "1b1ae801a319",
  "seed": 123,
  "config_point": {
    "spectral_radius": 0.8,
    "input_scaling": 0.4,
    "leak_rate": 0.6
  },
  "best_ridge": 1e-10,
  "val_curve": {
    "1e-10": 3.6281852594868943e-12,
    "1e-08": 1.4045681081601857e-10,
    "1e-06": 6.476639629971913e-09,
    "0.0001": 2.5415120532818404e-07,
    "0.01": 6.937013019221679e-06,
    "1.0": 0.0003742228443541392
  },
  "val_metrics": {
    "nmse": 3.6281852594868943e-12,
    "rmse": 4.2925762873926054e-07
  },
  "test_metrics": {
    "nmse": 3.5115356586039976e-12,
    "rmse": 3.828387752055845e-07
  },
  "timing": {
    "train_states_s": 0.01855960000102641,
    "ridge_select_s": 0.011575300002732547,
    "total_s": 0.053263699999661185
  },
  "timestamp": "2026-04-16T18:22:58.572437+00:00"
}