{
  "sweep_name": "region_selection_multitask_v1_mackey_glass",
  "config_id": "1b1ae801a319",
  "seed": 42,
  "config_point": {
    "spectral_radius": 0.8,
    "input_scaling": 0.4,
    "leak_rate": 0.6
  },
  "best_ridge": 1e-10,
  "val_curve": {
    "1e-10": 3.427775755399865e-12,
    "1e-08": 1.3443829572770783e-10,
    "1e-06": 6.296010090859786e-09,
    "0.0001": 2.6681252623388946e-07,
    "0.01": 9.833021087972198e-06,
    "1.0": 0.0005959651761836256
  },
  "val_metrics": {
    "nmse": 3.427775755399865e-12,
    "rmse": 4.1723381245837055e-07
  },
  "test_metrics": {
    "nmse": 3.0744055795869236e-12,
    "rmse": 3.582184550601681e-07
  },
  "timing": {
    "train_states_s": 0.018116300001565833,
    "ridge_select_s": 0.012804199999663979,
    "total_s": 0.061666899997362634
  },
  "timestamp": "2026-04-16T18:22:58.507888+00:00"
}