{
  "sweep_name": "region_selection_multitask_v1_mackey_glass",
  "config_id": "20d37f6f5acf",
  "seed": 1024,
  "config_point": {
    "spectral_radius": 0.9,
    "input_scaling": 0.2,
    "leak_rate": 0.7
  },
  "best_ridge": 1e-10,
  "val_curve": {
    "1e-10": 2.8926322369326406e-12,
    "1e-08": 9.907375660632296e-11,
    "1e-06": 5.332130567440536e-09,
    "0.0001": 3.522075873569435e-07,
    "0.01": 1.4416516686831634e-05,
    "1.0": 0.0009299742345547818
  },
  "val_metrics": {
    "nmse": 2.8926322369326406e-12,
    "rmse": 3.8328330773145076e-07
  },
  "test_metrics": {
    "nmse": 2.5792946591874093e-12,
    "rmse": 3.281087831112736e-07
  },
  "timing": {
    "train_states_s": 0.018595300000015413,
    "ridge_select_s": 0.012234600002557272,
    "total_s": 0.05322650000016438
  },
  "timestamp": "2026-04-16T18:23:07.328345+00:00"
}