{
  "sweep_name": "region_selection_multitask_v1_mackey_glass",
  "config_id": "20d37f6f5acf",
  "seed": 42,
  "config_point": {
    "spectral_radius": 0.9,
    "input_scaling": 0.2,
    "leak_rate": 0.7
  },
  "best_ridge": 1e-10,
  "val_curve": {
    "1e-10": 4.842898745409129e-12,
    "1e-08": 1.114657403997702e-10,
    "1e-06": 8.713817003352603e-09,
    "0.0001": 2.530042674198932e-07,
    "0.01": 2.1356967395616196e-05,
    "1.0": 0.00062649295301994
  },
  "val_metrics": {
    "nmse": 4.842898745409129e-12,
    "rmse": 4.959364048073286e-07
  },
  "test_metrics": {
    "nmse": 5.1043269659446016e-12,
    "rmse": 4.615689859384026e-07
  },
  "timing": {
    "train_states_s": 0.018577399998321198,
    "ridge_select_s": 0.012045399998896755,
    "total_s": 0.07264740000027814
  },
  "timestamp": "2026-04-16T18:23:07.062773+00:00"
}