{
  "sweep_name": "region_selection_multitask_v1_mackey_glass",
  "config_id": "20d37f6f5acf",
  "seed": 123,
  "config_point": {
    "spectral_radius": 0.9,
    "input_scaling": 0.2,
    "leak_rate": 0.7
  },
  "best_ridge": 1e-10,
  "val_curve": {
    "1e-10": 3.208819512235397e-12,
    "1e-08": 1.1440374911316427e-10,
    "1e-06": 7.133246461362246e-09,
    "0.0001": 2.3544657385767215e-07,
    "0.01": 9.537866143707008e-06,
    "1.0": 0.0005121538863092175
  },
  "val_metrics": {
    "nmse": 3.208819512235397e-12,
    "rmse": 4.036880929588314e-07
  },
  "test_metrics": {
    "nmse": 3.3324408849844177e-12,
    "rmse": 3.7294827585210297e-07
  },
  "timing": {
    "train_states_s": 0.017728099999658298,
    "ridge_select_s": 0.013642800000525312,
    "total_s": 0.05311930000243592
  },
  "timestamp": "2026-04-16T18:23:07.126848+00:00"
}