{
  "sweep_name": "region_selection_multitask_v1_mackey_glass",
  "config_id": "228f44594510",
  "seed": 456,
  "config_point": {
    "spectral_radius": 1.1,
    "input_scaling": 0.2,
    "leak_rate": 0.5
  },
  "best_ridge": 1e-10,
  "val_curve": {
    "1e-10": 3.314617834140266e-08,
    "1e-08": 1.3502456639536308e-07,
    "1e-06": 7.433294554297362e-07,
    "0.0001": 3.508033045061487e-05,
    "0.01": 0.000932208319683692,
    "1.0": 0.0010377983521370206
  },
  "val_metrics": {
    "nmse": 3.314617834140266e-08,
    "rmse": 4.102891442756003e-05
  },
  "test_metrics": {
    "nmse": 3.9056825106068725e-09,
    "rmse": 1.2767793358447744e-05
  },
  "timing": {
    "train_states_s": 0.01866640000298503,
    "ridge_select_s": 0.012292200000956655,
    "total_s": 0.0560899000010977
  },
  "timestamp": "2026-04-16T18:23:31.090946+00:00"
}