{
  "sweep_name": "region_selection_multitask_v1_mackey_glass",
  "config_id": "228f44594510",
  "seed": 789,
  "config_point": {
    "spectral_radius": 1.1,
    "input_scaling": 0.2,
    "leak_rate": 0.5
  },
  "best_ridge": 1e-10,
  "val_curve": {
    "1e-10": 1.4255548494710571e-11,
    "1e-08": 2.3877720729945047e-10,
    "1e-06": 8.322637551564366e-09,
    "0.0001": 2.9977299749944526e-07,
    "0.01": 6.9803413732178805e-06,
    "1.0": 0.0005525569072169843
  },
  "val_metrics": {
    "nmse": 1.4255548494710571e-11,
    "rmse": 8.508740148715925e-07
  },
  "test_metrics": {
    "nmse": 6.223498876703161e-12,
    "rmse": 5.096648520656757e-07
  },
  "timing": {
    "train_states_s": 0.01909209999939776,
    "ridge_select_s": 0.011890199999470497,
    "total_s": 0.05353980000290903
  },
  "timestamp": "2026-04-16T18:23:31.155351+00:00"
}