{
  "sweep_name": "region_selection_multitask_v1_mackey_glass",
  "config_id": "228f44594510",
  "seed": 123,
  "config_point": {
    "spectral_radius": 1.1,
    "input_scaling": 0.2,
    "leak_rate": 0.5
  },
  "best_ridge": 1e-10,
  "val_curve": {
    "1e-10": 6.591871100949566e-12,
    "1e-08": 2.379999924534161e-10,
    "1e-06": 6.344119299878598e-09,
    "0.0001": 2.836029175484189e-07,
    "0.01": 1.867422094623404e-05,
    "1.0": 0.0003144492393872086
  },
  "val_metrics": {
    "nmse": 6.591871100949566e-12,
    "rmse": 5.785989592326217e-07
  },
  "test_metrics": {
    "nmse": 6.3760884401413146e-12,
    "rmse": 5.158750724393008e-07
  },
  "timing": {
    "train_states_s": 0.01862249999976484,
    "ridge_select_s": 0.012326000000030035,
    "total_s": 0.05416689999765367
  },
  "timestamp": "2026-04-16T18:23:31.024008+00:00"
}