{
  "sweep_name": "region_selection_multitask_v1_mackey_glass",
  "config_id": "228f44594510",
  "seed": 42,
  "config_point": {
    "spectral_radius": 1.1,
    "input_scaling": 0.2,
    "leak_rate": 0.5
  },
  "best_ridge": 1e-10,
  "val_curve": {
    "1e-10": 3.737500724719944e-11,
    "1e-08": 5.876926555212628e-10,
    "1e-06": 1.2079989077788557e-08,
    "0.0001": 4.971280144208676e-07,
    "0.01": 3.654051100719679e-05,
    "1.0": 0.0008743266052514877
  },
  "val_metrics": {
    "nmse": 3.737500724719944e-11,
    "rmse": 1.3777294365996043e-06
  },
  "test_metrics": {
    "nmse": 1.6669722442829435e-11,
    "rmse": 8.341258128064426e-07
  },
  "timing": {
    "train_states_s": 0.018800099998770747,
    "ridge_select_s": 0.012596900000062305,
    "total_s": 0.05684079999991809
  },
  "timestamp": "2026-04-16T18:23:30.958951+00:00"
}