{
  "sweep_name": "region_selection_multitask_v1_mackey_glass",
  "config_id": "228f44594510",
  "seed": 1024,
  "config_point": {
    "spectral_radius": 1.1,
    "input_scaling": 0.2,
    "leak_rate": 0.5
  },
  "best_ridge": 1e-10,
  "val_curve": {
    "1e-10": 5.1797310678954475e-12,
    "1e-08": 1.5659833040504942e-10,
    "1e-06": 5.903775733177487e-09,
    "0.0001": 6.871717382350858e-07,
    "0.01": 2.260279515905324e-05,
    "1.0": 0.0006944653024356911
  },
  "val_metrics": {
    "nmse": 5.1797310678954475e-12,
    "rmse": 5.128931522479047e-07
  },
  "test_metrics": {
    "nmse": 4.611688072816406e-12,
    "rmse": 4.387300069569461e-07
  },
  "timing": {
    "train_states_s": 0.01878730000316864,
    "ridge_select_s": 0.012212999998155283,
    "total_s": 0.05336560000068857
  },
  "timestamp": "2026-04-16T18:23:31.219677+00:00"
}