{
  "sweep_name": "region_selection_multitask_v1_mackey_glass",
  "config_id": "243378fb693a",
  "seed": 456,
  "config_point": {
    "spectral_radius": 0.7,
    "input_scaling": 0.05,
    "leak_rate": 1.0
  },
  "best_ridge": 1e-10,
  "val_curve": {
    "1e-10": 9.323050301541776e-12,
    "1e-08": 1.2704522224633954e-09,
    "1e-06": 4.045359572897582e-08,
    "0.0001": 6.985490591380613e-07,
    "0.01": 0.0002220863803434829,
    "1.0": 0.0008740996492835428
  },
  "val_metrics": {
    "nmse": 9.323050301541776e-12,
    "rmse": 6.88101189483873e-07
  },
  "test_metrics": {
    "nmse": 9.148126221056877e-12,
    "rmse": 6.179217054796885e-07
  },
  "timing": {
    "train_states_s": 0.018087399999785703,
    "ridge_select_s": 0.012069600001268554,
    "total_s": 0.05490290000307141
  },
  "timestamp": "2026-04-16T18:22:37.798068+00:00"
}