{
  "sweep_name": "region_selection_multitask_v1_mackey_glass",
  "config_id": "243378fb693a",
  "seed": 42,
  "config_point": {
    "spectral_radius": 0.7,
    "input_scaling": 0.05,
    "leak_rate": 1.0
  },
  "best_ridge": 1e-10,
  "val_curve": {
    "1e-10": 2.2763869536040413e-11,
    "1e-08": 2.260005528212427e-09,
    "1e-06": 2.9011878231289737e-08,
    "0.0001": 1.9646690141919233e-06,
    "0.01": 0.00027807108253690707,
    "1.0": 0.0008536996289195272
  },
  "val_metrics": {
    "nmse": 2.2763869536040413e-11,
    "rmse": 1.0752175361297218e-06
  },
  "test_metrics": {
    "nmse": 2.2348019599319495e-11,
    "rmse": 9.657993270935234e-07
  },
  "timing": {
    "train_states_s": 0.018534499999077525,
    "ridge_select_s": 0.011621699999523116,
    "total_s": 0.09561519999988377
  },
  "timestamp": "2026-04-16T18:22:37.667977+00:00"
}