{
  "sweep_name": "region_selection_multitask_v1_mackey_glass",
  "config_id": "243378fb693a",
  "seed": 789,
  "config_point": {
    "spectral_radius": 0.7,
    "input_scaling": 0.05,
    "leak_rate": 1.0
  },
  "best_ridge": 1e-10,
  "val_curve": {
    "1e-10": 1.4342572347131733e-11,
    "1e-08": 1.5204253016232448e-09,
    "1e-06": 4.5727710707406406e-08,
    "0.0001": 1.5492545692376827e-06,
    "0.01": 0.00015717536322326785,
    "1.0": 0.0007486711225500708
  },
  "val_metrics": {
    "nmse": 1.4342572347131733e-11,
    "rmse": 8.534671691533945e-07
  },
  "test_metrics": {
    "nmse": 1.5452452523374343e-11,
    "rmse": 8.030934533726735e-07
  },
  "timing": {
    "train_states_s": 0.018807399999786867,
    "ridge_select_s": 0.011736200001905672,
    "total_s": 0.05379909999828669
  },
  "timestamp": "2026-04-16T18:22:37.862737+00:00"
}