{
  "sweep_name": "region_selection_multitask_v1_mackey_glass",
  "config_id": "243378fb693a",
  "seed": 123,
  "config_point": {
    "spectral_radius": 0.7,
    "input_scaling": 0.05,
    "leak_rate": 1.0
  },
  "best_ridge": 1e-10,
  "val_curve": {
    "1e-10": 1.782754690925455e-11,
    "1e-08": 1.8878614365288428e-09,
    "1e-06": 5.1501271619068425e-08,
    "0.0001": 1.1898171616009452e-06,
    "0.01": 0.0002714807799475709,
    "1.0": 0.0007615031204373169
  },
  "val_metrics": {
    "nmse": 1.782754690925455e-11,
    "rmse": 9.515225582959801e-07
  },
  "test_metrics": {
    "nmse": 1.9580966135573355e-11,
    "rmse": 9.040333143195294e-07
  },
  "timing": {
    "train_states_s": 0.01857729999755975,
    "ridge_select_s": 0.011669600000459468,
    "total_s": 0.05301739999777055
  },
  "timestamp": "2026-04-16T18:22:37.731905+00:00"
}