{
  "sweep_name": "region_selection_multitask_v1_mackey_glass",
  "config_id": "25bd86eebe2f",
  "seed": 456,
  "config_point": {
    "spectral_radius": 0.6,
    "input_scaling": 0.1,
    "leak_rate": 0.7
  },
  "best_ridge": 1e-10,
  "val_curve": {
    "1e-10": 3.2243459593797635e-11,
    "1e-08": 9.580021890769903e-10,
    "1e-06": 1.7509163604085843e-08,
    "0.0001": 1.109932111892586e-06,
    "0.01": 7.440808008256433e-05,
    "1.0": 0.001193987879785352
  },
  "val_metrics": {
    "nmse": 3.2243459593797635e-11,
    "rmse": 1.2796585764507275e-06
  },
  "test_metrics": {
    "nmse": 2.989950988762039e-11,
    "rmse": 1.1171189306470609e-06
  },
  "timing": {
    "train_states_s": 0.018735400000878144,
    "ridge_select_s": 0.012751999998727115,
    "total_s": 0.05787870000131079
  },
  "timestamp": "2026-04-16T18:22:26.672842+00:00"
}