{
  "sweep_name": "region_selection_multitask_v1_mackey_glass",
  "config_id": "25bd86eebe2f",
  "seed": 789,
  "config_point": {
    "spectral_radius": 0.6,
    "input_scaling": 0.1,
    "leak_rate": 0.7
  },
  "best_ridge": 1e-10,
  "val_curve": {
    "1e-10": 3.431176445088019e-11,
    "1e-08": 1.0557019175076474e-09,
    "1e-06": 2.207212235238689e-08,
    "0.0001": 1.3747449980351344e-06,
    "0.01": 5.5818669239161335e-05,
    "1.0": 0.000777297226515287
  },
  "val_metrics": {
    "nmse": 3.431176445088019e-11,
    "rmse": 1.3200634935927046e-06
  },
  "test_metrics": {
    "nmse": 3.2607120597466064e-11,
    "rmse": 1.166604377047431e-06
  },
  "timing": {
    "train_states_s": 0.01833980000083102,
    "ridge_select_s": 0.012875899999926332,
    "total_s": 0.05404429999907734
  },
  "timestamp": "2026-04-16T18:22:26.738355+00:00"
}