{
  "sweep_name": "region_selection_multitask_v1_mackey_glass",
  "config_id": "25bd86eebe2f",
  "seed": 42,
  "config_point": {
    "spectral_radius": 0.6,
    "input_scaling": 0.1,
    "leak_rate": 0.7
  },
  "best_ridge": 1e-10,
  "val_curve": {
    "1e-10": 3.46427118934844e-11,
    "1e-08": 1.6542909954262975e-09,
    "1e-06": 2.480926083815089e-08,
    "0.0001": 1.2678767015572427e-06,
    "0.01": 0.0001519842916185636,
    "1.0": 0.0010482382286253569
  },
  "val_metrics": {
    "nmse": 3.46427118934844e-11,
    "rmse": 1.3264144238659294e-06
  },
  "test_metrics": {
    "nmse": 3.2719119849645074e-11,
    "rmse": 1.1686061915385506e-06
  },
  "timing": {
    "train_states_s": 0.01856970000153524,
    "ridge_select_s": 0.012045899999066023,
    "total_s": 0.056585499998618616
  },
  "timestamp": "2026-04-16T18:22:26.540177+00:00"
}