{
  "sweep_name": "region_selection_multitask_v1_mackey_glass",
  "config_id": "25bd86eebe2f",
  "seed": 1024,
  "config_point": {
    "spectral_radius": 0.6,
    "input_scaling": 0.1,
    "leak_rate": 0.7
  },
  "best_ridge": 1e-10,
  "val_curve": {
    "1e-10": 2.7969728937990276e-11,
    "1e-08": 1.3705846360865703e-09,
    "1e-06": 4.123588661492475e-08,
    "0.0001": 1.1915501883212191e-06,
    "0.01": 0.00014282236177109257,
    "1.0": 0.0009732292733328797
  },
  "val_metrics": {
    "nmse": 2.7969728937990276e-11,
    "rmse": 1.191838536499104e-06
  },
  "test_metrics": {
    "nmse": 2.720231441312564e-11,
    "rmse": 1.065541342270954e-06
  },
  "timing": {
    "train_states_s": 0.018800899997586384,
    "ridge_select_s": 0.012872300001617987,
    "total_s": 0.05443319999903906
  },
  "timestamp": "2026-04-16T18:22:26.804279+00:00"
}