{
  "sweep_name": "region_selection_multitask_v1_mackey_glass",
  "config_id": "25de579150b8",
  "seed": 789,
  "config_point": {
    "spectral_radius": 0.7,
    "input_scaling": 0.1,
    "leak_rate": 1.0
  },
  "best_ridge": 1e-10,
  "val_curve": {
    "1e-10": 9.654637501277432e-12,
    "1e-08": 4.154241673566193e-10,
    "1e-06": 1.0874876169232762e-08,
    "0.0001": 7.676760216777433e-07,
    "0.01": 2.8944024226046255e-05,
    "1.0": 0.0006972141552849941
  },
  "val_metrics": {
    "nmse": 9.654637501277432e-12,
    "rmse": 7.002309151925035e-07
  },
  "test_metrics": {
    "nmse": 8.974996020889922e-12,
    "rmse": 6.120466272413782e-07
  },
  "timing": {
    "train_states_s": 0.01845780000076047,
    "ridge_select_s": 0.01178069999878062,
    "total_s": 0.05268860000069253
  },
  "timestamp": "2026-04-16T18:22:39.840657+00:00"
}