{
  "sweep_name": "region_selection_multitask_v1_mackey_glass",
  "config_id": "25de579150b8",
  "seed": 1024,
  "config_point": {
    "spectral_radius": 0.7,
    "input_scaling": 0.1,
    "leak_rate": 1.0
  },
  "best_ridge": 1e-10,
  "val_curve": {
    "1e-10": 4.603608181474811e-12,
    "1e-08": 5.578145908288643e-10,
    "1e-06": 2.5489683499356568e-08,
    "0.0001": 5.433881030810529e-07,
    "0.01": 9.041620024376041e-05,
    "1.0": 0.0007844848945372606
  },
  "val_metrics": {
    "nmse": 4.603608181474811e-12,
    "rmse": 4.835289389462209e-07
  },
  "test_metrics": {
    "nmse": 4.58368621593348e-12,
    "rmse": 4.373960094800922e-07
  },
  "timing": {
    "train_states_s": 0.01772309999796562,
    "ridge_select_s": 0.01194749999922351,
    "total_s": 0.052101900000707246
  },
  "timestamp": "2026-04-16T18:22:39.904189+00:00"
}