{
  "sweep_name": "region_selection_multitask_v1_mackey_glass",
  "config_id": "25de579150b8",
  "seed": 123,
  "config_point": {
    "spectral_radius": 0.7,
    "input_scaling": 0.1,
    "leak_rate": 1.0
  },
  "best_ridge": 1e-10,
  "val_curve": {
    "1e-10": 1.1125143362628501e-11,
    "1e-08": 5.633203580703178e-10,
    "1e-06": 1.22745156889115e-08,
    "0.0001": 5.273598918489514e-07,
    "0.01": 6.436212567286265e-05,
    "1.0": 0.0007065991223272733
  },
  "val_metrics": {
    "nmse": 1.1125143362628501e-11,
    "rmse": 7.51668071138072e-07
  },
  "test_metrics": {
    "nmse": 1.0756271477390845e-11,
    "rmse": 6.700361802225392e-07
  },
  "timing": {
    "train_states_s": 0.018844599999283673,
    "ridge_select_s": 0.011624700000538724,
    "total_s": 0.053752199997688876
  },
  "timestamp": "2026-04-16T18:22:39.710714+00:00"
}