{
  "sweep_name": "region_selection_multitask_v1_mackey_glass",
  "config_id": "25de579150b8",
  "seed": 456,
  "config_point": {
    "spectral_radius": 0.7,
    "input_scaling": 0.1,
    "leak_rate": 1.0
  },
  "best_ridge": 1e-10,
  "val_curve": {
    "1e-10": 6.638732939913598e-12,
    "1e-08": 4.1477479955125755e-10,
    "1e-06": 6.765134662923142e-09,
    "0.0001": 5.305001813984216e-07,
    "0.01": 4.2306839284298063e-05,
    "1.0": 0.0011362585863248609
  },
  "val_metrics": {
    "nmse": 6.638732939913598e-12,
    "rmse": 5.806519569629581e-07
  },
  "test_metrics": {
    "nmse": 6.1628957432554996e-12,
    "rmse": 5.071772763869035e-07
  },
  "timing": {
    "train_states_s": 0.01794819999850006,
    "ridge_select_s": 0.01199809999889112,
    "total_s": 0.05491579999943497
  },
  "timestamp": "2026-04-16T18:22:39.776829+00:00"
}