{
  "sweep_name": "region_selection_multitask_v1_mackey_glass",
  "config_id": "26e138b087c3",
  "seed": 42,
  "config_point": {
    "spectral_radius": 0.7,
    "input_scaling": 0.1,
    "leak_rate": 0.9
  },
  "best_ridge": 1e-10,
  "val_curve": {
    "1e-10": 1.42652820446975e-11,
    "1e-08": 5.089113934917292e-10,
    "1e-06": 1.4994875907296932e-08,
    "0.0001": 1.2337151762172692e-06,
    "0.01": 5.967805378618202e-05,
    "1.0": 0.0009859914397294263
  },
  "val_metrics": {
    "nmse": 1.42652820446975e-11,
    "rmse": 8.511644495581403e-07
  },
  "test_metrics": {
    "nmse": 1.2174980334902297e-11,
    "rmse": 7.12855510127623e-07
  },
  "timing": {
    "train_states_s": 0.01862009999967995,
    "ridge_select_s": 0.012076099999831058,
    "total_s": 0.05357150000054389
  },
  "timestamp": "2026-04-16T18:22:39.309283+00:00"
}