{
  "sweep_name": "region_selection_multitask_v1_mackey_glass",
  "config_id": "26e138b087c3",
  "seed": 789,
  "config_point": {
    "spectral_radius": 0.7,
    "input_scaling": 0.1,
    "leak_rate": 0.9
  },
  "best_ridge": 1e-10,
  "val_curve": {
    "1e-10": 1.5156991231401186e-11,
    "1e-08": 3.508278314011021e-10,
    "1e-06": 1.1783211954432683e-08,
    "0.0001": 9.803261567044163e-07,
    "0.01": 2.8080195298688292e-05,
    "1.0": 0.0008120717707019951
  },
  "val_metrics": {
    "nmse": 1.5156991231401186e-11,
    "rmse": 8.773639678767044e-07
  },
  "test_metrics": {
    "nmse": 1.4218538131881222e-11,
    "rmse": 7.703619968219213e-07
  },
  "timing": {
    "train_states_s": 0.01770839999880991,
    "ridge_select_s": 0.012565099998028018,
    "total_s": 0.05220550000012736
  },
  "timestamp": "2026-04-16T18:22:39.504231+00:00"
}