{
  "sweep_name": "region_selection_multitask_v1_mackey_glass",
  "config_id": "28ab2bffee5c",
  "seed": 1024,
  "config_point": {
    "spectral_radius": 1.0,
    "input_scaling": 0.1,
    "leak_rate": 0.5
  },
  "best_ridge": 1e-10,
  "val_curve": {
    "1e-10": 9.483711537797478e-12,
    "1e-08": 4.193285055011708e-10,
    "1e-06": 1.8821502445329956e-08,
    "0.0001": 8.890687984176433e-07,
    "0.01": 3.9732783573127294e-05,
    "1.0": 0.0022839505817364037
  },
  "val_metrics": {
    "nmse": 9.483711537797478e-12,
    "rmse": 6.940047816928286e-07
  },
  "test_metrics": {
    "nmse": 8.812474224579312e-12,
    "rmse": 6.064797527303671e-07
  },
  "timing": {
    "train_states_s": 0.018433400000503752,
    "ridge_select_s": 0.011798200001067016,
    "total_s": 0.05226370000309544
  },
  "timestamp": "2026-04-16T18:23:14.774606+00:00"
}