{
  "sweep_name": "region_selection_multitask_v1_mackey_glass",
  "config_id": "28ab2bffee5c",
  "seed": 789,
  "config_point": {
    "spectral_radius": 1.0,
    "input_scaling": 0.1,
    "leak_rate": 0.5
  },
  "best_ridge": 1e-10,
  "val_curve": {
    "1e-10": 1.3521507418025781e-11,
    "1e-08": 4.930542585373445e-10,
    "1e-06": 1.8630653015225895e-08,
    "0.0001": 9.164193053500585e-07,
    "0.01": 2.5686464265928562e-05,
    "1.0": 0.0015902840003406795
  },
  "val_metrics": {
    "nmse": 1.3521507418025781e-11,
    "rmse": 8.286780783137387e-07
  },
  "test_metrics": {
    "nmse": 1.1576638982764452e-11,
    "rmse": 6.951181393318155e-07
  },
  "timing": {
    "train_states_s": 0.017658100001426646,
    "ridge_select_s": 0.011881399997946573,
    "total_s": 0.051083900001685834
  },
  "timestamp": "2026-04-16T18:23:14.711342+00:00"
}