{
  "sweep_name": "region_selection_multitask_v1_mackey_glass",
  "config_id": "28ab2bffee5c",
  "seed": 456,
  "config_point": {
    "spectral_radius": 1.0,
    "input_scaling": 0.1,
    "leak_rate": 0.5
  },
  "best_ridge": 1e-10,
  "val_curve": {
    "1e-10": 9.503726489070371e-12,
    "1e-08": 3.1662038554718726e-10,
    "1e-06": 1.8623128401023833e-08,
    "0.0001": 5.980938873214842e-07,
    "0.01": 3.228132351507539e-05,
    "1.0": 0.0014037575296161713
  },
  "val_metrics": {
    "nmse": 9.503726489070371e-12,
    "rmse": 6.947367288187531e-07
  },
  "test_metrics": {
    "nmse": 8.231641131797139e-12,
    "rmse": 5.861524586293948e-07
  },
  "timing": {
    "train_states_s": 0.018423100002110004,
    "ridge_select_s": 0.011742500002583256,
    "total_s": 0.05682430000160821
  },
  "timestamp": "2026-04-16T18:23:14.648942+00:00"
}