{
  "sweep_name": "region_selection_multitask_v1_mackey_glass",
  "config_id": "2b6b533a6eee",
  "seed": 123,
  "config_point": {
    "spectral_radius": 0.7,
    "input_scaling": 0.05,
    "leak_rate": 0.8
  },
  "best_ridge": 1e-10,
  "val_curve": {
    "1e-10": 5.1133914976807665e-11,
    "1e-08": 2.29716120653027e-09,
    "1e-06": 4.156508972088157e-08,
    "0.0001": 1.9848610558086544e-06,
    "0.01": 0.0002982010360743231,
    "1.0": 0.0011040167667087637
  },
  "val_metrics": {
    "nmse": 5.1133914976807665e-11,
    "rmse": 1.6114907513972955e-06
  },
  "test_metrics": {
    "nmse": 5.49136544472499e-11,
    "rmse": 1.5139361175796832e-06
  },
  "timing": {
    "train_states_s": 0.018447200000082375,
    "ridge_select_s": 0.0118867000019236,
    "total_s": 0.05372250000073109
  },
  "timestamp": "2026-04-16T18:22:37.023267+00:00"
}