{
  "sweep_name": "region_selection_multitask_v1_mackey_glass",
  "config_id": "2b6b533a6eee",
  "seed": 42,
  "config_point": {
    "spectral_radius": 0.7,
    "input_scaling": 0.05,
    "leak_rate": 0.8
  },
  "best_ridge": 1e-10,
  "val_curve": {
    "1e-10": 4.922586400875008e-11,
    "1e-08": 2.2272512464386935e-09,
    "1e-06": 3.158302898071576e-08,
    "0.0001": 3.369848693542005e-06,
    "0.01": 0.00029565816389592246,
    "1.0": 0.0012484634531995653
  },
  "val_metrics": {
    "nmse": 4.922586400875008e-11,
    "rmse": 1.581138700238126e-06
  },
  "test_metrics": {
    "nmse": 4.7782406229637036e-11,
    "rmse": 1.4122168362607772e-06
  },
  "timing": {
    "train_states_s": 0.01816780000081053,
    "ridge_select_s": 0.01205389999813633,
    "total_s": 0.05187149999983376
  },
  "timestamp": "2026-04-16T18:22:36.958224+00:00"
}