{
  "sweep_name": "region_selection_multitask_v1_mackey_glass",
  "config_id": "2b6b533a6eee",
  "seed": 789,
  "config_point": {
    "spectral_radius": 0.7,
    "input_scaling": 0.05,
    "leak_rate": 0.8
  },
  "best_ridge": 1e-10,
  "val_curve": {
    "1e-10": 4.4041159716003817e-11,
    "1e-08": 1.5712716716992843e-09,
    "1e-06": 3.3533318542316936e-08,
    "0.0001": 2.7208425351722358e-06,
    "0.01": 0.0001516508618807236,
    "1.0": 0.0010808533465670059
  },
  "val_metrics": {
    "nmse": 4.4041159716003817e-11,
    "rmse": 1.4955559608618372e-06
  },
  "test_metrics": {
    "nmse": 4.6108611806997634e-11,
    "rmse": 1.387261712631904e-06
  },
  "timing": {
    "train_states_s": 0.018597800000861753,
    "ridge_select_s": 0.012178299999504816,
    "total_s": 0.05363999999826774
  },
  "timestamp": "2026-04-16T18:22:37.153285+00:00"
}