{
  "sweep_name": "region_selection_multitask_v1_mackey_glass",
  "config_id": "2d1d46a68d05",
  "seed": 123,
  "config_point": {
    "spectral_radius": 1.1,
    "input_scaling": 0.15,
    "leak_rate": 0.5
  },
  "best_ridge": 1e-10,
  "val_curve": {
    "1e-10": 1.108409953072964e-11,
    "1e-08": 3.2402648241270537e-10,
    "1e-06": 1.017967531474261e-08,
    "0.0001": 4.070583905317678e-07,
    "0.01": 2.4092771897786384e-05,
    "1.0": 0.0005321296423184043
  },
  "val_metrics": {
    "nmse": 1.108409953072964e-11,
    "rmse": 7.502802308015898e-07
  },
  "test_metrics": {
    "nmse": 1.0113864112787357e-11,
    "rmse": 6.497195484824265e-07
  },
  "timing": {
    "train_states_s": 0.01860070000111591,
    "ridge_select_s": 0.01300220000121044,
    "total_s": 0.05456179999964661
  },
  "timestamp": "2026-04-16T18:23:29.037391+00:00"
}