{
  "sweep_name": "region_selection_multitask_v1_mackey_glass",
  "config_id": "2d1d46a68d05",
  "seed": 789,
  "config_point": {
    "spectral_radius": 1.1,
    "input_scaling": 0.15,
    "leak_rate": 0.5
  },
  "best_ridge": 1e-10,
  "val_curve": {
    "1e-10": 4.574595224301101e-11,
    "1e-08": 2.6056298811112083e-10,
    "1e-06": 3.163453949943458e-08,
    "0.0001": 5.649356872483378e-07,
    "0.01": 1.2736510632566282e-05,
    "1.0": 0.0008573326621995954
  },
  "val_metrics": {
    "nmse": 4.574595224301101e-11,
    "rmse": 1.524226931914256e-06
  },
  "test_metrics": {
    "nmse": 1.1264873363848836e-11,
    "rmse": 6.856942910532526e-07
  },
  "timing": {
    "train_states_s": 0.018433100001857383,
    "ridge_select_s": 0.011880000001838198,
    "total_s": 0.05288010000003851
  },
  "timestamp": "2026-04-16T18:23:29.168062+00:00"
}