{
  "sweep_name": "region_selection_multitask_v1_mackey_glass",
  "config_id": "2d1d46a68d05",
  "seed": 456,
  "config_point": {
    "spectral_radius": 1.1,
    "input_scaling": 0.15,
    "leak_rate": 0.5
  },
  "best_ridge": 1e-10,
  "val_curve": {
    "1e-10": 1.0529810860813372e-09,
    "1e-08": 8.26161975847253e-09,
    "1e-06": 9.576432205408487e-08,
    "0.0001": 3.541927886753952e-06,
    "0.01": 5.535175176053288e-05,
    "1.0": 0.001218833701426947
  },
  "val_metrics": {
    "nmse": 1.0529810860813372e-09,
    "rmse": 7.312798048748866e-06
  },
  "test_metrics": {
    "nmse": 2.2911206544092474e-10,
    "rmse": 3.092369327416069e-06
  },
  "timing": {
    "train_states_s": 0.018736900001385948,
    "ridge_select_s": 0.011914099999557948,
    "total_s": 0.05565349999960745
  },
  "timestamp": "2026-04-16T18:23:29.104051+00:00"
}