{
  "sweep_name": "region_selection_multitask_v1_mackey_glass",
  "config_id": "2d1d46a68d05",
  "seed": 42,
  "config_point": {
    "spectral_radius": 1.1,
    "input_scaling": 0.15,
    "leak_rate": 0.5
  },
  "best_ridge": 1e-10,
  "val_curve": {
    "1e-10": 1.5934658006025163e-09,
    "1e-08": 3.6159705788257807e-09,
    "1e-06": 5.0143605434527014e-08,
    "0.0001": 8.73804086722087e-07,
    "0.01": 5.6230017953700045e-05,
    "1.0": 0.001393621490997314
  },
  "val_metrics": {
    "nmse": 1.5934658006025163e-09,
    "rmse": 8.99590102046017e-06
  },
  "test_metrics": {
    "nmse": 1.9598420054019606e-11,
    "rmse": 9.04436139414483e-07
  },
  "timing": {
    "train_states_s": 0.019297099999675993,
    "ridge_select_s": 0.012468599998101126,
    "total_s": 0.07678030000170111
  },
  "timestamp": "2026-04-16T18:23:28.971521+00:00"
}