{
  "sweep_name": "region_selection_multitask_v1_mackey_glass",
  "config_id": "2d382bf713db",
  "seed": 789,
  "config_point": {
    "spectral_radius": 0.7,
    "input_scaling": 0.4,
    "leak_rate": 0.8
  },
  "best_ridge": 1e-10,
  "val_curve": {
    "1e-10": 1.6069450128545276e-12,
    "1e-08": 1.2136641614504564e-10,
    "1e-06": 4.755069122558911e-09,
    "0.0001": 1.4171011398739563e-07,
    "0.01": 7.344667559864697e-06,
    "1.0": 0.00019757442922219634
  },
  "val_metrics": {
    "nmse": 1.6069450128545276e-12,
    "rmse": 2.8567603069268025e-07
  },
  "test_metrics": {
    "nmse": 1.6619337028485845e-12,
    "rmse": 2.633748032869798e-07
  },
  "timing": {
    "train_states_s": 0.018507200002204627,
    "ridge_select_s": 0.012159999998402782,
    "total_s": 0.05331640000076732
  },
  "timestamp": "2026-04-16T18:22:47.189012+00:00"
}