{
  "sweep_name": "region_selection_multitask_v1_mackey_glass",
  "config_id": "2d382bf713db",
  "seed": 42,
  "config_point": {
    "spectral_radius": 0.7,
    "input_scaling": 0.4,
    "leak_rate": 0.8
  },
  "best_ridge": 1e-10,
  "val_curve": {
    "1e-10": 2.5075253013763502e-12,
    "1e-08": 1.7450776008287458e-10,
    "1e-06": 6.328060376596097e-09,
    "0.0001": 2.4221342149897654e-07,
    "0.01": 7.016200871417587e-06,
    "1.0": 0.00041184877814634313
  },
  "val_metrics": {
    "nmse": 2.5075253013763502e-12,
    "rmse": 3.568584269762015e-07
  },
  "test_metrics": {
    "nmse": 2.46807089739736e-12,
    "rmse": 3.2095651239542583e-07
  },
  "timing": {
    "train_states_s": 0.017820400000346126,
    "ridge_select_s": 0.012350799999694573,
    "total_s": 0.06018250000124681
  },
  "timestamp": "2026-04-16T18:22:46.993256+00:00"
}