{
  "sweep_name": "region_selection_multitask_v1_mackey_glass",
  "config_id": "2d6414c08afe",
  "seed": 456,
  "config_point": {
    "spectral_radius": 1.0,
    "input_scaling": 0.1,
    "leak_rate": 0.8
  },
  "best_ridge": 1e-10,
  "val_curve": {
    "1e-10": 3.0857036702437814e-11,
    "1e-08": 1.91133163677742e-10,
    "1e-06": 5.112578040993667e-09,
    "0.0001": 2.2567926657092305e-07,
    "0.01": 1.328658310779209e-05,
    "1.0": 0.0011212297486203492
  },
  "val_metrics": {
    "nmse": 3.0857036702437814e-11,
    "rmse": 1.2518445513732755e-06
  },
  "test_metrics": {
    "nmse": 3.287371797650917e-12,
    "rmse": 3.7041774982546986e-07
  },
  "timing": {
    "train_states_s": 0.018062200000713347,
    "ridge_select_s": 0.012440599999536062,
    "total_s": 0.055656399999861605
  },
  "timestamp": "2026-04-16T18:23:15.654164+00:00"
}