{
  "sweep_name": "region_selection_multitask_v1_mackey_glass",
  "config_id": "2d6414c08afe",
  "seed": 42,
  "config_point": {
    "spectral_radius": 1.0,
    "input_scaling": 0.1,
    "leak_rate": 0.8
  },
  "best_ridge": 1e-10,
  "val_curve": {
    "1e-10": 9.518354067380979e-12,
    "1e-08": 4.106298528372602e-10,
    "1e-06": 1.336028763095699e-08,
    "0.0001": 7.190581374012827e-07,
    "0.01": 2.488138933434826e-05,
    "1.0": 0.0009214610075286815
  },
  "val_metrics": {
    "nmse": 9.518354067380979e-12,
    "rmse": 6.952711722612267e-07
  },
  "test_metrics": {
    "nmse": 8.547861453559875e-12,
    "rmse": 5.973049500255204e-07
  },
  "timing": {
    "train_states_s": 0.017590700001164805,
    "ridge_select_s": 0.012216899998747976,
    "total_s": 0.0626176999976451
  },
  "timestamp": "2026-04-16T18:23:15.520935+00:00"
}