{
  "sweep_name": "region_selection_multitask_v1_mackey_glass",
  "config_id": "2d6414c08afe",
  "seed": 1024,
  "config_point": {
    "spectral_radius": 1.0,
    "input_scaling": 0.1,
    "leak_rate": 0.8
  },
  "best_ridge": 1e-10,
  "val_curve": {
    "1e-10": 4.056890785265279e-12,
    "1e-08": 1.507945926361027e-10,
    "1e-06": 1.735363248035812e-08,
    "0.0001": 7.669061178807062e-07,
    "0.01": 3.5386005711480696e-05,
    "1.0": 0.0019573033771567213
  },
  "val_metrics": {
    "nmse": 4.056890785265279e-12,
    "rmse": 4.5391021146988845e-07
  },
  "test_metrics": {
    "nmse": 3.5581881205037515e-12,
    "rmse": 3.853734840883858e-07
  },
  "timing": {
    "train_states_s": 0.017702899996947963,
    "ridge_select_s": 0.012374900001304923,
    "total_s": 0.051790000001346925
  },
  "timestamp": "2026-04-16T18:23:15.782580+00:00"
}