{
  "sweep_name": "region_selection_multitask_v1_mackey_glass",
  "config_id": "2d6414c08afe",
  "seed": 123,
  "config_point": {
    "spectral_radius": 1.0,
    "input_scaling": 0.1,
    "leak_rate": 0.8
  },
  "best_ridge": 1e-10,
  "val_curve": {
    "1e-10": 6.07552185305639e-12,
    "1e-08": 1.6994941679607187e-10,
    "1e-06": 8.308643596434614e-09,
    "0.0001": 6.250239543054582e-07,
    "0.01": 1.3368068545610619e-05,
    "1.0": 0.0010257180312706403
  },
  "val_metrics": {
    "nmse": 6.07552185305639e-12,
    "rmse": 5.554757302087104e-07
  },
  "test_metrics": {
    "nmse": 5.963067681698901e-12,
    "rmse": 4.988870675385944e-07
  },
  "timing": {
    "train_states_s": 0.019207800000003772,
    "ridge_select_s": 0.012585899999976391,
    "total_s": 0.05510659999708878
  },
  "timestamp": "2026-04-16T18:23:15.587550+00:00"
}