{
  "sweep_name": "region_selection_multitask_v1_mackey_glass",
  "config_id": "2d6414c08afe",
  "seed": 789,
  "config_point": {
    "spectral_radius": 1.0,
    "input_scaling": 0.1,
    "leak_rate": 0.8
  },
  "best_ridge": 1e-10,
  "val_curve": {
    "1e-10": 4.126068295834513e-12,
    "1e-08": 1.4112117286890645e-10,
    "1e-06": 9.639168178695882e-09,
    "0.0001": 2.920293223987192e-07,
    "0.01": 1.8145892915873985e-05,
    "1.0": 0.001142449429768918
  },
  "val_metrics": {
    "nmse": 4.126068295834513e-12,
    "rmse": 4.577638583495494e-07
  },
  "test_metrics": {
    "nmse": 3.4314856552885848e-12,
    "rmse": 3.7844996600586553e-07
  },
  "timing": {
    "train_states_s": 0.018790599999192636,
    "ridge_select_s": 0.012496100000134902,
    "total_s": 0.05414290000044275
  },
  "timestamp": "2026-04-16T18:23:15.719452+00:00"
}