{
  "sweep_name": "region_selection_multitask_v1_mackey_glass",
  "config_id": "2e460f1e65c7",
  "seed": 1024,
  "config_point": {
    "spectral_radius": 1.0,
    "input_scaling": 0.05,
    "leak_rate": 0.9
  },
  "best_ridge": 1e-10,
  "val_curve": {
    "1e-10": 6.302408959878678e-12,
    "1e-08": 7.049092046313159e-10,
    "1e-06": 1.883795857991969e-08,
    "0.0001": 1.6541942600474194e-06,
    "0.01": 7.092423909989762e-05,
    "1.0": 0.0048754771831837655
  },
  "val_metrics": {
    "nmse": 6.302408959878678e-12,
    "rmse": 5.657526349461657e-07
  },
  "test_metrics": {
    "nmse": 5.931641087940457e-12,
    "rmse": 4.975707121281838e-07
  },
  "timing": {
    "train_states_s": 0.018541299999924377,
    "ridge_select_s": 0.012676399997872068,
    "total_s": 0.05334220000077039
  },
  "timestamp": "2026-04-16T18:23:14.122708+00:00"
}