{
  "sweep_name": "region_selection_multitask_v1_mackey_glass",
  "config_id": "2e460f1e65c7",
  "seed": 123,
  "config_point": {
    "spectral_radius": 1.0,
    "input_scaling": 0.05,
    "leak_rate": 0.9
  },
  "best_ridge": 1e-10,
  "val_curve": {
    "1e-10": 7.992345332419688e-12,
    "1e-08": 3.843176162131346e-10,
    "1e-06": 2.4013224598907794e-08,
    "0.0001": 1.2788544361804282e-06,
    "0.01": 5.9380335329485924e-05,
    "1.0": 0.006516171336179952
  },
  "val_metrics": {
    "nmse": 7.992345332419688e-12,
    "rmse": 6.371041223430797e-07
  },
  "test_metrics": {
    "nmse": 7.066284165926477e-12,
    "rmse": 5.430788952200666e-07
  },
  "timing": {
    "train_states_s": 0.017929800000274554,
    "ridge_select_s": 0.012054799997713417,
    "total_s": 0.05263259999992442
  },
  "timestamp": "2026-04-16T18:23:13.928600+00:00"
}