{
  "sweep_name": "region_selection_multitask_v1_mackey_glass",
  "config_id": "2e460f1e65c7",
  "seed": 42,
  "config_point": {
    "spectral_radius": 1.0,
    "input_scaling": 0.05,
    "leak_rate": 0.9
  },
  "best_ridge": 1e-10,
  "val_curve": {
    "1e-10": 1.479263576241224e-11,
    "1e-08": 8.559979415707176e-10,
    "1e-06": 5.3307873201915124e-08,
    "0.0001": 2.1837722721391933e-06,
    "0.01": 5.234555347661188e-05,
    "1.0": 0.001986377213639955
  },
  "val_metrics": {
    "nmse": 1.479263576241224e-11,
    "rmse": 8.667544434798527e-07
  },
  "test_metrics": {
    "nmse": 1.3827949767830513e-11,
    "rmse": 7.597072541058495e-07
  },
  "timing": {
    "train_states_s": 0.018514999999752035,
    "ridge_select_s": 0.012516300001152558,
    "total_s": 0.07430810000005295
  },
  "timestamp": "2026-04-16T18:23:13.864983+00:00"
}