{
  "sweep_name": "region_selection_multitask_v1_mackey_glass",
  "config_id": "2e8562f7a417",
  "seed": 123,
  "config_point": {
    "spectral_radius": 0.8,
    "input_scaling": 0.15,
    "leak_rate": 0.7
  },
  "best_ridge": 1e-10,
  "val_curve": {
    "1e-10": 8.852473809571404e-12,
    "1e-08": 2.607658012354835e-10,
    "1e-06": 9.993855539877484e-09,
    "0.0001": 3.154638009806634e-07,
    "0.01": 1.639051366084437e-05,
    "1.0": 0.0014993698257569218
  },
  "val_metrics": {
    "nmse": 8.852473809571404e-12,
    "rmse": 6.70510557109054e-07
  },
  "test_metrics": {
    "nmse": 9.22505733781579e-12,
    "rmse": 6.205144705098392e-07
  },
  "timing": {
    "train_states_s": 0.017723700002534315,
    "ridge_select_s": 0.013243400000646943,
    "total_s": 0.05357730000105221
  },
  "timestamp": "2026-04-16T18:22:52.775384+00:00"
}