{
  "sweep_name": "region_selection_multitask_v1_mackey_glass",
  "config_id": "2e8562f7a417",
  "seed": 789,
  "config_point": {
    "spectral_radius": 0.8,
    "input_scaling": 0.15,
    "leak_rate": 0.7
  },
  "best_ridge": 1e-10,
  "val_curve": {
    "1e-10": 6.728767073911947e-12,
    "1e-08": 2.9124855845137546e-10,
    "1e-06": 1.0737674791745593e-08,
    "0.0001": 3.3963506957141737e-07,
    "0.01": 1.4402384262113277e-05,
    "1.0": 0.0010618048700359326
  },
  "val_metrics": {
    "nmse": 6.728767073911947e-12,
    "rmse": 5.845760821593827e-07
  },
  "test_metrics": {
    "nmse": 6.1754670230681355e-12,
    "rmse": 5.076942914076716e-07
  },
  "timing": {
    "train_states_s": 0.01782429999730084,
    "ridge_select_s": 0.012100799998734146,
    "total_s": 0.05197220000263769
  },
  "timestamp": "2026-04-16T18:22:52.906636+00:00"
}