{
  "sweep_name": "region_selection_multitask_v1_mackey_glass",
  "config_id": "2e8562f7a417",
  "seed": 42,
  "config_point": {
    "spectral_radius": 0.8,
    "input_scaling": 0.15,
    "leak_rate": 0.7
  },
  "best_ridge": 1e-10,
  "val_curve": {
    "1e-10": 9.066476295354357e-12,
    "1e-08": 3.922719528655996e-10,
    "1e-06": 1.060306564366851e-08,
    "0.0001": 3.001899028566545e-07,
    "0.01": 2.865581408689142e-05,
    "1.0": 0.0011358410829721975
  },
  "val_metrics": {
    "nmse": 9.066476295354357e-12,
    "rmse": 6.785667262979603e-07
  },
  "test_metrics": {
    "nmse": 8.443639407719268e-12,
    "rmse": 5.936523834182131e-07
  },
  "timing": {
    "train_states_s": 0.01873939999859431,
    "ridge_select_s": 0.012164600000687642,
    "total_s": 0.08337310000206344
  },
  "timestamp": "2026-04-16T18:22:52.710669+00:00"
}