{
  "sweep_name": "region_selection_multitask_v1_mackey_glass",
  "config_id": "2e8562f7a417",
  "seed": 1024,
  "config_point": {
    "spectral_radius": 0.8,
    "input_scaling": 0.15,
    "leak_rate": 0.7
  },
  "best_ridge": 1e-10,
  "val_curve": {
    "1e-10": 7.164874817409121e-12,
    "1e-08": 2.0105976374329615e-10,
    "1e-06": 1.5473860070231222e-08,
    "0.0001": 7.641749422193965e-07,
    "0.01": 1.6729088691554564e-05,
    "1.0": 0.0018661986199543484
  },
  "val_metrics": {
    "nmse": 7.164874817409121e-12,
    "rmse": 6.032225918698485e-07
  },
  "test_metrics": {
    "nmse": 6.729190280099667e-12,
    "rmse": 5.299669431130443e-07
  },
  "timing": {
    "train_states_s": 0.018706999999267282,
    "ridge_select_s": 0.01207570000042324,
    "total_s": 0.05291660000148113
  },
  "timestamp": "2026-04-16T18:22:52.970623+00:00"
}