{
  "sweep_name": "region_selection_multitask_v1_mackey_glass",
  "config_id": "2e8562f7a417",
  "seed": 456,
  "config_point": {
    "spectral_radius": 0.8,
    "input_scaling": 0.15,
    "leak_rate": 0.7
  },
  "best_ridge": 1e-10,
  "val_curve": {
    "1e-10": 4.493457437997611e-12,
    "1e-08": 2.0371514426445001e-10,
    "1e-06": 1.1674977847456096e-08,
    "0.0001": 2.673638311552094e-07,
    "0.01": 8.540181637049029e-06,
    "1.0": 0.0012301475954584079
  },
  "val_metrics": {
    "nmse": 4.493457437997611e-12,
    "rmse": 4.77709206410083e-07
  },
  "test_metrics": {
    "nmse": 4.199594932313715e-12,
    "rmse": 4.1866926325327625e-07
  },
  "timing": {
    "train_states_s": 0.018704199999774573,
    "ridge_select_s": 0.013039500001468696,
    "total_s": 0.05682570000135456
  },
  "timestamp": "2026-04-16T18:22:52.843288+00:00"
}