{
  "sweep_name": "region_selection_multitask_v1_mackey_glass",
  "config_id": "3027d42332fd",
  "seed": 456,
  "config_point": {
    "spectral_radius": 0.6,
    "input_scaling": 0.05,
    "leak_rate": 0.5
  },
  "best_ridge": 1e-10,
  "val_curve": {
    "1e-10": 1.6682208704538254e-10,
    "1e-08": 3.197835392521139e-09,
    "1e-06": 8.311348402062063e-08,
    "0.0001": 4.497639339315248e-06,
    "0.01": 0.00034204855696453907,
    "1.0": 0.0021525957886894607
  },
  "val_metrics": {
    "nmse": 1.6682208704538254e-10,
    "rmse": 2.9107175870177537e-06
  },
  "test_metrics": {
    "nmse": 1.6706579479413634e-10,
    "rmse": 2.64065185442875e-06
  },
  "timing": {
    "train_states_s": 0.018839599997590994,
    "ridge_select_s": 0.012211600002046907,
    "total_s": 0.05595770000218181
  },
  "timestamp": "2026-04-16T18:22:24.001390+00:00"
}