{
  "sweep_name": "region_selection_multitask_v1_mackey_glass",
  "config_id": "3027d42332fd",
  "seed": 42,
  "config_point": {
    "spectral_radius": 0.6,
    "input_scaling": 0.05,
    "leak_rate": 0.5
  },
  "best_ridge": 1e-10,
  "val_curve": {
    "1e-10": 1.747114104820669e-10,
    "1e-08": 5.021624285400709e-09,
    "1e-06": 1.345615292128785e-07,
    "0.0001": 5.802018245266502e-06,
    "0.01": 0.0006222067833771374,
    "1.0": 0.0021087027346706052
  },
  "val_metrics": {
    "nmse": 1.747114104820669e-10,
    "rmse": 2.978749138981815e-06
  },
  "test_metrics": {
    "nmse": 1.798447678346725e-10,
    "rmse": 2.7397837183242303e-06
  },
  "timing": {
    "train_states_s": 0.01871749999918393,
    "ridge_select_s": 0.012119600000005448,
    "total_s": 0.05439479999768082
  },
  "timestamp": "2026-04-16T18:22:23.870913+00:00"
}