{
  "sweep_name": "region_selection_multitask_v1_mackey_glass",
  "config_id": "3027d42332fd",
  "seed": 789,
  "config_point": {
    "spectral_radius": 0.6,
    "input_scaling": 0.05,
    "leak_rate": 0.5
  },
  "best_ridge": 1e-10,
  "val_curve": {
    "1e-10": 1.8578690137511832e-10,
    "1e-08": 3.609133387265263e-09,
    "1e-06": 9.335396991837035e-08,
    "0.0001": 6.590949130058994e-06,
    "0.01": 0.0002735649020199347,
    "1.0": 0.0016179385979171958
  },
  "val_metrics": {
    "nmse": 1.8578690137511832e-10,
    "rmse": 3.071714449105706e-06
  },
  "test_metrics": {
    "nmse": 2.0162260810664734e-10,
    "rmse": 2.900928273458211e-06
  },
  "timing": {
    "train_states_s": 0.01785780000136583,
    "ridge_select_s": 0.011961199998040684,
    "total_s": 0.05182849999982864
  },
  "timestamp": "2026-04-16T18:22:24.065818+00:00"
}