{
  "sweep_name": "region_selection_multitask_v1_mackey_glass",
  "config_id": "3027d42332fd",
  "seed": 123,
  "config_point": {
    "spectral_radius": 0.6,
    "input_scaling": 0.05,
    "leak_rate": 0.5
  },
  "best_ridge": 1e-10,
  "val_curve": {
    "1e-10": 2.4958896389968823e-10,
    "1e-08": 5.2261471040593646e-09,
    "1e-06": 1.2537218838512075e-07,
    "0.0001": 5.852494326899585e-06,
    "0.01": 0.0004865305579803834,
    "1.0": 0.001987289835913477
  },
  "val_metrics": {
    "nmse": 2.4958896389968823e-10,
    "rmse": 3.5602949967925493e-06
  },
  "test_metrics": {
    "nmse": 2.6726201581869586e-10,
    "rmse": 3.3399194781258663e-06
  },
  "timing": {
    "train_states_s": 0.018076599997584708,
    "ridge_select_s": 0.01226170000154525,
    "total_s": 0.052728999999089865
  },
  "timestamp": "2026-04-16T18:22:23.934677+00:00"
}