{
  "sweep_name": "region_selection_multitask_v1_mackey_glass",
  "config_id": "30b7fd6f1fe3",
  "seed": 42,
  "config_point": {
    "spectral_radius": 1.0,
    "input_scaling": 0.2,
    "leak_rate": 0.5
  },
  "best_ridge": 1e-10,
  "val_curve": {
    "1e-10": 8.776928158391825e-12,
    "1e-08": 3.5808291966780214e-10,
    "1e-06": 1.0038394263553642e-08,
    "0.0001": 4.5720648812889334e-07,
    "0.01": 1.866093907091219e-05,
    "1.0": 0.0006858474987650255
  },
  "val_metrics": {
    "nmse": 8.776928158391825e-12,
    "rmse": 6.676434100242995e-07
  },
  "test_metrics": {
    "nmse": 8.461916304731131e-12,
    "rmse": 5.942945388808329e-07
  },
  "timing": {
    "train_states_s": 0.018862700002500787,
    "ridge_select_s": 0.012379700001474703,
    "total_s": 0.10612199999741279
  },
  "timestamp": "2026-04-16T18:23:18.551000+00:00"
}