{
  "sweep_name": "region_selection_multitask_v1_mackey_glass",
  "config_id": "30b7fd6f1fe3",
  "seed": 1024,
  "config_point": {
    "spectral_radius": 1.0,
    "input_scaling": 0.2,
    "leak_rate": 0.5
  },
  "best_ridge": 1e-10,
  "val_curve": {
    "1e-10": 5.022308980399657e-12,
    "1e-08": 1.6515753724524302e-10,
    "1e-06": 6.1014168527893465e-09,
    "0.0001": 5.726504269038409e-07,
    "0.01": 1.59049773827645e-05,
    "1.0": 0.0011261280943087235
  },
  "val_metrics": {
    "nmse": 5.022308980399657e-12,
    "rmse": 5.050391073631102e-07
  },
  "test_metrics": {
    "nmse": 5.212927251236304e-12,
    "rmse": 4.6645334175834896e-07
  },
  "timing": {
    "train_states_s": 0.018674300001293886,
    "ridge_select_s": 0.012880100002803374,
    "total_s": 0.05388200000015786
  },
  "timestamp": "2026-04-16T18:23:18.810702+00:00"
}