{
  "sweep_name": "region_selection_multitask_v1_mackey_glass",
  "config_id": "30b7fd6f1fe3",
  "seed": 789,
  "config_point": {
    "spectral_radius": 1.0,
    "input_scaling": 0.2,
    "leak_rate": 0.5
  },
  "best_ridge": 1e-10,
  "val_curve": {
    "1e-10": 4.722921990787488e-12,
    "1e-08": 1.994067782470948e-10,
    "1e-06": 5.027022924465991e-09,
    "0.0001": 3.3409571143571927e-07,
    "0.01": 7.9280073995626e-06,
    "1.0": 0.0005971498384247706
  },
  "val_metrics": {
    "nmse": 4.722921990787488e-12,
    "rmse": 4.897547773483643e-07
  },
  "test_metrics": {
    "nmse": 4.080596561772477e-12,
    "rmse": 4.1269499916650603e-07
  },
  "timing": {
    "train_states_s": 0.01779560000068159,
    "ridge_select_s": 0.012445399999705842,
    "total_s": 0.05252910000126576
  },
  "timestamp": "2026-04-16T18:23:18.745908+00:00"
}