{
  "sweep_name": "region_selection_multitask_v1_mackey_glass",
  "config_id": "30b7fd6f1fe3",
  "seed": 456,
  "config_point": {
    "spectral_radius": 1.0,
    "input_scaling": 0.2,
    "leak_rate": 0.5
  },
  "best_ridge": 1e-10,
  "val_curve": {
    "1e-10": 4.5461915128788735e-12,
    "1e-08": 1.991159237073127e-10,
    "1e-06": 6.53611212970238e-09,
    "0.0001": 2.256634350605875e-07,
    "0.01": 1.0487787188450237e-05,
    "1.0": 0.00044973100130771976
  },
  "val_metrics": {
    "nmse": 4.5461915128788735e-12,
    "rmse": 4.805041670316077e-07
  },
  "test_metrics": {
    "nmse": 3.112458854653585e-12,
    "rmse": 3.604285512356142e-07
  },
  "timing": {
    "train_states_s": 0.018636199998582015,
    "ridge_select_s": 0.01259829999980866,
    "total_s": 0.05602029999863589
  },
  "timestamp": "2026-04-16T18:23:18.681899+00:00"
}