{
  "sweep_name": "region_selection_multitask_v1_mackey_glass",
  "config_id": "31ed3fdf679f",
  "seed": 1024,
  "config_point": {
    "spectral_radius": 1.0,
    "input_scaling": 0.05,
    "leak_rate": 0.8
  },
  "best_ridge": 1e-10,
  "val_curve": {
    "1e-10": 9.615857941492609e-12,
    "1e-08": 6.308229289699784e-10,
    "1e-06": 2.531714173918357e-08,
    "0.0001": 2.3484780330014818e-06,
    "0.01": 8.736472845107661e-05,
    "1.0": 0.0054255485282227135
  },
  "val_metrics": {
    "nmse": 9.615857941492609e-12,
    "rmse": 6.988231995016258e-07
  },
  "test_metrics": {
    "nmse": 8.964691577263635e-12,
    "rmse": 6.116951724192461e-07
  },
  "timing": {
    "train_states_s": 0.017831000001024222,
    "ridge_select_s": 0.011841300001833588,
    "total_s": 0.051161100000172155
  },
  "timestamp": "2026-04-16T18:23:13.779420+00:00"
}