{
  "sweep_name": "region_selection_multitask_v1_mackey_glass",
  "config_id": "31ed3fdf679f",
  "seed": 42,
  "config_point": {
    "spectral_radius": 1.0,
    "input_scaling": 0.05,
    "leak_rate": 0.8
  },
  "best_ridge": 1e-10,
  "val_curve": {
    "1e-10": 2.118203305344625e-11,
    "1e-08": 1.0881783641598832e-09,
    "1e-06": 5.04036724949137e-08,
    "0.0001": 2.303850570008135e-06,
    "0.01": 5.956690661051296e-05,
    "1.0": 0.0021835589106286484
  },
  "val_metrics": {
    "nmse": 2.118203305344625e-11,
    "rmse": 1.0371871214423534e-06
  },
  "test_metrics": {
    "nmse": 1.944984350926257e-11,
    "rmse": 9.010013306995429e-07
  },
  "timing": {
    "train_states_s": 0.017604600001504878,
    "ridge_select_s": 0.01179269999920507,
    "total_s": 0.08872839999821736
  },
  "timestamp": "2026-04-16T18:23:13.523455+00:00"
}