{
  "sweep_name": "region_selection_multitask_v1_mackey_glass",
  "config_id": "31ed3fdf679f",
  "seed": 789,
  "config_point": {
    "spectral_radius": 1.0,
    "input_scaling": 0.05,
    "leak_rate": 0.8
  },
  "best_ridge": 1e-10,
  "val_curve": {
    "1e-10": 1.2902588830117928e-11,
    "1e-08": 5.118273221141579e-10,
    "1e-06": 2.5805230232367385e-08,
    "0.0001": 6.678279426133443e-07,
    "0.01": 4.830363317668341e-05,
    "1.0": 0.00481935355239543
  },
  "val_metrics": {
    "nmse": 1.2902588830117928e-11,
    "rmse": 8.094904392510893e-07
  },
  "test_metrics": {
    "nmse": 1.0794859881394369e-11,
    "rmse": 6.712369903240415e-07
  },
  "timing": {
    "train_states_s": 0.018516899999667658,
    "ridge_select_s": 0.011456400003226008,
    "total_s": 0.05269369999950868
  },
  "timestamp": "2026-04-16T18:23:13.717387+00:00"
}