{
  "sweep_name": "region_selection_multitask_v1_mackey_glass",
  "config_id": "31ed3fdf679f",
  "seed": 123,
  "config_point": {
    "spectral_radius": 1.0,
    "input_scaling": 0.05,
    "leak_rate": 0.8
  },
  "best_ridge": 1e-10,
  "val_curve": {
    "1e-10": 1.4172692385551122e-11,
    "1e-08": 5.315973017187687e-10,
    "1e-06": 2.870544507122758e-08,
    "0.0001": 1.7711508767418873e-06,
    "0.01": 6.220477134950386e-05,
    "1.0": 0.006559631076865861
  },
  "val_metrics": {
    "nmse": 1.4172692385551122e-11,
    "rmse": 8.483976861190192e-07
  },
  "test_metrics": {
    "nmse": 1.2443661260807709e-11,
    "rmse": 7.206783355521069e-07
  },
  "timing": {
    "train_states_s": 0.018718600000283914,
    "ridge_select_s": 0.011881300000823103,
    "total_s": 0.05412630000137142
  },
  "timestamp": "2026-04-16T18:23:13.588612+00:00"
}