{
  "sweep_name": "region_selection_multitask_v1_mackey_glass",
  "config_id": "368e64069d5f",
  "seed": 42,
  "config_point": {
    "spectral_radius": 0.9,
    "input_scaling": 0.3,
    "leak_rate": 0.6
  },
  "best_ridge": 1e-10,
  "val_curve": {
    "1e-10": 4.4806995785150194e-12,
    "1e-08": 1.5687233904815454e-10,
    "1e-06": 7.030409126516128e-09,
    "0.0001": 2.3017861212773803e-07,
    "0.01": 1.028680889527018e-05,
    "1.0": 0.0006969333362178399
  },
  "val_metrics": {
    "nmse": 4.4806995785150194e-12,
    "rmse": 4.770305665112514e-07
  },
  "test_metrics": {
    "nmse": 4.298126554520944e-12,
    "rmse": 4.2355223334643653e-07
  },
  "timing": {
    "train_states_s": 0.01804170000104932,
    "ridge_select_s": 0.013123900000209687,
    "total_s": 0.0964176999987103
  },
  "timestamp": "2026-04-16T18:23:08.792813+00:00"
}