{
  "sweep_name": "region_selection_multitask_v1_mackey_glass",
  "config_id": "368e64069d5f",
  "seed": 123,
  "config_point": {
    "spectral_radius": 0.9,
    "input_scaling": 0.3,
    "leak_rate": 0.6
  },
  "best_ridge": 1e-10,
  "val_curve": {
    "1e-10": 3.054369503819627e-12,
    "1e-08": 1.2402992503258752e-10,
    "1e-06": 5.92550486499512e-09,
    "0.0001": 1.7740119884726458e-07,
    "0.01": 8.17795333347855e-06,
    "1.0": 0.0005171223066884634
  },
  "val_metrics": {
    "nmse": 3.054369503819627e-12,
    "rmse": 3.9385293149272646e-07
  },
  "test_metrics": {
    "nmse": 2.9380296705273447e-12,
    "rmse": 3.5018332767080396e-07
  },
  "timing": {
    "train_states_s": 0.018954800001665717,
    "ridge_select_s": 0.012670000000071013,
    "total_s": 0.05527110000184621
  },
  "timestamp": "2026-04-16T18:23:08.859121+00:00"
}