{
  "sweep_name": "region_selection_multitask_v1_mackey_glass",
  "config_id": "368e64069d5f",
  "seed": 789,
  "config_point": {
    "spectral_radius": 0.9,
    "input_scaling": 0.3,
    "leak_rate": 0.6
  },
  "best_ridge": 1e-10,
  "val_curve": {
    "1e-10": 2.793134574353435e-12,
    "1e-08": 1.0565946079047366e-10,
    "1e-06": 4.687999926671528e-09,
    "0.0001": 2.1272985203775786e-07,
    "0.01": 8.272950851485932e-06,
    "1.0": 0.00037022352782840114
  },
  "val_metrics": {
    "nmse": 2.793134574353435e-12,
    "rmse": 3.7663374206036404e-07
  },
  "test_metrics": {
    "nmse": 2.404051127481872e-12,
    "rmse": 3.1676648576548094e-07
  },
  "timing": {
    "train_states_s": 0.01883619999716757,
    "ridge_select_s": 0.012342300000454998,
    "total_s": 0.05396139999720617
  },
  "timestamp": "2026-04-16T18:23:08.991850+00:00"
}