{
  "sweep_name": "region_selection_multitask_v1_mackey_glass",
  "config_id": "3810619288b7",
  "seed": 789,
  "config_point": {
    "spectral_radius": 1.0,
    "input_scaling": 0.15,
    "leak_rate": 0.5
  },
  "best_ridge": 1e-10,
  "val_curve": {
    "1e-10": 6.761452761564891e-12,
    "1e-08": 2.7750701651038196e-10,
    "1e-06": 8.581557606039434e-09,
    "0.0001": 5.263921388227943e-07,
    "0.01": 1.2319519272852751e-05,
    "1.0": 0.0008850578233674375
  },
  "val_metrics": {
    "nmse": 6.761452761564891e-12,
    "rmse": 5.859941817397206e-07
  },
  "test_metrics": {
    "nmse": 5.8421915497734166e-12,
    "rmse": 4.938047609468731e-07
  },
  "timing": {
    "train_states_s": 0.017755400000169175,
    "ridge_select_s": 0.011811099997430574,
    "total_s": 0.05205059999934747
  },
  "timestamp": "2026-04-16T18:23:16.694974+00:00"
}