{
  "sweep_name": "region_selection_multitask_v1_mackey_glass",
  "config_id": "3810619288b7",
  "seed": 456,
  "config_point": {
    "spectral_radius": 1.0,
    "input_scaling": 0.15,
    "leak_rate": 0.5
  },
  "best_ridge": 1e-10,
  "val_curve": {
    "1e-10": 5.673140872936343e-12,
    "1e-08": 2.416874763286415e-10,
    "1e-06": 1.1095576091646483e-08,
    "0.0001": 3.699395374059796e-07,
    "0.01": 1.6852455560472725e-05,
    "1.0": 0.0005973011174962042
  },
  "val_metrics": {
    "nmse": 5.673140872936343e-12,
    "rmse": 5.367660988992555e-07
  },
  "test_metrics": {
    "nmse": 4.0253044883599774e-12,
    "rmse": 4.0988945485915876e-07
  },
  "timing": {
    "train_states_s": 0.018695800001296448,
    "ridge_select_s": 0.01215760000195587,
    "total_s": 0.055751100000634324
  },
  "timestamp": "2026-04-16T18:23:16.631841+00:00"
}