{
  "sweep_name": "region_selection_multitask_v1_mackey_glass",
  "config_id": "3810619288b7",
  "seed": 42,
  "config_point": {
    "spectral_radius": 1.0,
    "input_scaling": 0.15,
    "leak_rate": 0.5
  },
  "best_ridge": 1e-10,
  "val_curve": {
    "1e-10": 1.2858064368256305e-11,
    "1e-08": 6.504431478668924e-10,
    "1e-06": 1.818910174954183e-08,
    "0.0001": 7.117867753356011e-07,
    "0.01": 3.808369461904473e-05,
    "1.0": 0.0006492918102798524
  },
  "val_metrics": {
    "nmse": 1.2858064368256305e-11,
    "rmse": 8.08092530888753e-07
  },
  "test_metrics": {
    "nmse": 1.1964081993715701e-11,
    "rmse": 7.066543993665777e-07
  },
  "timing": {
    "train_states_s": 0.019183500000508502,
    "ridge_select_s": 0.013076100000034785,
    "total_s": 0.0560710999998264
  },
  "timestamp": "2026-04-16T18:23:16.500082+00:00"
}