{
  "sweep_name": "region_selection_multitask_v1_mackey_glass",
  "config_id": "3810619288b7",
  "seed": 1024,
  "config_point": {
    "spectral_radius": 1.0,
    "input_scaling": 0.15,
    "leak_rate": 0.5
  },
  "best_ridge": 1e-10,
  "val_curve": {
    "1e-10": 6.465656145848384e-12,
    "1e-08": 2.4305699109855403e-10,
    "1e-06": 7.982585355038073e-09,
    "0.0001": 7.323563036741862e-07,
    "0.01": 2.0967356664400787e-05,
    "1.0": 0.0013830997281716907
  },
  "val_metrics": {
    "nmse": 6.465656145848384e-12,
    "rmse": 5.730329526429671e-07
  },
  "test_metrics": {
    "nmse": 6.439053028832602e-12,
    "rmse": 5.184159770289496e-07
  },
  "timing": {
    "train_states_s": 0.018966800002090167,
    "ridge_select_s": 0.012554599998111371,
    "total_s": 0.054410699998697964
  },
  "timestamp": "2026-04-16T18:23:16.760419+00:00"
}