{
  "sweep_name": "region_selection_multitask_v1_mackey_glass",
  "config_id": "3d29e97f411f",
  "seed": 789,
  "config_point": {
    "spectral_radius": 0.9,
    "input_scaling": 0.05,
    "leak_rate": 1.0
  },
  "best_ridge": 1e-10,
  "val_curve": {
    "1e-10": 5.938249337182102e-12,
    "1e-08": 4.521750378867822e-10,
    "1e-06": 4.0010686760628485e-08,
    "0.0001": 1.0513621353642517e-06,
    "0.01": 3.8734874644758596e-05,
    "1.0": 0.009851110824770509
  },
  "val_metrics": {
    "nmse": 5.938249337182102e-12,
    "rmse": 5.491645686141525e-07
  },
  "test_metrics": {
    "nmse": 5.891893788315943e-12,
    "rmse": 4.95900825632411e-07
  },
  "timing": {
    "train_states_s": 0.0198156000005838,
    "ridge_select_s": 0.012504800000897376,
    "total_s": 0.05525339999803691
  },
  "timestamp": "2026-04-16T18:23:02.164021+00:00"
}