{
  "sweep_name": "region_selection_multitask_v1_mackey_glass",
  "config_id": "3d29e97f411f",
  "seed": 42,
  "config_point": {
    "spectral_radius": 0.9,
    "input_scaling": 0.05,
    "leak_rate": 1.0
  },
  "best_ridge": 1e-10,
  "val_curve": {
    "1e-10": 1.394907782120987e-11,
    "1e-08": 7.41678185370321e-10,
    "1e-06": 3.282249812641539e-08,
    "0.0001": 2.184651182751551e-06,
    "0.01": 3.977610462643524e-05,
    "1.0": 0.006932559613346566
  },
  "val_metrics": {
    "nmse": 1.394907782120987e-11,
    "rmse": 8.41678131499686e-07
  },
  "test_metrics": {
    "nmse": 1.4452186094029146e-11,
    "rmse": 7.766657420157422e-07
  },
  "timing": {
    "train_states_s": 0.017673099999228725,
    "ridge_select_s": 0.012430099999619415,
    "total_s": 0.0532385999977123
  },
  "timestamp": "2026-04-16T18:23:01.967026+00:00"
}