{
  "sweep_name": "region_selection_multitask_v1_mackey_glass",
  "config_id": "3d53c19c2941",
  "seed": 1024,
  "config_point": {
    "spectral_radius": 0.8,
    "input_scaling": 0.1,
    "leak_rate": 0.7
  },
  "best_ridge": 1e-10,
  "val_curve": {
    "1e-10": 1.2840262599022545e-11,
    "1e-08": 3.315667509195771e-10,
    "1e-06": 2.4623759008668795e-08,
    "0.0001": 1.663344430445828e-06,
    "0.01": 4.199818136958345e-05,
    "1.0": 0.0021137031162563476
  },
  "val_metrics": {
    "nmse": 1.2840262599022545e-11,
    "rmse": 8.075329420228336e-07
  },
  "test_metrics": {
    "nmse": 1.1897311879798062e-11,
    "rmse": 7.046797635217132e-07
  },
  "timing": {
    "train_states_s": 0.018486599998141173,
    "ridge_select_s": 0.012165600001026178,
    "total_s": 0.05284870000105002
  },
  "timestamp": "2026-04-16T18:22:50.933827+00:00"
}