{
  "sweep_name": "region_selection_multitask_v1_mackey_glass",
  "config_id": "3d53c19c2941",
  "seed": 456,
  "config_point": {
    "spectral_radius": 0.8,
    "input_scaling": 0.1,
    "leak_rate": 0.7
  },
  "best_ridge": 1e-10,
  "val_curve": {
    "1e-10": 7.467236211306078e-12,
    "1e-08": 3.3965301970481514e-10,
    "1e-06": 2.022741475862801e-08,
    "0.0001": 6.381533088087195e-07,
    "0.01": 1.6383352183712026e-05,
    "1.0": 0.0021426805432173796
  },
  "val_metrics": {
    "nmse": 7.467236211306078e-12,
    "rmse": 6.158192205238901e-07
  },
  "test_metrics": {
    "nmse": 6.783787511098082e-12,
    "rmse": 5.321125410887726e-07
  },
  "timing": {
    "train_states_s": 0.018416400002024602,
    "ridge_select_s": 0.011577400000533089,
    "total_s": 0.05460930000117514
  },
  "timestamp": "2026-04-16T18:22:50.806851+00:00"
}