{
  "sweep_name": "region_selection_multitask_v1_mackey_glass",
  "config_id": "3ea215ff899d",
  "seed": 456,
  "config_point": {
    "spectral_radius": 1.1,
    "input_scaling": 0.05,
    "leak_rate": 0.7
  },
  "best_ridge": 1e-10,
  "val_curve": {
    "1e-10": 2.2643494404341764e-08,
    "1e-08": 6.188765328748677e-08,
    "1e-06": 4.425555054203319e-07,
    "0.0001": 1.804585858597304e-05,
    "0.01": 0.00025395693037645443,
    "1.0": 0.0027929647278141997
  },
  "val_metrics": {
    "nmse": 2.2643494404341764e-08,
    "rmse": 3.391134533197859e-05
  },
  "test_metrics": {
    "nmse": 2.747329204586107e-08,
    "rmse": 3.386278927881564e-05
  },
  "timing": {
    "train_states_s": 0.01875800000198069,
    "ridge_select_s": 0.012681800002610544,
    "total_s": 0.057016799997654743
  },
  "timestamp": "2026-04-16T18:23:25.695512+00:00"
}