{
  "sweep_name": "region_selection_multitask_v1_mackey_glass",
  "config_id": "40baa4e14728",
  "seed": 789,
  "config_point": {
    "spectral_radius": 0.7,
    "input_scaling": 0.2,
    "leak_rate": 0.9
  },
  "best_ridge": 1e-10,
  "val_curve": {
    "1e-10": 5.453941733141455e-12,
    "1e-08": 8.739289404550408e-11,
    "1e-06": 5.3503126276754875e-09,
    "0.0001": 3.9492951716638215e-07,
    "0.01": 1.0798084040181028e-05,
    "1.0": 0.000802352984371635
  },
  "val_metrics": {
    "nmse": 5.453941733141455e-12,
    "rmse": 5.262941489738613e-07
  },
  "test_metrics": {
    "nmse": 5.020988600679206e-12,
    "rmse": 4.577854596997085e-07
  },
  "timing": {
    "train_states_s": 0.018285899997863453,
    "ridge_select_s": 0.012063999998645158,
    "total_s": 0.05300540000098408
  },
  "timestamp": "2026-04-16T18:22:43.482830+00:00"
}