{
  "sweep_name": "region_selection_multitask_v1_mackey_glass",
  "config_id": "40baa4e14728",
  "seed": 1024,
  "config_point": {
    "spectral_radius": 0.7,
    "input_scaling": 0.2,
    "leak_rate": 0.9
  },
  "best_ridge": 1e-10,
  "val_curve": {
    "1e-10": 6.0216726955206805e-12,
    "1e-08": 1.4892449815567106e-10,
    "1e-06": 6.052092484888258e-09,
    "0.0001": 5.103100374516956e-07,
    "0.01": 1.8761424406751803e-05,
    "1.0": 0.0011619543939839717
  },
  "val_metrics": {
    "nmse": 6.0216726955206805e-12,
    "rmse": 5.530085779450555e-07
  },
  "test_metrics": {
    "nmse": 5.3059780659872594e-12,
    "rmse": 4.705980268051699e-07
  },
  "timing": {
    "train_states_s": 0.018914199998107506,
    "ridge_select_s": 0.01209999999991851,
    "total_s": 0.05392619999838644
  },
  "timestamp": "2026-04-16T18:22:43.547518+00:00"
}