{
  "sweep_name": "region_selection_multitask_v1_mackey_glass",
  "config_id": "40baa4e14728",
  "seed": 456,
  "config_point": {
    "spectral_radius": 0.7,
    "input_scaling": 0.2,
    "leak_rate": 0.9
  },
  "best_ridge": 1e-10,
  "val_curve": {
    "1e-10": 3.938909308357836e-12,
    "1e-08": 1.0128772964935473e-10,
    "1e-06": 4.910557676807291e-09,
    "0.0001": 3.1507139822643453e-07,
    "0.01": 6.863702518513426e-06,
    "1.0": 0.0007120633484480743
  },
  "val_metrics": {
    "nmse": 3.938909308357836e-12,
    "rmse": 4.4726126277073817e-07
  },
  "test_metrics": {
    "nmse": 3.6272692366462342e-12,
    "rmse": 3.890964540689873e-07
  },
  "timing": {
    "train_states_s": 0.018723699999100063,
    "ridge_select_s": 0.011901999998372048,
    "total_s": 0.055869200001325225
  },
  "timestamp": "2026-04-16T18:22:43.418943+00:00"
}