{
  "sweep_name": "region_selection_multitask_v1_mackey_glass",
  "config_id": "428a9663f05d",
  "seed": 1024,
  "config_point": {
    "spectral_radius": 0.8,
    "input_scaling": 0.3,
    "leak_rate": 0.5
  },
  "best_ridge": 1e-10,
  "val_curve": {
    "1e-10": 8.244271671918386e-12,
    "1e-08": 1.6879966163251757e-10,
    "1e-06": 5.76082820002065e-09,
    "0.0001": 3.461239987413239e-07,
    "0.01": 1.3477489466857231e-05,
    "1.0": 0.0007968384369656319
  },
  "val_metrics": {
    "nmse": 8.244271671918386e-12,
    "rmse": 6.470672838534555e-07
  },
  "test_metrics": {
    "nmse": 6.556302935430517e-12,
    "rmse": 5.231146499408717e-07
  },
  "timing": {
    "train_states_s": 0.018998799998371396,
    "ridge_select_s": 0.012245699999766657,
    "total_s": 0.053706200000306126
  },
  "timestamp": "2026-04-16T18:22:56.418901+00:00"
}