{
  "sweep_name": "region_selection_multitask_v1_mackey_glass",
  "config_id": "428a9663f05d",
  "seed": 456,
  "config_point": {
    "spectral_radius": 0.8,
    "input_scaling": 0.3,
    "leak_rate": 0.5
  },
  "best_ridge": 1e-10,
  "val_curve": {
    "1e-10": 4.330555566186225e-12,
    "1e-08": 1.7728096381751677e-10,
    "1e-06": 5.607557356715793e-09,
    "0.0001": 2.557347326497649e-07,
    "0.01": 9.534668421635003e-06,
    "1.0": 0.0005054731894811135
  },
  "val_metrics": {
    "nmse": 4.330555566186225e-12,
    "rmse": 4.689700440879443e-07
  },
  "test_metrics": {
    "nmse": 4.548697818851388e-12,
    "rmse": 4.3572343625851484e-07
  },
  "timing": {
    "train_states_s": 0.018444500001351116,
    "ridge_select_s": 0.011723399999027606,
    "total_s": 0.05497340000147233
  },
  "timestamp": "2026-04-16T18:22:56.290586+00:00"
}