{
  "sweep_name": "region_selection_multitask_v1_mackey_glass",
  "config_id": "428a9663f05d",
  "seed": 123,
  "config_point": {
    "spectral_radius": 0.8,
    "input_scaling": 0.3,
    "leak_rate": 0.5
  },
  "best_ridge": 1e-10,
  "val_curve": {
    "1e-10": 8.54045257443206e-12,
    "1e-08": 2.5741675741960663e-10,
    "1e-06": 9.357241939618997e-09,
    "0.0001": 3.312644288497573e-07,
    "0.01": 8.693896190658621e-06,
    "1.0": 0.0005276510068272969
  },
  "val_metrics": {
    "nmse": 8.54045257443206e-12,
    "rmse": 6.58587885218717e-07
  },
  "test_metrics": {
    "nmse": 7.945016316831479e-12,
    "rmse": 5.758571631252668e-07
  },
  "timing": {
    "train_states_s": 0.01760199999989709,
    "ridge_select_s": 0.01249409999945783,
    "total_s": 0.05327160000160802
  },
  "timestamp": "2026-04-16T18:22:56.224023+00:00"
}