{
  "sweep_name": "region_selection_multitask_v1_mackey_glass",
  "config_id": "428a9663f05d",
  "seed": 42,
  "config_point": {
    "spectral_radius": 0.8,
    "input_scaling": 0.3,
    "leak_rate": 0.5
  },
  "best_ridge": 1e-10,
  "val_curve": {
    "1e-10": 6.741259276675396e-12,
    "1e-08": 2.1800841995641053e-10,
    "1e-06": 9.584266435017932e-09,
    "0.0001": 4.2505574195652713e-07,
    "0.01": 1.2858569570585941e-05,
    "1.0": 0.0009390776149614216
  },
  "val_metrics": {
    "nmse": 6.741259276675396e-12,
    "rmse": 5.851184739976913e-07
  },
  "test_metrics": {
    "nmse": 6.027665011969485e-12,
    "rmse": 5.015819862089234e-07
  },
  "timing": {
    "train_states_s": 0.018418799998471513,
    "ridge_select_s": 0.012077799998223782,
    "total_s": 0.15047910000066622
  },
  "timestamp": "2026-04-16T18:22:56.159843+00:00"
}