{
  "sweep_name": "region_selection_multitask_v1_mackey_glass",
  "config_id": "428a9663f05d",
  "seed": 789,
  "config_point": {
    "spectral_radius": 0.8,
    "input_scaling": 0.3,
    "leak_rate": 0.5
  },
  "best_ridge": 1e-10,
  "val_curve": {
    "1e-10": 5.715705540401295e-12,
    "1e-08": 1.725449213601671e-10,
    "1e-06": 7.629033407657202e-09,
    "0.0001": 2.6085404700931183e-07,
    "0.01": 1.1989760100066111e-05,
    "1.0": 0.00041740566416493126
  },
  "val_metrics": {
    "nmse": 5.715705540401295e-12,
    "rmse": 5.387759710477289e-07
  },
  "test_metrics": {
    "nmse": 5.260542006938512e-12,
    "rmse": 4.6857878631259785e-07
  },
  "timing": {
    "train_states_s": 0.018082699996739393,
    "ridge_select_s": 0.012193300000944873,
    "total_s": 0.05242970000108471
  },
  "timestamp": "2026-04-16T18:22:56.354323+00:00"
}