{
  "sweep_name": "region_selection_multitask_v1_mackey_glass",
  "config_id": "4301cfd62e59",
  "seed": 456,
  "config_point": {
    "spectral_radius": 0.9,
    "input_scaling": 0.2,
    "leak_rate": 0.5
  },
  "best_ridge": 1e-10,
  "val_curve": {
    "1e-10": 4.590207095215322e-12,
    "1e-08": 1.8818295610704564e-10,
    "1e-06": 8.59297977758661e-09,
    "0.0001": 4.0157840017762254e-07,
    "0.01": 1.342118906683218e-05,
    "1.0": 0.0006882309204176854
  },
  "val_metrics": {
    "nmse": 4.590207095215322e-12,
    "rmse": 4.828246505578288e-07
  },
  "test_metrics": {
    "nmse": 3.98288851497735e-12,
    "rmse": 4.077241648403032e-07
  },
  "timing": {
    "train_states_s": 0.019030100000236416,
    "ridge_select_s": 0.012425500000972534,
    "total_s": 0.05639099999825703
  },
  "timestamp": "2026-04-16T18:23:06.485423+00:00"
}