{
  "sweep_name": "region_selection_multitask_v1_mackey_glass",
  "config_id": "4301cfd62e59",
  "seed": 1024,
  "config_point": {
    "spectral_radius": 0.9,
    "input_scaling": 0.2,
    "leak_rate": 0.5
  },
  "best_ridge": 1e-10,
  "val_curve": {
    "1e-10": 6.497399980026099e-12,
    "1e-08": 2.212525087773742e-10,
    "1e-06": 7.809811166576854e-09,
    "0.0001": 6.217784774038644e-07,
    "0.01": 1.9168018903492233e-05,
    "1.0": 0.001177939135996066
  },
  "val_metrics": {
    "nmse": 6.497399980026099e-12,
    "rmse": 5.744379137555228e-07
  },
  "test_metrics": {
    "nmse": 5.761155579025258e-12,
    "rmse": 4.903680641095052e-07
  },
  "timing": {
    "train_states_s": 0.020162500000878936,
    "ridge_select_s": 0.01237570000012056,
    "total_s": 0.057142199999361765
  },
  "timestamp": "2026-04-16T18:23:06.617301+00:00"
}