{
  "sweep_name": "region_selection_multitask_v1_mackey_glass",
  "config_id": "4301cfd62e59",
  "seed": 42,
  "config_point": {
    "spectral_radius": 0.9,
    "input_scaling": 0.2,
    "leak_rate": 0.5
  },
  "best_ridge": 1e-10,
  "val_curve": {
    "1e-10": 8.8737358834606e-12,
    "1e-08": 3.263312284453939e-10,
    "1e-06": 1.4962929228333908e-08,
    "0.0001": 3.5784700037465036e-07,
    "0.01": 2.135817316846403e-05,
    "1.0": 0.0008505733044519965
  },
  "val_metrics": {
    "nmse": 8.8737358834606e-12,
    "rmse": 6.7131529797676e-07
  },
  "test_metrics": {
    "nmse": 8.79837585049439e-12,
    "rmse": 6.059944292720417e-07
  },
  "timing": {
    "train_states_s": 0.018667799999093404,
    "ridge_select_s": 0.012282399999094196,
    "total_s": 0.060599399999773595
  },
  "timestamp": "2026-04-16T18:23:06.354593+00:00"
}