{
  "sweep_name": "region_selection_multitask_v1_mackey_glass",
  "config_id": "436b06916e16",
  "seed": 123,
  "config_point": {
    "spectral_radius": 0.7,
    "input_scaling": 0.2,
    "leak_rate": 0.5
  },
  "best_ridge": 1e-10,
  "val_curve": {
    "1e-10": 2.1550902289756008e-11,
    "1e-08": 5.348396260297143e-10,
    "1e-06": 1.9577363191970916e-08,
    "0.0001": 5.832432720576179e-07,
    "0.01": 1.4518149938169447e-05,
    "1.0": 0.0016652475740177542
  },
  "val_metrics": {
    "nmse": 2.1550902289756008e-11,
    "rmse": 1.0461790617632764e-06
  },
  "test_metrics": {
    "nmse": 2.098786098916628e-11,
    "rmse": 9.359474517702345e-07
  },
  "timing": {
    "train_states_s": 0.01823060000242549,
    "ridge_select_s": 0.012572100000397768,
    "total_s": 0.05355259999851114
  },
  "timestamp": "2026-04-16T18:22:42.036070+00:00"
}