{
  "sweep_name": "region_selection_multitask_v1_mackey_glass",
  "config_id": "436b06916e16",
  "seed": 42,
  "config_point": {
    "spectral_radius": 0.7,
    "input_scaling": 0.2,
    "leak_rate": 0.5
  },
  "best_ridge": 1e-10,
  "val_curve": {
    "1e-10": 1.866009093924204e-11,
    "1e-08": 4.800641209216335e-10,
    "1e-06": 2.0422894542563708e-08,
    "0.0001": 6.385686251896599e-07,
    "0.01": 2.4722578829098626e-05,
    "1.0": 0.002021101052711114
  },
  "val_metrics": {
    "nmse": 1.866009093924204e-11,
    "rmse": 9.734870370855785e-07
  },
  "test_metrics": {
    "nmse": 1.6957815684733656e-11,
    "rmse": 8.413027954715789e-07
  },
  "timing": {
    "train_states_s": 0.017642299997532973,
    "ridge_select_s": 0.011730800000805175,
    "total_s": 0.051833400000759866
  },
  "timestamp": "2026-04-16T18:22:41.971658+00:00"
}