{
  "sweep_name": "region_selection_multitask_v1_mackey_glass",
  "config_id": "44690489abe6",
  "seed": 123,
  "config_point": {
    "spectral_radius": 1.1,
    "input_scaling": 0.2,
    "leak_rate": 0.9
  },
  "best_ridge": 1e-10,
  "val_curve": {
    "1e-10": 1.7504201586017805e-12,
    "1e-08": 4.4141068529019e-11,
    "1e-06": 2.903746436443958e-09,
    "0.0001": 1.201207937161939e-07,
    "0.01": 7.501196688245795e-06,
    "1.0": 0.00027197699645861625
  },
  "val_metrics": {
    "nmse": 1.7504201586017805e-12,
    "rmse": 2.9815661417311725e-07
  },
  "test_metrics": {
    "nmse": 2.061283150190855e-12,
    "rmse": 2.9331630355841115e-07
  },
  "timing": {
    "train_states_s": 0.018790699999954086,
    "ridge_select_s": 0.01260569999794825,
    "total_s": 0.056178899998485576
  },
  "timestamp": "2026-04-16T18:23:32.381673+00:00"
}