{
  "sweep_name": "region_selection_multitask_v1_mackey_glass",
  "config_id": "4624975b8b19",
  "seed": 789,
  "config_point": {
    "spectral_radius": 1.1,
    "input_scaling": 0.1,
    "leak_rate": 0.6
  },
  "best_ridge": 1e-10,
  "val_curve": {
    "1e-10": 4.4110777784025475e-11,
    "1e-08": 1.0605506820791323e-09,
    "1e-06": 8.270994200972601e-08,
    "0.0001": 4.988199511009242e-07,
    "0.01": 2.6257397041608253e-05,
    "1.0": 0.0015017961374477638
  },
  "val_metrics": {
    "nmse": 4.4110777784025475e-11,
    "rmse": 1.496737544223292e-06
  },
  "test_metrics": {
    "nmse": 1.2110305206165041e-11,
    "rmse": 7.109595968911055e-07
  },
  "timing": {
    "train_states_s": 0.019032699998206226,
    "ridge_select_s": 0.012405900000885595,
    "total_s": 0.05452239999794983
  },
  "timestamp": "2026-04-16T18:23:27.477081+00:00"
}