{
  "sweep_name": "region_selection_multitask_v1_mackey_glass",
  "config_id": "4624975b8b19",
  "seed": 42,
  "config_point": {
    "spectral_radius": 1.1,
    "input_scaling": 0.1,
    "leak_rate": 0.6
  },
  "best_ridge": 1e-10,
  "val_curve": {
    "1e-10": 8.117902320543264e-09,
    "1e-08": 4.081667293491531e-08,
    "1e-06": 8.741235285963037e-07,
    "0.0001": 1.0039067484411212e-05,
    "0.01": 0.000921396414437692,
    "1.0": 0.012485152994544313
  },
  "val_metrics": {
    "nmse": 8.117902320543264e-09,
    "rmse": 2.030463586985387e-05
  },
  "test_metrics": {
    "nmse": 1.5319151951635645e-10,
    "rmse": 2.528626812390064e-06
  },
  "timing": {
    "train_states_s": 0.018579500003397698,
    "ridge_select_s": 0.01291049999781535,
    "total_s": 0.0660000999996555
  },
  "timestamp": "2026-04-16T18:23:27.275781+00:00"
}