{
  "sweep_name": "region_selection_multitask_v1_mackey_glass",
  "config_id": "4624975b8b19",
  "seed": 1024,
  "config_point": {
    "spectral_radius": 1.1,
    "input_scaling": 0.1,
    "leak_rate": 0.6
  },
  "best_ridge": 1e-10,
  "val_curve": {
    "1e-10": 5.764924962562052e-12,
    "1e-08": 3.9776756717506715e-10,
    "1e-06": 1.695516334301171e-08,
    "0.0001": 6.213642481322365e-07,
    "0.01": 6.581728611846265e-05,
    "1.0": 0.0018432511608018603
  },
  "val_metrics": {
    "nmse": 5.764924962562052e-12,
    "rmse": 5.410907681805125e-07
  },
  "test_metrics": {
    "nmse": 4.8416443930714565e-12,
    "rmse": 4.49535320994979e-07
  },
  "timing": {
    "train_states_s": 0.018529199998738477,
    "ridge_select_s": 0.011964500001340639,
    "total_s": 0.05306689999997616
  },
  "timestamp": "2026-04-16T18:23:27.541128+00:00"
}