{
  "sweep_name": "region_selection_multitask_v1_mackey_glass",
  "config_id": "48d26dd61317",
  "seed": 456,
  "config_point": {
    "spectral_radius": 1.1,
    "input_scaling": 0.4,
    "leak_rate": 0.8
  },
  "best_ridge": 1e-10,
  "val_curve": {
    "1e-10": 2.8437061384378004e-06,
    "1e-08": 0.0003799909937079531,
    "1e-06": 0.002591756904916273,
    "0.0001": 0.00312636289406968,
    "0.01": 0.001456282063152663,
    "1.0": 0.0007496163473732554
  },
  "val_metrics": {
    "nmse": 2.8437061384378004e-06,
    "rmse": 0.0003800280494622089
  },
  "test_metrics": {
    "nmse": 1.6495535811614858e-10,
    "rmse": 2.6239200021512237e-06
  },
  "timing": {
    "train_states_s": 0.018513200000597863,
    "ridge_select_s": 0.012079500000254484,
    "total_s": 0.05737600000065868
  },
  "timestamp": "2026-04-16T18:23:36.169987+00:00"
}