{
  "sweep_name": "region_selection_multitask_v1_mackey_glass",
  "config_id": "48d26dd61317",
  "seed": 123,
  "config_point": {
    "spectral_radius": 1.1,
    "input_scaling": 0.4,
    "leak_rate": 0.8
  },
  "best_ridge": 1e-10,
  "val_curve": {
    "1e-10": 9.644786793854822e-13,
    "1e-08": 3.7761238972869676e-11,
    "1e-06": 1.2080574793361874e-09,
    "0.0001": 8.378668951656158e-08,
    "0.01": 5.106789696265846e-06,
    "1.0": 0.00023906610564468516
  },
  "val_metrics": {
    "nmse": 9.644786793854822e-13,
    "rmse": 2.2131946448302444e-07
  },
  "test_metrics": {
    "nmse": 1.1727346880481765e-12,
    "rmse": 2.2124184030906545e-07
  },
  "timing": {
    "train_states_s": 0.018780800000968156,
    "ridge_select_s": 0.011798699997598305,
    "total_s": 0.05365159999928437
  },
  "timestamp": "2026-04-16T18:23:36.101698+00:00"
}