{
  "sweep_name": "region_selection_multitask_v1_mackey_glass",
  "config_id": "48d26dd61317",
  "seed": 42,
  "config_point": {
    "spectral_radius": 1.1,
    "input_scaling": 0.4,
    "leak_rate": 0.8
  },
  "best_ridge": 1e-10,
  "val_curve": {
    "1e-10": 3.187362190059359e-11,
    "1e-08": 7.913429490040364e-11,
    "1e-06": 2.2264196536552575e-09,
    "0.0001": 1.2793255799397203e-07,
    "0.01": 9.115993407198402e-06,
    "1.0": 0.00038339839901031553
  },
  "val_metrics": {
    "nmse": 3.187362190059359e-11,
    "rmse": 1.2722984648083585e-06
  },
  "test_metrics": {
    "nmse": 4.341112890643673e-12,
    "rmse": 4.2566497501411364e-07
  },
  "timing": {
    "train_states_s": 0.01849930000025779,
    "ridge_select_s": 0.012122000000090338,
    "total_s": 0.07297409999955562
  },
  "timestamp": "2026-04-16T18:23:36.037356+00:00"
}