{
  "sweep_name": "region_selection_multitask_v1_mackey_glass",
  "config_id": "48d26dd61317",
  "seed": 789,
  "config_point": {
    "spectral_radius": 1.1,
    "input_scaling": 0.4,
    "leak_rate": 0.8
  },
  "best_ridge": 1e-10,
  "val_curve": {
    "1e-10": 1.0146079379132253e-12,
    "1e-08": 3.6517949452509185e-11,
    "1e-06": 1.8659015858233006e-09,
    "0.0001": 6.251134511923291e-08,
    "0.01": 3.771808177206129e-06,
    "1.0": 0.00014876269402945775
  },
  "val_metrics": {
    "nmse": 1.0146079379132253e-12,
    "rmse": 2.2699820487218237e-07
  },
  "test_metrics": {
    "nmse": 9.460751936174467e-13,
    "rmse": 1.987147955993958e-07
  },
  "timing": {
    "train_states_s": 0.01840710000033141,
    "ridge_select_s": 0.011696400000801077,
    "total_s": 0.05245230000218726
  },
  "timestamp": "2026-04-16T18:23:36.233490+00:00"
}