{
  "sweep_name": "region_selection_multitask_v1_mackey_glass",
  "config_id": "4a5de2fdccd6",
  "seed": 42,
  "config_point": {
    "spectral_radius": 0.8,
    "input_scaling": 0.2,
    "leak_rate": 0.8
  },
  "best_ridge": 1e-10,
  "val_curve": {
    "1e-10": 3.86471679199145e-12,
    "1e-08": 2.0384757977867878e-10,
    "1e-06": 7.702078520495478e-09,
    "0.0001": 2.0271355278183636e-07,
    "0.01": 1.7593257775865336e-05,
    "1.0": 0.0007030835357322039
  },
  "val_metrics": {
    "nmse": 3.86471679199145e-12,
    "rmse": 4.4302897607555053e-07
  },
  "test_metrics": {
    "nmse": 3.4294432284443447e-12,
    "rmse": 3.7833732216906255e-07
  },
  "timing": {
    "train_states_s": 0.01764759999787202,
    "ridge_select_s": 0.011896199997863732,
    "total_s": 0.06273789999977453
  },
  "timestamp": "2026-04-16T18:22:55.091068+00:00"
}