{
  "sweep_name": "region_selection_multitask_v1_mackey_glass",
  "config_id": "4a5de2fdccd6",
  "seed": 456,
  "config_point": {
    "spectral_radius": 0.8,
    "input_scaling": 0.2,
    "leak_rate": 0.8
  },
  "best_ridge": 1e-10,
  "val_curve": {
    "1e-10": 2.2792170956234383e-12,
    "1e-08": 1.0578254157327248e-10,
    "1e-06": 6.517972600892533e-09,
    "0.0001": 1.7178893277428846e-07,
    "0.01": 6.161385718875759e-06,
    "1.0": 0.000690925537809535
  },
  "val_metrics": {
    "nmse": 2.2792170956234383e-12,
    "rmse": 3.4022493654495815e-07
  },
  "test_metrics": {
    "nmse": 1.950132623214355e-12,
    "rmse": 2.8529847515197536e-07
  },
  "timing": {
    "train_states_s": 0.017730499999743188,
    "ridge_select_s": 0.011907600000995444,
    "total_s": 0.05400970000118832
  },
  "timestamp": "2026-04-16T18:22:55.220638+00:00"
}