{
  "sweep_name": "region_selection_multitask_v1_mackey_glass",
  "config_id": "4a5de2fdccd6",
  "seed": 1024,
  "config_point": {
    "spectral_radius": 0.8,
    "input_scaling": 0.2,
    "leak_rate": 0.8
  },
  "best_ridge": 1e-10,
  "val_curve": {
    "1e-10": 2.6298400391964263e-12,
    "1e-08": 1.1676179235427077e-10,
    "1e-06": 9.241463977027772e-09,
    "0.0001": 4.611390881605954e-07,
    "0.01": 1.1426668094670502e-05,
    "1.0": 0.0010704908045032497
  },
  "val_metrics": {
    "nmse": 2.6298400391964263e-12,
    "rmse": 3.65458410906201e-07
  },
  "test_metrics": {
    "nmse": 2.3292680180886607e-12,
    "rmse": 3.1180071627606405e-07
  },
  "timing": {
    "train_states_s": 0.01827870000124676,
    "ridge_select_s": 0.011493200003314996,
    "total_s": 0.05118940000102157
  },
  "timestamp": "2026-04-16T18:22:55.347043+00:00"
}