{
  "sweep_name": "region_selection_multitask_v1_mackey_glass",
  "config_id": "4a5de2fdccd6",
  "seed": 123,
  "config_point": {
    "spectral_radius": 0.8,
    "input_scaling": 0.2,
    "leak_rate": 0.8
  },
  "best_ridge": 1e-10,
  "val_curve": {
    "1e-10": 4.326254354821003e-12,
    "1e-08": 1.6554655794191996e-10,
    "1e-06": 6.220747496900038e-09,
    "0.0001": 2.1937216331781372e-07,
    "0.01": 1.131095194012391e-05,
    "1.0": 0.0009248592860801462
  },
  "val_metrics": {
    "nmse": 4.326254354821003e-12,
    "rmse": 4.687370900974713e-07
  },
  "test_metrics": {
    "nmse": 4.551873575197736e-12,
    "rmse": 4.358755138513218e-07
  },
  "timing": {
    "train_states_s": 0.018491400001948932,
    "ridge_select_s": 0.011844399999972666,
    "total_s": 0.05357880000156001
  },
  "timestamp": "2026-04-16T18:22:55.155623+00:00"
}