{
  "sweep_name": "region_selection_multitask_v1_mackey_glass",
  "config_id": "4a5de2fdccd6",
  "seed": 789,
  "config_point": {
    "spectral_radius": 0.8,
    "input_scaling": 0.2,
    "leak_rate": 0.8
  },
  "best_ridge": 1e-10,
  "val_curve": {
    "1e-10": 2.979893940948742e-12,
    "1e-08": 1.7064614171496306e-10,
    "1e-06": 6.098982238362119e-09,
    "0.0001": 2.2086255091437235e-07,
    "0.01": 9.342964122915318e-06,
    "1.0": 0.0004783739153658684
  },
  "val_metrics": {
    "nmse": 2.979893940948742e-12,
    "rmse": 3.890215845264486e-07
  },
  "test_metrics": {
    "nmse": 2.49682579248408e-12,
    "rmse": 3.2282079127376495e-07
  },
  "timing": {
    "train_states_s": 0.01847529999940889,
    "ridge_select_s": 0.011526800000865478,
    "total_s": 0.05317029999787337
  },
  "timestamp": "2026-04-16T18:22:55.284579+00:00"
}