{
  "sweep_name": "region_selection_multitask_v1_mackey_glass",
  "config_id": "4b181bf29230",
  "seed": 789,
  "config_point": {
    "spectral_radius": 0.8,
    "input_scaling": 0.4,
    "leak_rate": 1.0
  },
  "best_ridge": 1e-10,
  "val_curve": {
    "1e-10": 9.676606695828787e-13,
    "1e-08": 7.14149576259411e-11,
    "1e-06": 2.1965258321166877e-09,
    "0.0001": 8.173945291828267e-08,
    "0.01": 6.516485639024454e-06,
    "1.0": 0.00020715123935446245
  },
  "val_metrics": {
    "nmse": 9.676606695828787e-13,
    "rmse": 2.2168425039629466e-07
  },
  "test_metrics": {
    "nmse": 1.0776748529929204e-12,
    "rmse": 2.1208563368683562e-07
  },
  "timing": {
    "train_states_s": 0.018663299997569993,
    "ridge_select_s": 0.012330099998507649,
    "total_s": 0.05378299999938463
  },
  "timestamp": "2026-04-16T18:23:00.070863+00:00"
}