{
  "sweep_name": "region_selection_multitask_v1_mackey_glass",
  "config_id": "4b181bf29230",
  "seed": 123,
  "config_point": {
    "spectral_radius": 0.8,
    "input_scaling": 0.4,
    "leak_rate": 1.0
  },
  "best_ridge": 1e-10,
  "val_curve": {
    "1e-10": 1.664540179649759e-12,
    "1e-08": 6.788631960433571e-11,
    "1e-06": 2.5037656771983886e-09,
    "0.0001": 1.5828390497497385e-07,
    "0.01": 4.145256108392866e-06,
    "1.0": 0.0002594752939948225
  },
  "val_metrics": {
    "nmse": 1.664540179649759e-12,
    "rmse": 2.907504772815976e-07
  },
  "test_metrics": {
    "nmse": 1.8947597748889205e-12,
    "rmse": 2.8121886740439766e-07
  },
  "timing": {
    "train_states_s": 0.018377600001258543,
    "ridge_select_s": 0.011667200000374578,
    "total_s": 0.053045799999381416
  },
  "timestamp": "2026-04-16T18:22:59.940428+00:00"
}