{
  "sweep_name": "region_selection_multitask_v1_mackey_glass",
  "config_id": "4b181bf29230",
  "seed": 42,
  "config_point": {
    "spectral_radius": 0.8,
    "input_scaling": 0.4,
    "leak_rate": 1.0
  },
  "best_ridge": 1e-10,
  "val_curve": {
    "1e-10": 1.6361234211860015e-12,
    "1e-08": 8.433102826347816e-11,
    "1e-06": 3.6184847597950187e-09,
    "0.0001": 1.795315062700713e-07,
    "0.01": 7.038096070324286e-06,
    "1.0": 0.0004672955213427975
  },
  "val_metrics": {
    "nmse": 1.6361234211860015e-12,
    "rmse": 2.8825797120973395e-07
  },
  "test_metrics": {
    "nmse": 1.725007582957191e-12,
    "rmse": 2.683260768524275e-07
  },
  "timing": {
    "train_states_s": 0.017672999998467276,
    "ridge_select_s": 0.012432299998181406,
    "total_s": 0.07217320000199834
  },
  "timestamp": "2026-04-16T18:22:59.876301+00:00"
}