{
  "sweep_name": "region_selection_multitask_v1_mackey_glass",
  "config_id": "4b181bf29230",
  "seed": 456,
  "config_point": {
    "spectral_radius": 0.8,
    "input_scaling": 0.4,
    "leak_rate": 1.0
  },
  "best_ridge": 1e-10,
  "val_curve": {
    "1e-10": 7.086259040233368e-13,
    "1e-08": 3.7421178475934554e-11,
    "1e-06": 1.6371880115094438e-09,
    "0.0001": 1.0324142836881635e-07,
    "0.01": 4.265677010425549e-06,
    "1.0": 0.000305265788678917
  },
  "val_metrics": {
    "nmse": 7.086259040233368e-13,
    "rmse": 1.8970632323429188e-07
  },
  "test_metrics": {
    "nmse": 7.305838302338961e-13,
    "rmse": 1.7462338582747557e-07
  },
  "timing": {
    "train_states_s": 0.01772300000084215,
    "ridge_select_s": 0.012286699999094708,
    "total_s": 0.05454780000218307
  },
  "timestamp": "2026-04-16T18:23:00.006019+00:00"
}