{
  "sweep_name": "region_selection_multitask_v1_mackey_glass",
  "config_id": "4b181bf29230",
  "seed": 1024,
  "config_point": {
    "spectral_radius": 0.8,
    "input_scaling": 0.4,
    "leak_rate": 1.0
  },
  "best_ridge": 1e-10,
  "val_curve": {
    "1e-10": 1.0592325911338462e-12,
    "1e-08": 7.445296442128136e-11,
    "1e-06": 1.7536929997626177e-09,
    "0.0001": 1.862579365171298e-07,
    "0.01": 5.511562569089271e-06,
    "1.0": 0.0003800276439104545
  },
  "val_metrics": {
    "nmse": 1.0592325911338462e-12,
    "rmse": 2.3193642690299359e-07
  },
  "test_metrics": {
    "nmse": 1.2371372360775112e-12,
    "rmse": 2.2723557106185428e-07
  },
  "timing": {
    "train_states_s": 0.017949500001122942,
    "ridge_select_s": 0.011774900001910282,
    "total_s": 0.05113599999822327
  },
  "timestamp": "2026-04-16T18:23:00.132846+00:00"
}