{
  "sweep_name": "region_selection_multitask_v1_mackey_glass",
  "config_id": "4bf4f06eba9c",
  "seed": 1024,
  "config_point": {
    "spectral_radius": 0.8,
    "input_scaling": 0.2,
    "leak_rate": 1.0
  },
  "best_ridge": 1e-10,
  "val_curve": {
    "1e-10": 1.4751233673096639e-12,
    "1e-08": 5.816686396203909e-11,
    "1e-06": 6.152593920303104e-09,
    "0.0001": 3.757725871571263e-07,
    "0.01": 1.168873861031506e-05,
    "1.0": 0.0009223051116382847
  },
  "val_metrics": {
    "nmse": 1.4751233673096639e-12,
    "rmse": 2.7370798422516145e-07
  },
  "test_metrics": {
    "nmse": 1.4010502832970728e-12,
    "rmse": 2.418211253155765e-07
  },
  "timing": {
    "train_states_s": 0.018429900002956856,
    "ridge_select_s": 0.011770200002501952,
    "total_s": 0.05157140000301297
  },
  "timestamp": "2026-04-16T18:22:55.998265+00:00"
}