{
  "sweep_name": "region_selection_multitask_v1_mackey_glass",
  "config_id": "4bf4f06eba9c",
  "seed": 42,
  "config_point": {
    "spectral_radius": 0.8,
    "input_scaling": 0.2,
    "leak_rate": 1.0
  },
  "best_ridge": 1e-10,
  "val_curve": {
    "1e-10": 1.951093879444554e-12,
    "1e-08": 1.5168241236948934e-10,
    "1e-06": 6.439993973381205e-09,
    "0.0001": 1.9640668089067997e-07,
    "0.01": 1.7116515277189332e-05,
    "1.0": 0.0005753826377294991
  },
  "val_metrics": {
    "nmse": 1.951093879444554e-12,
    "rmse": 3.1478380317195435e-07
  },
  "test_metrics": {
    "nmse": 1.6356519419687018e-12,
    "rmse": 2.612840044733828e-07
  },
  "timing": {
    "train_states_s": 0.01784580000094138,
    "ridge_select_s": 0.012555099998280639,
    "total_s": 0.059755099999165395
  },
  "timestamp": "2026-04-16T18:22:55.742593+00:00"
}