{
  "sweep_name": "region_selection_multitask_v1_mackey_glass",
  "config_id": "4c9884e52c0b",
  "seed": 456,
  "config_point": {
    "spectral_radius": 1.1,
    "input_scaling": 0.05,
    "leak_rate": 0.8
  },
  "best_ridge": 1e-10,
  "val_curve": {
    "1e-10": 1.0134763127923424e-08,
    "1e-08": 3.056576752975738e-08,
    "1e-06": 4.04162321149226e-07,
    "0.0001": 4.069346329797991e-06,
    "0.01": 0.00011198703162589073,
    "1.0": 0.0026793499855248953
  },
  "val_metrics": {
    "nmse": 1.0134763127923424e-08,
    "rmse": 2.26871580327285e-05
  },
  "test_metrics": {
    "nmse": 4.909725563582214e-09,
    "rmse": 1.431515271040498e-05
  },
  "timing": {
    "train_states_s": 0.018968199998198543,
    "ridge_select_s": 0.011899599998287158,
    "total_s": 0.05513559999963036
  },
  "timestamp": "2026-04-16T18:23:26.036475+00:00"
}