{
  "sweep_name": "region_selection_multitask_v1_mackey_glass",
  "config_id": "4c9884e52c0b",
  "seed": 42,
  "config_point": {
    "spectral_radius": 1.1,
    "input_scaling": 0.05,
    "leak_rate": 0.8
  },
  "best_ridge": 1e-10,
  "val_curve": {
    "1e-10": 1.7005995721902906e-09,
    "1e-08": 2.7857523850838984e-08,
    "1e-06": 6.283733131764077e-07,
    "0.0001": 8.302398075277686e-06,
    "0.01": 0.00038811343406228475,
    "1.0": 0.012002682739536676
  },
  "val_metrics": {
    "nmse": 1.7005995721902906e-09,
    "rmse": 9.293393526280463e-06
  },
  "test_metrics": {
    "nmse": 1.7211193694163924e-10,
    "rmse": 2.6802349915048212e-06
  },
  "timing": {
    "train_states_s": 0.018877999998949235,
    "ridge_select_s": 0.011936900002183393,
    "total_s": 0.06866200000149547
  },
  "timestamp": "2026-04-16T18:23:25.904417+00:00"
}