{
  "sweep_name": "region_selection_multitask_v1_mackey_glass",
  "config_id": "4c9884e52c0b",
  "seed": 1024,
  "config_point": {
    "spectral_radius": 1.1,
    "input_scaling": 0.05,
    "leak_rate": 0.8
  },
  "best_ridge": 1e-10,
  "val_curve": {
    "1e-10": 1.1278123177039498e-11,
    "1e-08": 5.376649498327923e-10,
    "1e-06": 4.865387112107829e-08,
    "0.0001": 2.488582377494144e-06,
    "0.01": 6.906734945312374e-05,
    "1.0": 0.002672161059248576
  },
  "val_metrics": {
    "nmse": 1.1278123177039498e-11,
    "rmse": 7.568184512835419e-07
  },
  "test_metrics": {
    "nmse": 9.558313181851954e-12,
    "rmse": 6.316230999689361e-07
  },
  "timing": {
    "train_states_s": 0.018443000000843313,
    "ridge_select_s": 0.011931600001844345,
    "total_s": 0.05251059999864083
  },
  "timestamp": "2026-04-16T18:23:26.164885+00:00"
}