{
  "sweep_name": "region_selection_multitask_v1_mackey_glass",
  "config_id": "4c9884e52c0b",
  "seed": 123,
  "config_point": {
    "spectral_radius": 1.1,
    "input_scaling": 0.05,
    "leak_rate": 0.8
  },
  "best_ridge": 1e-10,
  "val_curve": {
    "1e-10": 1.1737206728568192e-08,
    "1e-08": 3.18123080677797e-08,
    "1e-06": 2.0391431619754002e-06,
    "0.0001": 3.2673880631631773e-06,
    "0.01": 4.3276498599411484e-05,
    "1.0": 0.005120926497656902
  },
  "val_metrics": {
    "nmse": 1.1737206728568192e-08,
    "rmse": 2.441494059044571e-05
  },
  "test_metrics": {
    "nmse": 7.66550619299179e-11,
    "rmse": 1.7887011908049826e-06
  },
  "timing": {
    "train_states_s": 0.01847029999771621,
    "ridge_select_s": 0.012594100000569597,
    "total_s": 0.05417429999943124
  },
  "timestamp": "2026-04-16T18:23:25.969581+00:00"
}