{
  "sweep_name": "region_selection_multitask_v1_mackey_glass",
  "config_id": "4c9884e52c0b",
  "seed": 789,
  "config_point": {
    "spectral_radius": 1.1,
    "input_scaling": 0.05,
    "leak_rate": 0.8
  },
  "best_ridge": 1e-10,
  "val_curve": {
    "1e-10": 6.365420861576919e-11,
    "1e-08": 1.2845278141783946e-09,
    "1e-06": 9.988725781955182e-08,
    "0.0001": 1.1030498046066417e-06,
    "0.01": 3.214611357320703e-05,
    "1.0": 0.003634765675007771
  },
  "val_metrics": {
    "nmse": 6.365420861576919e-11,
    "rmse": 1.797988279743832e-06
  },
  "test_metrics": {
    "nmse": 8.896893048735478e-12,
    "rmse": 6.093777060712335e-07
  },
  "timing": {
    "train_states_s": 0.01846809999915422,
    "ridge_select_s": 0.012366499999188818,
    "total_s": 0.05350729999918258
  },
  "timestamp": "2026-04-16T18:23:26.101402+00:00"
}