{
  "sweep_name": "region_selection_multitask_v1_mackey_glass",
  "config_id": "4cf2b39e2665",
  "seed": 123,
  "config_point": {
    "spectral_radius": 0.9,
    "input_scaling": 0.3,
    "leak_rate": 0.5
  },
  "best_ridge": 1e-10,
  "val_curve": {
    "1e-10": 5.094782685418076e-12,
    "1e-08": 1.722258655629045e-10,
    "1e-06": 5.857455965110882e-09,
    "0.0001": 2.288183079092434e-07,
    "0.01": 9.788844899337637e-06,
    "1.0": 0.0005903694477875193
  },
  "val_metrics": {
    "nmse": 5.094782685418076e-12,
    "rmse": 5.086700024838061e-07
  },
  "test_metrics": {
    "nmse": 4.89947701017819e-12,
    "rmse": 4.522121625172502e-07
  },
  "timing": {
    "train_states_s": 0.01857400000153575,
    "ridge_select_s": 0.01265150000108406,
    "total_s": 0.05343480000010459
  },
  "timestamp": "2026-04-16T18:23:08.489621+00:00"
}