{
  "sweep_name": "region_selection_multitask_v1_mackey_glass",
  "config_id": "4cf2b39e2665",
  "seed": 42,
  "config_point": {
    "spectral_radius": 0.9,
    "input_scaling": 0.3,
    "leak_rate": 0.5
  },
  "best_ridge": 1e-10,
  "val_curve": {
    "1e-10": 5.716209943720632e-12,
    "1e-08": 2.644889972328136e-10,
    "1e-06": 7.440011757760512e-09,
    "0.0001": 3.039473013833404e-07,
    "0.01": 1.1223052882674764e-05,
    "1.0": 0.0007363000279946721
  },
  "val_metrics": {
    "nmse": 5.716209943720632e-12,
    "rmse": 5.387997436503322e-07
  },
  "test_metrics": {
    "nmse": 5.526396078777178e-12,
    "rmse": 4.802732304789874e-07
  },
  "timing": {
    "train_states_s": 0.01914329999999609,
    "ridge_select_s": 0.012216300001455238,
    "total_s": 0.05526499999905354
  },
  "timestamp": "2026-04-16T18:23:08.424994+00:00"
}