{
  "sweep_name": "region_selection_multitask_v1_mackey_glass",
  "config_id": "4cf2b39e2665",
  "seed": 1024,
  "config_point": {
    "spectral_radius": 0.9,
    "input_scaling": 0.3,
    "leak_rate": 0.5
  },
  "best_ridge": 1e-10,
  "val_curve": {
    "1e-10": 4.855726316241008e-12,
    "1e-08": 1.5089492583132898e-10,
    "1e-06": 5.315430736055601e-09,
    "0.0001": 3.37508150586078e-07,
    "0.01": 1.3244272764096476e-05,
    "1.0": 0.0007555069708076791
  },
  "val_metrics": {
    "nmse": 4.855726316241008e-12,
    "rmse": 4.965927733039951e-07
  },
  "test_metrics": {
    "nmse": 4.389473837303727e-12,
    "rmse": 4.280294086161254e-07
  },
  "timing": {
    "train_states_s": 0.01898799999980838,
    "ridge_select_s": 0.012457500000891741,
    "total_s": 0.05398280000008526
  },
  "timestamp": "2026-04-16T18:23:08.685320+00:00"
}