{
  "sweep_name": "region_selection_multitask_v1_mackey_glass",
  "config_id": "4d2160951482",
  "seed": 456,
  "config_point": {
    "spectral_radius": 1.0,
    "input_scaling": 0.2,
    "leak_rate": 0.9
  },
  "best_ridge": 1e-10,
  "val_curve": {
    "1e-10": 6.220025205866866e-10,
    "1e-08": 6.603445250485609e-09,
    "1e-06": 1.4632731940834307e-07,
    "0.0001": 2.3431618724654565e-07,
    "0.01": 9.769852311656882e-06,
    "1.0": 0.00035160071268605544
  },
  "val_metrics": {
    "nmse": 6.220025205866866e-10,
    "rmse": 5.620427721695657e-06
  },
  "test_metrics": {
    "nmse": 2.7906688122856907e-12,
    "rmse": 3.412883990265663e-07
  },
  "timing": {
    "train_states_s": 0.018741899999440648,
    "ridge_select_s": 0.012401700001646532,
    "total_s": 0.056174699999246513
  },
  "timestamp": "2026-04-16T18:23:20.108639+00:00"
}