{
  "sweep_name": "region_selection_multitask_v1_mackey_glass",
  "config_id": "4d2160951482",
  "seed": 42,
  "config_point": {
    "spectral_radius": 1.0,
    "input_scaling": 0.2,
    "leak_rate": 0.9
  },
  "best_ridge": 1e-10,
  "val_curve": {
    "1e-10": 2.485500290616085e-12,
    "1e-08": 9.212816580079025e-11,
    "1e-06": 6.335608574300089e-09,
    "0.0001": 2.118052976157751e-07,
    "0.01": 1.4133796509576396e-05,
    "1.0": 0.00040721011133106223
  },
  "val_metrics": {
    "nmse": 2.485500290616085e-12,
    "rmse": 3.5528772573613395e-07
  },
  "test_metrics": {
    "nmse": 2.3790936220949697e-12,
    "rmse": 3.1511795039965223e-07
  },
  "timing": {
    "train_states_s": 0.018851000000722706,
    "ridge_select_s": 0.012560999999550404,
    "total_s": 0.056266300001880154
  },
  "timestamp": "2026-04-16T18:23:19.969248+00:00"
}