{
  "sweep_name": "region_selection_multitask_v1_mackey_glass",
  "config_id": "4d2160951482",
  "seed": 789,
  "config_point": {
    "spectral_radius": 1.0,
    "input_scaling": 0.2,
    "leak_rate": 0.9
  },
  "best_ridge": 1e-10,
  "val_curve": {
    "1e-10": 1.341468756657174e-12,
    "1e-08": 4.8890500582466017e-11,
    "1e-06": 2.8161299739424403e-09,
    "0.0001": 1.7824103215585231e-07,
    "0.01": 6.038333636164506e-06,
    "1.0": 0.0004800097984772725
  },
  "val_metrics": {
    "nmse": 1.341468756657174e-12,
    "rmse": 2.6101386404864216e-07
  },
  "test_metrics": {
    "nmse": 1.1184193428213317e-12,
    "rmse": 2.1605768152231265e-07
  },
  "timing": {
    "train_states_s": 0.01861990000179503,
    "ridge_select_s": 0.01267079999888665,
    "total_s": 0.054497600001923274
  },
  "timestamp": "2026-04-16T18:23:20.174132+00:00"
}