{
  "sweep_name": "region_selection_multitask_v1_mackey_glass",
  "config_id": "4df7ca5b3a5c",
  "seed": 42,
  "config_point": {
    "spectral_radius": 1.0,
    "input_scaling": 0.4,
    "leak_rate": 0.5
  },
  "best_ridge": 1e-10,
  "val_curve": {
    "1e-10": 6.612056131602275e-12,
    "1e-08": 2.0887283719133567e-10,
    "1e-06": 3.790938412794584e-09,
    "0.0001": 3.221128545009617e-07,
    "0.01": 1.0685534796929413e-05,
    "1.0": 0.0005406408597128481
  },
  "val_metrics": {
    "nmse": 6.612056131602275e-12,
    "rmse": 5.794841487780915e-07
  },
  "test_metrics": {
    "nmse": 5.481763959745491e-12,
    "rmse": 4.783299145499687e-07
  },
  "timing": {
    "train_states_s": 0.01910459999999148,
    "ridge_select_s": 0.012047100000927458,
    "total_s": 0.08074940000005881
  },
  "timestamp": "2026-04-16T18:23:22.776946+00:00"
}