{
  "sweep_name": "region_selection_multitask_v1_mackey_glass",
  "config_id": "4df7ca5b3a5c",
  "seed": 123,
  "config_point": {
    "spectral_radius": 1.0,
    "input_scaling": 0.4,
    "leak_rate": 0.5
  },
  "best_ridge": 1e-10,
  "val_curve": {
    "1e-10": 3.125602750257237e-12,
    "1e-08": 1.1793680925426684e-10,
    "1e-06": 3.765753749985417e-09,
    "0.0001": 2.0361187904747402e-07,
    "0.01": 5.486507485835998e-06,
    "1.0": 0.0003425776915520198
  },
  "val_metrics": {
    "nmse": 3.125602750257237e-12,
    "rmse": 3.9841913207352295e-07
  },
  "test_metrics": {
    "nmse": 2.9939648668680095e-12,
    "rmse": 3.5350106501739867e-07
  },
  "timing": {
    "train_states_s": 0.018652200000360608,
    "ridge_select_s": 0.01237349999792059,
    "total_s": 0.054769700000179
  },
  "timestamp": "2026-04-16T18:23:22.843339+00:00"
}