{
  "sweep_name": "region_selection_multitask_v1_mackey_glass",
  "config_id": "4e018c35c4e2",
  "seed": 123,
  "config_point": {
    "spectral_radius": 1.0,
    "input_scaling": 0.4,
    "leak_rate": 0.9
  },
  "best_ridge": 1e-10,
  "val_curve": {
    "1e-10": 9.85898020337066e-13,
    "1e-08": 3.387148982779235e-11,
    "1e-06": 2.049200558820478e-09,
    "0.0001": 7.131656711611917e-08,
    "0.01": 5.075281021116118e-06,
    "1.0": 0.0002783634561580431
  },
  "val_metrics": {
    "nmse": 9.85898020337066e-13,
    "rmse": 2.23763523556655e-07
  },
  "test_metrics": {
    "nmse": 1.0260277500383877e-12,
    "rmse": 2.0694118428551753e-07
  },
  "timing": {
    "train_states_s": 0.01900960000057239,
    "ridge_select_s": 0.01272640000024694,
    "total_s": 0.05510639999920386
  },
  "timestamp": "2026-04-16T18:23:24.235672+00:00"
}