{
  "sweep_name": "region_selection_multitask_v1_mackey_glass",
  "config_id": "4e018c35c4e2",
  "seed": 1024,
  "config_point": {
    "spectral_radius": 1.0,
    "input_scaling": 0.4,
    "leak_rate": 0.9
  },
  "best_ridge": 1e-10,
  "val_curve": {
    "1e-10": 1.0986580224489374e-12,
    "1e-08": 4.506416316791821e-11,
    "1e-06": 1.2436015644244564e-09,
    "0.0001": 1.3620632790883056e-07,
    "0.01": 7.917482945084728e-06,
    "1.0": 0.00036307678179633074
  },
  "val_metrics": {
    "nmse": 1.0986580224489374e-12,
    "rmse": 2.3621341617417816e-07
  },
  "test_metrics": {
    "nmse": 8.394598732909489e-13,
    "rmse": 1.8718340683788688e-07
  },
  "timing": {
    "train_states_s": 0.01869970000188914,
    "ridge_select_s": 0.012141899998823646,
    "total_s": 0.05300410000199918
  },
  "timestamp": "2026-04-16T18:23:24.440511+00:00"
}