{
  "sweep_name": "region_selection_multitask_v1_mackey_glass",
  "config_id": "4e018c35c4e2",
  "seed": 456,
  "config_point": {
    "spectral_radius": 1.0,
    "input_scaling": 0.4,
    "leak_rate": 0.9
  },
  "best_ridge": 1e-10,
  "val_curve": {
    "1e-10": 6.281587014171663e-13,
    "1e-08": 3.082105921523757e-11,
    "1e-06": 1.868583184280218e-09,
    "0.0001": 5.582314630303134e-08,
    "0.01": 4.432662293537965e-06,
    "1.0": 0.00026077437520112393
  },
  "val_metrics": {
    "nmse": 6.281587014171663e-13,
    "rmse": 1.7861091073288864e-07
  },
  "test_metrics": {
    "nmse": 4.940541266336211e-13,
    "rmse": 1.4360006690802217e-07
  },
  "timing": {
    "train_states_s": 0.018736099998932332,
    "ridge_select_s": 0.012195500003144844,
    "total_s": 0.06431979999979376
  },
  "timestamp": "2026-04-16T18:23:24.312329+00:00"
}