{
  "sweep_name": "region_selection_multitask_v1_mackey_glass",
  "config_id": "4f45ab3701e0",
  "seed": 123,
  "config_point": {
    "spectral_radius": 0.7,
    "input_scaling": 0.05,
    "leak_rate": 0.6
  },
  "best_ridge": 1e-10,
  "val_curve": {
    "1e-10": 6.63742951443563e-11,
    "1e-08": 1.7145686149689197e-09,
    "1e-06": 7.097920034714245e-08,
    "0.0001": 3.89510887002603e-06,
    "0.01": 0.0002954256737249382,
    "1.0": 0.0018299516007774142
  },
  "val_metrics": {
    "nmse": 6.63742951443563e-11,
    "rmse": 1.8360024481604673e-06
  },
  "test_metrics": {
    "nmse": 6.938406177101936e-11,
    "rmse": 1.7017557892016408e-06
  },
  "timing": {
    "train_states_s": 0.01869780000197352,
    "ridge_select_s": 0.012129599999752827,
    "total_s": 0.05475339999975404
  },
  "timestamp": "2026-04-16T18:22:36.353991+00:00"
}