{
  "sweep_name": "region_selection_multitask_v1_mackey_glass",
  "config_id": "4f45ab3701e0",
  "seed": 1024,
  "config_point": {
    "spectral_radius": 0.7,
    "input_scaling": 0.05,
    "leak_rate": 0.6
  },
  "best_ridge": 1e-10,
  "val_curve": {
    "1e-10": 6.401045217123803e-11,
    "1e-08": 2.3522491640073662e-09,
    "1e-06": 7.266423515648981e-08,
    "0.0001": 4.6431850556683145e-06,
    "0.01": 0.00038965952770545056,
    "1.0": 0.0019716102766283213
  },
  "val_metrics": {
    "nmse": 6.401045217123803e-11,
    "rmse": 1.8030125198799064e-06
  },
  "test_metrics": {
    "nmse": 6.487735894220491e-11,
    "rmse": 1.6455608930262433e-06
  },
  "timing": {
    "train_states_s": 0.017675600000075065,
    "ridge_select_s": 0.012190299999929266,
    "total_s": 0.05113089999940712
  },
  "timestamp": "2026-04-16T18:22:36.543797+00:00"
}