{
  "sweep_name": "region_selection_multitask_v1_mackey_glass",
  "config_id": "4f45ab3701e0",
  "seed": 42,
  "config_point": {
    "spectral_radius": 0.7,
    "input_scaling": 0.05,
    "leak_rate": 0.6
  },
  "best_ridge": 1e-10,
  "val_curve": {
    "1e-10": 5.693102596483528e-11,
    "1e-08": 1.9754394318066225e-09,
    "1e-06": 9.522052794515017e-08,
    "0.0001": 5.159154304527281e-06,
    "0.01": 0.00028766625061037897,
    "1.0": 0.002078081334027575
  },
  "val_metrics": {
    "nmse": 5.693102596483528e-11,
    "rmse": 1.7003870942977976e-06
  },
  "test_metrics": {
    "nmse": 5.564616889476781e-11,
    "rmse": 1.5240001560606688e-06
  },
  "timing": {
    "train_states_s": 0.01780700000017532,
    "ridge_select_s": 0.012547700000141049,
    "total_s": 0.057671599999594036
  },
  "timestamp": "2026-04-16T18:22:36.288029+00:00"
}