{
  "sweep_name": "region_selection_multitask_v1_mackey_glass",
  "config_id": "4f45ab3701e0",
  "seed": 456,
  "config_point": {
    "spectral_radius": 0.7,
    "input_scaling": 0.05,
    "leak_rate": 0.6
  },
  "best_ridge": 1e-10,
  "val_curve": {
    "1e-10": 5.87660544834909e-11,
    "1e-08": 9.725906723152214e-10,
    "1e-06": 5.2841202196163594e-08,
    "0.0001": 2.8833645071921023e-06,
    "0.01": 0.00019499667711066177,
    "1.0": 0.0021576701610157576
  },
  "val_metrics": {
    "nmse": 5.87660544834909e-11,
    "rmse": 1.727573611382206e-06
  },
  "test_metrics": {
    "nmse": 5.484837762353742e-11,
    "rmse": 1.5130360288107077e-06
  },
  "timing": {
    "train_states_s": 0.01772989999881247,
    "ridge_select_s": 0.01223030000255676,
    "total_s": 0.052227999996830476
  },
  "timestamp": "2026-04-16T18:22:36.417039+00:00"
}