{
  "sweep_name": "region_selection_multitask_v1_mackey_glass",
  "config_id": "4f45ab3701e0",
  "seed": 789,
  "config_point": {
    "spectral_radius": 0.7,
    "input_scaling": 0.05,
    "leak_rate": 0.6
  },
  "best_ridge": 1e-10,
  "val_curve": {
    "1e-10": 5.935378919480489e-11,
    "1e-08": 1.266241766060916e-09,
    "1e-06": 5.9288557154500375e-08,
    "0.0001": 5.182541293746272e-06,
    "0.01": 0.00013194795466459351,
    "1.0": 0.0017713522101666774
  },
  "val_metrics": {
    "nmse": 5.935378919480489e-11,
    "rmse": 1.7361910768152201e-06
  },
  "test_metrics": {
    "nmse": 6.013773914979375e-11,
    "rmse": 1.5843127788402692e-06
  },
  "timing": {
    "train_states_s": 0.01889400000072783,
    "ridge_select_s": 0.012157399996794993,
    "total_s": 0.05359099999986938
  },
  "timestamp": "2026-04-16T18:22:36.481654+00:00"
}