{
  "sweep_name": "region_selection_multitask_v1_mackey_glass",
  "config_id": "5033ae01f908",
  "seed": 42,
  "config_point": {
    "spectral_radius": 0.9,
    "input_scaling": 0.2,
    "leak_rate": 1.0
  },
  "best_ridge": 1e-10,
  "val_curve": {
    "1e-10": 1.9328947425814135e-12,
    "1e-08": 1.3701150941169297e-10,
    "1e-06": 4.4461221102424884e-09,
    "0.0001": 1.8902189688843717e-07,
    "0.01": 1.8261090820970184e-05,
    "1.0": 0.00043706998836268277
  },
  "val_metrics": {
    "nmse": 1.9328947425814135e-12,
    "rmse": 3.13312265768328e-07
  },
  "test_metrics": {
    "nmse": 1.8656597291551243e-12,
    "rmse": 2.7905100779870146e-07
  },
  "timing": {
    "train_states_s": 0.0182332000003953,
    "ridge_select_s": 0.012634000002435641,
    "total_s": 0.0831681000017852
  },
  "timestamp": "2026-04-16T18:23:08.097260+00:00"
}