{
  "sweep_name": "region_selection_multitask_v1_mackey_glass",
  "config_id": "5033ae01f908",
  "seed": 456,
  "config_point": {
    "spectral_radius": 0.9,
    "input_scaling": 0.2,
    "leak_rate": 1.0
  },
  "best_ridge": 1e-10,
  "val_curve": {
    "1e-10": 9.5809137434251e-13,
    "1e-08": 7.721974823823831e-11,
    "1e-06": 3.1791821736117614e-09,
    "0.0001": 1.1753135982171808e-07,
    "0.01": 7.0431504481800915e-06,
    "1.0": 0.000558778799891162
  },
  "val_metrics": {
    "nmse": 9.5809137434251e-13,
    "rmse": 2.2058539787801132e-07
  },
  "test_metrics": {
    "nmse": 7.505377364491431e-13,
    "rmse": 1.769920026330977e-07
  },
  "timing": {
    "train_states_s": 0.01767469999686,
    "ridge_select_s": 0.012475600000470877,
    "total_s": 0.05539599999974598
  },
  "timestamp": "2026-04-16T18:23:08.228830+00:00"
}