{
  "sweep_name": "region_selection_multitask_v1_mackey_glass",
  "config_id": "5033ae01f908",
  "seed": 123,
  "config_point": {
    "spectral_radius": 0.9,
    "input_scaling": 0.2,
    "leak_rate": 1.0
  },
  "best_ridge": 1e-10,
  "val_curve": {
    "1e-10": 2.1416507792765653e-12,
    "1e-08": 8.024574745685582e-11,
    "1e-06": 2.366161627507606e-09,
    "0.0001": 1.8980125223457207e-07,
    "0.01": 8.783906916716888e-06,
    "1.0": 0.00036882358329862685
  },
  "val_metrics": {
    "nmse": 2.1416507792765653e-12,
    "rmse": 3.2979770007960736e-07
  },
  "test_metrics": {
    "nmse": 2.448700187401001e-12,
    "rmse": 3.196945141058763e-07
  },
  "timing": {
    "train_states_s": 0.01906579999922542,
    "ridge_select_s": 0.012226099999679718,
    "total_s": 0.05438289999801782
  },
  "timestamp": "2026-04-16T18:23:08.162382+00:00"
}