{
  "sweep_name": "region_selection_multitask_v1_mackey_glass",
  "config_id": "5033ae01f908",
  "seed": 1024,
  "config_point": {
    "spectral_radius": 0.9,
    "input_scaling": 0.2,
    "leak_rate": 1.0
  },
  "best_ridge": 1e-10,
  "val_curve": {
    "1e-10": 1.4654223278062574e-12,
    "1e-08": 8.85221882279126e-11,
    "1e-06": 5.830717206551754e-09,
    "0.0001": 2.0732753370438687e-07,
    "0.01": 1.1548237313951876e-05,
    "1.0": 0.0006787004829078424
  },
  "val_metrics": {
    "nmse": 1.4654223278062574e-12,
    "rmse": 2.72806489490119e-07
  },
  "test_metrics": {
    "nmse": 1.217994137354712e-12,
    "rmse": 2.254706286054129e-07
  },
  "timing": {
    "train_states_s": 0.017927100001543295,
    "ridge_select_s": 0.014274199998908443,
    "total_s": 0.05420349999985774
  },
  "timestamp": "2026-04-16T18:23:08.358722+00:00"
}