{
  "sweep_name": "region_selection_multitask_v1_mackey_glass",
  "config_id": "503532de740a",
  "seed": 1024,
  "config_point": {
    "spectral_radius": 0.8,
    "input_scaling": 0.1,
    "leak_rate": 0.8
  },
  "best_ridge": 1e-10,
  "val_curve": {
    "1e-10": 6.9411798237045746e-12,
    "1e-08": 2.385165984173839e-10,
    "1e-06": 1.704584610548494e-08,
    "0.0001": 1.4000295512044232e-06,
    "0.01": 4.493574237064959e-05,
    "1.0": 0.001760749343123696
  },
  "val_metrics": {
    "nmse": 6.9411798237045746e-12,
    "rmse": 5.937312976969896e-07
  },
  "test_metrics": {
    "nmse": 6.398152317007808e-12,
    "rmse": 5.167668711033263e-07
  },
  "timing": {
    "train_states_s": 0.017789599998650374,
    "ridge_select_s": 0.011771299999963958,
    "total_s": 0.05099960000006831
  },
  "timestamp": "2026-04-16T18:22:51.265115+00:00"
}