{
  "sweep_name": "region_selection_multitask_v1_mackey_glass",
  "config_id": "503532de740a",
  "seed": 42,
  "config_point": {
    "spectral_radius": 0.8,
    "input_scaling": 0.1,
    "leak_rate": 0.8
  },
  "best_ridge": 1e-10,
  "val_curve": {
    "1e-10": 8.357890878295792e-12,
    "1e-08": 5.410242987931716e-10,
    "1e-06": 1.913611378801148e-08,
    "0.0001": 7.038229229621209e-07,
    "0.01": 4.6444734352153615e-05,
    "1.0": 0.0018154186313834645
  },
  "val_metrics": {
    "nmse": 8.357890878295792e-12,
    "rmse": 6.515108357862301e-07
  },
  "test_metrics": {
    "nmse": 8.123680389344836e-12,
    "rmse": 5.822959788034554e-07
  },
  "timing": {
    "train_states_s": 0.017739299997629132,
    "ridge_select_s": 0.01249420000021928,
    "total_s": 0.06457380000210833
  },
  "timestamp": "2026-04-16T18:22:51.009462+00:00"
}