{
  "sweep_name": "region_selection_multitask_v1_mackey_glass",
  "config_id": "503532de740a",
  "seed": 456,
  "config_point": {
    "spectral_radius": 0.8,
    "input_scaling": 0.1,
    "leak_rate": 0.8
  },
  "best_ridge": 1e-10,
  "val_curve": {
    "1e-10": 5.4439080938964185e-12,
    "1e-08": 2.066683320780238e-10,
    "1e-06": 1.454103769803909e-08,
    "0.0001": 6.599075411433294e-07,
    "0.01": 1.72291998301535e-05,
    "1.0": 0.0018902699477323448
  },
  "val_metrics": {
    "nmse": 5.4439080938964185e-12,
    "rmse": 5.258098133475274e-07
  },
  "test_metrics": {
    "nmse": 4.840640689647613e-12,
    "rmse": 4.494887228259716e-07
  },
  "timing": {
    "train_states_s": 0.017637000000831904,
    "ridge_select_s": 0.011964900000748457,
    "total_s": 0.05463189999863971
  },
  "timestamp": "2026-04-16T18:22:51.139546+00:00"
}