{
  "sweep_name": "region_selection_multitask_v1_mackey_glass",
  "config_id": "503532de740a",
  "seed": 789,
  "config_point": {
    "spectral_radius": 0.8,
    "input_scaling": 0.1,
    "leak_rate": 0.8
  },
  "best_ridge": 1e-10,
  "val_curve": {
    "1e-10": 5.655091654196823e-12,
    "1e-08": 2.56092801633434e-10,
    "1e-06": 2.144941816695578e-08,
    "0.0001": 6.268009948940146e-07,
    "0.01": 2.4268708790166888e-05,
    "1.0": 0.0020737497177275685
  },
  "val_metrics": {
    "nmse": 5.655091654196823e-12,
    "rmse": 5.359115522696737e-07
  },
  "test_metrics": {
    "nmse": 5.484955860777907e-12,
    "rmse": 4.784691543614407e-07
  },
  "timing": {
    "train_states_s": 0.018388699998467928,
    "ridge_select_s": 0.01173660000131349,
    "total_s": 0.05285809999986668
  },
  "timestamp": "2026-04-16T18:22:51.203264+00:00"
}