{
  "sweep_name": "region_selection_multitask_v1_mackey_glass",
  "config_id": "52760813c871",
  "seed": 456,
  "config_point": {
    "spectral_radius": 0.6,
    "input_scaling": 0.3,
    "leak_rate": 0.6
  },
  "best_ridge": 1e-10,
  "val_curve": {
    "1e-10": 7.481355870466948e-12,
    "1e-08": 2.6165001166498865e-10,
    "1e-06": 1.0968819852750116e-08,
    "0.0001": 3.929230281009489e-07,
    "0.01": 6.840714485267148e-06,
    "1.0": 0.0006016389141456123
  },
  "val_metrics": {
    "nmse": 7.481355870466948e-12,
    "rmse": 6.164011661565103e-07
  },
  "test_metrics": {
    "nmse": 6.9879702533860755e-12,
    "rmse": 5.400611047645327e-07
  },
  "timing": {
    "train_states_s": 0.017659099998127203,
    "ridge_select_s": 0.011739999998098938,
    "total_s": 0.05442880000191508
  },
  "timestamp": "2026-04-16T18:22:32.384638+00:00"
}