{
  "sweep_name": "region_selection_multitask_v1_mackey_glass",
  "config_id": "52760813c871",
  "seed": 42,
  "config_point": {
    "spectral_radius": 0.6,
    "input_scaling": 0.3,
    "leak_rate": 0.6
  },
  "best_ridge": 1e-10,
  "val_curve": {
    "1e-10": 8.315812743164338e-12,
    "1e-08": 2.758383720216759e-10,
    "1e-06": 1.8673799848935758e-08,
    "0.0001": 5.396554666926285e-07,
    "0.01": 1.1484720607650039e-05,
    "1.0": 0.001355754824384833
  },
  "val_metrics": {
    "nmse": 8.315812743164338e-12,
    "rmse": 6.498687377262682e-07
  },
  "test_metrics": {
    "nmse": 6.897338386889818e-12,
    "rmse": 5.365474600362622e-07
  },
  "timing": {
    "train_states_s": 0.0176694999972824,
    "ridge_select_s": 0.012159700003394391,
    "total_s": 0.057686599997396115
  },
  "timestamp": "2026-04-16T18:22:32.254908+00:00"
}