{
  "sweep_name": "region_selection_multitask_v1_mackey_glass",
  "config_id": "52760813c871",
  "seed": 123,
  "config_point": {
    "spectral_radius": 0.6,
    "input_scaling": 0.3,
    "leak_rate": 0.6
  },
  "best_ridge": 1e-10,
  "val_curve": {
    "1e-10": 1.2983960906797281e-11,
    "1e-08": 3.8254314510366414e-10,
    "1e-06": 1.4661738158239216e-08,
    "0.0001": 6.108114732252885e-07,
    "0.01": 1.0351013898210468e-05,
    "1.0": 0.001087331731814202
  },
  "val_metrics": {
    "nmse": 1.2983960906797281e-11,
    "rmse": 8.120390126644156e-07
  },
  "test_metrics": {
    "nmse": 1.266554627116139e-11,
    "rmse": 7.270752137158611e-07
  },
  "timing": {
    "train_states_s": 0.01893990000098711,
    "ridge_select_s": 0.012117700000089826,
    "total_s": 0.05324090000067372
  },
  "timestamp": "2026-04-16T18:22:32.319316+00:00"
}