{
  "sweep_name": "region_selection_multitask_v1_mackey_glass",
  "config_id": "52799148816a",
  "seed": 123,
  "config_point": {
    "spectral_radius": 1.0,
    "input_scaling": 0.3,
    "leak_rate": 0.7
  },
  "best_ridge": 1e-10,
  "val_curve": {
    "1e-10": 1.5586443974487935e-12,
    "1e-08": 5.923796054323934e-11,
    "1e-06": 2.439677994788318e-09,
    "0.0001": 1.256492929163866e-07,
    "0.01": 8.773270706797775e-06,
    "1.0": 0.00035582437170814715
  },
  "val_metrics": {
    "nmse": 1.5586443974487935e-12,
    "rmse": 2.8134993313984036e-07
  },
  "test_metrics": {
    "nmse": 1.6251167531722463e-12,
    "rmse": 2.604411836212537e-07
  },
  "timing": {
    "train_states_s": 0.01878500000020722,
    "ridge_select_s": 0.011878499997692415,
    "total_s": 0.054067000000941334
  },
  "timestamp": "2026-04-16T18:23:21.442682+00:00"
}