{
  "sweep_name": "region_selection_multitask_v1_mackey_glass",
  "config_id": "52799148816a",
  "seed": 42,
  "config_point": {
    "spectral_radius": 1.0,
    "input_scaling": 0.3,
    "leak_rate": 0.7
  },
  "best_ridge": 1e-10,
  "val_curve": {
    "1e-10": 2.8798377246708115e-12,
    "1e-08": 1.1520629640079218e-10,
    "1e-06": 5.0156082031252985e-09,
    "0.0001": 1.707683323337045e-07,
    "0.01": 7.971048318811351e-06,
    "1.0": 0.0006030284466024978
  },
  "val_metrics": {
    "nmse": 2.8798377246708115e-12,
    "rmse": 3.8243471079851697e-07
  },
  "test_metrics": {
    "nmse": 3.5348734494488863e-12,
    "rmse": 3.841088485182676e-07
  },
  "timing": {
    "train_states_s": 0.018917100001999643,
    "ridge_select_s": 0.012123799999244511,
    "total_s": 0.07302779999736231
  },
  "timestamp": "2026-04-16T18:23:21.377192+00:00"
}