{
  "sweep_name": "region_selection_multitask_v1_mackey_glass",
  "config_id": "52799148816a",
  "seed": 789,
  "config_point": {
    "spectral_radius": 1.0,
    "input_scaling": 0.3,
    "leak_rate": 0.7
  },
  "best_ridge": 1e-10,
  "val_curve": {
    "1e-10": 1.541391961461764e-12,
    "1e-08": 6.633807646475572e-11,
    "1e-06": 3.1936926875293308e-09,
    "0.0001": 1.2224099905016826e-07,
    "0.01": 4.108806391103304e-06,
    "1.0": 0.0002897572190556527
  },
  "val_metrics": {
    "nmse": 1.541391961461764e-12,
    "rmse": 2.7978848699643045e-07
  },
  "test_metrics": {
    "nmse": 1.2946675047676331e-12,
    "rmse": 2.3245907242661736e-07
  },
  "timing": {
    "train_states_s": 0.01966299999912735,
    "ridge_select_s": 0.011846000001241919,
    "total_s": 0.054490000002260786
  },
  "timestamp": "2026-04-16T18:23:21.575363+00:00"
}