{
  "sweep_name": "region_selection_multitask_v1_mackey_glass",
  "config_id": "54ccd29e45ed",
  "seed": 42,
  "config_point": {
    "spectral_radius": 0.6,
    "input_scaling": 0.3,
    "leak_rate": 0.8
  },
  "best_ridge": 1e-10,
  "val_curve": {
    "1e-10": 8.190330721520895e-12,
    "1e-08": 2.2061884551960052e-10,
    "1e-06": 1.158191912180477e-08,
    "0.0001": 4.342636390712741e-07,
    "0.01": 1.1172857301333806e-05,
    "1.0": 0.0011911833001753513
  },
  "val_metrics": {
    "nmse": 8.190330721520895e-12,
    "rmse": 6.449469811103956e-07
  },
  "test_metrics": {
    "nmse": 7.288953154363898e-12,
    "rmse": 5.515691356588873e-07
  },
  "timing": {
    "train_states_s": 0.01790210000035586,
    "ridge_select_s": 0.012068600000930019,
    "total_s": 0.06103629999779514
  },
  "timestamp": "2026-04-16T18:22:32.940013+00:00"
}