{
  "sweep_name": "region_selection_multitask_v1_mackey_glass",
  "config_id": "54ccd29e45ed",
  "seed": 1024,
  "config_point": {
    "spectral_radius": 0.6,
    "input_scaling": 0.3,
    "leak_rate": 0.8
  },
  "best_ridge": 1e-10,
  "val_curve": {
    "1e-10": 9.945083115696415e-12,
    "1e-08": 2.435210274883589e-10,
    "1e-06": 5.186200658378498e-09,
    "0.0001": 4.788610406681244e-07,
    "0.01": 1.5559185019140702e-05,
    "1.0": 0.0008333595378475808
  },
  "val_metrics": {
    "nmse": 9.945083115696415e-12,
    "rmse": 7.106855797342539e-07
  },
  "test_metrics": {
    "nmse": 9.30648421902342e-12,
    "rmse": 6.232470037515803e-07
  },
  "timing": {
    "train_states_s": 0.01795700000002398,
    "ridge_select_s": 0.011622899997746572,
    "total_s": 0.051426999998511747
  },
  "timestamp": "2026-04-16T18:22:33.196222+00:00"
}