{
  "sweep_name": "region_selection_multitask_v1_mackey_glass",
  "config_id": "54ccd29e45ed",
  "seed": 456,
  "config_point": {
    "spectral_radius": 0.6,
    "input_scaling": 0.3,
    "leak_rate": 0.8
  },
  "best_ridge": 1e-10,
  "val_curve": {
    "1e-10": 4.427133713889433e-12,
    "1e-08": 1.7502146471954335e-10,
    "1e-06": 5.377354522160416e-09,
    "0.0001": 3.016910646535321e-07,
    "0.01": 6.135142241296605e-06,
    "1.0": 0.0004421543336766189
  },
  "val_metrics": {
    "nmse": 4.427133713889433e-12,
    "rmse": 4.741705908375269e-07
  },
  "test_metrics": {
    "nmse": 4.0895576847543566e-12,
    "rmse": 4.1314789648974334e-07
  },
  "timing": {
    "train_states_s": 0.017723500001011416,
    "ridge_select_s": 0.011901099998794962,
    "total_s": 0.05421099999875878
  },
  "timestamp": "2026-04-16T18:22:33.069529+00:00"
}