{
  "sweep_name": "region_selection_multitask_v1_mackey_glass",
  "config_id": "54ccd29e45ed",
  "seed": 123,
  "config_point": {
    "spectral_radius": 0.6,
    "input_scaling": 0.3,
    "leak_rate": 0.8
  },
  "best_ridge": 1e-10,
  "val_curve": {
    "1e-10": 8.458726389199253e-12,
    "1e-08": 3.035740628895845e-10,
    "1e-06": 8.978236963067948e-09,
    "0.0001": 4.748151041900324e-07,
    "0.01": 9.843728611082523e-06,
    "1.0": 0.0009855498860181372
  },
  "val_metrics": {
    "nmse": 8.458726389199253e-12,
    "rmse": 6.554291966665004e-07
  },
  "test_metrics": {
    "nmse": 8.097549652623152e-12,
    "rmse": 5.813587140565156e-07
  },
  "timing": {
    "train_states_s": 0.01866859999790904,
    "ridge_select_s": 0.011686999998346437,
    "total_s": 0.05336829999941983
  },
  "timestamp": "2026-04-16T18:22:33.004485+00:00"
}