{
  "sweep_name": "region_selection_multitask_v1_mackey_glass",
  "config_id": "54ccd29e45ed",
  "seed": 789,
  "config_point": {
    "spectral_radius": 0.6,
    "input_scaling": 0.3,
    "leak_rate": 0.8
  },
  "best_ridge": 1e-10,
  "val_curve": {
    "1e-10": 7.598933827173972e-12,
    "1e-08": 1.5902789768434845e-10,
    "1e-06": 5.94735561066033e-09,
    "0.0001": 4.4193098216666125e-07,
    "0.01": 8.53410464145893e-06,
    "1.0": 0.0005352538931384324
  },
  "val_metrics": {
    "nmse": 7.598933827173972e-12,
    "rmse": 6.212260033528539e-07
  },
  "test_metrics": {
    "nmse": 7.383101074933755e-12,
    "rmse": 5.551198839335298e-07
  },
  "timing": {
    "train_states_s": 0.018595699999423232,
    "ridge_select_s": 0.011750300000130665,
    "total_s": 0.0533346000011079
  },
  "timestamp": "2026-04-16T18:22:33.133946+00:00"
}