{
  "sweep_name": "region_selection_multitask_v1_mackey_glass",
  "config_id": "566c972097d7",
  "seed": 1024,
  "config_point": {
    "spectral_radius": 0.8,
    "input_scaling": 0.4,
    "leak_rate": 0.9
  },
  "best_ridge": 1e-10,
  "val_curve": {
    "1e-10": 1.489145905892532e-12,
    "1e-08": 8.211324043844026e-11,
    "1e-06": 1.9165712380352466e-09,
    "0.0001": 2.0962452514561092e-07,
    "0.01": 6.037308974374527e-06,
    "1.0": 0.0004130649316115787
  },
  "val_metrics": {
    "nmse": 1.489145905892532e-12,
    "rmse": 2.750058426762298e-07
  },
  "test_metrics": {
    "nmse": 1.7222666804067356e-12,
    "rmse": 2.6811281749826325e-07
  },
  "timing": {
    "train_states_s": 0.019693399997777306,
    "ridge_select_s": 0.011935099999391241,
    "total_s": 0.05356490000121994
  },
  "timestamp": "2026-04-16T18:22:59.793206+00:00"
}