{
  "sweep_name": "region_selection_multitask_v1_mackey_glass",
  "config_id": "566c972097d7",
  "seed": 42,
  "config_point": {
    "spectral_radius": 0.8,
    "input_scaling": 0.4,
    "leak_rate": 0.9
  },
  "best_ridge": 1e-10,
  "val_curve": {
    "1e-10": 1.8675063946850317e-12,
    "1e-08": 9.03100747243748e-11,
    "1e-06": 3.848037136825588e-09,
    "0.0001": 1.9044959806953043e-07,
    "0.01": 7.477718917484957e-06,
    "1.0": 0.0004900808694729905
  },
  "val_metrics": {
    "nmse": 1.8675063946850317e-12,
    "rmse": 3.0796711432520897e-07
  },
  "test_metrics": {
    "nmse": 1.944415254043561e-12,
    "rmse": 2.848799513057637e-07
  },
  "timing": {
    "train_states_s": 0.019064600001001963,
    "ridge_select_s": 0.011869699999806471,
    "total_s": 0.0640547000002698
  },
  "timestamp": "2026-04-16T18:22:59.534284+00:00"
}