{
  "sweep_name": "region_selection_multitask_v1_mackey_glass",
  "config_id": "566c972097d7",
  "seed": 123,
  "config_point": {
    "spectral_radius": 0.8,
    "input_scaling": 0.4,
    "leak_rate": 0.9
  },
  "best_ridge": 1e-10,
  "val_curve": {
    "1e-10": 1.9080385617870798e-12,
    "1e-08": 7.034526560730941e-11,
    "1e-06": 3.0509217975241887e-09,
    "0.0001": 1.7914774548117582e-07,
    "0.01": 4.508215119361887e-06,
    "1.0": 0.0002780789661493149
  },
  "val_metrics": {
    "nmse": 1.9080385617870798e-12,
    "rmse": 3.1129121796111044e-07
  },
  "test_metrics": {
    "nmse": 2.1599285472309826e-12,
    "rmse": 3.0025280195355264e-07
  },
  "timing": {
    "train_states_s": 0.017747899997630157,
    "ridge_select_s": 0.013410499999736203,
    "total_s": 0.05357219999859808
  },
  "timestamp": "2026-04-16T18:22:59.598777+00:00"
}