{
  "sweep_name": "region_selection_multitask_v1_mackey_glass",
  "config_id": "566c972097d7",
  "seed": 456,
  "config_point": {
    "spectral_radius": 0.8,
    "input_scaling": 0.4,
    "leak_rate": 0.9
  },
  "best_ridge": 1e-10,
  "val_curve": {
    "1e-10": 8.910142796738214e-13,
    "1e-08": 4.311589339344396e-11,
    "1e-06": 1.9124004823499724e-09,
    "0.0001": 1.1005972661468888e-07,
    "0.01": 4.53258262585864e-06,
    "1.0": 0.00030995497762569045
  },
  "val_metrics": {
    "nmse": 8.910142796738214e-13,
    "rmse": 2.1272357692214575e-07
  },
  "test_metrics": {
    "nmse": 8.714221524096098e-13,
    "rmse": 1.9071360460404756e-07
  },
  "timing": {
    "train_states_s": 0.019007999999303138,
    "ridge_select_s": 0.012074700000084704,
    "total_s": 0.05606609999813372
  },
  "timestamp": "2026-04-16T18:22:59.666057+00:00"
}