{
  "sweep_name": "region_selection_multitask_v1_mackey_glass",
  "config_id": "56b40a987d15",
  "seed": 123,
  "config_point": {
    "spectral_radius": 0.9,
    "input_scaling": 0.1,
    "leak_rate": 0.5
  },
  "best_ridge": 1e-10,
  "val_curve": {
    "1e-10": 1.999863047004749e-11,
    "1e-08": 7.027312842434811e-10,
    "1e-06": 2.539639715326813e-08,
    "0.0001": 8.123114641225836e-07,
    "0.01": 4.0146949534195125e-05,
    "1.0": 0.0023800801874386684
  },
  "val_metrics": {
    "nmse": 1.999863047004749e-11,
    "rmse": 1.007797838879856e-06
  },
  "test_metrics": {
    "nmse": 1.862912172033418e-11,
    "rmse": 8.81786746276126e-07
  },
  "timing": {
    "train_states_s": 0.017667899999651127,
    "ridge_select_s": 0.012253699998836964,
    "total_s": 0.05219810000198777
  },
  "timestamp": "2026-04-16T18:23:02.361108+00:00"
}