{
  "sweep_name": "region_selection_multitask_v1_mackey_glass",
  "config_id": "56b40a987d15",
  "seed": 456,
  "config_point": {
    "spectral_radius": 0.9,
    "input_scaling": 0.1,
    "leak_rate": 0.5
  },
  "best_ridge": 1e-10,
  "val_curve": {
    "1e-10": 1.2267534861903822e-11,
    "1e-08": 3.6069112861690076e-10,
    "1e-06": 1.7612127788442613e-08,
    "0.0001": 6.584038736121143e-07,
    "0.01": 2.7402104088735664e-05,
    "1.0": 0.0023733157956967077
  },
  "val_metrics": {
    "nmse": 1.2267534861903822e-11,
    "rmse": 7.8931788824596e-07
  },
  "test_metrics": {
    "nmse": 1.0051305313238426e-11,
    "rmse": 6.477070277173384e-07
  },
  "timing": {
    "train_states_s": 0.018628400001034606,
    "ridge_select_s": 0.012770299999829149,
    "total_s": 0.05718240000351216
  },
  "timestamp": "2026-04-16T18:23:02.429531+00:00"
}