{
  "sweep_name": "region_selection_multitask_v1_mackey_glass",
  "config_id": "56b40a987d15",
  "seed": 1024,
  "config_point": {
    "spectral_radius": 0.9,
    "input_scaling": 0.1,
    "leak_rate": 0.5
  },
  "best_ridge": 1e-10,
  "val_curve": {
    "1e-10": 1.5122994591802774e-11,
    "1e-08": 5.912498808860439e-10,
    "1e-06": 2.6470116475367134e-08,
    "0.0001": 1.4070089656498139e-06,
    "0.01": 4.43051465934282e-05,
    "1.0": 0.003907571467043385
  },
  "val_metrics": {
    "nmse": 1.5122994591802774e-11,
    "rmse": 8.763794660574397e-07
  },
  "test_metrics": {
    "nmse": 1.3399907220905276e-11,
    "rmse": 7.478564994863705e-07
  },
  "timing": {
    "train_states_s": 0.0199921000021277,
    "ridge_select_s": 0.012511599998106249,
    "total_s": 0.05506630000309087
  },
  "timestamp": "2026-04-16T18:23:02.563674+00:00"
}