{
  "sweep_name": "region_selection_multitask_v1_mackey_glass",
  "config_id": "56b40a987d15",
  "seed": 42,
  "config_point": {
    "spectral_radius": 0.9,
    "input_scaling": 0.1,
    "leak_rate": 0.5
  },
  "best_ridge": 1e-10,
  "val_curve": {
    "1e-10": 2.121500854071846e-11,
    "1e-08": 7.72318578640381e-10,
    "1e-06": 3.5164705718247616e-08,
    "0.0001": 1.0303993573420309e-06,
    "0.01": 7.793305257994189e-05,
    "1.0": 0.0012820502097232347
  },
  "val_metrics": {
    "nmse": 2.121500854071846e-11,
    "rmse": 1.0379941367545447e-06
  },
  "test_metrics": {
    "nmse": 2.127713934554069e-11,
    "rmse": 9.423755192153715e-07
  },
  "timing": {
    "train_states_s": 0.01909719999821391,
    "ridge_select_s": 0.013946999999461696,
    "total_s": 0.0574890999996569
  },
  "timestamp": "2026-04-16T18:23:02.297501+00:00"
}