{
  "sweep_name": "region_selection_multitask_v1_mackey_glass",
  "config_id": "56b40a987d15",
  "seed": 789,
  "config_point": {
    "spectral_radius": 0.9,
    "input_scaling": 0.1,
    "leak_rate": 0.5
  },
  "best_ridge": 1e-10,
  "val_curve": {
    "1e-10": 1.796285700453326e-11,
    "1e-08": 4.912344768380756e-10,
    "1e-06": 2.3279962093017792e-08,
    "0.0001": 1.1754932743048478e-06,
    "0.01": 3.393320684456454e-05,
    "1.0": 0.001984062936147844
  },
  "val_metrics": {
    "nmse": 1.796285700453326e-11,
    "rmse": 9.551267341515966e-07
  },
  "test_metrics": {
    "nmse": 1.4790153332463413e-11,
    "rmse": 7.85694503426503e-07
  },
  "timing": {
    "train_states_s": 0.01819909999903757,
    "ridge_select_s": 0.012212699999508914,
    "total_s": 0.051899300000513904
  },
  "timestamp": "2026-04-16T18:23:02.492384+00:00"
}