{
  "sweep_name": "region_selection_multitask_v1_mackey_glass",
  "config_id": "5822bc309bfd",
  "seed": 123,
  "config_point": {
    "spectral_radius": 1.1,
    "input_scaling": 0.4,
    "leak_rate": 0.5
  },
  "best_ridge": 1e-10,
  "val_curve": {
    "1e-10": 2.868952488458756e-12,
    "1e-08": 1.2329551115732164e-10,
    "1e-06": 3.3277334713979518e-09,
    "0.0001": 1.3900732633334147e-07,
    "0.01": 5.889264538185894e-06,
    "1.0": 0.00034690641327749314
  },
  "val_metrics": {
    "nmse": 2.868952488458756e-12,
    "rmse": 3.8171126146780996e-07
  },
  "test_metrics": {
    "nmse": 2.8846120493447176e-12,
    "rmse": 3.469853055898438e-07
  },
  "timing": {
    "train_states_s": 0.01848210000025574,
    "ridge_select_s": 0.011963799999648472,
    "total_s": 0.053517399999691406
  },
  "timestamp": "2026-04-16T18:23:35.089953+00:00"
}