{
  "sweep_name": "region_selection_multitask_v1_mackey_glass",
  "config_id": "5822bc309bfd",
  "seed": 456,
  "config_point": {
    "spectral_radius": 1.1,
    "input_scaling": 0.4,
    "leak_rate": 0.5
  },
  "best_ridge": 1e-10,
  "val_curve": {
    "1e-10": 1.6894466548743303e-09,
    "1e-08": 1.5556177708540374e-08,
    "1e-06": 3.629328529658267e-08,
    "0.0001": 1.3661107611521076e-07,
    "0.01": 4.642141154212103e-06,
    "1.0": 0.00026942063427343887
  },
  "val_metrics": {
    "nmse": 1.6894466548743303e-09,
    "rmse": 9.262869307550718e-06
  },
  "test_metrics": {
    "nmse": 1.682981838971102e-11,
    "rmse": 8.381217120473138e-07
  },
  "timing": {
    "train_states_s": 0.018448099999659462,
    "ridge_select_s": 0.01211200000034296,
    "total_s": 0.0555385000006936
  },
  "timestamp": "2026-04-16T18:23:35.156373+00:00"
}