{
  "sweep_name": "region_selection_multitask_v1_mackey_glass",
  "config_id": "5822bc309bfd",
  "seed": 42,
  "config_point": {
    "spectral_radius": 1.1,
    "input_scaling": 0.4,
    "leak_rate": 0.5
  },
  "best_ridge": 1e-10,
  "val_curve": {
    "1e-10": 5.907809637182942e-11,
    "1e-08": 3.1043178705090636e-10,
    "1e-06": 5.530299720294327e-09,
    "0.0001": 2.618712460957548e-07,
    "0.01": 1.0658319476320527e-05,
    "1.0": 0.0004265695485657377
  },
  "val_metrics": {
    "nmse": 5.907809637182942e-11,
    "rmse": 1.7321541606570696e-06
  },
  "test_metrics": {
    "nmse": 1.1553100804640197e-11,
    "rmse": 6.944111059701459e-07
  },
  "timing": {
    "train_states_s": 0.018457599999237573,
    "ridge_select_s": 0.01176610000038636,
    "total_s": 0.05703519999951823
  },
  "timestamp": "2026-04-16T18:23:35.025237+00:00"
}