{
  "sweep_name": "region_selection_multitask_v1_mackey_glass",
  "config_id": "5a1306e243a3",
  "seed": 123,
  "config_point": {
    "spectral_radius": 1.0,
    "input_scaling": 0.4,
    "leak_rate": 0.7
  },
  "best_ridge": 1e-10,
  "val_curve": {
    "1e-10": 1.6405110011566461e-12,
    "1e-08": 5.352941840569802e-11,
    "1e-06": 2.2975129906042535e-09,
    "0.0001": 1.0788237995185519e-07,
    "0.01": 5.09936580369292e-06,
    "1.0": 0.0003022181777212127
  },
  "val_metrics": {
    "nmse": 1.6405110011566461e-12,
    "rmse": 2.8864422205688174e-07
  },
  "test_metrics": {
    "nmse": 1.7488776957238482e-12,
    "rmse": 2.7017620442972263e-07
  },
  "timing": {
    "train_states_s": 0.019093099999736296,
    "ridge_select_s": 0.012394199999107514,
    "total_s": 0.05541850000008708
  },
  "timestamp": "2026-04-16T18:23:23.538525+00:00"
}