{
  "sweep_name": "region_selection_multitask_v1_mackey_glass",
  "config_id": "5a1306e243a3",
  "seed": 1024,
  "config_point": {
    "spectral_radius": 1.0,
    "input_scaling": 0.4,
    "leak_rate": 0.7
  },
  "best_ridge": 1e-10,
  "val_curve": {
    "1e-10": 1.7495009786046826e-12,
    "1e-08": 6.246289800085436e-11,
    "1e-06": 1.6979286523642316e-09,
    "0.0001": 1.497712200062893e-07,
    "0.01": 8.771721021409168e-06,
    "1.0": 0.00040565299688290966
  },
  "val_metrics": {
    "nmse": 1.7495009786046826e-12,
    "rmse": 2.9807831994690763e-07
  },
  "test_metrics": {
    "nmse": 1.4994425940238325e-12,
    "rmse": 2.501683121505967e-07
  },
  "timing": {
    "train_states_s": 0.018601499999931548,
    "ridge_select_s": 0.011909900000318885,
    "total_s": 0.0526066999991599
  },
  "timestamp": "2026-04-16T18:23:23.739120+00:00"
}