{
  "sweep_name": "region_selection_multitask_v1_mackey_glass",
  "config_id": "5a1306e243a3",
  "seed": 789,
  "config_point": {
    "spectral_radius": 1.0,
    "input_scaling": 0.4,
    "leak_rate": 0.7
  },
  "best_ridge": 1e-10,
  "val_curve": {
    "1e-10": 1.5266143618470148e-12,
    "1e-08": 5.598931719062771e-11,
    "1e-06": 2.187038109770546e-09,
    "0.0001": 5.904735416038572e-08,
    "0.01": 4.193365357500899e-06,
    "1.0": 0.00018042234811578141
  },
  "val_metrics": {
    "nmse": 1.5266143618470148e-12,
    "rmse": 2.784440658746274e-07
  },
  "test_metrics": {
    "nmse": 1.237483397454465e-12,
    "rmse": 2.2726736004783058e-07
  },
  "timing": {
    "train_states_s": 0.01921800000127405,
    "ridge_select_s": 0.013015600001381245,
    "total_s": 0.05580450000343262
  },
  "timestamp": "2026-04-16T18:23:23.674993+00:00"
}