{
  "sweep_name": "region_selection_multitask_v1_mackey_glass",
  "config_id": "5a1306e243a3",
  "seed": 42,
  "config_point": {
    "spectral_radius": 1.0,
    "input_scaling": 0.4,
    "leak_rate": 0.7
  },
  "best_ridge": 1e-10,
  "val_curve": {
    "1e-10": 3.758882377761891e-12,
    "1e-08": 9.638967454395081e-11,
    "1e-06": 2.715827831626023e-09,
    "0.0001": 1.4808267844435628e-07,
    "0.01": 8.635294981309025e-06,
    "1.0": 0.0005113895441108567
  },
  "val_metrics": {
    "nmse": 3.758882377761891e-12,
    "rmse": 4.369207423929282e-07
  },
  "test_metrics": {
    "nmse": 2.4689795726946e-12,
    "rmse": 3.210155906041647e-07
  },
  "timing": {
    "train_states_s": 0.018789800000377,
    "ridge_select_s": 0.012429900001734495,
    "total_s": 0.07446450000134064
  },
  "timestamp": "2026-04-16T18:23:23.471918+00:00"
}