{
  "sweep_name": "region_selection_multitask_v1_mackey_glass",
  "config_id": "5a1306e243a3",
  "seed": 456,
  "config_point": {
    "spectral_radius": 1.0,
    "input_scaling": 0.4,
    "leak_rate": 0.7
  },
  "best_ridge": 1e-10,
  "val_curve": {
    "1e-10": 9.96994246559818e-13,
    "1e-08": 5.167609158459561e-11,
    "1e-06": 1.933489444661175e-09,
    "0.0001": 8.701362539766768e-08,
    "0.01": 5.199451852046427e-06,
    "1.0": 0.00027726924644934115
  },
  "val_metrics": {
    "nmse": 9.96994246559818e-13,
    "rmse": 2.2501922311007813e-07
  },
  "test_metrics": {
    "nmse": 7.524403610652751e-13,
    "rmse": 1.7721619935141298e-07
  },
  "timing": {
    "train_states_s": 0.018936199998279335,
    "ridge_select_s": 0.012996499997825595,
    "total_s": 0.05754030000025523
  },
  "timestamp": "2026-04-16T18:23:23.607719+00:00"
}