{
  "sweep_name": "region_selection_multitask_v1_mackey_glass",
  "config_id": "5a90ec51096c",
  "seed": 123,
  "config_point": {
    "spectral_radius": 1.0,
    "input_scaling": 0.05,
    "leak_rate": 0.6
  },
  "best_ridge": 1e-10,
  "val_curve": {
    "1e-10": 2.7913944606769752e-11,
    "1e-08": 6.848269969478017e-10,
    "1e-06": 3.777135127508817e-08,
    "0.0001": 2.266379778202373e-06,
    "0.01": 6.208399030212227e-05,
    "1.0": 0.006435401648929476
  },
  "val_metrics": {
    "nmse": 2.7913944606769752e-11,
    "rmse": 1.1906494098597243e-06
  },
  "test_metrics": {
    "nmse": 2.5597940400195526e-11,
    "rmse": 1.0336413830104785e-06
  },
  "timing": {
    "train_states_s": 0.018433099998219404,
    "ridge_select_s": 0.01224240000010468,
    "total_s": 0.053996700000425335
  },
  "timestamp": "2026-04-16T18:23:12.897119+00:00"
}