{
  "sweep_name": "region_selection_multitask_v1_mackey_glass",
  "config_id": "5a90ec51096c",
  "seed": 456,
  "config_point": {
    "spectral_radius": 1.0,
    "input_scaling": 0.05,
    "leak_rate": 0.6
  },
  "best_ridge": 1e-10,
  "val_curve": {
    "1e-10": 1.1851984538439172e-11,
    "1e-08": 8.165006594452201e-10,
    "1e-06": 1.84071053332575e-08,
    "0.0001": 1.0576669227529032e-06,
    "0.01": 4.3265917693186565e-05,
    "1.0": 0.00265580558980749
  },
  "val_metrics": {
    "nmse": 1.1851984538439172e-11,
    "rmse": 7.758340444548372e-07
  },
  "test_metrics": {
    "nmse": 1.092323555662644e-11,
    "rmse": 6.752164686891458e-07
  },
  "timing": {
    "train_states_s": 0.017799199998989934,
    "ridge_select_s": 0.01159140000163461,
    "total_s": 0.053362899998319335
  },
  "timestamp": "2026-04-16T18:23:12.961631+00:00"
}