{
  "sweep_name": "region_selection_multitask_v1_mackey_glass",
  "config_id": "5a90ec51096c",
  "seed": 789,
  "config_point": {
    "spectral_radius": 1.0,
    "input_scaling": 0.05,
    "leak_rate": 0.6
  },
  "best_ridge": 1e-10,
  "val_curve": {
    "1e-10": 2.5915986890306086e-11,
    "1e-08": 6.102688054017284e-10,
    "1e-06": 4.336332388266084e-08,
    "0.0001": 1.4620890530139557e-06,
    "0.01": 7.383943765778547e-05,
    "1.0": 0.005453434117105308
  },
  "val_metrics": {
    "nmse": 2.5915986890306086e-11,
    "rmse": 1.1472476338987332e-06
  },
  "test_metrics": {
    "nmse": 2.1423881345071553e-11,
    "rmse": 9.456195750800455e-07
  },
  "timing": {
    "train_states_s": 0.018417800001770956,
    "ridge_select_s": 0.012070500000845641,
    "total_s": 0.053203300001769094
  },
  "timestamp": "2026-04-16T18:23:13.025921+00:00"
}