{
  "sweep_name": "region_selection_multitask_v1_mackey_glass",
  "config_id": "5a90ec51096c",
  "seed": 1024,
  "config_point": {
    "spectral_radius": 1.0,
    "input_scaling": 0.05,
    "leak_rate": 0.6
  },
  "best_ridge": 1e-10,
  "val_curve": {
    "1e-10": 1.8577451250502007e-11,
    "1e-08": 7.128656279356193e-10,
    "1e-06": 7.032941045976328e-08,
    "0.0001": 3.481026120540666e-06,
    "0.01": 0.00011686611027136493,
    "1.0": 0.006753486943714204
  },
  "val_metrics": {
    "nmse": 1.8577451250502007e-11,
    "rmse": 9.71329010786156e-07
  },
  "test_metrics": {
    "nmse": 1.6640067586605917e-11,
    "rmse": 8.333835421417672e-07
  },
  "timing": {
    "train_states_s": 0.01765739999973448,
    "ridge_select_s": 0.012869599999248749,
    "total_s": 0.055574499998328974
  },
  "timestamp": "2026-04-16T18:23:13.092882+00:00"
}