{
  "sweep_name": "region_selection_multitask_v1_mackey_glass",
  "config_id": "5a90ec51096c",
  "seed": 42,
  "config_point": {
    "spectral_radius": 1.0,
    "input_scaling": 0.05,
    "leak_rate": 0.6
  },
  "best_ridge": 1e-10,
  "val_curve": {
    "1e-10": 3.719683716376306e-11,
    "1e-08": 1.2485211225722988e-09,
    "1e-06": 4.792234904317044e-08,
    "0.0001": 3.5721119404212204e-06,
    "0.01": 0.00011313261822024328,
    "1.0": 0.003091140189970551
  },
  "val_metrics": {
    "nmse": 3.719683716376306e-11,
    "rmse": 1.374441632384347e-06
  },
  "test_metrics": {
    "nmse": 3.0798541920821236e-11,
    "rmse": 1.133789563221869e-06
  },
  "timing": {
    "train_states_s": 0.017811000001529464,
    "ridge_select_s": 0.012028699999063974,
    "total_s": 0.07242519999999786
  },
  "timestamp": "2026-04-16T18:23:12.832377+00:00"
}