{
  "sweep_name": "region_selection_multitask_v1_mackey_glass",
  "config_id": "5b64961deeb5",
  "seed": 1024,
  "config_point": {
    "spectral_radius": 0.7,
    "input_scaling": 0.15,
    "leak_rate": 0.7
  },
  "best_ridge": 1e-10,
  "val_curve": {
    "1e-10": 1.0955141779795106e-11,
    "1e-08": 2.015683088570393e-10,
    "1e-06": 1.212228587894879e-08,
    "0.0001": 1.1394032286359177e-06,
    "0.01": 3.111155489882755e-05,
    "1.0": 0.0015057460364992865
  },
  "val_metrics": {
    "nmse": 1.0955141779795106e-11,
    "rmse": 7.459029008283644e-07
  },
  "test_metrics": {
    "nmse": 1.0051744444752682e-11,
    "rmse": 6.477211764001453e-07
  },
  "timing": {
    "train_states_s": 0.018754100001387997,
    "ridge_select_s": 0.012115800000174204,
    "total_s": 0.053495899999688845
  },
  "timestamp": "2026-04-16T18:22:40.916350+00:00"
}