{
  "sweep_name": "region_selection_multitask_v1_mackey_glass",
  "config_id": "5b64961deeb5",
  "seed": 456,
  "config_point": {
    "spectral_radius": 0.7,
    "input_scaling": 0.15,
    "leak_rate": 0.7
  },
  "best_ridge": 1e-10,
  "val_curve": {
    "1e-10": 6.741972832398231e-12,
    "1e-08": 1.9870038561370668e-10,
    "1e-06": 1.2633204864124716e-08,
    "0.0001": 5.987942564590911e-07,
    "0.01": 1.1396648386901797e-05,
    "1.0": 0.0014750513902559643
  },
  "val_metrics": {
    "nmse": 6.741972832398231e-12,
    "rmse": 5.85149440288315e-07
  },
  "test_metrics": {
    "nmse": 6.053957486754932e-12,
    "rmse": 5.026747378596809e-07
  },
  "timing": {
    "train_states_s": 0.018438099999912083,
    "ridge_select_s": 0.011725500000466127,
    "total_s": 0.054908899997826666
  },
  "timestamp": "2026-04-16T18:22:40.789450+00:00"
}