{
  "sweep_name": "region_selection_multitask_v1_mackey_glass",
  "config_id": "5b64961deeb5",
  "seed": 42,
  "config_point": {
    "spectral_radius": 0.7,
    "input_scaling": 0.15,
    "leak_rate": 0.7
  },
  "best_ridge": 1e-10,
  "val_curve": {
    "1e-10": 8.355739674240252e-12,
    "1e-08": 3.675145351574753e-10,
    "1e-06": 2.283347318896416e-08,
    "0.0001": 5.368063578254095e-07,
    "0.01": 2.2972205587599983e-05,
    "1.0": 0.001632281157252138
  },
  "val_metrics": {
    "nmse": 8.355739674240252e-12,
    "rmse": 6.514269855082166e-07
  },
  "test_metrics": {
    "nmse": 7.574290666966367e-12,
    "rmse": 5.622615174758356e-07
  },
  "timing": {
    "train_states_s": 0.01879719999851659,
    "ridge_select_s": 0.012872100000095088,
    "total_s": 0.07153950000065379
  },
  "timestamp": "2026-04-16T18:22:40.660062+00:00"
}