{
  "sweep_name": "region_selection_multitask_v1_mackey_glass",
  "config_id": "5b64961deeb5",
  "seed": 123,
  "config_point": {
    "spectral_radius": 0.7,
    "input_scaling": 0.15,
    "leak_rate": 0.7
  },
  "best_ridge": 1e-10,
  "val_curve": {
    "1e-10": 1.0244038398436213e-11,
    "1e-08": 3.8682965028660334e-10,
    "1e-06": 1.7230788558673288e-08,
    "0.0001": 6.975036864430416e-07,
    "0.01": 1.9193078784606847e-05,
    "1.0": 0.0013631159486727148
  },
  "val_metrics": {
    "nmse": 1.0244038398436213e-11,
    "rmse": 7.212883102319447e-07
  },
  "test_metrics": {
    "nmse": 9.591815993047864e-12,
    "rmse": 6.327290816689006e-07
  },
  "timing": {
    "train_states_s": 0.017726100002619205,
    "ridge_select_s": 0.011977400001342176,
    "total_s": 0.052494399998977315
  },
  "timestamp": "2026-04-16T18:22:40.723715+00:00"
}