{
  "sweep_name": "region_selection_multitask_v1_mackey_glass",
  "config_id": "5cdb0551167b",
  "seed": 42,
  "config_point": {
    "spectral_radius": 0.9,
    "input_scaling": 0.4,
    "leak_rate": 0.6
  },
  "best_ridge": 1e-10,
  "val_curve": {
    "1e-10": 3.1753660793163413e-12,
    "1e-08": 1.6559089677274977e-10,
    "1e-06": 4.0778711327136594e-09,
    "0.0001": 1.695320104855716e-07,
    "0.01": 8.394067201367864e-06,
    "1.0": 0.0004677446596731518
  },
  "val_metrics": {
    "nmse": 3.1753660793163413e-12,
    "rmse": 4.0157826167996477e-07
  },
  "test_metrics": {
    "nmse": 2.9904238764666125e-12,
    "rmse": 3.5329195865424297e-07
  },
  "timing": {
    "train_states_s": 0.017732700001943158,
    "ridge_select_s": 0.012574899999890476,
    "total_s": 0.05535800000143354
  },
  "timestamp": "2026-04-16T18:23:10.797902+00:00"
}