{
  "sweep_name": "region_selection_multitask_v1_mackey_glass",
  "config_id": "5cdb0551167b",
  "seed": 1024,
  "config_point": {
    "spectral_radius": 0.9,
    "input_scaling": 0.4,
    "leak_rate": 0.6
  },
  "best_ridge": 1e-10,
  "val_curve": {
    "1e-10": 2.5170890223600644e-12,
    "1e-08": 8.722503625585667e-11,
    "1e-06": 3.1814305088278593e-09,
    "0.0001": 1.8916628164047835e-07,
    "0.01": 1.073081155368227e-05,
    "1.0": 0.0005558254234166547
  },
  "val_metrics": {
    "nmse": 2.5170890223600644e-12,
    "rmse": 3.5753830973032003e-07
  },
  "test_metrics": {
    "nmse": 2.6230131421217912e-12,
    "rmse": 3.308777851395245e-07
  },
  "timing": {
    "train_states_s": 0.01886960000047111,
    "ridge_select_s": 0.012934299997141352,
    "total_s": 0.05391020000024582
  },
  "timestamp": "2026-04-16T18:23:11.064032+00:00"
}