{
  "sweep_name": "region_selection_multitask_v1_mackey_glass",
  "config_id": "5cdb0551167b",
  "seed": 456,
  "config_point": {
    "spectral_radius": 0.9,
    "input_scaling": 0.4,
    "leak_rate": 0.6
  },
  "best_ridge": 1e-10,
  "val_curve": {
    "1e-10": 1.4765770302814645e-12,
    "1e-08": 6.686797179641016e-11,
    "1e-06": 2.1921716202052252e-09,
    "0.0001": 1.171032208642725e-07,
    "0.01": 4.6160187736336795e-06,
    "1.0": 0.0002632637720322993
  },
  "val_metrics": {
    "nmse": 1.4765770302814645e-12,
    "rmse": 2.738428140286052e-07
  },
  "test_metrics": {
    "nmse": 1.3762554678183572e-12,
    "rmse": 2.3967178225420346e-07
  },
  "timing": {
    "train_states_s": 0.0185258999990765,
    "ridge_select_s": 0.012710200000583427,
    "total_s": 0.056912200001534075
  },
  "timestamp": "2026-04-16T18:23:10.932768+00:00"
}