{
  "sweep_name": "region_selection_multitask_v1_mackey_glass",
  "config_id": "5cdb0551167b",
  "seed": 789,
  "config_point": {
    "spectral_radius": 0.9,
    "input_scaling": 0.4,
    "leak_rate": 0.6
  },
  "best_ridge": 1e-10,
  "val_curve": {
    "1e-10": 2.4492788086660623e-12,
    "1e-08": 9.408505827629966e-11,
    "1e-06": 3.978864509599786e-09,
    "0.0001": 1.0814282621354567e-07,
    "0.01": 6.600792794744328e-06,
    "1.0": 0.00026147445653852534
  },
  "val_metrics": {
    "nmse": 2.4492788086660623e-12,
    "rmse": 3.5268940009906607e-07
  },
  "test_metrics": {
    "nmse": 1.992055444374859e-12,
    "rmse": 2.883487596623274e-07
  },
  "timing": {
    "train_states_s": 0.01869069999884232,
    "ridge_select_s": 0.012415000001055887,
    "total_s": 0.054645500000333413
  },
  "timestamp": "2026-04-16T18:23:10.998507+00:00"
}