{
  "sweep_name": "region_selection_multitask_v1_mackey_glass",
  "config_id": "5d7efc63ccdb",
  "seed": 42,
  "config_point": {
    "spectral_radius": 0.8,
    "input_scaling": 0.2,
    "leak_rate": 0.9
  },
  "best_ridge": 1e-10,
  "val_curve": {
    "1e-10": 2.47622679243629e-12,
    "1e-08": 1.725547487656164e-10,
    "1e-06": 7.215422460443047e-09,
    "0.0001": 1.9779068934902764e-07,
    "0.01": 1.7203360119576623e-05,
    "1.0": 0.0006305940268433279
  },
  "val_metrics": {
    "nmse": 2.47622679243629e-12,
    "rmse": 3.546243101943218e-07
  },
  "test_metrics": {
    "nmse": 2.1199034590245294e-12,
    "rmse": 2.974578389503732e-07
  },
  "timing": {
    "train_states_s": 0.018505600000935374,
    "ridge_select_s": 0.012197000000014668,
    "total_s": 0.0559943000007479
  },
  "timestamp": "2026-04-16T18:22:55.413853+00:00"
}