{
  "sweep_name": "region_selection_multitask_v1_mackey_glass",
  "config_id": "5d7efc63ccdb",
  "seed": 456,
  "config_point": {
    "spectral_radius": 0.8,
    "input_scaling": 0.2,
    "leak_rate": 0.9
  },
  "best_ridge": 1e-10,
  "val_curve": {
    "1e-10": 1.6535563656861614e-12,
    "1e-08": 7.625157223341534e-11,
    "1e-06": 5.784316273437962e-09,
    "0.0001": 1.79267312487572e-07,
    "0.01": 5.319839569115585e-06,
    "1.0": 0.000617970966576271
  },
  "val_metrics": {
    "nmse": 1.6535563656861614e-12,
    "rmse": 2.89789600827619e-07
  },
  "test_metrics": {
    "nmse": 1.4311945617588533e-12,
    "rmse": 2.444087305687185e-07
  },
  "timing": {
    "train_states_s": 0.018658100001630373,
    "ridge_select_s": 0.011647799998172559,
    "total_s": 0.0548415000012028
  },
  "timestamp": "2026-04-16T18:22:55.542635+00:00"
}