{
  "sweep_name": "region_selection_multitask_v1_mackey_glass",
  "config_id": "5dacf2ac3539",
  "seed": 42,
  "config_point": {
    "spectral_radius": 0.7,
    "input_scaling": 0.2,
    "leak_rate": 0.6
  },
  "best_ridge": 1e-10,
  "val_curve": {
    "1e-10": 1.1976908914992146e-11,
    "1e-08": 3.806870212707464e-10,
    "1e-06": 2.1453047365323456e-08,
    "0.0001": 5.121203777631861e-07,
    "0.01": 2.042717950749783e-05,
    "1.0": 0.0018369241552899554
  },
  "val_metrics": {
    "nmse": 1.1976908914992146e-11,
    "rmse": 7.799121178913489e-07
  },
  "test_metrics": {
    "nmse": 1.0873458911875963e-11,
    "rmse": 6.736762479643492e-07
  },
  "timing": {
    "train_states_s": 0.017980199998419266,
    "ridge_select_s": 0.012560400002257666,
    "total_s": 0.0562171000019589
  },
  "timestamp": "2026-04-16T18:22:42.298785+00:00"
}