{
  "sweep_name": "region_selection_multitask_v1_mackey_glass",
  "config_id": "5dacf2ac3539",
  "seed": 456,
  "config_point": {
    "spectral_radius": 0.7,
    "input_scaling": 0.2,
    "leak_rate": 0.6
  },
  "best_ridge": 1e-10,
  "val_curve": {
    "1e-10": 7.009566916015308e-12,
    "1e-08": 3.002498857210635e-10,
    "1e-06": 1.2374078144641557e-08,
    "0.0001": 3.535657055483475e-07,
    "0.01": 8.412301893913123e-06,
    "1.0": 0.0009997348183157452
  },
  "val_metrics": {
    "nmse": 7.009566916015308e-12,
    "rmse": 5.966489599245929e-07
  },
  "test_metrics": {
    "nmse": 6.508604764647708e-12,
    "rmse": 5.212083042646858e-07
  },
  "timing": {
    "train_states_s": 0.017774500000086846,
    "ridge_select_s": 0.01173689999995986,
    "total_s": 0.05334709999806364
  },
  "timestamp": "2026-04-16T18:22:42.426169+00:00"
}