{
  "sweep_name": "region_selection_multitask_v1_mackey_glass",
  "config_id": "5dacf2ac3539",
  "seed": 1024,
  "config_point": {
    "spectral_radius": 0.7,
    "input_scaling": 0.2,
    "leak_rate": 0.6
  },
  "best_ridge": 1e-10,
  "val_curve": {
    "1e-10": 9.407487851672647e-12,
    "1e-08": 2.513112120203659e-10,
    "1e-06": 1.334617009493025e-08,
    "0.0001": 8.288610137037163e-07,
    "0.01": 1.5746114713022408e-05,
    "1.0": 0.0015475752942840763
  },
  "val_metrics": {
    "nmse": 9.407487851672647e-12,
    "rmse": 6.912101835760837e-07
  },
  "test_metrics": {
    "nmse": 8.837706487173146e-12,
    "rmse": 6.073473818258178e-07
  },
  "timing": {
    "train_states_s": 0.018231699999887496,
    "ridge_select_s": 0.012089500000001863,
    "total_s": 0.052000899999256944
  },
  "timestamp": "2026-04-16T18:22:42.552398+00:00"
}