{
  "sweep_name": "region_selection_multitask_v1_mackey_glass",
  "config_id": "5dacf2ac3539",
  "seed": 789,
  "config_point": {
    "spectral_radius": 0.7,
    "input_scaling": 0.2,
    "leak_rate": 0.6
  },
  "best_ridge": 1e-10,
  "val_curve": {
    "1e-10": 7.764050727963317e-12,
    "1e-08": 3.9778294572391413e-10,
    "1e-06": 1.2996090802386105e-08,
    "0.0001": 4.964157240951099e-07,
    "0.01": 1.4520700710673634e-05,
    "1.0": 0.0009300013785807781
  },
  "val_metrics": {
    "nmse": 7.764050727963317e-12,
    "rmse": 6.279390288946768e-07
  },
  "test_metrics": {
    "nmse": 7.071043364233495e-12,
    "rmse": 5.432617484038606e-07
  },
  "timing": {
    "train_states_s": 0.0176352999988012,
    "ridge_select_s": 0.011539700000867015,
    "total_s": 0.05119809999814606
  },
  "timestamp": "2026-04-16T18:22:42.488429+00:00"
}