{
  "sweep_name": "region_selection_multitask_v1_mackey_glass",
  "config_id": "5ec1f2c41d90",
  "seed": 456,
  "config_point": {
    "spectral_radius": 1.1,
    "input_scaling": 0.05,
    "leak_rate": 1.0
  },
  "best_ridge": 1e-10,
  "val_curve": {
    "1e-10": 8.892968235685768e-08,
    "1e-08": 1.545443867542101e-07,
    "1e-06": 7.596390294712738e-07,
    "0.0001": 4.377081484124238e-06,
    "0.01": 4.9960282102996503e-05,
    "1.0": 0.0017482949529593259
  },
  "val_metrics": {
    "nmse": 8.892968235685768e-08,
    "rmse": 6.720423865675555e-05
  },
  "test_metrics": {
    "nmse": 9.564441652163782e-08,
    "rmse": 6.318255553118099e-05
  },
  "timing": {
    "train_states_s": 0.01854990000356338,
    "ridge_select_s": 0.012446100001398008,
    "total_s": 0.056430699998600176
  },
  "timestamp": "2026-04-16T18:23:26.733824+00:00"
}