{
  "sweep_name": "region_selection_multitask_v1_mackey_glass",
  "config_id": "5ec1f2c41d90",
  "seed": 42,
  "config_point": {
    "spectral_radius": 1.1,
    "input_scaling": 0.05,
    "leak_rate": 1.0
  },
  "best_ridge": 1e-10,
  "val_curve": {
    "1e-10": 1.973741549108453e-06,
    "1e-08": 3.993070896971993e-06,
    "1e-06": 7.732870327245475e-06,
    "0.0001": 1.571968285850977e-05,
    "0.01": 0.0004499337322891633,
    "1.0": 0.018011280131803493
  },
  "val_metrics": {
    "nmse": 1.973741549108453e-06,
    "rmse": 0.0003166054865721955
  },
  "test_metrics": {
    "nmse": 1.3048489863725e-07,
    "rmse": 7.379849462168884e-05
  },
  "timing": {
    "train_states_s": 0.01881649999995716,
    "ridge_select_s": 0.012483099999371916,
    "total_s": 0.08702360000097542
  },
  "timestamp": "2026-04-16T18:23:26.601160+00:00"
}