{
  "sweep_name": "region_selection_multitask_v1_mackey_glass",
  "config_id": "5f4d2647fd5e",
  "seed": 456,
  "config_point": {
    "spectral_radius": 0.8,
    "input_scaling": 0.4,
    "leak_rate": 0.7
  },
  "best_ridge": 1e-10,
  "val_curve": {
    "1e-10": 1.8398562146054974e-12,
    "1e-08": 6.706334154393957e-11,
    "1e-06": 2.8623995381472556e-09,
    "0.0001": 1.3420738499692805e-07,
    "0.01": 5.1900209683816105e-06,
    "1.0": 0.00031778211801081874
  },
  "val_metrics": {
    "nmse": 1.8398562146054974e-12,
    "rmse": 3.056787416774349e-07
  },
  "test_metrics": {
    "nmse": 1.72064644432415e-12,
    "rmse": 2.6798667319033376e-07
  },
  "timing": {
    "train_states_s": 0.0184439000004204,
    "ridge_select_s": 0.012124299999413779,
    "total_s": 0.05631630000061705
  },
  "timestamp": "2026-04-16T18:22:58.978219+00:00"
}