{
  "sweep_name": "region_selection_multitask_v1_mackey_glass",
  "config_id": "5f4d2647fd5e",
  "seed": 1024,
  "config_point": {
    "spectral_radius": 0.8,
    "input_scaling": 0.4,
    "leak_rate": 0.7
  },
  "best_ridge": 1e-10,
  "val_curve": {
    "1e-10": 3.0650089342419725e-12,
    "1e-08": 9.188740081529216e-11,
    "1e-06": 2.7426623781924734e-09,
    "0.0001": 2.4538716434672726e-07,
    "0.01": 7.855184758078127e-06,
    "1.0": 0.0005034248779686338
  },
  "val_metrics": {
    "nmse": 3.0650089342419725e-12,
    "rmse": 3.9453829848390516e-07
  },
  "test_metrics": {
    "nmse": 3.2481457908814946e-12,
    "rmse": 3.682011441567662e-07
  },
  "timing": {
    "train_states_s": 0.018518099997891113,
    "ridge_select_s": 0.012707499998214189,
    "total_s": 0.053396700001030695
  },
  "timestamp": "2026-04-16T18:22:59.105643+00:00"
}