{
  "sweep_name": "region_selection_multitask_v1_mackey_glass",
  "config_id": "5f4d2647fd5e",
  "seed": 123,
  "config_point": {
    "spectral_radius": 0.8,
    "input_scaling": 0.4,
    "leak_rate": 0.7
  },
  "best_ridge": 1e-10,
  "val_curve": {
    "1e-10": 2.5849500187680962e-12,
    "1e-08": 9.02072116539069e-11,
    "1e-06": 5.100028104913547e-09,
    "0.0001": 2.3058166451308038e-07,
    "0.01": 5.793684247395667e-06,
    "1.0": 0.00033332891212822595
  },
  "val_metrics": {
    "nmse": 2.5849500187680962e-12,
    "rmse": 3.6232589194485394e-07
  },
  "test_metrics": {
    "nmse": 2.635867933869622e-12,
    "rmse": 3.316875726488158e-07
  },
  "timing": {
    "train_states_s": 0.01783910000085598,
    "ridge_select_s": 0.012011200000415556,
    "total_s": 0.0529253000022436
  },
  "timestamp": "2026-04-16T18:22:58.910773+00:00"
}