{
  "sweep_name": "region_selection_multitask_v1_mackey_glass",
  "config_id": "618f4403867e",
  "seed": 1024,
  "config_point": {
    "spectral_radius": 1.1,
    "input_scaling": 0.3,
    "leak_rate": 0.7
  },
  "best_ridge": 1e-10,
  "val_curve": {
    "1e-10": 1.8314619355487773e-12,
    "1e-08": 4.5440483574983766e-11,
    "1e-06": 2.042594067796935e-09,
    "0.0001": 3.056728245759303e-07,
    "0.01": 1.0991761596599197e-05,
    "1.0": 0.0003625512238091578
  },
  "val_metrics": {
    "nmse": 1.8314619355487773e-12,
    "rmse": 3.049806202422362e-07
  },
  "test_metrics": {
    "nmse": 2.0711191288472753e-12,
    "rmse": 2.9401529034794117e-07
  },
  "timing": {
    "train_states_s": 0.01929329999984475,
    "ridge_select_s": 0.01177309999911813,
    "total_s": 0.05326960000093095
  },
  "timestamp": "2026-04-16T18:23:33.945634+00:00"
}