{
  "sweep_name": "region_selection_multitask_v1_mackey_glass",
  "config_id": "618f4403867e",
  "seed": 456,
  "config_point": {
    "spectral_radius": 1.1,
    "input_scaling": 0.3,
    "leak_rate": 0.7
  },
  "best_ridge": 1e-08,
  "val_curve": {
    "1e-10": 0.0006252972768363359,
    "1e-08": 0.00038157906275653966,
    "1e-06": 0.014214004937571632,
    "0.0001": 0.07443512061808588,
    "0.01": 0.0368950841516976,
    "1.0": 0.008716861234970558
  },
  "val_metrics": {
    "nmse": 0.00038157906275653966,
    "rmse": 0.004402157365277136
  },
  "test_metrics": {
    "nmse": 8.391675816204613e-08,
    "rmse": 5.918228454367829e-05
  },
  "timing": {
    "train_states_s": 0.01860060000035446,
    "ridge_select_s": 0.01179010000123526,
    "total_s": 0.05524800000057439
  },
  "timestamp": "2026-04-16T18:23:33.817273+00:00"
}