{
  "sweep_name": "region_selection_multitask_v1_mackey_glass",
  "config_id": "618f4403867e",
  "seed": 123,
  "config_point": {
    "spectral_radius": 1.1,
    "input_scaling": 0.3,
    "leak_rate": 0.7
  },
  "best_ridge": 1e-10,
  "val_curve": {
    "1e-10": 2.0500886881033287e-12,
    "1e-08": 6.928531933680005e-11,
    "1e-06": 2.3013399291211807e-09,
    "0.0001": 1.2702473143167842e-07,
    "0.01": 9.156897732563984e-06,
    "1.0": 0.00018668365634852516
  },
  "val_metrics": {
    "nmse": 2.0500886881033287e-12,
    "rmse": 3.22670765604151e-07
  },
  "test_metrics": {
    "nmse": 2.1134351871213653e-12,
    "rmse": 2.9700368900344135e-07
  },
  "timing": {
    "train_states_s": 0.018518099997891113,
    "ridge_select_s": 0.011745899999368703,
    "total_s": 0.05311530000108178
  },
  "timestamp": "2026-04-16T18:23:33.751030+00:00"
}