{
  "sweep_name": "region_selection_multitask_v1_mackey_glass",
  "config_id": "618f4403867e",
  "seed": 789,
  "config_point": {
    "spectral_radius": 1.1,
    "input_scaling": 0.3,
    "leak_rate": 0.7
  },
  "best_ridge": 1e-10,
  "val_curve": {
    "1e-10": 1.953100806047939e-12,
    "1e-08": 6.385148697963318e-11,
    "1e-06": 2.271507113670524e-09,
    "0.0001": 8.235427360320781e-08,
    "0.01": 3.577076167525876e-06,
    "1.0": 0.00026685743197043475
  },
  "val_metrics": {
    "nmse": 1.953100806047939e-12,
    "rmse": 3.1494565740729205e-07
  },
  "test_metrics": {
    "nmse": 1.7044821503033572e-12,
    "rmse": 2.667249273296356e-07
  },
  "timing": {
    "train_states_s": 0.01857690000178991,
    "ridge_select_s": 0.011634999998932471,
    "total_s": 0.05285139999978128
  },
  "timestamp": "2026-04-16T18:23:33.881362+00:00"
}