{
  "sweep_name": "region_selection_multitask_v1_mackey_glass",
  "config_id": "61cb13fdaada",
  "seed": 1024,
  "config_point": {
    "spectral_radius": 0.6,
    "input_scaling": 0.05,
    "leak_rate": 1.0
  },
  "best_ridge": 1e-10,
  "val_curve": {
    "1e-10": 4.648988229023355e-11,
    "1e-08": 9.826961165305241e-10,
    "1e-06": 1.62971283753153e-07,
    "0.0001": 2.2648755087904387e-06,
    "0.01": 0.0003231594426810273,
    "1.0": 0.0006604989511139498
  },
  "val_metrics": {
    "nmse": 4.648988229023355e-11,
    "rmse": 1.5365705958144645e-06
  },
  "test_metrics": {
    "nmse": 5.630770324545499e-11,
    "rmse": 1.5330322223221116e-06
  },
  "timing": {
    "train_states_s": 0.018464799999492243,
    "ridge_select_s": 0.012094699999579461,
    "total_s": 0.05212589999791817
  },
  "timestamp": "2026-04-16T18:22:25.790382+00:00"
}