{
  "sweep_name": "region_selection_multitask_v1_mackey_glass",
  "config_id": "61cb13fdaada",
  "seed": 789,
  "config_point": {
    "spectral_radius": 0.6,
    "input_scaling": 0.05,
    "leak_rate": 1.0
  },
  "best_ridge": 1e-10,
  "val_curve": {
    "1e-10": 2.4556154342536083e-11,
    "1e-08": 1.0073720356944414e-09,
    "1e-06": 1.4720920103913577e-07,
    "0.0001": 9.323912453855335e-07,
    "0.01": 0.00020828594949620616,
    "1.0": 0.0005400068052798345
  },
  "val_metrics": {
    "nmse": 2.4556154342536083e-11,
    "rmse": 1.1167435995884163e-06
  },
  "test_metrics": {
    "nmse": 2.9948766594284223e-11,
    "rmse": 1.1180387275922303e-06
  },
  "timing": {
    "train_states_s": 0.018742899999779183,
    "ridge_select_s": 0.012534099998447346,
    "total_s": 0.053984500002115965
  },
  "timestamp": "2026-04-16T18:22:25.727334+00:00"
}