{
  "sweep_name": "region_selection_multitask_v1_mackey_glass",
  "config_id": "61cb13fdaada",
  "seed": 456,
  "config_point": {
    "spectral_radius": 0.6,
    "input_scaling": 0.05,
    "leak_rate": 1.0
  },
  "best_ridge": 1e-10,
  "val_curve": {
    "1e-10": 2.109369814897977e-11,
    "1e-08": 1.021874077824227e-09,
    "1e-06": 9.785252101962487e-08,
    "0.0001": 1.1060408131433805e-06,
    "0.01": 0.0002776240922444444,
    "1.0": 0.0006453273182528301
  },
  "val_metrics": {
    "nmse": 2.109369814897977e-11,
    "rmse": 1.0350221841883042e-06
  },
  "test_metrics": {
    "nmse": 2.4655038411982032e-11,
    "rmse": 1.01442564186831e-06
  },
  "timing": {
    "train_states_s": 0.017728599999827566,
    "ridge_select_s": 0.012472000002162531,
    "total_s": 0.05407869999908144
  },
  "timestamp": "2026-04-16T18:22:25.662484+00:00"
}