{
  "sweep_name": "region_selection_multitask_v1_mackey_glass",
  "config_id": "61cb13fdaada",
  "seed": 123,
  "config_point": {
    "spectral_radius": 0.6,
    "input_scaling": 0.05,
    "leak_rate": 1.0
  },
  "best_ridge": 1e-10,
  "val_curve": {
    "1e-10": 3.721664748738787e-11,
    "1e-08": 1.2787628498064148e-09,
    "1e-06": 1.346359642173905e-07,
    "0.0001": 1.3087265293040919e-06,
    "0.01": 0.0003007173266258627,
    "1.0": 0.0006480038178210815
  },
  "val_metrics": {
    "nmse": 3.721664748738787e-11,
    "rmse": 1.3748075843212071e-06
  },
  "test_metrics": {
    "nmse": 4.442526069775944e-11,
    "rmse": 1.361702921418914e-06
  },
  "timing": {
    "train_states_s": 0.01872440000079223,
    "ridge_select_s": 0.01277249999839114,
    "total_s": 0.05469990000347025
  },
  "timestamp": "2026-04-16T18:22:25.597074+00:00"
}