{
  "sweep_name": "region_selection_multitask_v1_mackey_glass",
  "config_id": "62d97647ac56",
  "seed": 42,
  "config_point": {
    "spectral_radius": 0.6,
    "input_scaling": 0.3,
    "leak_rate": 0.9
  },
  "best_ridge": 1e-10,
  "val_curve": {
    "1e-10": 7.073799236009636e-12,
    "1e-08": 2.4141344144347113e-10,
    "1e-06": 1.0334554506267718e-08,
    "0.0001": 3.9293264639726743e-07,
    "0.01": 1.16621742791581e-05,
    "1.0": 0.001140148163712944
  },
  "val_metrics": {
    "nmse": 7.073799236009636e-12,
    "rmse": 5.993764287759245e-07
  },
  "test_metrics": {
    "nmse": 6.325414583229627e-12,
    "rmse": 5.138210288966759e-07
  },
  "timing": {
    "train_states_s": 0.018653699997230433,
    "ridge_select_s": 0.011967399997956818,
    "total_s": 0.07942940000066301
  },
  "timestamp": "2026-04-16T18:22:33.286581+00:00"
}