{
  "sweep_name": "region_selection_multitask_v1_mackey_glass",
  "config_id": "62d97647ac56",
  "seed": 123,
  "config_point": {
    "spectral_radius": 0.6,
    "input_scaling": 0.3,
    "leak_rate": 0.9
  },
  "best_ridge": 1e-10,
  "val_curve": {
    "1e-10": 7.195530167494799e-12,
    "1e-08": 2.5745227573144307e-10,
    "1e-06": 8.060538559615895e-09,
    "0.0001": 4.2041147702206616e-07,
    "0.01": 1.0070796556353816e-05,
    "1.0": 0.0009537313690185773
  },
  "val_metrics": {
    "nmse": 7.195530167494799e-12,
    "rmse": 6.04511676649491e-07
  },
  "test_metrics": {
    "nmse": 6.745841610338757e-12,
    "rmse": 5.306222375710073e-07
  },
  "timing": {
    "train_states_s": 0.017757400000846246,
    "ridge_select_s": 0.012486399999033893,
    "total_s": 0.05202099999951315
  },
  "timestamp": "2026-04-16T18:22:33.349838+00:00"
}