{
  "sweep_name": "region_selection_multitask_v1_mackey_glass",
  "config_id": "62d97647ac56",
  "seed": 789,
  "config_point": {
    "spectral_radius": 0.6,
    "input_scaling": 0.3,
    "leak_rate": 0.9
  },
  "best_ridge": 1e-10,
  "val_curve": {
    "1e-10": 6.1377503387333424e-12,
    "1e-08": 1.6898624629816645e-10,
    "1e-06": 5.0707256306965896e-09,
    "0.0001": 4.0363883568918565e-07,
    "0.01": 8.271940278461516e-06,
    "1.0": 0.0005120919601149413
  },
  "val_metrics": {
    "nmse": 6.1377503387333424e-12,
    "rmse": 5.583132109393809e-07
  },
  "test_metrics": {
    "nmse": 5.854719491264757e-12,
    "rmse": 4.943339325907693e-07
  },
  "timing": {
    "train_states_s": 0.01776850000169361,
    "ridge_select_s": 0.012212400000862544,
    "total_s": 0.052097300002060365
  },
  "timestamp": "2026-04-16T18:22:33.481562+00:00"
}