{
  "sweep_name": "region_selection_multitask_v1_mackey_glass",
  "config_id": "62d97647ac56",
  "seed": 456,
  "config_point": {
    "spectral_radius": 0.6,
    "input_scaling": 0.3,
    "leak_rate": 0.9
  },
  "best_ridge": 1e-10,
  "val_curve": {
    "1e-10": 3.8996908213971405e-12,
    "1e-08": 1.5705166621991058e-10,
    "1e-06": 4.0132836833616826e-09,
    "0.0001": 2.5686794068246936e-07,
    "0.01": 6.348883441227738e-06,
    "1.0": 0.00039181400613678535
  },
  "val_metrics": {
    "nmse": 3.8996908213971405e-12,
    "rmse": 4.4502907237345765e-07
  },
  "test_metrics": {
    "nmse": 3.697065984486855e-12,
    "rmse": 3.9282215842541863e-07
  },
  "timing": {
    "train_states_s": 0.018996499999047955,
    "ridge_select_s": 0.012040699999488425,
    "total_s": 0.056893199998739874
  },
  "timestamp": "2026-04-16T18:22:33.417845+00:00"
}