{
  "sweep_name": "region_selection_multitask_v1_mackey_glass",
  "config_id": "6394867d74a1",
  "seed": 1024,
  "config_point": {
    "spectral_radius": 0.9,
    "input_scaling": 0.05,
    "leak_rate": 0.6
  },
  "best_ridge": 1e-10,
  "val_curve": {
    "1e-10": 2.5495057311551706e-11,
    "1e-08": 9.467165077688025e-10,
    "1e-06": 5.333171205320285e-08,
    "0.0001": 2.626527303933105e-06,
    "0.01": 0.00010931621232147242,
    "1.0": 0.0047159449335672865
  },
  "val_metrics": {
    "nmse": 2.5495057311551706e-11,
    "rmse": 1.1378926473237036e-06
  },
  "test_metrics": {
    "nmse": 2.2654640204488153e-11,
    "rmse": 9.724022639492178e-07
  },
  "timing": {
    "train_states_s": 0.018450499999744352,
    "ridge_select_s": 0.012710700000752695,
    "total_s": 0.05268459999933839
  },
  "timestamp": "2026-04-16T18:23:00.857099+00:00"
}