{
  "sweep_name": "region_selection_multitask_v1_mackey_glass",
  "config_id": "6394867d74a1",
  "seed": 789,
  "config_point": {
    "spectral_radius": 0.9,
    "input_scaling": 0.05,
    "leak_rate": 0.6
  },
  "best_ridge": 1e-10,
  "val_curve": {
    "1e-10": 3.0081104439939155e-11,
    "1e-08": 8.582117043108975e-10,
    "1e-06": 3.5058857099102955e-08,
    "0.0001": 1.4063959303319878e-06,
    "0.01": 7.067020101574378e-05,
    "1.0": 0.011576082556840289
  },
  "val_metrics": {
    "nmse": 3.0081104439939155e-11,
    "rmse": 1.236004874864393e-06
  },
  "test_metrics": {
    "nmse": 2.558083320243878e-11,
    "rmse": 1.033295932114538e-06
  },
  "timing": {
    "train_states_s": 0.01922970000305213,
    "ridge_select_s": 0.012356700000964338,
    "total_s": 0.055054199998266995
  },
  "timestamp": "2026-04-16T18:23:00.791897+00:00"
}