{
  "sweep_name": "region_selection_multitask_v1_mackey_glass",
  "config_id": "63db3e098f17",
  "seed": 1024,
  "config_point": {
    "spectral_radius": 1.1,
    "input_scaling": 0.15,
    "leak_rate": 0.6
  },
  "best_ridge": 1e-10,
  "val_curve": {
    "1e-10": 3.398446404073167e-12,
    "1e-08": 1.8164854771539908e-10,
    "1e-06": 7.64117284610961e-09,
    "0.0001": 5.669405079139015e-07,
    "0.01": 2.933430124258837e-05,
    "1.0": 0.0011623975483382033
  },
  "val_metrics": {
    "nmse": 3.398446404073167e-12,
    "rmse": 4.154449722507175e-07
  },
  "test_metrics": {
    "nmse": 3.07953384777425e-12,
    "rmse": 3.5851709406993083e-07
  },
  "timing": {
    "train_states_s": 0.018880999999964843,
    "ridge_select_s": 0.01202720000219415,
    "total_s": 0.05311410000285832
  },
  "timestamp": "2026-04-16T18:23:29.562975+00:00"
}