{
  "sweep_name": "region_selection_multitask_v1_mackey_glass",
  "config_id": "63db3e098f17",
  "seed": 789,
  "config_point": {
    "spectral_radius": 1.1,
    "input_scaling": 0.15,
    "leak_rate": 0.6
  },
  "best_ridge": 1e-10,
  "val_curve": {
    "1e-10": 1.9319594218471514e-11,
    "1e-08": 2.5356170134647413e-10,
    "1e-06": 1.671194311102236e-08,
    "0.0001": 2.8380634885570644e-07,
    "0.01": 1.2615069173655226e-05,
    "1.0": 0.0008259116349529649
  },
  "val_metrics": {
    "nmse": 1.9319594218471514e-11,
    "rmse": 9.905406321788488e-07
  },
  "test_metrics": {
    "nmse": 6.468284393124352e-12,
    "rmse": 5.19591370870372e-07
  },
  "timing": {
    "train_states_s": 0.018536299998231698,
    "ridge_select_s": 0.012513099998614052,
    "total_s": 0.053181100000074366
  },
  "timestamp": "2026-04-16T18:23:29.498822+00:00"
}