{
  "sweep_name": "region_selection_multitask_v1_mackey_glass",
  "config_id": "63db3e098f17",
  "seed": 456,
  "config_point": {
    "spectral_radius": 1.1,
    "input_scaling": 0.15,
    "leak_rate": 0.6
  },
  "best_ridge": 1e-10,
  "val_curve": {
    "1e-10": 1.3794605680881728e-09,
    "1e-08": 2.639901232357051e-09,
    "1e-06": 3.407442152230154e-08,
    "0.0001": 6.436928820687096e-07,
    "0.01": 3.5425055253085026e-05,
    "1.0": 0.0007367794384728106
  },
  "val_metrics": {
    "nmse": 1.3794605680881728e-09,
    "rmse": 8.370047839143431e-06
  },
  "test_metrics": {
    "nmse": 2.1849567488779176e-09,
    "rmse": 9.549679558120507e-06
  },
  "timing": {
    "train_states_s": 0.01844839999830583,
    "ridge_select_s": 0.01192829999854439,
    "total_s": 0.05610369999703835
  },
  "timestamp": "2026-04-16T18:23:29.434099+00:00"
}