{
  "sweep_name": "region_selection_multitask_v1_mackey_glass",
  "config_id": "63db3e098f17",
  "seed": 42,
  "config_point": {
    "spectral_radius": 1.1,
    "input_scaling": 0.15,
    "leak_rate": 0.6
  },
  "best_ridge": 1e-10,
  "val_curve": {
    "1e-10": 1.0153621214489749e-10,
    "1e-08": 2.965372201246094e-09,
    "1e-06": 8.39180133725388e-08,
    "0.0001": 1.4162858149995456e-06,
    "0.01": 6.174837127231276e-05,
    "1.0": 0.0012699021875786274
  },
  "val_metrics": {
    "nmse": 1.0153621214489749e-10,
    "rmse": 2.270825559304495e-06
  },
  "test_metrics": {
    "nmse": 1.3991986276556824e-11,
    "rmse": 7.642000503189641e-07
  },
  "timing": {
    "train_states_s": 0.018486200002371334,
    "ridge_select_s": 0.011722900002496317,
    "total_s": 0.05884820000210311
  },
  "timestamp": "2026-04-16T18:23:29.300954+00:00"
}