{
  "sweep_name": "region_selection_multitask_v1_mackey_glass",
  "config_id": "65112a445932",
  "seed": 42,
  "config_point": {
    "spectral_radius": 1.1,
    "input_scaling": 0.2,
    "leak_rate": 0.8
  },
  "best_ridge": 1e-10,
  "val_curve": {
    "1e-10": 5.4245228062142e-12,
    "1e-08": 1.858855520570168e-10,
    "1e-06": 7.602166365700272e-09,
    "0.0001": 4.134182081694849e-07,
    "0.01": 2.323309111372364e-05,
    "1.0": 0.0006742712439824974
  },
  "val_metrics": {
    "nmse": 5.4245228062142e-12,
    "rmse": 5.248727967236286e-07
  },
  "test_metrics": {
    "nmse": 4.489515731409481e-12,
    "rmse": 4.328796058965408e-07
  },
  "timing": {
    "train_states_s": 0.01909169999998994,
    "ridge_select_s": 0.012758900000335416,
    "total_s": 0.08074850000048173
  },
  "timestamp": "2026-04-16T18:23:31.986143+00:00"
}