{
  "sweep_name": "region_selection_multitask_v1_mackey_glass",
  "config_id": "65112a445932",
  "seed": 456,
  "config_point": {
    "spectral_radius": 1.1,
    "input_scaling": 0.2,
    "leak_rate": 0.8
  },
  "best_ridge": 1e-10,
  "val_curve": {
    "1e-10": 3.8401842408764447e-08,
    "1e-08": 3.848391278237973e-08,
    "1e-06": 6.24955797038424e-08,
    "0.0001": 8.347717139674859e-07,
    "0.01": 1.9768209263912176e-05,
    "1.0": 0.0007370600463343607
  },
  "val_metrics": {
    "nmse": 3.8401842408764447e-08,
    "rmse": 4.416206019831588e-05
  },
  "test_metrics": {
    "nmse": 3.1036193063554185e-08,
    "rmse": 3.599163692158691e-05
  },
  "timing": {
    "train_states_s": 0.018477199999324512,
    "ridge_select_s": 0.012643199999729404,
    "total_s": 0.05626330000086455
  },
  "timestamp": "2026-04-16T18:23:32.118797+00:00"
}