{
  "sweep_name": "region_selection_multitask_v1_mackey_glass",
  "config_id": "65112a445932",
  "seed": 1024,
  "config_point": {
    "spectral_radius": 1.1,
    "input_scaling": 0.2,
    "leak_rate": 0.8
  },
  "best_ridge": 1e-10,
  "val_curve": {
    "1e-10": 1.8056296588081124e-12,
    "1e-08": 8.638547223515399e-11,
    "1e-06": 4.209944445301626e-09,
    "0.0001": 2.483911309187361e-07,
    "0.01": 1.6887864274488795e-05,
    "1.0": 0.000666540577314372
  },
  "val_metrics": {
    "nmse": 1.8056296588081124e-12,
    "rmse": 3.0282214733863537e-07
  },
  "test_metrics": {
    "nmse": 1.6590452412467753e-12,
    "rmse": 2.6314582939956596e-07
  },
  "timing": {
    "train_states_s": 0.01888130000224919,
    "ridge_select_s": 0.01200550000066869,
    "total_s": 0.05295730000216281
  },
  "timestamp": "2026-04-16T18:23:32.247001+00:00"
}