{
  "sweep_name": "region_selection_multitask_v1_mackey_glass",
  "config_id": "65112a445932",
  "seed": 789,
  "config_point": {
    "spectral_radius": 1.1,
    "input_scaling": 0.2,
    "leak_rate": 0.8
  },
  "best_ridge": 1e-10,
  "val_curve": {
    "1e-10": 2.1199680238873528e-12,
    "1e-08": 5.694905828685902e-11,
    "1e-06": 4.7603485254881755e-09,
    "0.0001": 1.3859846658062415e-07,
    "0.01": 5.48006536146307e-06,
    "1.0": 0.0005089000715988302
  },
  "val_metrics": {
    "nmse": 2.1199680238873528e-12,
    "rmse": 3.2812396440555083e-07
  },
  "test_metrics": {
    "nmse": 1.4089541922319668e-12,
    "rmse": 2.4250227291509325e-07
  },
  "timing": {
    "train_states_s": 0.018490300000848947,
    "ridge_select_s": 0.011968500002694782,
    "total_s": 0.0532526000024518
  },
  "timestamp": "2026-04-16T18:23:32.182877+00:00"
}