{
  "sweep_name": "region_selection_multitask_v1_mackey_glass",
  "config_id": "6741f7c852ef",
  "seed": 456,
  "config_point": {
    "spectral_radius": 0.8,
    "input_scaling": 0.4,
    "leak_rate": 0.8
  },
  "best_ridge": 1e-10,
  "val_curve": {
    "1e-10": 1.265734735072629e-12,
    "1e-08": 5.1865362054128117e-11,
    "1e-06": 2.322369855145169e-09,
    "0.0001": 1.1964147454384442e-07,
    "0.01": 4.832156218029255e-06,
    "1.0": 0.00031436879283960087
  },
  "val_metrics": {
    "nmse": 1.265734735072629e-12,
    "rmse": 2.5353892471084974e-07
  },
  "test_metrics": {
    "nmse": 1.1783760272516743e-12,
    "rmse": 2.2177333430745735e-07
  },
  "timing": {
    "train_states_s": 0.017898800000693882,
    "ridge_select_s": 0.01241459999801009,
    "total_s": 0.05414780000137398
  },
  "timestamp": "2026-04-16T18:22:59.332447+00:00"
}