{
  "sweep_name": "region_selection_multitask_v1_mackey_glass",
  "config_id": "6741f7c852ef",
  "seed": 123,
  "config_point": {
    "spectral_radius": 0.8,
    "input_scaling": 0.4,
    "leak_rate": 0.8
  },
  "best_ridge": 1e-10,
  "val_curve": {
    "1e-10": 2.2105682799792114e-12,
    "1e-08": 7.429391854134787e-11,
    "1e-06": 3.898868848068884e-09,
    "0.0001": 2.0397076645717043e-07,
    "0.01": 5.030974844204556e-06,
    "1.0": 0.0003020700289580868
  },
  "val_metrics": {
    "nmse": 2.2105682799792114e-12,
    "rmse": 3.350620658514661e-07
  },
  "test_metrics": {
    "nmse": 2.3879715755442736e-12,
    "rmse": 3.1570535843735155e-07
  },
  "timing": {
    "train_states_s": 0.018461200001183897,
    "ridge_select_s": 0.01242669999919599,
    "total_s": 0.05403690000093775
  },
  "timestamp": "2026-04-16T18:22:59.267492+00:00"
}