{
  "sweep_name": "region_selection_multitask_v1_mackey_glass",
  "config_id": "6741f7c852ef",
  "seed": 1024,
  "config_point": {
    "spectral_radius": 0.8,
    "input_scaling": 0.4,
    "leak_rate": 0.8
  },
  "best_ridge": 1e-10,
  "val_curve": {
    "1e-10": 2.2082301308935438e-12,
    "1e-08": 8.798183327587326e-11,
    "1e-06": 2.1895716449883013e-09,
    "0.0001": 2.3184499494109294e-07,
    "0.01": 6.784413141774101e-06,
    "1.0": 0.0004537503251431716
  },
  "val_metrics": {
    "nmse": 2.2082301308935438e-12,
    "rmse": 3.348848190458459e-07
  },
  "test_metrics": {
    "nmse": 2.4688959659289567e-12,
    "rmse": 3.210101553015068e-07
  },
  "timing": {
    "train_states_s": 0.017880899998999666,
    "ridge_select_s": 0.01161379999757628,
    "total_s": 0.051025500000832835
  },
  "timestamp": "2026-04-16T18:22:59.459300+00:00"
}