{
  "sweep_name": "region_selection_multitask_v1_mackey_glass",
  "config_id": "6741f7c852ef",
  "seed": 42,
  "config_point": {
    "spectral_radius": 0.8,
    "input_scaling": 0.4,
    "leak_rate": 0.8
  },
  "best_ridge": 1e-10,
  "val_curve": {
    "1e-10": 2.2220836149192297e-12,
    "1e-08": 9.827393659891461e-11,
    "1e-06": 4.23707436934736e-09,
    "0.0001": 2.0430965855953873e-07,
    "0.01": 8.059445753992527e-06,
    "1.0": 0.0005184087046370126
  },
  "val_metrics": {
    "nmse": 2.2220836149192297e-12,
    "rmse": 3.3593363816244623e-07
  },
  "test_metrics": {
    "nmse": 2.199409986910596e-12,
    "rmse": 3.0298454291223536e-07
  },
  "timing": {
    "train_states_s": 0.01830600000175764,
    "ridge_select_s": 0.01208740000220132,
    "total_s": 0.0856381000012334
  },
  "timestamp": "2026-04-16T18:22:59.202536+00:00"
}