{
  "sweep_name": "region_selection_multitask_v1_mackey_glass",
  "config_id": "67e56b279b44",
  "seed": 1024,
  "config_point": {
    "spectral_radius": 1.0,
    "input_scaling": 0.2,
    "leak_rate": 1.0
  },
  "best_ridge": 1e-10,
  "val_curve": {
    "1e-10": 2.012255551919013e-10,
    "1e-08": 2.2622359092140407e-08,
    "1e-06": 2.8709896840664712e-08,
    "0.0001": 3.4017823665331167e-07,
    "0.01": 6.2436626454252046e-06,
    "1.0": 0.0006444179933427411
  },
  "val_metrics": {
    "nmse": 2.012255551919013e-10,
    "rmse": 3.1967955502440228e-06
  },
  "test_metrics": {
    "nmse": 2.9065968456075885e-12,
    "rmse": 3.483050535249369e-07
  },
  "timing": {
    "train_states_s": 0.018663499999092892,
    "ridge_select_s": 0.012446599997929297,
    "total_s": 0.05370240000047488
  },
  "timestamp": "2026-04-16T18:23:20.623804+00:00"
}