{
  "sweep_name": "region_selection_multitask_v1_mackey_glass",
  "config_id": "67e56b279b44",
  "seed": 123,
  "config_point": {
    "spectral_radius": 1.0,
    "input_scaling": 0.2,
    "leak_rate": 1.0
  },
  "best_ridge": 1e-08,
  "val_curve": {
    "1e-10": 2.9149657473466645e-09,
    "1e-08": 1.5998864137891902e-09,
    "1e-06": 2.291981995375724e-08,
    "0.0001": 1.832407406948307e-07,
    "0.01": 8.541557624364173e-06,
    "1.0": 0.00037771423404783295
  },
  "val_metrics": {
    "nmse": 1.5998864137891902e-09,
    "rmse": 9.014006565862334e-06
  },
  "test_metrics": {
    "nmse": 4.4310899975822586e-11,
    "rmse": 1.3599491255603124e-06
  },
  "timing": {
    "train_states_s": 0.019569899999623885,
    "ridge_select_s": 0.01269010000032722,
    "total_s": 0.05558290000044508
  },
  "timestamp": "2026-04-16T18:23:20.425050+00:00"
}