{
  "sweep_name": "region_selection_multitask_v1_mackey_glass",
  "config_id": "6889a48b57ab",
  "seed": 456,
  "config_point": {
    "spectral_radius": 0.7,
    "input_scaling": 0.05,
    "leak_rate": 0.5
  },
  "best_ridge": 1e-10,
  "val_curve": {
    "1e-10": 7.591945631008596e-11,
    "1e-08": 1.7744873897968179e-09,
    "1e-06": 1.0322291741773005e-07,
    "0.0001": 4.14273398681001e-06,
    "0.01": 0.00017447707183379066,
    "1.0": 0.002994973028153081
  },
  "val_metrics": {
    "nmse": 7.591945631008596e-11,
    "rmse": 1.963585604453685e-06
  },
  "test_metrics": {
    "nmse": 7.374329382619039e-11,
    "rmse": 1.754400096943342e-06
  },
  "timing": {
    "train_states_s": 0.018907099998614285,
    "ridge_select_s": 0.012357899999187794,
    "total_s": 0.0552678999993077
  },
  "timestamp": "2026-04-16T18:22:36.091845+00:00"
}