{
  "sweep_name": "region_selection_multitask_v1_mackey_glass",
  "config_id": "6889a48b57ab",
  "seed": 1024,
  "config_point": {
    "spectral_radius": 0.7,
    "input_scaling": 0.05,
    "leak_rate": 0.5
  },
  "best_ridge": 1e-10,
  "val_curve": {
    "1e-10": 9.924515600239593e-11,
    "1e-08": 2.0998365334100352e-09,
    "1e-06": 8.91805714859668e-08,
    "0.0001": 7.329324466421348e-06,
    "0.01": 0.00037206157627627917,
    "1.0": 0.002742994427773131
  },
  "val_metrics": {
    "nmse": 9.924515600239593e-11,
    "rmse": 2.2450600107647317e-06
  },
  "test_metrics": {
    "nmse": 9.901128708586303e-11,
    "rmse": 2.032870575364621e-06
  },
  "timing": {
    "train_states_s": 0.01845070000126725,
    "ridge_select_s": 0.01198360000125831,
    "total_s": 0.05415369999900577
  },
  "timestamp": "2026-04-16T18:22:36.219627+00:00"
}