{
  "sweep_name": "region_selection_multitask_v1_mackey_glass",
  "config_id": "6889a48b57ab",
  "seed": 42,
  "config_point": {
    "spectral_radius": 0.7,
    "input_scaling": 0.05,
    "leak_rate": 0.5
  },
  "best_ridge": 1e-10,
  "val_curve": {
    "1e-10": 1.2414329766172806e-10,
    "1e-08": 3.633528588108223e-09,
    "1e-06": 1.8798356374894256e-07,
    "0.0001": 5.259653465554137e-06,
    "0.01": 0.00027330260282408504,
    "1.0": 0.002888857729694559
  },
  "val_metrics": {
    "nmse": 1.2414329766172806e-10,
    "rmse": 2.5109318967792335e-06
  },
  "test_metrics": {
    "nmse": 1.2380066323298713e-10,
    "rmse": 2.2731540175967975e-06
  },
  "timing": {
    "train_states_s": 0.01875590000054217,
    "ridge_select_s": 0.011862300001666881,
    "total_s": 0.05801680000149645
  },
  "timestamp": "2026-04-16T18:22:35.962129+00:00"
}