{
  "sweep_name": "region_selection_multitask_v1_mackey_glass",
  "config_id": "6889a48b57ab",
  "seed": 123,
  "config_point": {
    "spectral_radius": 0.7,
    "input_scaling": 0.05,
    "leak_rate": 0.5
  },
  "best_ridge": 1e-10,
  "val_curve": {
    "1e-10": 1.1102500916516478e-10,
    "1e-08": 3.0358599223840147e-09,
    "1e-06": 1.4163663296483588e-07,
    "0.0001": 5.241253156136401e-06,
    "0.01": 0.00027575259608526045,
    "1.0": 0.002540954047875861
  },
  "val_metrics": {
    "nmse": 1.1102500916516478e-10,
    "rmse": 2.374563039940391e-06
  },
  "test_metrics": {
    "nmse": 1.1220801567790344e-10,
    "rmse": 2.164109930086447e-06
  },
  "timing": {
    "train_states_s": 0.01791630000298028,
    "ridge_select_s": 0.01209710000330233,
    "total_s": 0.05257269999856362
  },
  "timestamp": "2026-04-16T18:22:36.025591+00:00"
}