{
  "sweep_name": "region_selection_multitask_v1_mackey_glass",
  "config_id": "6889a48b57ab",
  "seed": 789,
  "config_point": {
    "spectral_radius": 0.7,
    "input_scaling": 0.05,
    "leak_rate": 0.5
  },
  "best_ridge": 1e-10,
  "val_curve": {
    "1e-10": 8.517595688322289e-11,
    "1e-08": 2.5521598247732627e-09,
    "1e-06": 1.1183768458863521e-07,
    "0.0001": 6.541742961759846e-06,
    "0.01": 0.00012055889791681231,
    "1.0": 0.002430422123504213
  },
  "val_metrics": {
    "nmse": 8.517595688322289e-11,
    "rmse": 2.0798489989397513e-06
  },
  "test_metrics": {
    "nmse": 8.00246065540488e-11,
    "rmse": 1.8275915882476306e-06
  },
  "timing": {
    "train_states_s": 0.017728899998473935,
    "ridge_select_s": 0.01204630000211182,
    "total_s": 0.05155970000123489
  },
  "timestamp": "2026-04-16T18:22:36.154112+00:00"
}