{
  "sweep_name": "region_selection_multitask_v1_mackey_glass",
  "config_id": "6a0608e15b17",
  "seed": 789,
  "config_point": {
    "spectral_radius": 1.1,
    "input_scaling": 0.2,
    "leak_rate": 0.7
  },
  "best_ridge": 1e-10,
  "val_curve": {
    "1e-10": 4.648850438680495e-12,
    "1e-08": 7.388145778165707e-11,
    "1e-06": 5.517164933046088e-09,
    "0.0001": 1.5235901418225337e-07,
    "0.01": 5.594754103444381e-06,
    "1.0": 0.0005277864327298427
  },
  "val_metrics": {
    "nmse": 4.648850438680495e-12,
    "rmse": 4.858990859532609e-07
  },
  "test_metrics": {
    "nmse": 2.9296761712552434e-12,
    "rmse": 3.4968514712846597e-07
  },
  "timing": {
    "train_states_s": 0.01842640000177198,
    "ridge_select_s": 0.012154999996710103,
    "total_s": 0.053183899999567075
  },
  "timestamp": "2026-04-16T18:23:31.829601+00:00"
}