{
  "sweep_name": "region_selection_multitask_v1_mackey_glass",
  "config_id": "6a0608e15b17",
  "seed": 123,
  "config_point": {
    "spectral_radius": 1.1,
    "input_scaling": 0.2,
    "leak_rate": 0.7
  },
  "best_ridge": 1e-10,
  "val_curve": {
    "1e-10": 2.7314162251217934e-12,
    "1e-08": 1.027171231423941e-10,
    "1e-06": 3.852141254946279e-09,
    "0.0001": 1.635192255919114e-07,
    "0.01": 1.2417934521366004e-05,
    "1.0": 0.0002814895869509579
  },
  "val_metrics": {
    "nmse": 2.7314162251217934e-12,
    "rmse": 3.724493642676251e-07
  },
  "test_metrics": {
    "nmse": 3.2298728723676587e-12,
    "rmse": 3.6716399879159995e-07
  },
  "timing": {
    "train_states_s": 0.018635600001289276,
    "ridge_select_s": 0.0124772999988636,
    "total_s": 0.05442149999726098
  },
  "timestamp": "2026-04-16T18:23:31.697779+00:00"
}