{
  "sweep_name": "region_selection_multitask_v1_mackey_glass",
  "config_id": "6a0608e15b17",
  "seed": 456,
  "config_point": {
    "spectral_radius": 1.1,
    "input_scaling": 0.2,
    "leak_rate": 0.7
  },
  "best_ridge": 1e-10,
  "val_curve": {
    "1e-10": 9.333098306997688e-09,
    "1e-08": 9.644054921437052e-09,
    "1e-06": 3.974400271632276e-08,
    "0.0001": 6.268646773339223e-07,
    "0.01": 2.6065404242520685e-05,
    "1.0": 0.0006244375409653276
  },
  "val_metrics": {
    "nmse": 9.333098306997688e-09,
    "rmse": 2.1771392881655562e-05
  },
  "test_metrics": {
    "nmse": 9.222924443579542e-09,
    "rmse": 1.9620121934717933e-05
  },
  "timing": {
    "train_states_s": 0.018899200000305427,
    "ridge_select_s": 0.012640299999475246,
    "total_s": 0.05701570000019274
  },
  "timestamp": "2026-04-16T18:23:31.765651+00:00"
}