{
  "sweep_name": "region_selection_multitask_v1_mackey_glass",
  "config_id": "6c14593336a9",
  "seed": 1024,
  "config_point": {
    "spectral_radius": 1.0,
    "input_scaling": 0.3,
    "leak_rate": 1.0
  },
  "best_ridge": 1e-10,
  "val_curve": {
    "1e-10": 7.690015782068455e-11,
    "1e-08": 8.529003804399308e-11,
    "1e-06": 2.4227749116359817e-09,
    "0.0001": 2.0960528836993017e-07,
    "0.01": 7.103718162826264e-06,
    "1.0": 0.0005296667873840191
  },
  "val_metrics": {
    "nmse": 7.690015782068455e-11,
    "rmse": 1.9762273727939253e-06
  },
  "test_metrics": {
    "nmse": 2.403575774602839e-12,
    "rmse": 3.16735167108539e-07
  },
  "timing": {
    "train_states_s": 0.01921530000254279,
    "ridge_select_s": 0.013146999997843523,
    "total_s": 0.055482299998402596
  },
  "timestamp": "2026-04-16T18:23:22.685531+00:00"
}