{
  "sweep_name": "region_selection_multitask_v1_mackey_glass",
  "config_id": "6c14593336a9",
  "seed": 123,
  "config_point": {
    "spectral_radius": 1.0,
    "input_scaling": 0.3,
    "leak_rate": 1.0
  },
  "best_ridge": 1e-10,
  "val_curve": {
    "1e-10": 2.343225375309742e-10,
    "1e-08": 6.560884650165034e-10,
    "1e-06": 2.706398922713682e-09,
    "0.0001": 7.384977060066485e-08,
    "0.01": 8.224463132317218e-06,
    "1.0": 0.0003005903289941693
  },
  "val_metrics": {
    "nmse": 2.343225375309742e-10,
    "rmse": 3.4496920335210913e-06
  },
  "test_metrics": {
    "nmse": 9.602938233965615e-12,
    "rmse": 6.33095817562056e-07
  },
  "timing": {
    "train_states_s": 0.01926839999941876,
    "ridge_select_s": 0.012715299999399576,
    "total_s": 0.055489999998826534
  },
  "timestamp": "2026-04-16T18:23:22.483923+00:00"
}