{
  "sweep_name": "region_selection_multitask_v1_mackey_glass",
  "config_id": "6c14593336a9",
  "seed": 42,
  "config_point": {
    "spectral_radius": 1.0,
    "input_scaling": 0.3,
    "leak_rate": 1.0
  },
  "best_ridge": 1e-10,
  "val_curve": {
    "1e-10": 1.2103260350621367e-12,
    "1e-08": 3.6316751835493974e-11,
    "1e-06": 3.6905813068963238e-09,
    "0.0001": 1.4127675960686708e-07,
    "0.01": 6.165077176280671e-06,
    "1.0": 0.0005246873810435365
  },
  "val_metrics": {
    "nmse": 1.2103260350621367e-12,
    "rmse": 2.4792737521004446e-07
  },
  "test_metrics": {
    "nmse": 1.4661443485385723e-12,
    "rmse": 2.4737496286815395e-07
  },
  "timing": {
    "train_states_s": 0.019933399998990353,
    "ridge_select_s": 0.012882800001534633,
    "total_s": 0.09249240000281134
  },
  "timestamp": "2026-04-16T18:23:22.417416+00:00"
}