{
  "sweep_name": "region_selection_multitask_v1_mackey_glass",
  "config_id": "6c14593336a9",
  "seed": 456,
  "config_point": {
    "spectral_radius": 1.0,
    "input_scaling": 0.3,
    "leak_rate": 1.0
  },
  "best_ridge": 1e-10,
  "val_curve": {
    "1e-10": 9.092364548765705e-08,
    "1e-08": 2.8252949357836033e-07,
    "1e-06": 2.2144877601185843e-07,
    "0.0001": 2.424845191364879e-07,
    "0.01": 4.089061031304765e-06,
    "1.0": 0.0003365407274362461
  },
  "val_metrics": {
    "nmse": 9.092364548765705e-08,
    "rmse": 6.795348193370101e-05
  },
  "test_metrics": {
    "nmse": 1.0807331043532253e-09,
    "rmse": 6.7162461411301895e-06
  },
  "timing": {
    "train_states_s": 0.018624399999680463,
    "ridge_select_s": 0.013384800000494579,
    "total_s": 0.05726370000047609
  },
  "timestamp": "2026-04-16T18:23:22.552425+00:00"
}