{
  "sweep_name": "region_selection_multitask_v1_mackey_glass",
  "config_id": "6dc78acfb100",
  "seed": 42,
  "config_point": {
    "spectral_radius": 0.8,
    "input_scaling": 0.3,
    "leak_rate": 1.0
  },
  "best_ridge": 1e-10,
  "val_curve": {
    "1e-10": 1.7149767756452873e-12,
    "1e-08": 1.1565976812646887e-10,
    "1e-06": 4.386096370430874e-09,
    "0.0001": 1.5223409054251552e-07,
    "0.01": 6.807178415024088e-06,
    "1.0": 0.0006012538660876469
  },
  "val_metrics": {
    "nmse": 1.7149767756452873e-12,
    "rmse": 2.951225647574791e-07
  },
  "test_metrics": {
    "nmse": 1.5940452040145007e-12,
    "rmse": 2.579394046951491e-07
  },
  "timing": {
    "train_states_s": 0.017971199999010423,
    "ridge_select_s": 0.012741200000164099,
    "total_s": 0.05498470000020461
  },
  "timestamp": "2026-04-16T18:22:57.849155+00:00"
}