{
  "sweep_name": "region_selection_multitask_v1_mackey_glass",
  "config_id": "6dc78acfb100",
  "seed": 123,
  "config_point": {
    "spectral_radius": 0.8,
    "input_scaling": 0.3,
    "leak_rate": 1.0
  },
  "best_ridge": 1e-10,
  "val_curve": {
    "1e-10": 1.8059953204740998e-12,
    "1e-08": 8.573646636866661e-11,
    "1e-06": 2.888796326369894e-09,
    "0.0001": 1.5275439851798787e-07,
    "0.01": 6.380027706164821e-06,
    "1.0": 0.00031470762937208365
  },
  "val_metrics": {
    "nmse": 1.8059953204740998e-12,
    "rmse": 3.028528083451325e-07
  },
  "test_metrics": {
    "nmse": 2.232078820303311e-12,
    "rmse": 3.052264320196191e-07
  },
  "timing": {
    "train_states_s": 0.019008600000233855,
    "ridge_select_s": 0.012403000000631437,
    "total_s": 0.05476890000136336
  },
  "timestamp": "2026-04-16T18:22:57.916461+00:00"
}