{
  "sweep_name": "region_selection_multitask_v1_mackey_glass",
  "config_id": "6dc78acfb100",
  "seed": 789,
  "config_point": {
    "spectral_radius": 0.8,
    "input_scaling": 0.3,
    "leak_rate": 1.0
  },
  "best_ridge": 1e-10,
  "val_curve": {
    "1e-10": 1.0958243350176564e-12,
    "1e-08": 7.475366253346131e-11,
    "1e-06": 2.6977976700410986e-09,
    "0.0001": 1.2239895641847095e-07,
    "0.01": 5.650294216200791e-06,
    "1.0": 0.00022593960712862662
  },
  "val_metrics": {
    "nmse": 1.0958243350176564e-12,
    "rmse": 2.359085955945299e-07
  },
  "test_metrics": {
    "nmse": 1.0426133335285591e-12,
    "rmse": 2.0860706557606878e-07
  },
  "timing": {
    "train_states_s": 0.0185912000015378,
    "ridge_select_s": 0.01252799999929266,
    "total_s": 0.054417600000306265
  },
  "timestamp": "2026-04-16T18:22:58.047622+00:00"
}