{
  "sweep_name": "region_selection_multitask_v1_mackey_glass",
  "config_id": "6e9fce6c8a9f",
  "seed": 123,
  "config_point": {
    "spectral_radius": 0.7,
    "input_scaling": 0.05,
    "leak_rate": 0.9
  },
  "best_ridge": 1e-10,
  "val_curve": {
    "1e-10": 3.070137853117557e-11,
    "1e-08": 2.26521313971594e-09,
    "1e-06": 4.559354718966606e-08,
    "0.0001": 1.4938106536083643e-06,
    "0.01": 0.0002869475349205131,
    "1.0": 0.0009048349680088073
  },
  "val_metrics": {
    "nmse": 3.070137853117557e-11,
    "rmse": 1.2486830974785412e-06
  },
  "test_metrics": {
    "nmse": 3.3252029196350114e-11,
    "rmse": 1.1780845304727937e-06
  },
  "timing": {
    "train_states_s": 0.0176766000004136,
    "ridge_select_s": 0.012008800000330666,
    "total_s": 0.052126899998256704
  },
  "timestamp": "2026-04-16T18:22:37.359218+00:00"
}