{
  "sweep_name": "region_selection_multitask_v1_mackey_glass",
  "config_id": "6e9fce6c8a9f",
  "seed": 1024,
  "config_point": {
    "spectral_radius": 0.7,
    "input_scaling": 0.05,
    "leak_rate": 0.9
  },
  "best_ridge": 1e-10,
  "val_curve": {
    "1e-10": 1.3582737276597555e-11,
    "1e-08": 1.7784095541357237e-09,
    "1e-06": 1.2182167416804657e-07,
    "0.0001": 1.8463397583870024e-06,
    "0.01": 0.000353326805034034,
    "1.0": 0.0009712863393259521
  },
  "val_metrics": {
    "nmse": 1.3582737276597555e-11,
    "rmse": 8.305522232579193e-07
  },
  "test_metrics": {
    "nmse": 1.473594441582846e-11,
    "rmse": 7.842533166678618e-07
  },
  "timing": {
    "train_states_s": 0.018956199997774092,
    "ridge_select_s": 0.012784200000169221,
    "total_s": 0.0541534000003594
  },
  "timestamp": "2026-04-16T18:22:37.555997+00:00"
}