{
  "sweep_name": "region_selection_multitask_v1_mackey_glass",
  "config_id": "6e9fce6c8a9f",
  "seed": 789,
  "config_point": {
    "spectral_radius": 0.7,
    "input_scaling": 0.05,
    "leak_rate": 0.9
  },
  "best_ridge": 1e-10,
  "val_curve": {
    "1e-10": 2.575323027494328e-11,
    "1e-08": 1.691093576215517e-09,
    "1e-06": 3.806622711524392e-08,
    "0.0001": 2.013875346579996e-06,
    "0.01": 0.00015612161908081776,
    "1.0": 0.0008881870919108988
  },
  "val_metrics": {
    "nmse": 2.575323027494328e-11,
    "rmse": 1.1436395091491833e-06
  },
  "test_metrics": {
    "nmse": 2.7155316340657992e-11,
    "rmse": 1.0646204640404052e-06
  },
  "timing": {
    "train_states_s": 0.017647000000579283,
    "ridge_select_s": 0.01278689999890048,
    "total_s": 0.05309539999871049
  },
  "timestamp": "2026-04-16T18:22:37.490312+00:00"
}