{
  "sweep_name": "region_selection_multitask_v1_mackey_glass",
  "config_id": "6f35fc510607",
  "seed": 1024,
  "config_point": {
    "spectral_radius": 1.0,
    "input_scaling": 0.15,
    "leak_rate": 1.0
  },
  "best_ridge": 1e-10,
  "val_curve": {
    "1e-10": 6.920993743813592e-10,
    "1e-08": 8.30263406987277e-09,
    "1e-06": 2.88802988883715e-07,
    "0.0001": 6.875655312700849e-07,
    "0.01": 1.4370892964306244e-05,
    "1.0": 0.0007519597114099359
  },
  "val_metrics": {
    "nmse": 6.920993743813592e-10,
    "rmse": 5.9286733551278e-06
  },
  "test_metrics": {
    "nmse": 5.061758266819759e-12,
    "rmse": 4.5964027636553564e-07
  },
  "timing": {
    "train_states_s": 0.018207000000984408,
    "ridge_select_s": 0.012504300000728108,
    "total_s": 0.054407700001320336
  },
  "timestamp": "2026-04-16T18:23:18.433792+00:00"
}