{
  "sweep_name": "region_selection_multitask_v1_mackey_glass",
  "config_id": "6f35fc510607",
  "seed": 123,
  "config_point": {
    "spectral_radius": 1.0,
    "input_scaling": 0.15,
    "leak_rate": 1.0
  },
  "best_ridge": 1e-10,
  "val_curve": {
    "1e-10": 1.2680064989576277e-09,
    "1e-08": 1.6311815125027616e-08,
    "1e-06": 6.27290405181777e-09,
    "0.0001": 3.371647821208076e-07,
    "0.01": 8.327536049133736e-06,
    "1.0": 0.0004513599186690539
  },
  "val_metrics": {
    "nmse": 1.2680064989576277e-09,
    "rmse": 8.024796622343538e-06
  },
  "test_metrics": {
    "nmse": 4.627299060193837e-12,
    "rmse": 4.394719502704887e-07
  },
  "timing": {
    "train_states_s": 0.018403000001853798,
    "ridge_select_s": 0.012031600002956111,
    "total_s": 0.053454699998837896
  },
  "timestamp": "2026-04-16T18:23:18.234624+00:00"
}