{
  "sweep_name": "region_selection_multitask_v1_mackey_glass",
  "config_id": "71985f2b3cac",
  "seed": 789,
  "config_point": {
    "spectral_radius": 0.6,
    "input_scaling": 0.4,
    "leak_rate": 0.7
  },
  "best_ridge": 1e-10,
  "val_curve": {
    "1e-10": 6.447853976977163e-12,
    "1e-08": 1.8972152319878404e-10,
    "1e-06": 8.478380297180128e-09,
    "0.0001": 3.055798557596107e-07,
    "0.01": 1.0722350025888709e-05,
    "1.0": 0.00027188376255328603
  },
  "val_metrics": {
    "nmse": 6.447853976977163e-12,
    "rmse": 5.722435307563305e-07
  },
  "test_metrics": {
    "nmse": 6.551990458617646e-12,
    "rmse": 5.229425795754291e-07
  },
  "timing": {
    "train_states_s": 0.01789930000086315,
    "ridge_select_s": 0.012238500003149966,
    "total_s": 0.05217410000113887
  },
  "timestamp": "2026-04-16T18:22:34.827570+00:00"
}