{
  "sweep_name": "region_selection_multitask_v1_mackey_glass",
  "config_id": "71985f2b3cac",
  "seed": 456,
  "config_point": {
    "spectral_radius": 0.6,
    "input_scaling": 0.4,
    "leak_rate": 0.7
  },
  "best_ridge": 1e-10,
  "val_curve": {
    "1e-10": 4.237830032704911e-12,
    "1e-08": 1.6466634542635323e-10,
    "1e-06": 5.870210329311429e-09,
    "0.0001": 2.669459106050408e-07,
    "0.01": 6.178690930540708e-06,
    "1.0": 0.00038753689677674456
  },
  "val_metrics": {
    "nmse": 4.237830032704911e-12,
    "rmse": 4.639221004838546e-07
  },
  "test_metrics": {
    "nmse": 4.104159247643592e-12,
    "rmse": 4.138848013423183e-07
  },
  "timing": {
    "train_states_s": 0.018657699998584576,
    "ridge_select_s": 0.012641100001928862,
    "total_s": 0.05616730000110692
  },
  "timestamp": "2026-04-16T18:22:34.763939+00:00"
}