{
  "sweep_name": "region_selection_multitask_v1_mackey_glass",
  "config_id": "71985f2b3cac",
  "seed": 123,
  "config_point": {
    "spectral_radius": 0.6,
    "input_scaling": 0.4,
    "leak_rate": 0.7
  },
  "best_ridge": 1e-10,
  "val_curve": {
    "1e-10": 8.00862688932389e-12,
    "1e-08": 3.7388787457901794e-10,
    "1e-06": 7.97176649047336e-09,
    "0.0001": 4.030300872362338e-07,
    "0.01": 1.0231065611576965e-05,
    "1.0": 0.00045988201857720385
  },
  "val_metrics": {
    "nmse": 8.00862688932389e-12,
    "rmse": 6.377527285479903e-07
  },
  "test_metrics": {
    "nmse": 7.970503670544969e-12,
    "rmse": 5.767800890556791e-07
  },
  "timing": {
    "train_states_s": 0.017749900001945207,
    "ridge_select_s": 0.011993799998890609,
    "total_s": 0.05249990000083926
  },
  "timestamp": "2026-04-16T18:22:34.696969+00:00"
}