{
  "sweep_name": "region_selection_multitask_v1_mackey_glass",
  "config_id": "71985f2b3cac",
  "seed": 42,
  "config_point": {
    "spectral_radius": 0.6,
    "input_scaling": 0.4,
    "leak_rate": 0.7
  },
  "best_ridge": 1e-10,
  "val_curve": {
    "1e-10": 5.707253027631505e-12,
    "1e-08": 2.0041055808373134e-10,
    "1e-06": 9.84638419296132e-09,
    "0.0001": 4.235974929618773e-07,
    "0.01": 1.0889002564626756e-05,
    "1.0": 0.0005907109947058288
  },
  "val_metrics": {
    "nmse": 5.707253027631505e-12,
    "rmse": 5.38377446698254e-07
  },
  "test_metrics": {
    "nmse": 4.8548076011365456e-12,
    "rmse": 4.5014599270189397e-07
  },
  "timing": {
    "train_states_s": 0.018394300001091324,
    "ridge_select_s": 0.011766899999201996,
    "total_s": 0.05798739999954705
  },
  "timestamp": "2026-04-16T18:22:34.633244+00:00"
}