{
  "sweep_name": "region_selection_multitask_v1_mackey_glass",
  "config_id": "71f00c7885b8",
  "seed": 789,
  "config_point": {
    "spectral_radius": 1.1,
    "input_scaling": 0.3,
    "leak_rate": 0.9
  },
  "best_ridge": 1e-10,
  "val_curve": {
    "1e-10": 9.228525905559892e-13,
    "1e-08": 3.093035279853982e-11,
    "1e-06": 2.3389819371877026e-09,
    "0.0001": 6.965491727985515e-08,
    "0.01": 2.3807760899077103e-06,
    "1.0": 0.0002498264692954444
  },
  "val_metrics": {
    "nmse": 9.228525905559892e-13,
    "rmse": 2.1649080868726193e-07
  },
  "test_metrics": {
    "nmse": 7.804063471929237e-13,
    "rmse": 1.8047945595983436e-07
  },
  "timing": {
    "train_states_s": 0.01851370000076713,
    "ridge_select_s": 0.01184810000268044,
    "total_s": 0.052779400000872556
  },
  "timestamp": "2026-04-16T18:23:34.556516+00:00"
}