{
  "sweep_name": "region_selection_multitask_v1_mackey_glass",
  "config_id": "71f00c7885b8",
  "seed": 42,
  "config_point": {
    "spectral_radius": 1.1,
    "input_scaling": 0.3,
    "leak_rate": 0.9
  },
  "best_ridge": 1e-10,
  "val_curve": {
    "1e-10": 3.5884830568723553e-12,
    "1e-08": 5.2760191238860565e-11,
    "1e-06": 3.7061631373546225e-09,
    "0.0001": 1.2759205705804006e-07,
    "0.01": 5.994242179247126e-06,
    "1.0": 0.0005182532292004133
  },
  "val_metrics": {
    "nmse": 3.5884830568723553e-12,
    "rmse": 4.269025460031155e-07
  },
  "test_metrics": {
    "nmse": 2.9733334573907507e-12,
    "rmse": 3.5228097169163147e-07
  },
  "timing": {
    "train_states_s": 0.018479400001524482,
    "ridge_select_s": 0.012214300000778167,
    "total_s": 0.07049710000137566
  },
  "timestamp": "2026-04-16T18:23:34.362169+00:00"
}