{
  "sweep_name": "region_selection_multitask_v1_mackey_glass",
  "config_id": "71f00c7885b8",
  "seed": 456,
  "config_point": {
    "spectral_radius": 1.1,
    "input_scaling": 0.3,
    "leak_rate": 0.9
  },
  "best_ridge": 1e-10,
  "val_curve": {
    "1e-10": 3.125319057575681e-07,
    "1e-08": 3.1316975612434555e-07,
    "1e-06": 3.3876821362692623e-07,
    "0.0001": 1.049879517800178e-06,
    "0.01": 1.3893998242493477e-05,
    "1.0": 0.0006105413073508492
  },
  "val_metrics": {
    "nmse": 3.125319057575681e-07,
    "rmse": 0.0001259854742024077
  },
  "test_metrics": {
    "nmse": 1.3088145321685163e-07,
    "rmse": 7.391054946573398e-05
  },
  "timing": {
    "train_states_s": 0.018536399998993147,
    "ridge_select_s": 0.011892700000316836,
    "total_s": 0.055007700000714976
  },
  "timestamp": "2026-04-16T18:23:34.492342+00:00"
}