{
  "sweep_name": "region_selection_multitask_v1_mackey_glass",
  "config_id": "71f00c7885b8",
  "seed": 1024,
  "config_point": {
    "spectral_radius": 1.1,
    "input_scaling": 0.3,
    "leak_rate": 0.9
  },
  "best_ridge": 1e-10,
  "val_curve": {
    "1e-10": 1.3789758283556317e-12,
    "1e-08": 3.298847846961743e-11,
    "1e-06": 1.818273707369158e-09,
    "0.0001": 1.9463979414243645e-07,
    "0.01": 9.56277875084238e-06,
    "1.0": 0.0003139146036696971
  },
  "val_metrics": {
    "nmse": 1.3789758283556317e-12,
    "rmse": 2.646376441309212e-07
  },
  "test_metrics": {
    "nmse": 1.5231142360758373e-12,
    "rmse": 2.52135278164601e-07
  },
  "timing": {
    "train_states_s": 0.018422400000417838,
    "ridge_select_s": 0.011813499997515464,
    "total_s": 0.052279299998190254
  },
  "timestamp": "2026-04-16T18:23:34.619744+00:00"
}