{
  "sweep_name": "region_selection_multitask_v1_mackey_glass",
  "config_id": "72f84ae81d5b",
  "seed": 789,
  "config_point": {
    "spectral_radius": 0.7,
    "input_scaling": 0.1,
    "leak_rate": 0.6
  },
  "best_ridge": 1e-10,
  "val_curve": {
    "1e-10": 1.8846776891184502e-11,
    "1e-08": 5.962532361342232e-10,
    "1e-06": 3.544830187692734e-08,
    "0.0001": 1.6464384693565536e-06,
    "0.01": 2.945856534153627e-05,
    "1.0": 0.001477031271065671
  },
  "val_metrics": {
    "nmse": 1.8846776891184502e-11,
    "rmse": 9.78344571449146e-07
  },
  "test_metrics": {
    "nmse": 1.8351793170432433e-11,
    "rmse": 8.751986310382114e-07
  },
  "timing": {
    "train_states_s": 0.018625900000188267,
    "ridge_select_s": 0.012233800000103656,
    "total_s": 0.05373379999946337
  },
  "timestamp": "2026-04-16T18:22:38.534412+00:00"
}