{
  "sweep_name": "region_selection_multitask_v1_mackey_glass",
  "config_id": "72f84ae81d5b",
  "seed": 42,
  "config_point": {
    "spectral_radius": 0.7,
    "input_scaling": 0.1,
    "leak_rate": 0.6
  },
  "best_ridge": 1e-10,
  "val_curve": {
    "1e-10": 2.5644961544828306e-11,
    "1e-08": 9.042467588938539e-10,
    "1e-06": 5.52650789605578e-08,
    "0.0001": 1.3030612429992599e-06,
    "0.01": 5.262482198393888e-05,
    "1.0": 0.0018781132187527152
  },
  "val_metrics": {
    "nmse": 2.5644961544828306e-11,
    "rmse": 1.1412329992057785e-06
  },
  "test_metrics": {
    "nmse": 2.566667464277471e-11,
    "rmse": 1.0350281924129904e-06
  },
  "timing": {
    "train_states_s": 0.017929500001628185,
    "ridge_select_s": 0.01275549999991199,
    "total_s": 0.0746605999993335
  },
  "timestamp": "2026-04-16T18:22:38.339215+00:00"
}