{
  "sweep_name": "region_selection_multitask_v1_mackey_glass",
  "config_id": "72f84ae81d5b",
  "seed": 456,
  "config_point": {
    "spectral_radius": 0.7,
    "input_scaling": 0.1,
    "leak_rate": 0.6
  },
  "best_ridge": 1e-10,
  "val_curve": {
    "1e-10": 1.7175516328306107e-11,
    "1e-08": 4.601158750967824e-10,
    "1e-06": 2.9237561516425598e-08,
    "0.0001": 1.3313986311192039e-06,
    "0.01": 2.983114899781779e-05,
    "1.0": 0.002084971477169023
  },
  "val_metrics": {
    "nmse": 1.7175516328306107e-11,
    "rmse": 9.33959826241579e-07
  },
  "test_metrics": {
    "nmse": 1.5482326081958338e-11,
    "rmse": 8.038693714727335e-07
  },
  "timing": {
    "train_states_s": 0.017738700000336394,
    "ridge_select_s": 0.012323599999945145,
    "total_s": 0.0536619000013161
  },
  "timestamp": "2026-04-16T18:22:38.469558+00:00"
}