{
  "sweep_name": "region_selection_multitask_v1_mackey_glass",
  "config_id": "7351146d69e7",
  "seed": 789,
  "config_point": {
    "spectral_radius": 0.8,
    "input_scaling": 0.4,
    "leak_rate": 0.5
  },
  "best_ridge": 1e-10,
  "val_curve": {
    "1e-10": 5.437553508067818e-12,
    "1e-08": 1.4037454191506926e-10,
    "1e-06": 6.504702560692165e-09,
    "0.0001": 1.9161845422283626e-07,
    "0.01": 1.1005896443751315e-05,
    "1.0": 0.00036902713041195794
  },
  "val_metrics": {
    "nmse": 5.437553508067818e-12,
    "rmse": 5.255028390964291e-07
  },
  "test_metrics": {
    "nmse": 4.761525796628607e-12,
    "rmse": 4.458003934839849e-07
  },
  "timing": {
    "train_states_s": 0.017641900001763133,
    "ridge_select_s": 0.011646299997664755,
    "total_s": 0.05131030000120518
  },
  "timestamp": "2026-04-16T18:22:58.371558+00:00"
}