{
  "sweep_name": "region_selection_multitask_v1_mackey_glass",
  "config_id": "7351146d69e7",
  "seed": 123,
  "config_point": {
    "spectral_radius": 0.8,
    "input_scaling": 0.4,
    "leak_rate": 0.5
  },
  "best_ridge": 1e-10,
  "val_curve": {
    "1e-10": 7.311473639581721e-12,
    "1e-08": 2.455103050902104e-10,
    "1e-06": 7.366044406716953e-09,
    "0.0001": 2.7512040601037227e-07,
    "0.01": 8.739799383819005e-06,
    "1.0": 0.00042717864316747735
  },
  "val_metrics": {
    "nmse": 7.311473639581721e-12,
    "rmse": 6.093625418245804e-07
  },
  "test_metrics": {
    "nmse": 6.822879931907583e-12,
    "rmse": 5.336435210517687e-07
  },
  "timing": {
    "train_states_s": 0.01799889999892912,
    "ridge_select_s": 0.011542100000951905,
    "total_s": 0.05168469999989611
  },
  "timestamp": "2026-04-16T18:22:58.242316+00:00"
}