{
  "sweep_name": "region_selection_multitask_v1_mackey_glass",
  "config_id": "7351146d69e7",
  "seed": 42,
  "config_point": {
    "spectral_radius": 0.8,
    "input_scaling": 0.4,
    "leak_rate": 0.5
  },
  "best_ridge": 1e-10,
  "val_curve": {
    "1e-10": 5.861602118607451e-12,
    "1e-08": 2.0166148903806905e-10,
    "1e-06": 8.6428045030952e-09,
    "0.0001": 3.329676045253975e-07,
    "0.01": 1.1175915168937638e-05,
    "1.0": 0.0006448390376010434
  },
  "val_metrics": {
    "nmse": 5.861602118607451e-12,
    "rmse": 5.456089209691245e-07
  },
  "test_metrics": {
    "nmse": 5.169670821922309e-12,
    "rmse": 4.645140151017507e-07
  },
  "timing": {
    "train_states_s": 0.019183100001100684,
    "ridge_select_s": 0.012578599998960271,
    "total_s": 0.0580270999998902
  },
  "timestamp": "2026-04-16T18:22:58.179648+00:00"
}