{
  "sweep_name": "region_selection_multitask_v1_mackey_glass",
  "config_id": "7351146d69e7",
  "seed": 1024,
  "config_point": {
    "spectral_radius": 0.8,
    "input_scaling": 0.4,
    "leak_rate": 0.5
  },
  "best_ridge": 1e-10,
  "val_curve": {
    "1e-10": 6.24363901165422e-12,
    "1e-08": 1.515646847299303e-10,
    "1e-06": 6.419589549600705e-09,
    "0.0001": 2.3713964419745833e-07,
    "0.01": 1.1806748887140968e-05,
    "1.0": 0.0006283001416254764
  },
  "val_metrics": {
    "nmse": 6.24363901165422e-12,
    "rmse": 5.63108635715242e-07
  },
  "test_metrics": {
    "nmse": 6.030867263889357e-12,
    "rmse": 5.017152035166001e-07
  },
  "timing": {
    "train_states_s": 0.018883299999288283,
    "ridge_select_s": 0.011984500000835396,
    "total_s": 0.052920399997674394
  },
  "timestamp": "2026-04-16T18:22:58.435402+00:00"
}