{
  "sweep_name": "region_selection_multitask_v1_mackey_glass",
  "config_id": "74f5322906a7",
  "seed": 789,
  "config_point": {
    "spectral_radius": 1.0,
    "input_scaling": 0.15,
    "leak_rate": 0.8
  },
  "best_ridge": 1e-10,
  "val_curve": {
    "1e-10": 2.04614920102248e-12,
    "1e-08": 7.172156681553238e-11,
    "1e-06": 5.884699102807848e-09,
    "0.0001": 2.267909863386589e-07,
    "0.01": 9.838477613497371e-06,
    "1.0": 0.0006829308615767328
  },
  "val_metrics": {
    "nmse": 2.04614920102248e-12,
    "rmse": 3.2236059156706104e-07
  },
  "test_metrics": {
    "nmse": 1.7949762173286964e-12,
    "rmse": 2.7371382016899347e-07
  },
  "timing": {
    "train_states_s": 0.018940500001917826,
    "ridge_select_s": 0.012417000001732958,
    "total_s": 0.054323599997587735
  },
  "timestamp": "2026-04-16T18:23:17.692220+00:00"
}