{
  "sweep_name": "region_selection_multitask_v1_mackey_glass",
  "config_id": "74f5322906a7",
  "seed": 42,
  "config_point": {
    "spectral_radius": 1.0,
    "input_scaling": 0.15,
    "leak_rate": 0.8
  },
  "best_ridge": 1e-10,
  "val_curve": {
    "1e-10": 6.216456731374086e-12,
    "1e-08": 1.7583325065937728e-10,
    "1e-06": 1.033972114477811e-08,
    "0.0001": 2.984328646117223e-07,
    "0.01": 1.929243977225204e-05,
    "1.0": 0.00046337954313691216
  },
  "val_metrics": {
    "nmse": 6.216456731374086e-12,
    "rmse": 5.618815249901373e-07
  },
  "test_metrics": {
    "nmse": 5.44195326773659e-12,
    "rmse": 4.7658984101447205e-07
  },
  "timing": {
    "train_states_s": 0.017728599999827566,
    "ridge_select_s": 0.012452700000721961,
    "total_s": 0.05727090000073076
  },
  "timestamp": "2026-04-16T18:23:17.495238+00:00"
}