{
  "sweep_name": "region_selection_multitask_v1_mackey_glass",
  "config_id": "74f5322906a7",
  "seed": 456,
  "config_point": {
    "spectral_radius": 1.0,
    "input_scaling": 0.15,
    "leak_rate": 0.8
  },
  "best_ridge": 1e-10,
  "val_curve": {
    "1e-10": 4.583179228595781e-11,
    "1e-08": 1.5568035524930986e-10,
    "1e-06": 3.6613167984422106e-09,
    "0.0001": 1.991054382428626e-07,
    "0.01": 1.3715414842963302e-05,
    "1.0": 0.0005947440092722428
  },
  "val_metrics": {
    "nmse": 4.583179228595781e-11,
    "rmse": 1.525656330339972e-06
  },
  "test_metrics": {
    "nmse": 2.63205872588384e-12,
    "rmse": 3.3144781789152276e-07
  },
  "timing": {
    "train_states_s": 0.017757900001015514,
    "ridge_select_s": 0.011948500003200024,
    "total_s": 0.054211800001212396
  },
  "timestamp": "2026-04-16T18:23:17.626887+00:00"
}