{
  "sweep_name": "region_selection_multitask_v1_mackey_glass",
  "config_id": "7596c4498d94",
  "seed": 42,
  "config_point": {
    "spectral_radius": 1.0,
    "input_scaling": 0.05,
    "leak_rate": 0.5
  },
  "best_ridge": 1e-10,
  "val_curve": {
    "1e-10": 4.763312646202236e-11,
    "1e-08": 1.8428564217534636e-09,
    "1e-06": 6.622056721768813e-08,
    "0.0001": 5.211878150553862e-06,
    "0.01": 0.0001941379493398904,
    "1.0": 0.004056579615351478
  },
  "val_metrics": {
    "nmse": 4.763312646202236e-11,
    "rmse": 1.555348944623655e-06
  },
  "test_metrics": {
    "nmse": 4.3162950377072246e-11,
    "rmse": 1.34221762754579e-06
  },
  "timing": {
    "train_states_s": 0.018684300001041265,
    "ridge_select_s": 0.012715400000161026,
    "total_s": 0.0795313000016904
  },
  "timestamp": "2026-04-16T18:23:12.489131+00:00"
}