{
  "sweep_name": "region_selection_multitask_v1_mackey_glass",
  "config_id": "7596c4498d94",
  "seed": 1024,
  "config_point": {
    "spectral_radius": 1.0,
    "input_scaling": 0.05,
    "leak_rate": 0.5
  },
  "best_ridge": 1e-10,
  "val_curve": {
    "1e-10": 3.3930677107418065e-11,
    "1e-08": 1.0242421568263854e-09,
    "1e-06": 7.712394725215978e-08,
    "0.0001": 3.034837452678666e-06,
    "0.01": 0.000124554769806508,
    "1.0": 0.007542681002892982
  },
  "val_metrics": {
    "nmse": 3.3930677107418065e-11,
    "rmse": 1.3127123105433402e-06
  },
  "test_metrics": {
    "nmse": 3.055587257402525e-11,
    "rmse": 1.129314025300797e-06
  },
  "timing": {
    "train_states_s": 0.018735300000116695,
    "ridge_select_s": 0.01226909999968484,
    "total_s": 0.05517090000284952
  },
  "timestamp": "2026-04-16T18:23:12.749190+00:00"
}