{
  "sweep_name": "region_selection_multitask_v1_mackey_glass",
  "config_id": "7596c4498d94",
  "seed": 123,
  "config_point": {
    "spectral_radius": 1.0,
    "input_scaling": 0.05,
    "leak_rate": 0.5
  },
  "best_ridge": 1e-10,
  "val_curve": {
    "1e-10": 4.9107983053366505e-11,
    "1e-08": 1.3095855812437061e-09,
    "1e-06": 4.6488144244063285e-08,
    "0.0001": 2.0291307943569133e-06,
    "0.01": 6.720814352144296e-05,
    "1.0": 0.00630457426293198
  },
  "val_metrics": {
    "nmse": 4.9107983053366505e-11,
    "rmse": 1.5792443926149624e-06
  },
  "test_metrics": {
    "nmse": 4.419032241717196e-11,
    "rmse": 1.3580975376715894e-06
  },
  "timing": {
    "train_states_s": 0.017813700000260724,
    "ridge_select_s": 0.01310409999859985,
    "total_s": 0.05346009999993839
  },
  "timestamp": "2026-04-16T18:23:12.553531+00:00"
}