{
  "sweep_name": "region_selection_multitask_v1_mackey_glass",
  "config_id": "7596c4498d94",
  "seed": 789,
  "config_point": {
    "spectral_radius": 1.0,
    "input_scaling": 0.05,
    "leak_rate": 0.5
  },
  "best_ridge": 1e-10,
  "val_curve": {
    "1e-10": 4.435964448659541e-11,
    "1e-08": 1.0991741609589395e-09,
    "1e-06": 6.117614264025451e-08,
    "0.0001": 2.233634785200009e-06,
    "0.01": 8.914289856299907e-05,
    "1.0": 0.005865370446349494
  },
  "val_metrics": {
    "nmse": 4.435964448659541e-11,
    "rmse": 1.5009537953480896e-06
  },
  "test_metrics": {
    "nmse": 3.6851115291864544e-11,
    "rmse": 1.2402027637111258e-06
  },
  "timing": {
    "train_states_s": 0.018003900000621798,
    "ridge_select_s": 0.011780199998611351,
    "total_s": 0.05197200000111479
  },
  "timestamp": "2026-04-16T18:23:12.683211+00:00"
}