{
  "sweep_name": "region_selection_multitask_v1_mackey_glass",
  "config_id": "76d30ba9d16d",
  "seed": 1024,
  "config_point": {
    "spectral_radius": 0.7,
    "input_scaling": 0.4,
    "leak_rate": 0.9
  },
  "best_ridge": 1e-10,
  "val_curve": {
    "1e-10": 2.4045546783549413e-12,
    "1e-08": 1.1835765423460212e-10,
    "1e-06": 2.3652413706608016e-09,
    "0.0001": 2.418003765035632e-07,
    "0.01": 6.786177494989468e-06,
    "1.0": 0.0003557005744118129
  },
  "val_metrics": {
    "nmse": 2.4045546783549413e-12,
    "rmse": 3.494544888241634e-07
  },
  "test_metrics": {
    "nmse": 2.4252432097984092e-12,
    "rmse": 3.1815959515258864e-07
  },
  "timing": {
    "train_states_s": 0.018665799998416333,
    "ridge_select_s": 0.012056700001267018,
    "total_s": 0.05313630000091507
  },
  "timestamp": "2026-04-16T18:22:47.595842+00:00"
}