{
  "sweep_name": "region_selection_multitask_v1_mackey_glass",
  "config_id": "76d30ba9d16d",
  "seed": 42,
  "config_point": {
    "spectral_radius": 0.7,
    "input_scaling": 0.4,
    "leak_rate": 0.9
  },
  "best_ridge": 1e-10,
  "val_curve": {
    "1e-10": 2.0161133817502497e-12,
    "1e-08": 1.4609583808667204e-10,
    "1e-06": 5.469829542037576e-09,
    "0.0001": 2.312205428318943e-07,
    "0.01": 6.742021331760208e-06,
    "1.0": 0.0003796668778374262
  },
  "val_metrics": {
    "nmse": 2.0161133817502497e-12,
    "rmse": 3.199858478292041e-07
  },
  "test_metrics": {
    "nmse": 1.9044122776941738e-12,
    "rmse": 2.8193426616741485e-07
  },
  "timing": {
    "train_states_s": 0.018573899997136323,
    "ridge_select_s": 0.012820399999327492,
    "total_s": 0.07394220000060159
  },
  "timestamp": "2026-04-16T18:22:47.337528+00:00"
}