{
  "sweep_name": "region_selection_multitask_v1_mackey_glass",
  "config_id": "76d30ba9d16d",
  "seed": 123,
  "config_point": {
    "spectral_radius": 0.7,
    "input_scaling": 0.4,
    "leak_rate": 0.9
  },
  "best_ridge": 1e-10,
  "val_curve": {
    "1e-10": 2.9194876278494356e-12,
    "1e-08": 1.4887328670854807e-10,
    "1e-06": 3.400964139054899e-09,
    "0.0001": 2.134256503237433e-07,
    "0.01": 6.071761119522777e-06,
    "1.0": 0.00025853210422465783
  },
  "val_metrics": {
    "nmse": 2.9194876278494356e-12,
    "rmse": 3.850584111216323e-07
  },
  "test_metrics": {
    "nmse": 3.2969314164240432e-12,
    "rmse": 3.709559429626902e-07
  },
  "timing": {
    "train_states_s": 0.017796500000258675,
    "ridge_select_s": 0.012192900001537055,
    "total_s": 0.052619999998569256
  },
  "timestamp": "2026-04-16T18:22:47.401511+00:00"
}