{
  "sweep_name": "region_selection_multitask_v1_mackey_glass",
  "config_id": "76d30ba9d16d",
  "seed": 789,
  "config_point": {
    "spectral_radius": 0.7,
    "input_scaling": 0.4,
    "leak_rate": 0.9
  },
  "best_ridge": 1e-10,
  "val_curve": {
    "1e-10": 1.4154092622687595e-12,
    "1e-08": 9.018697478998415e-11,
    "1e-06": 4.036542756533239e-09,
    "0.0001": 1.3468830763839978e-07,
    "0.01": 6.960295596771524e-06,
    "1.0": 0.00017673683161289935
  },
  "val_metrics": {
    "nmse": 1.4154092622687595e-12,
    "rmse": 2.6811080184143954e-07
  },
  "test_metrics": {
    "nmse": 1.5457675673814806e-12,
    "rmse": 2.540033661723049e-07
  },
  "timing": {
    "train_states_s": 0.017958600001293235,
    "ridge_select_s": 0.012009699999907752,
    "total_s": 0.051696099999389844
  },
  "timestamp": "2026-04-16T18:22:47.531924+00:00"
}