{
  "sweep_name": "region_selection_multitask_v1_mackey_glass",
  "config_id": "76d30ba9d16d",
  "seed": 456,
  "config_point": {
    "spectral_radius": 0.7,
    "input_scaling": 0.4,
    "leak_rate": 0.9
  },
  "best_ridge": 1e-10,
  "val_curve": {
    "1e-10": 1.3314232286093685e-12,
    "1e-08": 7.510973230360532e-11,
    "1e-06": 2.397034336331e-09,
    "0.0001": 1.5060602551842178e-07,
    "0.01": 4.655050644552967e-06,
    "1.0": 0.00032721421829918227
  },
  "val_metrics": {
    "nmse": 1.3314232286093685e-12,
    "rmse": 2.600347323065082e-07
  },
  "test_metrics": {
    "nmse": 1.2753545875593032e-12,
    "rmse": 2.3071872924951075e-07
  },
  "timing": {
    "train_states_s": 0.018616600002133055,
    "ridge_select_s": 0.012169300000095973,
    "total_s": 0.056624599998031044
  },
  "timestamp": "2026-04-16T18:22:47.469225+00:00"
}