{
  "sweep_name": "region_selection_multitask_v1_mackey_glass",
  "config_id": "7712fc84886e",
  "seed": 1024,
  "config_point": {
    "spectral_radius": 0.8,
    "input_scaling": 0.1,
    "leak_rate": 1.0
  },
  "best_ridge": 1e-10,
  "val_curve": {
    "1e-10": 4.993945337550844e-12,
    "1e-08": 2.819736224043693e-10,
    "1e-06": 1.110791476540078e-08,
    "0.0001": 8.827618540146945e-07,
    "0.01": 5.0905605807810534e-05,
    "1.0": 0.0013125892172822509
  },
  "val_metrics": {
    "nmse": 4.993945337550844e-12,
    "rmse": 5.036109762885006e-07
  },
  "test_metrics": {
    "nmse": 4.842161629966475e-12,
    "rmse": 4.4955933246970864e-07
  },
  "timing": {
    "train_states_s": 0.017630099999223603,
    "ridge_select_s": 0.011869699999806471,
    "total_s": 0.050964800000656396
  },
  "timestamp": "2026-04-16T18:22:51.955346+00:00"
}