{
  "sweep_name": "region_selection_multitask_v1_mackey_glass",
  "config_id": "7712fc84886e",
  "seed": 456,
  "config_point": {
    "spectral_radius": 0.8,
    "input_scaling": 0.1,
    "leak_rate": 1.0
  },
  "best_ridge": 1e-10,
  "val_curve": {
    "1e-10": 5.5058521245009755e-12,
    "1e-08": 1.6677560966360168e-10,
    "1e-06": 6.0564823785138e-09,
    "0.0001": 5.598478511542957e-07,
    "0.01": 2.0676300289238215e-05,
    "1.0": 0.0015528522697598002
  },
  "val_metrics": {
    "nmse": 5.5058521245009755e-12,
    "rmse": 5.287928403920838e-07
  },
  "test_metrics": {
    "nmse": 5.1070044622973e-12,
    "rmse": 4.6169002905139394e-07
  },
  "timing": {
    "train_states_s": 0.017735999997967156,
    "ridge_select_s": 0.012113599997974234,
    "total_s": 0.05467799999678391
  },
  "timestamp": "2026-04-16T18:22:51.828235+00:00"
}