{
  "sweep_name": "region_selection_multitask_v1_mackey_glass",
  "config_id": "7712fc84886e",
  "seed": 789,
  "config_point": {
    "spectral_radius": 0.8,
    "input_scaling": 0.1,
    "leak_rate": 1.0
  },
  "best_ridge": 1e-10,
  "val_curve": {
    "1e-10": 5.626567957887354e-12,
    "1e-08": 1.1512901237343249e-10,
    "1e-06": 1.1319623962120337e-08,
    "0.0001": 6.202664845985811e-07,
    "0.01": 2.3500533965628307e-05,
    "1.0": 0.0017847664351434557
  },
  "val_metrics": {
    "nmse": 5.626567957887354e-12,
    "rmse": 5.345583025310265e-07
  },
  "test_metrics": {
    "nmse": 5.240757916684067e-12,
    "rmse": 4.676968298945735e-07
  },
  "timing": {
    "train_states_s": 0.018810900000971742,
    "ridge_select_s": 0.01250380000055884,
    "total_s": 0.05419860000256449
  },
  "timestamp": "2026-04-16T18:22:51.893293+00:00"
}