{
  "sweep_name": "region_selection_multitask_v1_mackey_glass",
  "config_id": "7712fc84886e",
  "seed": 123,
  "config_point": {
    "spectral_radius": 0.8,
    "input_scaling": 0.1,
    "leak_rate": 1.0
  },
  "best_ridge": 1e-10,
  "val_curve": {
    "1e-10": 4.889842360460302e-12,
    "1e-08": 2.144560982565783e-10,
    "1e-06": 1.069718146269943e-08,
    "0.0001": 6.693689583327648e-07,
    "0.01": 3.079630283387423e-05,
    "1.0": 0.0010871573987241952
  },
  "val_metrics": {
    "nmse": 4.889842360460302e-12,
    "rmse": 4.983342354465583e-07
  },
  "test_metrics": {
    "nmse": 4.774351601786879e-12,
    "rmse": 4.4640040113147185e-07
  },
  "timing": {
    "train_states_s": 0.018492900002456736,
    "ridge_select_s": 0.011849300000903895,
    "total_s": 0.05358350000096834
  },
  "timestamp": "2026-04-16T18:22:51.762563+00:00"
}