{
  "sweep_name": "region_selection_multitask_v1_mackey_glass",
  "config_id": "786a5ebf09c1",
  "seed": 123,
  "config_point": {
    "spectral_radius": 0.6,
    "input_scaling": 0.4,
    "leak_rate": 0.5
  },
  "best_ridge": 1e-10,
  "val_curve": {
    "1e-10": 1.9905823058706525e-11,
    "1e-08": 5.820470117297635e-10,
    "1e-06": 1.5465554777167173e-08,
    "0.0001": 4.906607187004063e-07,
    "0.01": 1.3667925394754874e-05,
    "1.0": 0.0005679605213863052
  },
  "val_metrics": {
    "nmse": 1.9905823058706525e-11,
    "rmse": 1.0054566817335865e-06
  },
  "test_metrics": {
    "nmse": 1.9463960771599744e-11,
    "rmse": 9.013282578777947e-07
  },
  "timing": {
    "train_states_s": 0.017927000000781845,
    "ridge_select_s": 0.012807999999495223,
    "total_s": 0.052958600001147715
  },
  "timestamp": "2026-04-16T18:22:34.041732+00:00"
}