{
  "sweep_name": "region_selection_multitask_v1_mackey_glass",
  "config_id": "786a5ebf09c1",
  "seed": 1024,
  "config_point": {
    "spectral_radius": 0.6,
    "input_scaling": 0.4,
    "leak_rate": 0.5
  },
  "best_ridge": 1e-10,
  "val_curve": {
    "1e-10": 1.7027067401904837e-11,
    "1e-08": 5.65577529173176e-10,
    "1e-06": 1.1956420741913179e-08,
    "0.0001": 5.03138645910405e-07,
    "0.01": 1.2856675847833864e-05,
    "1.0": 0.0006979189734396373
  },
  "val_metrics": {
    "nmse": 1.7027067401904837e-11,
    "rmse": 9.299149343056145e-07
  },
  "test_metrics": {
    "nmse": 1.5290352130060082e-11,
    "rmse": 7.9887001448856e-07
  },
  "timing": {
    "train_states_s": 0.018665300001885043,
    "ridge_select_s": 0.01156020000053104,
    "total_s": 0.052455400000326335
  },
  "timestamp": "2026-04-16T18:22:34.234435+00:00"
}