{
  "sweep_name": "region_selection_multitask_v1_mackey_glass",
  "config_id": "7abf50ed0613",
  "seed": 1024,
  "config_point": {
    "spectral_radius": 1.0,
    "input_scaling": 0.1,
    "leak_rate": 0.6
  },
  "best_ridge": 1e-10,
  "val_curve": {
    "1e-10": 5.755074979277026e-12,
    "1e-08": 2.394007482039976e-10,
    "1e-06": 2.3487940542548815e-08,
    "0.0001": 8.188120606069287e-07,
    "0.01": 3.4036642429852274e-05,
    "1.0": 0.0021111619959197584
  },
  "val_metrics": {
    "nmse": 5.755074979277026e-12,
    "rmse": 5.406283151904303e-07
  },
  "test_metrics": {
    "nmse": 5.2340361892124e-12,
    "rmse": 4.673968027464203e-07
  },
  "timing": {
    "train_states_s": 0.017761800001608208,
    "ridge_select_s": 0.012265900000784313,
    "total_s": 0.05240870000125142
  },
  "timestamp": "2026-04-16T18:23:15.105406+00:00"
}