{
  "sweep_name": "region_selection_multitask_v1_mackey_glass",
  "config_id": "7abf50ed0613",
  "seed": 123,
  "config_point": {
    "spectral_radius": 1.0,
    "input_scaling": 0.1,
    "leak_rate": 0.6
  },
  "best_ridge": 1e-10,
  "val_curve": {
    "1e-10": 9.154449723551369e-12,
    "1e-08": 3.393322114356681e-10,
    "1e-06": 1.1727319588821239e-08,
    "0.0001": 7.226276971530479e-07,
    "0.01": 1.9136583963386444e-05,
    "1.0": 0.0012684346336020596
  },
  "val_metrics": {
    "nmse": 9.154449723551369e-12,
    "rmse": 6.81850898011976e-07
  },
  "test_metrics": {
    "nmse": 8.935856667758215e-12,
    "rmse": 6.107106220343943e-07
  },
  "timing": {
    "train_states_s": 0.018387299998721574,
    "ridge_select_s": 0.012040200002957135,
    "total_s": 0.05391579999923124
  },
  "timestamp": "2026-04-16T18:23:14.910712+00:00"
}