{
  "sweep_name": "region_selection_multitask_v1_mackey_glass",
  "config_id": "7abf50ed0613",
  "seed": 42,
  "config_point": {
    "spectral_radius": 1.0,
    "input_scaling": 0.1,
    "leak_rate": 0.6
  },
  "best_ridge": 1e-10,
  "val_curve": {
    "1e-10": 1.5783988356337754e-11,
    "1e-08": 5.027700803525773e-10,
    "1e-06": 1.968799848222734e-08,
    "0.0001": 1.2357532894191995e-06,
    "0.01": 4.993496833428504e-05,
    "1.0": 0.0011489593995266097
  },
  "val_metrics": {
    "nmse": 1.5783988356337754e-11,
    "rmse": 8.953269779177868e-07
  },
  "test_metrics": {
    "nmse": 1.3772671622816028e-11,
    "rmse": 7.581872434672037e-07
  },
  "timing": {
    "train_states_s": 0.017798699998820666,
    "ridge_select_s": 0.013165299998945557,
    "total_s": 0.06054750000112108
  },
  "timestamp": "2026-04-16T18:23:14.846036+00:00"
}