{
  "sweep_name": "region_selection_multitask_v1_mackey_glass",
  "config_id": "7cac7de131c3",
  "seed": 42,
  "config_point": {
    "spectral_radius": 1.0,
    "input_scaling": 0.15,
    "leak_rate": 0.6
  },
  "best_ridge": 1e-10,
  "val_curve": {
    "1e-10": 8.024813880599654e-12,
    "1e-08": 4.0197743067910817e-10,
    "1e-06": 1.459456789674552e-08,
    "0.0001": 5.394719440182214e-07,
    "0.01": 2.9138617712013926e-05,
    "1.0": 0.0005389430369492154
  },
  "val_metrics": {
    "nmse": 8.024813880599654e-12,
    "rmse": 6.383969143062289e-07
  },
  "test_metrics": {
    "nmse": 7.733165381597127e-12,
    "rmse": 5.681277800738379e-07
  },
  "timing": {
    "train_states_s": 0.017646600001171464,
    "ridge_select_s": 0.01300690000061877,
    "total_s": 0.061240400002134265
  },
  "timestamp": "2026-04-16T18:23:16.832736+00:00"
}