{
  "sweep_name": "region_selection_multitask_v1_mackey_glass",
  "config_id": "7cac7de131c3",
  "seed": 789,
  "config_point": {
    "spectral_radius": 1.0,
    "input_scaling": 0.15,
    "leak_rate": 0.6
  },
  "best_ridge": 1e-10,
  "val_curve": {
    "1e-10": 4.5805566034871455e-12,
    "1e-08": 1.7544831020360347e-10,
    "1e-06": 9.268811992277564e-09,
    "0.0001": 4.372076549720456e-07,
    "0.01": 1.1644350615742676e-05,
    "1.0": 0.0008160879990882776
  },
  "val_metrics": {
    "nmse": 4.5805566034871455e-12,
    "rmse": 4.823168361152058e-07
  },
  "test_metrics": {
    "nmse": 4.1136874618320805e-12,
    "rmse": 4.143649602002784e-07
  },
  "timing": {
    "train_states_s": 0.018698899999435525,
    "ridge_select_s": 0.012042300000757677,
    "total_s": 0.053733000000647735
  },
  "timestamp": "2026-04-16T18:23:17.032799+00:00"
}