{
  "sweep_name": "region_selection_multitask_v1_mackey_glass",
  "config_id": "7cfedd757ff7",
  "seed": 789,
  "config_point": {
    "spectral_radius": 0.9,
    "input_scaling": 0.4,
    "leak_rate": 0.9
  },
  "best_ridge": 1e-10,
  "val_curve": {
    "1e-10": 9.349077442397517e-13,
    "1e-08": 3.1894869918367296e-11,
    "1e-06": 1.8602650512079925e-09,
    "0.0001": 9.133340952387352e-08,
    "0.01": 6.076154504953928e-06,
    "1.0": 0.00019833163846045328
  },
  "val_metrics": {
    "nmse": 9.349077442397517e-13,
    "rmse": 2.179002223958135e-07
  },
  "test_metrics": {
    "nmse": 8.580738945829155e-13,
    "rmse": 1.8924731278182257e-07
  },
  "timing": {
    "train_states_s": 0.01793539999925997,
    "ridge_select_s": 0.012268700000277022,
    "total_s": 0.05232350000005681
  },
  "timestamp": "2026-04-16T18:23:12.003067+00:00"
}