{
  "sweep_name": "region_selection_multitask_v1_mackey_glass",
  "config_id": "7cfedd757ff7",
  "seed": 42,
  "config_point": {
    "spectral_radius": 0.9,
    "input_scaling": 0.4,
    "leak_rate": 0.9
  },
  "best_ridge": 1e-10,
  "val_curve": {
    "1e-10": 1.5548947301244469e-12,
    "1e-08": 4.784064420744396e-11,
    "1e-06": 4.085646286438209e-09,
    "0.0001": 1.0667287841859114e-07,
    "0.01": 6.318646215089728e-06,
    "1.0": 0.00039813151779775625
  },
  "val_metrics": {
    "nmse": 1.5548947301244469e-12,
    "rmse": 2.810113042942293e-07
  },
  "test_metrics": {
    "nmse": 1.7498751045294276e-12,
    "rmse": 2.7025323603561754e-07
  },
  "timing": {
    "train_states_s": 0.018716400001721922,
    "ridge_select_s": 0.013090000000374857,
    "total_s": 0.07030130000202917
  },
  "timestamp": "2026-04-16T18:23:11.809186+00:00"
}