{
  "sweep_name": "region_selection_multitask_v1_mackey_glass",
  "config_id": "7cfedd757ff7",
  "seed": 456,
  "config_point": {
    "spectral_radius": 0.9,
    "input_scaling": 0.4,
    "leak_rate": 0.9
  },
  "best_ridge": 1e-10,
  "val_curve": {
    "1e-10": 7.468756156709627e-13,
    "1e-08": 3.1998273734750544e-11,
    "1e-06": 1.798068752267514e-09,
    "0.0001": 8.528142905986482e-08,
    "0.01": 3.5922316314765714e-06,
    "1.0": 0.0002472988995816742
  },
  "val_metrics": {
    "nmse": 7.468756156709627e-13,
    "rmse": 1.947589548063819e-07
  },
  "test_metrics": {
    "nmse": 7.184077116749629e-13,
    "rmse": 1.731621101511423e-07
  },
  "timing": {
    "train_states_s": 0.018471600000339095,
    "ridge_select_s": 0.012563500000396743,
    "total_s": 0.05634470000222791
  },
  "timestamp": "2026-04-16T18:23:11.939665+00:00"
}