{
  "sweep_name": "region_selection_multitask_v1_mackey_glass",
  "config_id": "7cfedd757ff7",
  "seed": 123,
  "config_point": {
    "spectral_radius": 0.9,
    "input_scaling": 0.4,
    "leak_rate": 0.9
  },
  "best_ridge": 1e-10,
  "val_curve": {
    "1e-10": 1.1975195190685837e-12,
    "1e-08": 5.820645306891653e-11,
    "1e-06": 3.324975561428907e-09,
    "0.0001": 1.1131365337848821e-07,
    "0.01": 6.080368011180891e-06,
    "1.0": 0.0003975582167926168
  },
  "val_metrics": {
    "nmse": 1.1975195190685837e-12,
    "rmse": 2.466122214963861e-07
  },
  "test_metrics": {
    "nmse": 1.261241739208179e-12,
    "rmse": 2.2943863173430123e-07
  },
  "timing": {
    "train_states_s": 0.01771799999914947,
    "ridge_select_s": 0.012017700002616039,
    "total_s": 0.051451499999529915
  },
  "timestamp": "2026-04-16T18:23:11.871960+00:00"
}