{
  "sweep_name": "region_selection_multitask_v1_mackey_glass",
  "config_id": "7cfedd757ff7",
  "seed": 1024,
  "config_point": {
    "spectral_radius": 0.9,
    "input_scaling": 0.4,
    "leak_rate": 0.9
  },
  "best_ridge": 1e-10,
  "val_curve": {
    "1e-10": 1.371873653870008e-12,
    "1e-08": 4.95198070785146e-11,
    "1e-06": 1.4828383588254186e-09,
    "0.0001": 1.8586081655741194e-07,
    "0.01": 7.910461166323384e-06,
    "1.0": 0.0004685429313089132
  },
  "val_metrics": {
    "nmse": 1.371873653870008e-12,
    "rmse": 2.6395527938232147e-07
  },
  "test_metrics": {
    "nmse": 1.3768481453178783e-12,
    "rmse": 2.397233834235188e-07
  },
  "timing": {
    "train_states_s": 0.01888630000030389,
    "ridge_select_s": 0.012101500000426313,
    "total_s": 0.05318789999728324
  },
  "timestamp": "2026-04-16T18:23:12.067106+00:00"
}