{
  "sweep_name": "region_selection_multitask_v1_mackey_glass",
  "config_id": "7d112613b9a7",
  "seed": 42,
  "config_point": {
    "spectral_radius": 0.8,
    "input_scaling": 0.3,
    "leak_rate": 0.7
  },
  "best_ridge": 1e-10,
  "val_curve": {
    "1e-10": 4.44808246034947e-12,
    "1e-08": 1.3036077396261177e-10,
    "1e-06": 5.315598809844321e-09,
    "0.0001": 2.15070099105623e-07,
    "0.01": 9.162050173525602e-06,
    "1.0": 0.0007543332756484581
  },
  "val_metrics": {
    "nmse": 4.44808246034947e-12,
    "rmse": 4.752911303367021e-07
  },
  "test_metrics": {
    "nmse": 3.688008991235313e-12,
    "rmse": 3.9234069971275967e-07
  },
  "timing": {
    "train_states_s": 0.01870499999859021,
    "ridge_select_s": 0.012197100000776118,
    "total_s": 0.08277859999725479
  },
  "timestamp": "2026-04-16T18:22:56.843442+00:00"
}