{
  "sweep_name": "region_selection_multitask_v1_mackey_glass",
  "config_id": "7d112613b9a7",
  "seed": 456,
  "config_point": {
    "spectral_radius": 0.8,
    "input_scaling": 0.3,
    "leak_rate": 0.7
  },
  "best_ridge": 1e-10,
  "val_curve": {
    "1e-10": 2.003108680350868e-12,
    "1e-08": 7.908407879516162e-11,
    "1e-06": 3.7133033216516695e-09,
    "0.0001": 1.363617605152811e-07,
    "0.01": 7.055036968545363e-06,
    "1.0": 0.00048057090669915325
  },
  "val_metrics": {
    "nmse": 2.003108680350868e-12,
    "rmse": 3.1895216274540015e-07
  },
  "test_metrics": {
    "nmse": 1.7432768616083133e-12,
    "rmse": 2.6974323373728517e-07
  },
  "timing": {
    "train_states_s": 0.018636500000866363,
    "ridge_select_s": 0.011687199999869335,
    "total_s": 0.055555099999764934
  },
  "timestamp": "2026-04-16T18:22:56.975234+00:00"
}