{
  "sweep_name": "region_selection_multitask_v1_mackey_glass",
  "config_id": "7d112613b9a7",
  "seed": 789,
  "config_point": {
    "spectral_radius": 0.8,
    "input_scaling": 0.3,
    "leak_rate": 0.7
  },
  "best_ridge": 1e-10,
  "val_curve": {
    "1e-10": 2.8239474579378013e-12,
    "1e-08": 1.1021540961346268e-10,
    "1e-06": 3.1295211840247648e-09,
    "0.0001": 1.5873542137913276e-07,
    "0.01": 7.981310037206124e-06,
    "1.0": 0.00030510717378436954
  },
  "val_metrics": {
    "nmse": 2.8239474579378013e-12,
    "rmse": 3.7870548988047807e-07
  },
  "test_metrics": {
    "nmse": 2.390177893007813e-12,
    "rmse": 3.1585116951759136e-07
  },
  "timing": {
    "train_states_s": 0.01806600000054459,
    "ridge_select_s": 0.01331439999921713,
    "total_s": 0.05398040000000037
  },
  "timestamp": "2026-04-16T18:22:57.040440+00:00"
}