{
  "sweep_name": "region_selection_multitask_v1_mackey_glass",
  "config_id": "7d231a730c0b",
  "seed": 42,
  "config_point": {
    "spectral_radius": 1.0,
    "input_scaling": 0.3,
    "leak_rate": 0.6
  },
  "best_ridge": 1e-10,
  "val_curve": {
    "1e-10": 4.80952799309439e-12,
    "1e-08": 1.554172268359002e-10,
    "1e-06": 4.757969675983322e-09,
    "0.0001": 2.3596548881565374e-07,
    "0.01": 9.480839557562191e-06,
    "1.0": 0.0006256591430221982
  },
  "val_metrics": {
    "nmse": 4.80952799309439e-12,
    "rmse": 4.942247874323103e-07
  },
  "test_metrics": {
    "nmse": 5.364805389957106e-12,
    "rmse": 4.731995935253706e-07
  },
  "timing": {
    "train_states_s": 0.01856729999781237,
    "ridge_select_s": 0.012667300001339754,
    "total_s": 0.055770499999198364
  },
  "timestamp": "2026-04-16T18:23:21.032828+00:00"
}