{
  "sweep_name": "region_selection_multitask_v1_mackey_glass",
  "config_id": "7d231a730c0b",
  "seed": 1024,
  "config_point": {
    "spectral_radius": 1.0,
    "input_scaling": 0.3,
    "leak_rate": 0.6
  },
  "best_ridge": 1e-10,
  "val_curve": {
    "1e-10": 2.439986569068272e-12,
    "1e-08": 7.67412144100642e-11,
    "1e-06": 2.878422900955779e-09,
    "0.0001": 2.3295235454956161e-07,
    "0.01": 1.1476821790858175e-05,
    "1.0": 0.00065730157031868
  },
  "val_metrics": {
    "nmse": 2.439986569068272e-12,
    "rmse": 3.520197358912871e-07
  },
  "test_metrics": {
    "nmse": 2.580055655372872e-12,
    "rmse": 3.2815718221857705e-07
  },
  "timing": {
    "train_states_s": 0.018568200001027435,
    "ridge_select_s": 0.011980100000073435,
    "total_s": 0.053014199998870026
  },
  "timestamp": "2026-04-16T18:23:21.292923+00:00"
}