{
  "sweep_name": "region_selection_multitask_v1_mackey_glass",
  "config_id": "7d231a730c0b",
  "seed": 456,
  "config_point": {
    "spectral_radius": 1.0,
    "input_scaling": 0.3,
    "leak_rate": 0.6
  },
  "best_ridge": 1e-10,
  "val_curve": {
    "1e-10": 1.9779582216027874e-12,
    "1e-08": 7.153288370004692e-11,
    "1e-06": 2.6900614949649295e-09,
    "0.0001": 1.0718334005288117e-07,
    "0.01": 6.421423018167381e-06,
    "1.0": 0.00042679453650840523
  },
  "val_metrics": {
    "nmse": 1.9779582216027874e-12,
    "rmse": 3.1694350179456823e-07
  },
  "test_metrics": {
    "nmse": 1.4724835064329426e-12,
    "rmse": 2.4790917273508967e-07
  },
  "timing": {
    "train_states_s": 0.018455299999914132,
    "ridge_select_s": 0.01211699999839766,
    "total_s": 0.056472000000212574
  },
  "timestamp": "2026-04-16T18:23:21.164075+00:00"
}