{
  "sweep_name": "region_selection_multitask_v1_mackey_glass",
  "config_id": "7d231a730c0b",
  "seed": 123,
  "config_point": {
    "spectral_radius": 1.0,
    "input_scaling": 0.3,
    "leak_rate": 0.6
  },
  "best_ridge": 1e-10,
  "val_curve": {
    "1e-10": 2.545759404407831e-12,
    "1e-08": 1.0290416354312609e-10,
    "1e-06": 3.167493020678906e-09,
    "0.0001": 1.7932721766322777e-07,
    "0.01": 8.875349371260303e-06,
    "1.0": 0.00038043964880118074
  },
  "val_metrics": {
    "nmse": 2.545759404407831e-12,
    "rmse": 3.595687772905738e-07
  },
  "test_metrics": {
    "nmse": 2.512922370462216e-12,
    "rmse": 3.238597027645748e-07
  },
  "timing": {
    "train_states_s": 0.01844350000101258,
    "ridge_select_s": 0.011905699997441843,
    "total_s": 0.05289869999978691
  },
  "timestamp": "2026-04-16T18:23:21.096812+00:00"
}