{
  "sweep_name": "region_selection_multitask_v1_mackey_glass",
  "config_id": "7d231a730c0b",
  "seed": 789,
  "config_point": {
    "spectral_radius": 1.0,
    "input_scaling": 0.3,
    "leak_rate": 0.6
  },
  "best_ridge": 1e-10,
  "val_curve": {
    "1e-10": 2.3159756131879306e-12,
    "1e-08": 9.426711074573411e-11,
    "1e-06": 3.2490984189674423e-09,
    "0.0001": 1.1773255090849647e-07,
    "0.01": 4.800900135963202e-06,
    "1.0": 0.00030193346756122617
  },
  "val_metrics": {
    "nmse": 2.3159756131879306e-12,
    "rmse": 3.429574851441032e-07
  },
  "test_metrics": {
    "nmse": 1.9349616579984425e-12,
    "rmse": 2.841865753880694e-07
  },
  "timing": {
    "train_states_s": 0.018531900001107715,
    "ridge_select_s": 0.012278400001378031,
    "total_s": 0.05372279999937746
  },
  "timestamp": "2026-04-16T18:23:21.228862+00:00"
}