{
  "sweep_name": "region_selection_multitask_v1_mackey_glass",
  "config_id": "7d313d409da0",
  "seed": 1024,
  "config_point": {
    "spectral_radius": 1.0,
    "input_scaling": 0.3,
    "leak_rate": 0.8
  },
  "best_ridge": 1e-10,
  "val_curve": {
    "1e-10": 1.4927987584655247e-12,
    "1e-08": 4.669676390788426e-11,
    "1e-06": 2.4616689892574525e-09,
    "0.0001": 2.2862636382013686e-07,
    "0.01": 8.705491045706017e-06,
    "1.0": 0.0005945880741074792
  },
  "val_metrics": {
    "nmse": 1.4927987584655247e-12,
    "rmse": 2.753429286898869e-07
  },
  "test_metrics": {
    "nmse": 1.445542333234401e-12,
    "rmse": 2.456307781292724e-07
  },
  "timing": {
    "train_states_s": 0.01904880000074627,
    "ridge_select_s": 0.012789600001269719,
    "total_s": 0.05426390000138781
  },
  "timestamp": "2026-04-16T18:23:21.978169+00:00"
}