{
  "sweep_name": "region_selection_multitask_v1_mackey_glass",
  "config_id": "7d313d409da0",
  "seed": 456,
  "config_point": {
    "spectral_radius": 1.0,
    "input_scaling": 0.3,
    "leak_rate": 0.8
  },
  "best_ridge": 1e-10,
  "val_curve": {
    "1e-10": 7.36317886911304e-12,
    "1e-08": 4.9037233538340625e-11,
    "1e-06": 2.9997416849504086e-09,
    "0.0001": 7.952851356013466e-08,
    "0.01": 4.775660139368782e-06,
    "1.0": 0.0003716309380988461
  },
  "val_metrics": {
    "nmse": 7.36317886911304e-12,
    "rmse": 6.115133888756493e-07
  },
  "test_metrics": {
    "nmse": 1.0752107060713353e-12,
    "rmse": 2.1184302375479853e-07
  },
  "timing": {
    "train_states_s": 0.01858880000145291,
    "ridge_select_s": 0.012274700002308236,
    "total_s": 0.05591439999989234
  },
  "timestamp": "2026-04-16T18:23:21.848582+00:00"
}