{
  "sweep_name": "region_selection_multitask_v1_mackey_glass",
  "config_id": "7d313d409da0",
  "seed": 123,
  "config_point": {
    "spectral_radius": 1.0,
    "input_scaling": 0.3,
    "leak_rate": 0.8
  },
  "best_ridge": 1e-10,
  "val_curve": {
    "1e-10": 1.2149717022229207e-12,
    "1e-08": 4.052707923158262e-11,
    "1e-06": 2.2551690367916076e-09,
    "0.0001": 9.628738974049203e-08,
    "0.01": 8.608288556179495e-06,
    "1.0": 0.000334404986361575
  },
  "val_metrics": {
    "nmse": 1.2149717022229207e-12,
    "rmse": 2.4840273676704974e-07
  },
  "test_metrics": {
    "nmse": 1.3002398698867223e-12,
    "rmse": 2.32958797642288e-07
  },
  "timing": {
    "train_states_s": 0.018558399999164976,
    "ridge_select_s": 0.01163289999749395,
    "total_s": 0.05351560000053723
  },
  "timestamp": "2026-04-16T18:23:21.781851+00:00"
}