{
  "sweep_name": "region_selection_multitask_v1_mackey_glass",
  "config_id": "7d41b535bebe",
  "seed": 123,
  "config_point": {
    "spectral_radius": 0.7,
    "input_scaling": 0.2,
    "leak_rate": 0.7
  },
  "best_ridge": 1e-10,
  "val_curve": {
    "1e-10": 7.232027478354033e-12,
    "1e-08": 2.61066679572564e-10,
    "1e-06": 1.2590017873144398e-08,
    "0.0001": 4.160238753280571e-07,
    "0.01": 1.1335514457867048e-05,
    "1.0": 0.0013728096337058372
  },
  "val_metrics": {
    "nmse": 7.232027478354033e-12,
    "rmse": 6.060428455582508e-07
  },
  "test_metrics": {
    "nmse": 6.943716081473473e-12,
    "rmse": 5.383483101007012e-07
  },
  "timing": {
    "train_states_s": 0.017701600001601037,
    "ridge_select_s": 0.014018000001669861,
    "total_s": 0.05418500000087079
  },
  "timestamp": "2026-04-16T18:22:42.690722+00:00"
}