{
  "sweep_name": "region_selection_multitask_v1_mackey_glass",
  "config_id": "7d41b535bebe",
  "seed": 1024,
  "config_point": {
    "spectral_radius": 0.7,
    "input_scaling": 0.2,
    "leak_rate": 0.7
  },
  "best_ridge": 1e-10,
  "val_curve": {
    "1e-10": 6.687395501012047e-12,
    "1e-08": 1.489135389965243e-10,
    "1e-06": 8.779057517961543e-09,
    "0.0001": 7.136377406425372e-07,
    "0.01": 1.6207778991739925e-05,
    "1.0": 0.0013768516368677676
  },
  "val_metrics": {
    "nmse": 6.687395501012047e-12,
    "rmse": 5.827761891521105e-07
  },
  "test_metrics": {
    "nmse": 5.926598116095244e-12,
    "rmse": 4.973591544320726e-07
  },
  "timing": {
    "train_states_s": 0.018732299999101087,
    "ridge_select_s": 0.012451000002329238,
    "total_s": 0.05391579999923124
  },
  "timestamp": "2026-04-16T18:22:42.887470+00:00"
}