{
  "sweep_name": "region_selection_multitask_v1_mackey_glass",
  "config_id": "7d41b535bebe",
  "seed": 456,
  "config_point": {
    "spectral_radius": 0.7,
    "input_scaling": 0.2,
    "leak_rate": 0.7
  },
  "best_ridge": 1e-10,
  "val_curve": {
    "1e-10": 4.332284104141587e-12,
    "1e-08": 1.7437378801514087e-10,
    "1e-06": 1.0082537808352814e-08,
    "0.0001": 3.6441374125199964e-07,
    "0.01": 7.107497504792911e-06,
    "1.0": 0.0008783108653569408
  },
  "val_metrics": {
    "nmse": 4.332284104141587e-12,
    "rmse": 4.690636292681882e-07
  },
  "test_metrics": {
    "nmse": 3.877510363077319e-12,
    "rmse": 4.022942824682456e-07
  },
  "timing": {
    "train_states_s": 0.018490699996618787,
    "ridge_select_s": 0.01209000000017113,
    "total_s": 0.05630290000044624
  },
  "timestamp": "2026-04-16T18:22:42.758995+00:00"
}