{
  "sweep_name": "region_selection_multitask_v1_mackey_glass",
  "config_id": "7e4c0ec18bd1",
  "seed": 123,
  "config_point": {
    "spectral_radius": 0.7,
    "input_scaling": 0.3,
    "leak_rate": 0.7
  },
  "best_ridge": 1e-10,
  "val_curve": {
    "1e-10": 6.045947391099213e-12,
    "1e-08": 2.1879868172973676e-10,
    "1e-06": 7.2287845853336234e-09,
    "0.0001": 3.278288329923815e-07,
    "0.01": 8.80877843642232e-06,
    "1.0": 0.0006596686484069247
  },
  "val_metrics": {
    "nmse": 6.045947391099213e-12,
    "rmse": 5.541221068485551e-07
  },
  "test_metrics": {
    "nmse": 6.454352328648089e-12,
    "rmse": 5.190314942275714e-07
  },
  "timing": {
    "train_states_s": 0.017752299998392118,
    "ridge_select_s": 0.012164799998572562,
    "total_s": 0.052167500001814915
  },
  "timestamp": "2026-04-16T18:22:44.681572+00:00"
}