{
  "sweep_name": "region_selection_multitask_v1_mackey_glass",
  "config_id": "7e4c0ec18bd1",
  "seed": 789,
  "config_point": {
    "spectral_radius": 0.7,
    "input_scaling": 0.3,
    "leak_rate": 0.7
  },
  "best_ridge": 1e-10,
  "val_curve": {
    "1e-10": 2.7419362126427526e-12,
    "1e-08": 1.9500977127778411e-10,
    "1e-06": 6.597521321538604e-09,
    "0.0001": 2.580865381476274e-07,
    "0.01": 1.136544248230681e-05,
    "1.0": 0.00032975479647923736
  },
  "val_metrics": {
    "nmse": 2.7419362126427526e-12,
    "rmse": 3.7316591511722063e-07
  },
  "test_metrics": {
    "nmse": 2.373020170729975e-12,
    "rmse": 3.1471547011652074e-07
  },
  "timing": {
    "train_states_s": 0.017673800000920892,
    "ridge_select_s": 0.011884899999131449,
    "total_s": 0.051564800000051036
  },
  "timestamp": "2026-04-16T18:22:44.810144+00:00"
}