{
  "sweep_name": "region_selection_multitask_v1_mackey_glass",
  "config_id": "7e4c0ec18bd1",
  "seed": 456,
  "config_point": {
    "spectral_radius": 0.7,
    "input_scaling": 0.3,
    "leak_rate": 0.7
  },
  "best_ridge": 1e-10,
  "val_curve": {
    "1e-10": 2.8339392563568046e-12,
    "1e-08": 1.334768699311138e-10,
    "1e-06": 5.2406178619114705e-09,
    "0.0001": 2.0206232606955145e-07,
    "0.01": 5.650024102709014e-06,
    "1.0": 0.0004859069887123487
  },
  "val_metrics": {
    "nmse": 2.8339392563568046e-12,
    "rmse": 3.793748733856142e-07
  },
  "test_metrics": {
    "nmse": 2.585473615347363e-12,
    "rmse": 3.2850155658524634e-07
  },
  "timing": {
    "train_states_s": 0.018415200000163168,
    "ridge_select_s": 0.011702099996909965,
    "total_s": 0.05533130000185338
  },
  "timestamp": "2026-04-16T18:22:44.747549+00:00"
}