{
  "sweep_name": "region_selection_multitask_v1_mackey_glass",
  "config_id": "7e4c0ec18bd1",
  "seed": 42,
  "config_point": {
    "spectral_radius": 0.7,
    "input_scaling": 0.3,
    "leak_rate": 0.7
  },
  "best_ridge": 1e-10,
  "val_curve": {
    "1e-10": 3.9829549638734265e-12,
    "1e-08": 2.246569127196135e-10,
    "1e-06": 1.1006434415178492e-08,
    "0.0001": 3.4960835393671915e-07,
    "0.01": 1.1151840154412241e-05,
    "1.0": 0.0008995468595181637
  },
  "val_metrics": {
    "nmse": 3.9829549638734265e-12,
    "rmse": 4.4975499233736096e-07
  },
  "test_metrics": {
    "nmse": 3.529104727751454e-12,
    "rmse": 3.837952981405754e-07
  },
  "timing": {
    "train_states_s": 0.018464599997969344,
    "ridge_select_s": 0.01180709999971441,
    "total_s": 0.0644216000000597
  },
  "timestamp": "2026-04-16T18:22:44.618482+00:00"
}