{
  "sweep_name": "region_selection_multitask_v1_mackey_glass",
  "config_id": "804179bc04bd",
  "seed": 456,
  "config_point": {
    "spectral_radius": 0.9,
    "input_scaling": 0.05,
    "leak_rate": 0.8
  },
  "best_ridge": 1e-10,
  "val_curve": {
    "1e-10": 9.463894642306391e-12,
    "1e-08": 4.312894530084991e-10,
    "1e-06": 3.0447757736341286e-08,
    "0.0001": 1.3622615335209386e-06,
    "0.01": 6.324999608246354e-05,
    "1.0": 0.002163587541419557
  },
  "val_metrics": {
    "nmse": 9.463894642306391e-12,
    "rmse": 6.932793161316453e-07
  },
  "test_metrics": {
    "nmse": 9.086849029019067e-12,
    "rmse": 6.158487056863658e-07
  },
  "timing": {
    "train_states_s": 0.017705099999147933,
    "ridge_select_s": 0.012788000000000466,
    "total_s": 0.05609610000101384
  },
  "timestamp": "2026-04-16T18:23:01.411355+00:00"
}