{
  "sweep_name": "region_selection_multitask_v1_mackey_glass",
  "config_id": "804179bc04bd",
  "seed": 789,
  "config_point": {
    "spectral_radius": 0.9,
    "input_scaling": 0.05,
    "leak_rate": 0.8
  },
  "best_ridge": 1e-10,
  "val_curve": {
    "1e-10": 1.2008793624226442e-11,
    "1e-08": 8.98799141539124e-10,
    "1e-06": 4.5169006843660506e-08,
    "0.0001": 8.762429079499329e-07,
    "0.01": 4.524349726546294e-05,
    "1.0": 0.01070894996288177
  },
  "val_metrics": {
    "nmse": 1.2008793624226442e-11,
    "rmse": 7.809495618168945e-07
  },
  "test_metrics": {
    "nmse": 1.2102020175246696e-11,
    "rmse": 7.107163606586618e-07
  },
  "timing": {
    "train_states_s": 0.01872160000129952,
    "ridge_select_s": 0.013952799999970011,
    "total_s": 0.05622570000195992
  },
  "timestamp": "2026-04-16T18:23:01.479433+00:00"
}