{
  "sweep_name": "region_selection_multitask_v1_mackey_glass",
  "config_id": "804179bc04bd",
  "seed": 42,
  "config_point": {
    "spectral_radius": 0.9,
    "input_scaling": 0.05,
    "leak_rate": 0.8
  },
  "best_ridge": 1e-10,
  "val_curve": {
    "1e-10": 2.0000336085341053e-11,
    "1e-08": 1.1508526755391648e-09,
    "1e-06": 2.6367562482442426e-08,
    "0.0001": 1.8095218605156244e-06,
    "0.01": 7.381075202175666e-05,
    "1.0": 0.007094867312381514
  },
  "val_metrics": {
    "nmse": 2.0000336085341053e-11,
    "rmse": 1.007840813791584e-06
  },
  "test_metrics": {
    "nmse": 2.0803686828936462e-11,
    "rmse": 9.318318068056065e-07
  },
  "timing": {
    "train_states_s": 0.018010299998422852,
    "ridge_select_s": 0.011837199999717996,
    "total_s": 0.07548719999977038
  },
  "timestamp": "2026-04-16T18:23:01.278865+00:00"
}