{
  "sweep_name": "region_selection_multitask_v1_mackey_glass",
  "config_id": "804179bc04bd",
  "seed": 1024,
  "config_point": {
    "spectral_radius": 0.9,
    "input_scaling": 0.05,
    "leak_rate": 0.8
  },
  "best_ridge": 1e-10,
  "val_curve": {
    "1e-10": 1.4964328921620272e-11,
    "1e-08": 9.913565682981053e-10,
    "1e-06": 6.225063588464456e-08,
    "0.0001": 2.5145659698725334e-06,
    "0.01": 0.0001188661237491864,
    "1.0": 0.002904249574628377
  },
  "val_metrics": {
    "nmse": 1.4964328921620272e-11,
    "rmse": 8.717699959878922e-07
  },
  "test_metrics": {
    "nmse": 1.4635247788763786e-11,
    "rmse": 7.815691643758665e-07
  },
  "timing": {
    "train_states_s": 0.017716800000926014,
    "ridge_select_s": 0.011703600001055747,
    "total_s": 0.05154029999903287
  },
  "timestamp": "2026-04-16T18:23:01.542382+00:00"
}