{
  "sweep_name": "region_selection_multitask_v1_mackey_glass",
  "config_id": "8246ed9a8b68",
  "seed": 1024,
  "config_point": {
    "spectral_radius": 0.9,
    "input_scaling": 0.3,
    "leak_rate": 0.9
  },
  "best_ridge": 1e-10,
  "val_curve": {
    "1e-10": 1.5308276605066604e-12,
    "1e-08": 4.405507114322993e-11,
    "1e-06": 2.092270050091783e-09,
    "0.0001": 2.5365551433670586e-07,
    "0.01": 7.180502119368971e-06,
    "1.0": 0.0005123296473776008
  },
  "val_metrics": {
    "nmse": 1.5308276605066604e-12,
    "rmse": 2.788280396201101e-07
  },
  "test_metrics": {
    "nmse": 1.3998929353195326e-12,
    "rmse": 2.4172122561356363e-07
  },
  "timing": {
    "train_states_s": 0.019150900003296556,
    "ridge_select_s": 0.013202199999795994,
    "total_s": 0.05480829999942216
  },
  "timestamp": "2026-04-16T18:23:10.069958+00:00"
}