{
  "sweep_name": "region_selection_multitask_v1_mackey_glass",
  "config_id": "8246ed9a8b68",
  "seed": 42,
  "config_point": {
    "spectral_radius": 0.9,
    "input_scaling": 0.3,
    "leak_rate": 0.9
  },
  "best_ridge": 1e-10,
  "val_curve": {
    "1e-10": 2.975420248913845e-12,
    "1e-08": 5.299716805083652e-11,
    "1e-06": 4.127709067569566e-09,
    "0.0001": 1.490099162518191e-07,
    "0.01": 9.233776047852371e-06,
    "1.0": 0.0006086950836447798
  },
  "val_metrics": {
    "nmse": 2.975420248913845e-12,
    "rmse": 3.8872945727499004e-07
  },
  "test_metrics": {
    "nmse": 2.6310523474459554e-12,
    "rmse": 3.3138444661778944e-07
  },
  "timing": {
    "train_states_s": 0.018683500002225628,
    "ridge_select_s": 0.012951900000189198,
    "total_s": 0.060998400000244146
  },
  "timestamp": "2026-04-16T18:23:09.808195+00:00"
}