{
  "sweep_name": "region_selection_multitask_v1_mackey_glass",
  "config_id": "8246ed9a8b68",
  "seed": 456,
  "config_point": {
    "spectral_radius": 0.9,
    "input_scaling": 0.3,
    "leak_rate": 0.9
  },
  "best_ridge": 1e-10,
  "val_curve": {
    "1e-10": 1.0985121026051936e-12,
    "1e-08": 3.2969849561540245e-11,
    "1e-06": 2.4447676000994475e-09,
    "0.0001": 1.1043923271627751e-07,
    "0.01": 5.672091613153604e-06,
    "1.0": 0.00037624356230426143
  },
  "val_metrics": {
    "nmse": 1.0985121026051936e-12,
    "rmse": 2.36197729141163e-07
  },
  "test_metrics": {
    "nmse": 9.924820478522793e-13,
    "rmse": 2.035301284362751e-07
  },
  "timing": {
    "train_states_s": 0.01873399999749381,
    "ridge_select_s": 0.0118505999998888,
    "total_s": 0.05565740000020014
  },
  "timestamp": "2026-04-16T18:23:09.938371+00:00"
}