{
  "sweep_name": "region_selection_multitask_v1_mackey_glass",
  "config_id": "8246ed9a8b68",
  "seed": 789,
  "config_point": {
    "spectral_radius": 0.9,
    "input_scaling": 0.3,
    "leak_rate": 0.9
  },
  "best_ridge": 1e-10,
  "val_curve": {
    "1e-10": 1.343417698000041e-12,
    "1e-08": 3.774341318012722e-11,
    "1e-06": 1.443007353934023e-09,
    "0.0001": 1.4478890593618291e-07,
    "0.01": 6.389071968234865e-06,
    "1.0": 0.00030134013726848617
  },
  "val_metrics": {
    "nmse": 1.343417698000041e-12,
    "rmse": 2.6120340110528814e-07
  },
  "test_metrics": {
    "nmse": 1.1358944079971206e-12,
    "rmse": 2.177390668960298e-07
  },
  "timing": {
    "train_states_s": 0.018123000001651235,
    "ridge_select_s": 0.012853399999585235,
    "total_s": 0.054284499998175306
  },
  "timestamp": "2026-04-16T18:23:10.003810+00:00"
}