{
  "sweep_name": "region_selection_multitask_v1_mackey_glass",
  "config_id": "83b90ec6a3a2",
  "seed": 123,
  "config_point": {
    "spectral_radius": 0.9,
    "input_scaling": 0.4,
    "leak_rate": 0.8
  },
  "best_ridge": 1e-10,
  "val_curve": {
    "1e-10": 1.4739665228182647e-12,
    "1e-08": 6.761895901176046e-11,
    "1e-06": 3.582899187839832e-09,
    "0.0001": 1.186775716070834e-07,
    "0.01": 6.493218330836909e-06,
    "1.0": 0.00041429013924658913
  },
  "val_metrics": {
    "nmse": 1.4739665228182647e-12,
    "rmse": 2.7360063738055083e-07
  },
  "test_metrics": {
    "nmse": 1.5518285272841617e-12,
    "rmse": 2.5450085301994374e-07
  },
  "timing": {
    "train_states_s": 0.019048300000577,
    "ridge_select_s": 0.012578199999552453,
    "total_s": 0.05533560000185389
  },
  "timestamp": "2026-04-16T18:23:11.530764+00:00"
}