{
  "sweep_name": "region_selection_multitask_v1_mackey_glass",
  "config_id": "83b90ec6a3a2",
  "seed": 789,
  "config_point": {
    "spectral_radius": 0.9,
    "input_scaling": 0.4,
    "leak_rate": 0.8
  },
  "best_ridge": 1e-10,
  "val_curve": {
    "1e-10": 1.1451200036930582e-12,
    "1e-08": 4.0050700886692416e-11,
    "1e-06": 2.4890742144166183e-09,
    "0.0001": 9.786869798432142e-08,
    "0.01": 6.240987085123998e-06,
    "1.0": 0.00021427543537018656
  },
  "val_metrics": {
    "nmse": 1.1451200036930582e-12,
    "rmse": 2.41156401917193e-07
  },
  "test_metrics": {
    "nmse": 9.595842328434902e-13,
    "rmse": 2.0012849451858e-07
  },
  "timing": {
    "train_states_s": 0.019129799999063835,
    "ridge_select_s": 0.012402699998347089,
    "total_s": 0.05484439999781898
  },
  "timestamp": "2026-04-16T18:23:11.663771+00:00"
}