{
  "sweep_name": "region_selection_multitask_v1_mackey_glass",
  "config_id": "8548609bc94c",
  "seed": 789,
  "config_point": {
    "spectral_radius": 0.7,
    "input_scaling": 0.3,
    "leak_rate": 0.9
  },
  "best_ridge": 1e-10,
  "val_curve": {
    "1e-10": 2.4636100604022165e-12,
    "1e-08": 9.12535358294464e-11,
    "1e-06": 4.483038264267158e-09,
    "0.0001": 2.6432404522960854e-07,
    "0.01": 1.0290797519527299e-05,
    "1.0": 0.0002860995077101932
  },
  "val_metrics": {
    "nmse": 2.4636100604022165e-12,
    "rmse": 3.537197255159731e-07
  },
  "test_metrics": {
    "nmse": 2.455696753963913e-12,
    "rmse": 3.201509130732182e-07
  },
  "timing": {
    "train_states_s": 0.01780270000017481,
    "ridge_select_s": 0.011721400001988513,
    "total_s": 0.05160900000191759
  },
  "timestamp": "2026-04-16T18:22:45.501970+00:00"
}