{
  "sweep_name": "region_selection_multitask_v1_mackey_glass",
  "config_id": "8548609bc94c",
  "seed": 123,
  "config_point": {
    "spectral_radius": 0.7,
    "input_scaling": 0.3,
    "leak_rate": 0.9
  },
  "best_ridge": 1e-10,
  "val_curve": {
    "1e-10": 2.6643605529087302e-12,
    "1e-08": 1.8446942297354896e-10,
    "1e-06": 5.7204177429850205e-09,
    "0.0001": 2.701693507358189e-07,
    "0.01": 8.10364616802815e-06,
    "1.0": 0.0006083857434306506
  },
  "val_metrics": {
    "nmse": 2.6643605529087302e-12,
    "rmse": 3.678491801434492e-07
  },
  "test_metrics": {
    "nmse": 2.8639111894506687e-12,
    "rmse": 3.457380274145881e-07
  },
  "timing": {
    "train_states_s": 0.017714900001010392,
    "ridge_select_s": 0.011892399998032488,
    "total_s": 0.05264989999704994
  },
  "timestamp": "2026-04-16T18:22:45.372395+00:00"
}