{
  "sweep_name": "region_selection_multitask_v1_mackey_glass",
  "config_id": "8548609bc94c",
  "seed": 456,
  "config_point": {
    "spectral_radius": 0.7,
    "input_scaling": 0.3,
    "leak_rate": 0.9
  },
  "best_ridge": 1e-10,
  "val_curve": {
    "1e-10": 1.9919216901134517e-12,
    "1e-08": 8.097606725007086e-11,
    "1e-06": 4.134435312129728e-09,
    "0.0001": 1.8494542403467424e-07,
    "0.01": 4.191615248754089e-06,
    "1.0": 0.0003851018990023486
  },
  "val_metrics": {
    "nmse": 1.9919216901134517e-12,
    "rmse": 3.180602714215453e-07
  },
  "test_metrics": {
    "nmse": 1.824101393400724e-12,
    "rmse": 2.7592551654356756e-07
  },
  "timing": {
    "train_states_s": 0.018855599999369588,
    "ridge_select_s": 0.01238020000164397,
    "total_s": 0.05597989999660058
  },
  "timestamp": "2026-04-16T18:22:45.439115+00:00"
}