{
  "sweep_name": "region_selection_multitask_v1_mackey_glass",
  "config_id": "8548609bc94c",
  "seed": 42,
  "config_point": {
    "spectral_radius": 0.7,
    "input_scaling": 0.3,
    "leak_rate": 0.9
  },
  "best_ridge": 1e-10,
  "val_curve": {
    "1e-10": 2.5289991180140026e-12,
    "1e-08": 1.2559723834154477e-10,
    "1e-06": 7.550608917544915e-09,
    "0.0001": 3.209390634815319e-07,
    "0.01": 1.090222532462476e-05,
    "1.0": 0.0008228184585267315
  },
  "val_metrics": {
    "nmse": 2.5289991180140026e-12,
    "rmse": 3.583831924602536e-07
  },
  "test_metrics": {
    "nmse": 2.217659482841073e-12,
    "rmse": 3.0423894585448034e-07
  },
  "timing": {
    "train_states_s": 0.018882699998357566,
    "ridge_select_s": 0.01220879999891622,
    "total_s": 0.10422100000141654
  },
  "timestamp": "2026-04-16T18:22:45.308686+00:00"
}