{
  "sweep_name": "region_selection_multitask_v1_mackey_glass",
  "config_id": "8548609bc94c",
  "seed": 1024,
  "config_point": {
    "spectral_radius": 0.7,
    "input_scaling": 0.3,
    "leak_rate": 0.9
  },
  "best_ridge": 1e-10,
  "val_curve": {
    "1e-10": 3.2670366022228522e-12,
    "1e-08": 1.0908882136843593e-10,
    "1e-06": 3.879005316453822e-09,
    "0.0001": 3.4686749104629267e-07,
    "0.01": 1.0556745954363067e-05,
    "1.0": 0.000542848147984088
  },
  "val_metrics": {
    "nmse": 3.2670366022228522e-12,
    "rmse": 4.073336557453488e-07
  },
  "test_metrics": {
    "nmse": 3.134678975945307e-12,
    "rmse": 3.61712828951534e-07
  },
  "timing": {
    "train_states_s": 0.01849009999932605,
    "ridge_select_s": 0.01229320000129519,
    "total_s": 0.05279470000095898
  },
  "timestamp": "2026-04-16T18:22:45.565658+00:00"
}