{
  "sweep_name": "region_selection_multitask_v1_mackey_glass",
  "config_id": "8a01e3c2af7d",
  "seed": 789,
  "config_point": {
    "spectral_radius": 1.0,
    "input_scaling": 0.4,
    "leak_rate": 0.6
  },
  "best_ridge": 1e-10,
  "val_curve": {
    "1e-10": 1.9150267886884137e-12,
    "1e-08": 7.168357349774866e-11,
    "1e-06": 2.282192149690493e-09,
    "0.0001": 7.270594870520616e-08,
    "0.01": 5.011430427885531e-06,
    "1.0": 0.00019874333673739248
  },
  "val_metrics": {
    "nmse": 1.9150267886884137e-12,
    "rmse": 3.118607519080641e-07
  },
  "test_metrics": {
    "nmse": 1.5466051512140358e-12,
    "rmse": 2.540721735096288e-07
  },
  "timing": {
    "train_states_s": 0.01882609999665874,
    "ridge_select_s": 0.012768699998559896,
    "total_s": 0.054916199998842785
  },
  "timestamp": "2026-04-16T18:23:23.321059+00:00"
}