{
  "sweep_name": "region_selection_multitask_v1_mackey_glass",
  "config_id": "8a01e3c2af7d",
  "seed": 123,
  "config_point": {
    "spectral_radius": 1.0,
    "input_scaling": 0.4,
    "leak_rate": 0.6
  },
  "best_ridge": 1e-10,
  "val_curve": {
    "1e-10": 2.079885471977178e-12,
    "1e-08": 7.552937330645085e-11,
    "1e-06": 2.763056966350879e-09,
    "0.0001": 1.457887379191717e-07,
    "0.01": 5.192966329134682e-06,
    "1.0": 0.00031925258954938485
  },
  "val_metrics": {
    "nmse": 2.079885471977178e-12,
    "rmse": 3.250072175139501e-07
  },
  "test_metrics": {
    "nmse": 2.073813802618229e-12,
    "rmse": 2.9420649561130937e-07
  },
  "timing": {
    "train_states_s": 0.0192107999973814,
    "ridge_select_s": 0.012797200000932207,
    "total_s": 0.055961499998375075
  },
  "timestamp": "2026-04-16T18:23:23.184835+00:00"
}