{
  "sweep_name": "region_selection_multitask_v1_mackey_glass",
  "config_id": "8a01e3c2af7d",
  "seed": 1024,
  "config_point": {
    "spectral_radius": 1.0,
    "input_scaling": 0.4,
    "leak_rate": 0.6
  },
  "best_ridge": 1e-10,
  "val_curve": {
    "1e-10": 2.7421790584780772e-12,
    "1e-08": 7.674975283637167e-11,
    "1e-06": 2.18752292961534e-09,
    "0.0001": 1.5024329037686968e-07,
    "0.01": 9.376073734677521e-06,
    "1.0": 0.00042779176299720146
  },
  "val_metrics": {
    "nmse": 2.7421790584780772e-12,
    "rmse": 3.73182439896592e-07
  },
  "test_metrics": {
    "nmse": 2.4633407119954912e-12,
    "rmse": 3.206488000180174e-07
  },
  "timing": {
    "train_states_s": 0.018830299999535782,
    "ridge_select_s": 0.012420800001564203,
    "total_s": 0.05357880000156001
  },
  "timestamp": "2026-04-16T18:23:23.385891+00:00"
}