{
  "sweep_name": "region_selection_multitask_v1_mackey_glass",
  "config_id": "8a01e3c2af7d",
  "seed": 42,
  "config_point": {
    "spectral_radius": 1.0,
    "input_scaling": 0.4,
    "leak_rate": 0.6
  },
  "best_ridge": 1e-10,
  "val_curve": {
    "1e-10": 4.688478608956399e-12,
    "1e-08": 1.2297925409218457e-10,
    "1e-06": 2.623020337539054e-09,
    "0.0001": 2.173714899317572e-07,
    "0.01": 9.776852407567319e-06,
    "1.0": 0.0005227581487243622
  },
  "val_metrics": {
    "nmse": 4.688478608956399e-12,
    "rmse": 4.879656647228646e-07
  },
  "test_metrics": {
    "nmse": 3.1881425524100263e-12,
    "rmse": 3.647843875589796e-07
  },
  "timing": {
    "train_states_s": 0.018657500000699656,
    "ridge_select_s": 0.012342199999693548,
    "total_s": 0.06477330000052461
  },
  "timestamp": "2026-04-16T18:23:23.117229+00:00"
}