{
  "sweep_name": "region_selection_multitask_v1_mackey_glass",
  "config_id": "8a01e3c2af7d",
  "seed": 456,
  "config_point": {
    "spectral_radius": 1.0,
    "input_scaling": 0.4,
    "leak_rate": 0.6
  },
  "best_ridge": 1e-10,
  "val_curve": {
    "1e-10": 1.464495571725854e-12,
    "1e-08": 6.796169462598978e-11,
    "1e-06": 2.1509833276491656e-09,
    "0.0001": 1.1797053659185717e-07,
    "0.01": 5.62275402885737e-06,
    "1.0": 0.00028972930613623633
  },
  "val_metrics": {
    "nmse": 1.464495571725854e-12,
    "rmse": 2.7272021229432664e-07
  },
  "test_metrics": {
    "nmse": 1.1300440178990313e-12,
    "rmse": 2.1717761375738763e-07
  },
  "timing": {
    "train_states_s": 0.019228999997721985,
    "ridge_select_s": 0.013640600001963321,
    "total_s": 0.05836350000026869
  },
  "timestamp": "2026-04-16T18:23:23.254830+00:00"
}