{
  "sweep_name": "region_selection_multitask_v1_mackey_glass",
  "config_id": "8a878de8c02b",
  "seed": 1024,
  "config_point": {
    "spectral_radius": 0.8,
    "input_scaling": 0.3,
    "leak_rate": 0.6
  },
  "best_ridge": 1e-10,
  "val_curve": {
    "1e-10": 5.97546906369117e-12,
    "1e-08": 1.2187957832020448e-10,
    "1e-06": 4.233163762162125e-09,
    "0.0001": 3.3161100965110316e-07,
    "0.01": 1.070082163393932e-05,
    "1.0": 0.0006864105395525309
  },
  "val_metrics": {
    "nmse": 5.97546906369117e-12,
    "rmse": 5.508829056044487e-07
  },
  "test_metrics": {
    "nmse": 4.761098096299536e-12,
    "rmse": 4.457803711985871e-07
  },
  "timing": {
    "train_states_s": 0.017857499999081483,
    "ridge_select_s": 0.012201699999422999,
    "total_s": 0.05155890000241925
  },
  "timestamp": "2026-04-16T18:22:56.749474+00:00"
}