{
  "sweep_name": "region_selection_multitask_v1_mackey_glass",
  "config_id": "8a878de8c02b",
  "seed": 456,
  "config_point": {
    "spectral_radius": 0.8,
    "input_scaling": 0.3,
    "leak_rate": 0.6
  },
  "best_ridge": 1e-10,
  "val_curve": {
    "1e-10": 2.3818882483044828e-12,
    "1e-08": 1.0664840164884654e-10,
    "1e-06": 4.454066887880305e-09,
    "0.0001": 1.7918865239605e-07,
    "0.01": 8.15680549705124e-06,
    "1.0": 0.0004984113324479993
  },
  "val_metrics": {
    "nmse": 2.3818882483044828e-12,
    "rmse": 3.478035301725463e-07
  },
  "test_metrics": {
    "nmse": 2.302536034249533e-12,
    "rmse": 3.1000635334883645e-07
  },
  "timing": {
    "train_states_s": 0.017900200000440236,
    "ridge_select_s": 0.012497299998358358,
    "total_s": 0.05541059999814024
  },
  "timestamp": "2026-04-16T18:22:56.620400+00:00"
}