{
  "sweep_name": "region_selection_multitask_v1_mackey_glass",
  "config_id": "8a878de8c02b",
  "seed": 42,
  "config_point": {
    "spectral_radius": 0.8,
    "input_scaling": 0.3,
    "leak_rate": 0.6
  },
  "best_ridge": 1e-10,
  "val_curve": {
    "1e-10": 4.767559330915618e-12,
    "1e-08": 1.3705553323372375e-10,
    "1e-06": 6.59829834388824e-09,
    "0.0001": 2.866899150481994e-07,
    "0.01": 1.0716560224767796e-05,
    "1.0": 0.0008367811424194062
  },
  "val_metrics": {
    "nmse": 4.767559330915618e-12,
    "rmse": 4.920637228713319e-07
  },
  "test_metrics": {
    "nmse": 4.059531746439596e-12,
    "rmse": 4.1162841588148936e-07
  },
  "timing": {
    "train_states_s": 0.017782299997634254,
    "ridge_select_s": 0.011960299998463597,
    "total_s": 0.05826329999763402
  },
  "timestamp": "2026-04-16T18:22:56.488176+00:00"
}