{
  "sweep_name": "region_selection_multitask_v1_mackey_glass",
  "config_id": "8a878de8c02b",
  "seed": 123,
  "config_point": {
    "spectral_radius": 0.8,
    "input_scaling": 0.3,
    "leak_rate": 0.6
  },
  "best_ridge": 1e-10,
  "val_curve": {
    "1e-10": 4.372304639113771e-12,
    "1e-08": 1.2505603345133914e-10,
    "1e-06": 7.126981622968335e-09,
    "0.0001": 2.823204951697475e-07,
    "0.01": 7.529555578087456e-06,
    "1.0": 0.00045661731960632267
  },
  "val_metrics": {
    "nmse": 4.372304639113771e-12,
    "rmse": 4.712251938005496e-07
  },
  "test_metrics": {
    "nmse": 3.951326051030005e-12,
    "rmse": 4.0610544322200994e-07
  },
  "timing": {
    "train_states_s": 0.01853080000000773,
    "ridge_select_s": 0.012389200001052814,
    "total_s": 0.05409750000035274
  },
  "timestamp": "2026-04-16T18:22:56.553655+00:00"
}