{
  "sweep_name": "region_selection_multitask_v1_mackey_glass",
  "config_id": "8ae48826d829",
  "seed": 789,
  "config_point": {
    "spectral_radius": 0.6,
    "input_scaling": 0.15,
    "leak_rate": 0.9
  },
  "best_ridge": 1e-10,
  "val_curve": {
    "1e-10": 6.988279948722828e-12,
    "1e-08": 5.240844064670972e-10,
    "1e-06": 1.2259099345474546e-08,
    "0.0001": 6.49042513833013e-07,
    "0.01": 2.1228565313057065e-05,
    "1.0": 0.000633720186305308
  },
  "val_metrics": {
    "nmse": 6.988279948722828e-12,
    "rmse": 5.957423058943123e-07
  },
  "test_metrics": {
    "nmse": 6.442452904230418e-12,
    "rmse": 5.185528230154086e-07
  },
  "timing": {
    "train_states_s": 0.017696999999316176,
    "ridge_select_s": 0.012084300000424264,
    "total_s": 0.051945299997896655
  },
  "timestamp": "2026-04-16T18:22:29.464969+00:00"
}