{
  "sweep_name": "region_selection_multitask_v1_mackey_glass",
  "config_id": "8ae48826d829",
  "seed": 42,
  "config_point": {
    "spectral_radius": 0.6,
    "input_scaling": 0.15,
    "leak_rate": 0.9
  },
  "best_ridge": 1e-10,
  "val_curve": {
    "1e-10": 8.244356323134988e-12,
    "1e-08": 8.888965087304221e-10,
    "1e-06": 1.061120328655134e-08,
    "0.0001": 5.788297821601646e-07,
    "0.01": 5.5487781078090836e-05,
    "1.0": 0.0009030193426564996
  },
  "val_metrics": {
    "nmse": 8.244356323134988e-12,
    "rmse": 6.470706058504964e-07
  },
  "test_metrics": {
    "nmse": 7.746374198905142e-12,
    "rmse": 5.686127751531732e-07
  },
  "timing": {
    "train_states_s": 0.01835930000015651,
    "ridge_select_s": 0.01216289999865694,
    "total_s": 0.06179519999932381
  },
  "timestamp": "2026-04-16T18:22:29.271799+00:00"
}