{
  "sweep_name": "region_selection_multitask_v1_mackey_glass",
  "config_id": "8baeb0c225c0",
  "seed": 1024,
  "config_point": {
    "spectral_radius": 0.8,
    "input_scaling": 0.15,
    "leak_rate": 1.0
  },
  "best_ridge": 1e-10,
  "val_curve": {
    "1e-10": 2.7746001833127597e-12,
    "1e-08": 9.969458563670887e-11,
    "1e-06": 6.5651322632450455e-09,
    "0.0001": 5.874723904736335e-07,
    "0.01": 1.950168565567049e-05,
    "1.0": 0.0014383471328710212
  },
  "val_metrics": {
    "nmse": 2.7746001833127597e-12,
    "rmse": 3.7538204869174675e-07
  },
  "test_metrics": {
    "nmse": 2.558377733188805e-12,
    "rmse": 3.267756671298865e-07
  },
  "timing": {
    "train_states_s": 0.018314200002350844,
    "ridge_select_s": 0.011801599997852463,
    "total_s": 0.05112179999923683
  },
  "timestamp": "2026-04-16T18:22:54.009058+00:00"
}