{
  "sweep_name": "region_selection_multitask_v1_mackey_glass",
  "config_id": "8baeb0c225c0",
  "seed": 42,
  "config_point": {
    "spectral_radius": 0.8,
    "input_scaling": 0.15,
    "leak_rate": 1.0
  },
  "best_ridge": 1e-10,
  "val_curve": {
    "1e-10": 2.6871029185936944e-12,
    "1e-08": 2.335092343773119e-10,
    "1e-06": 8.33686307450596e-09,
    "0.0001": 3.0903441215525767e-07,
    "0.01": 2.4343360082024453e-05,
    "1.0": 0.0008892889282472936
  },
  "val_metrics": {
    "nmse": 2.6871029185936944e-12,
    "rmse": 3.6941578198709443e-07
  },
  "test_metrics": {
    "nmse": 2.2990278440071703e-12,
    "rmse": 3.097700973638813e-07
  },
  "timing": {
    "train_states_s": 0.01812920000156737,
    "ridge_select_s": 0.011871900002006441,
    "total_s": 0.07297699999980978
  },
  "timestamp": "2026-04-16T18:22:53.750825+00:00"
}