{
  "sweep_name": "region_selection_multitask_v1_mackey_glass",
  "config_id": "8bffc079700d",
  "seed": 1024,
  "config_point": {
    "spectral_radius": 0.7,
    "input_scaling": 0.15,
    "leak_rate": 1.0
  },
  "best_ridge": 1e-10,
  "val_curve": {
    "1e-10": 4.2817020129666165e-12,
    "1e-08": 3.12124838707954e-10,
    "1e-06": 1.1741601681312834e-08,
    "0.0001": 5.635040980558047e-07,
    "0.01": 3.745164210003089e-05,
    "1.0": 0.0010445241551838458
  },
  "val_metrics": {
    "nmse": 4.2817020129666165e-12,
    "rmse": 4.66317285708545e-07
  },
  "test_metrics": {
    "nmse": 4.105596260287719e-12,
    "rmse": 4.1395725292186166e-07
  },
  "timing": {
    "train_states_s": 0.01783849999992526,
    "ridge_select_s": 0.012086799997632625,
    "total_s": 0.051548499999626074
  },
  "timestamp": "2026-04-16T18:22:41.909064+00:00"
}