{
  "sweep_name": "region_selection_multitask_v1_mackey_glass",
  "config_id": "8bffc079700d",
  "seed": 789,
  "config_point": {
    "spectral_radius": 0.7,
    "input_scaling": 0.15,
    "leak_rate": 1.0
  },
  "best_ridge": 1e-10,
  "val_curve": {
    "1e-10": 7.341054751741676e-12,
    "1e-08": 1.6853639960351443e-10,
    "1e-06": 5.2622464104791055e-09,
    "0.0001": 5.612698532247422e-07,
    "0.01": 1.3946900057723349e-05,
    "1.0": 0.0008571796485191878
  },
  "val_metrics": {
    "nmse": 7.341054751741676e-12,
    "rmse": 6.105939916759237e-07
  },
  "test_metrics": {
    "nmse": 6.8041976037335514e-12,
    "rmse": 5.329124120788609e-07
  },
  "timing": {
    "train_states_s": 0.01911119999931543,
    "ridge_select_s": 0.012258999999176012,
    "total_s": 0.05486169999858248
  },
  "timestamp": "2026-04-16T18:22:41.846398+00:00"
}