{
  "sweep_name": "region_selection_multitask_v1_mackey_glass",
  "config_id": "8bffc079700d",
  "seed": 456,
  "config_point": {
    "spectral_radius": 0.7,
    "input_scaling": 0.15,
    "leak_rate": 1.0
  },
  "best_ridge": 1e-10,
  "val_curve": {
    "1e-10": 5.111570414380864e-12,
    "1e-08": 1.854847877279388e-10,
    "1e-06": 3.7105818153771742e-09,
    "0.0001": 3.937803290207962e-07,
    "0.01": 1.4517659491258787e-05,
    "1.0": 0.0011557219712530766
  },
  "val_metrics": {
    "nmse": 5.111570414380864e-12,
    "rmse": 5.095073680504548e-07
  },
  "test_metrics": {
    "nmse": 4.653885812604752e-12,
    "rmse": 4.407326637716907e-07
  },
  "timing": {
    "train_states_s": 0.017805500003305497,
    "ridge_select_s": 0.011986499997874489,
    "total_s": 0.05395990000033635
  },
  "timestamp": "2026-04-16T18:22:41.780415+00:00"
}