{
  "sweep_name": "region_selection_multitask_v1_mackey_glass",
  "config_id": "8bffc079700d",
  "seed": 123,
  "config_point": {
    "spectral_radius": 0.7,
    "input_scaling": 0.15,
    "leak_rate": 1.0
  },
  "best_ridge": 1e-10,
  "val_curve": {
    "1e-10": 5.930969759912958e-12,
    "1e-08": 2.8266127262826854e-10,
    "1e-06": 9.081474515463711e-09,
    "0.0001": 4.677492078721043e-07,
    "0.01": 2.1153673380905803e-05,
    "1.0": 0.0009434503781107267
  },
  "val_metrics": {
    "nmse": 5.930969759912958e-12,
    "rmse": 5.488278606380028e-07
  },
  "test_metrics": {
    "nmse": 5.9089175786108446e-12,
    "rmse": 4.966167263842696e-07
  },
  "timing": {
    "train_states_s": 0.018643499999598134,
    "ridge_select_s": 0.011542000000190455,
    "total_s": 0.053232400001434144
  },
  "timestamp": "2026-04-16T18:22:41.715458+00:00"
}