{
  "sweep_name": "region_selection_multitask_v1_mackey_glass",
  "config_id": "8c1c233dfbb1",
  "seed": 789,
  "config_point": {
    "spectral_radius": 0.7,
    "input_scaling": 0.3,
    "leak_rate": 1.0
  },
  "best_ridge": 1e-10,
  "val_curve": {
    "1e-10": 2.6922495608869975e-12,
    "1e-08": 7.636027370046297e-11,
    "1e-06": 3.751630576917571e-09,
    "0.0001": 2.633620236457422e-07,
    "0.01": 1.0072697274211278e-05,
    "1.0": 0.0002720773703821975
  },
  "val_metrics": {
    "nmse": 2.6922495608869975e-12,
    "rmse": 3.6976938611824575e-07
  },
  "test_metrics": {
    "nmse": 2.7251212596420925e-12,
    "rmse": 3.3725647200888427e-07
  },
  "timing": {
    "train_states_s": 0.01861270000154036,
    "ridge_select_s": 0.011779299999034265,
    "total_s": 0.053089899996848544
  },
  "timestamp": "2026-04-16T18:22:45.840992+00:00"
}