{
  "sweep_name": "region_selection_multitask_v1_mackey_glass",
  "config_id": "8c1c233dfbb1",
  "seed": 123,
  "config_point": {
    "spectral_radius": 0.7,
    "input_scaling": 0.3,
    "leak_rate": 1.0
  },
  "best_ridge": 1e-10,
  "val_curve": {
    "1e-10": 2.0403973716369055e-12,
    "1e-08": 1.6186617566871623e-10,
    "1e-06": 5.555203543936186e-09,
    "0.0001": 2.5068862167749846e-07,
    "0.01": 8.07690817295565e-06,
    "1.0": 0.0005914438965185604
  },
  "val_metrics": {
    "nmse": 2.0403973716369055e-12,
    "rmse": 3.219071867044621e-07
  },
  "test_metrics": {
    "nmse": 2.2076177753529058e-12,
    "rmse": 3.035493573997324e-07
  },
  "timing": {
    "train_states_s": 0.018511800000851508,
    "ridge_select_s": 0.01208760000008624,
    "total_s": 0.05363020000004326
  },
  "timestamp": "2026-04-16T18:22:45.713385+00:00"
}