{
  "sweep_name": "region_selection_multitask_v1_mackey_glass",
  "config_id": "8c1c233dfbb1",
  "seed": 456,
  "config_point": {
    "spectral_radius": 0.7,
    "input_scaling": 0.3,
    "leak_rate": 1.0
  },
  "best_ridge": 1e-10,
  "val_curve": {
    "1e-10": 1.8218000516562565e-12,
    "1e-08": 7.39654342256484e-11,
    "1e-06": 3.610346438802925e-09,
    "0.0001": 1.6776026657786478e-07,
    "0.01": 3.870866461996122e-06,
    "1.0": 0.0003480915986047864
  },
  "val_metrics": {
    "nmse": 1.8218000516562565e-12,
    "rmse": 3.041750932790761e-07
  },
  "test_metrics": {
    "nmse": 1.722916212548054e-12,
    "rmse": 2.681633704927837e-07
  },
  "timing": {
    "train_states_s": 0.017937399999937043,
    "ridge_select_s": 0.011507300001539988,
    "total_s": 0.05279230000087409
  },
  "timestamp": "2026-04-16T18:22:45.777092+00:00"
}