{
  "sweep_name": "region_selection_multitask_v1_mackey_glass",
  "config_id": "8c1c233dfbb1",
  "seed": 42,
  "config_point": {
    "spectral_radius": 0.7,
    "input_scaling": 0.3,
    "leak_rate": 1.0
  },
  "best_ridge": 1e-10,
  "val_curve": {
    "1e-10": 2.5846927391339357e-12,
    "1e-08": 1.0734986228003358e-10,
    "1e-06": 6.186314434158695e-09,
    "0.0001": 3.023969207975689e-07,
    "0.01": 1.0997476026485975e-05,
    "1.0": 0.0007961442359585176
  },
  "val_metrics": {
    "nmse": 2.5846927391339357e-12,
    "rmse": 3.623078603790819e-07
  },
  "test_metrics": {
    "nmse": 2.2525113073202083e-12,
    "rmse": 3.0662027341744765e-07
  },
  "timing": {
    "train_states_s": 0.017953700000362005,
    "ridge_select_s": 0.012151300001278287,
    "total_s": 0.07234950000201934
  },
  "timestamp": "2026-04-16T18:22:45.649005+00:00"
}