{
  "sweep_name": "region_selection_multitask_v1_mackey_glass",
  "config_id": "8c1c233dfbb1",
  "seed": 1024,
  "config_point": {
    "spectral_radius": 0.7,
    "input_scaling": 0.3,
    "leak_rate": 1.0
  },
  "best_ridge": 1e-10,
  "val_curve": {
    "1e-10": 3.008694518325869e-12,
    "1e-08": 9.335243947362256e-11,
    "1e-06": 3.695964471287199e-09,
    "0.0001": 3.1031525681126474e-07,
    "0.01": 1.0923348459608323e-05,
    "1.0": 0.0005014204055139172
  },
  "val_metrics": {
    "nmse": 3.008694518325869e-12,
    "rmse": 3.9089700439398596e-07
  },
  "test_metrics": {
    "nmse": 2.9601424223618586e-12,
    "rmse": 3.514986652070385e-07
  },
  "timing": {
    "train_states_s": 0.018062499999359716,
    "ridge_select_s": 0.011656200000288663,
    "total_s": 0.05076999999801046
  },
  "timestamp": "2026-04-16T18:22:45.902469+00:00"
}