{
  "sweep_name": "region_selection_multitask_v1_mackey_glass",
  "config_id": "8c9f95aff55f",
  "seed": 42,
  "config_point": {
    "spectral_radius": 1.1,
    "input_scaling": 0.1,
    "leak_rate": 0.8
  },
  "best_ridge": 1e-10,
  "val_curve": {
    "1e-10": 1.3264178662963909e-08,
    "1e-08": 6.436057914230181e-08,
    "1e-06": 1.1503422222998148e-06,
    "0.0001": 8.628272831094535e-05,
    "0.01": 0.0013307574675480028,
    "1.0": 0.012355542431377934
  },
  "val_metrics": {
    "nmse": 1.3264178662963909e-08,
    "rmse": 2.595454838064393e-05
  },
  "test_metrics": {
    "nmse": 5.480058831199955e-10,
    "rmse": 4.782555153754982e-06
  },
  "timing": {
    "train_states_s": 0.01847280000220053,
    "ridge_select_s": 0.011894600000232458,
    "total_s": 0.06191899999976158
  },
  "timestamp": "2026-04-16T18:23:27.942556+00:00"
}