{
  "sweep_name": "region_selection_multitask_v1_mackey_glass",
  "config_id": "8c9f95aff55f",
  "seed": 456,
  "config_point": {
    "spectral_radius": 1.1,
    "input_scaling": 0.1,
    "leak_rate": 0.8
  },
  "best_ridge": 1e-10,
  "val_curve": {
    "1e-10": 7.2024748740340765e-09,
    "1e-08": 8.943017613814828e-09,
    "1e-06": 7.927080887304247e-08,
    "0.0001": 1.4828487938062838e-06,
    "0.01": 2.7257617546972428e-05,
    "1.0": 0.0019547011310060832
  },
  "val_metrics": {
    "nmse": 7.2024748740340765e-09,
    "rmse": 1.912556046677549e-05
  },
  "test_metrics": {
    "nmse": 6.824624550554266e-09,
    "rmse": 1.6877447229261425e-05
  },
  "timing": {
    "train_states_s": 0.018667299998924136,
    "ridge_select_s": 0.012040900001011323,
    "total_s": 0.05708440000307746
  },
  "timestamp": "2026-04-16T18:23:28.074739+00:00"
}