{
  "sweep_name": "region_selection_multitask_v1_mackey_glass",
  "config_id": "8c9f95aff55f",
  "seed": 123,
  "config_point": {
    "spectral_radius": 1.1,
    "input_scaling": 0.1,
    "leak_rate": 0.8
  },
  "best_ridge": 1e-10,
  "val_curve": {
    "1e-10": 9.583917280755318e-11,
    "1e-08": 1.6448140763049395e-09,
    "1e-06": 1.1782554145179093e-08,
    "0.0001": 6.218050772635123e-07,
    "0.01": 1.4825931834340228e-05,
    "1.0": 0.0014074533753785042
  },
  "val_metrics": {
    "nmse": 9.583917280755318e-11,
    "rmse": 2.2061997101883998e-06
  },
  "test_metrics": {
    "nmse": 9.419862753287098e-12,
    "rmse": 6.270319409171942e-07
  },
  "timing": {
    "train_states_s": 0.018449600000167266,
    "ridge_select_s": 0.01187700000082259,
    "total_s": 0.052913100000296254
  },
  "timestamp": "2026-04-16T18:23:28.006551+00:00"
}