{
  "sweep_name": "region_selection_multitask_v1_mackey_glass",
  "config_id": "8d636eb32b9d",
  "seed": 123,
  "config_point": {
    "spectral_radius": 1.0,
    "input_scaling": 0.05,
    "leak_rate": 0.7
  },
  "best_ridge": 1e-10,
  "val_curve": {
    "1e-10": 2.2286162248027537e-11,
    "1e-08": 6.140261643573071e-10,
    "1e-06": 3.449328360816733e-08,
    "0.0001": 2.2120647246535955e-06,
    "0.01": 6.287777714054865e-05,
    "1.0": 0.006535420621279184
  },
  "val_metrics": {
    "nmse": 2.2286162248027537e-11,
    "rmse": 1.0638758214500648e-06
  },
  "test_metrics": {
    "nmse": 1.9900897373095774e-11,
    "rmse": 9.113888408804862e-07
  },
  "timing": {
    "train_states_s": 0.017947299998922972,
    "ridge_select_s": 0.01268999999956577,
    "total_s": 0.052866900001390604
  },
  "timestamp": "2026-04-16T18:23:13.229881+00:00"
}