{
  "sweep_name": "region_selection_multitask_v1_mackey_glass",
  "config_id": "8d636eb32b9d",
  "seed": 42,
  "config_point": {
    "spectral_radius": 1.0,
    "input_scaling": 0.05,
    "leak_rate": 0.7
  },
  "best_ridge": 1e-10,
  "val_curve": {
    "1e-10": 2.988398852262931e-11,
    "1e-08": 1.172928749761525e-09,
    "1e-06": 4.5411379413587435e-08,
    "0.0001": 2.6769053046473254e-06,
    "0.01": 7.684931604499673e-05,
    "1.0": 0.0025195448443437914
  },
  "val_metrics": {
    "nmse": 2.988398852262931e-11,
    "rmse": 1.2319485631342493e-06
  },
  "test_metrics": {
    "nmse": 2.834947287024096e-11,
    "rmse": 1.087776997182562e-06
  },
  "timing": {
    "train_states_s": 0.01935569999841391,
    "ridge_select_s": 0.011585399999603396,
    "total_s": 0.06208410000181175
  },
  "timestamp": "2026-04-16T18:23:13.166084+00:00"
}