{
  "sweep_name": "region_selection_multitask_v1_mackey_glass",
  "config_id": "8db45fe2202f",
  "seed": 789,
  "config_point": {
    "spectral_radius": 0.6,
    "input_scaling": 0.2,
    "leak_rate": 0.6
  },
  "best_ridge": 1e-10,
  "val_curve": {
    "1e-10": 1.6280372531043047e-11,
    "1e-08": 2.9024190196496636e-10,
    "1e-06": 1.446854973492929e-08,
    "0.0001": 1.0211294212943407e-06,
    "0.01": 1.1280365578766209e-05,
    "1.0": 0.001067528272402766
  },
  "val_metrics": {
    "nmse": 1.6280372531043047e-11,
    "rmse": 9.092963839847717e-07
  },
  "test_metrics": {
    "nmse": 1.4970603138698847e-11,
    "rmse": 7.90472972853549e-07
  },
  "timing": {
    "train_states_s": 0.018482999999832828,
    "ridge_select_s": 0.012785499999154126,
    "total_s": 0.05454760000066017
  },
  "timestamp": "2026-04-16T18:22:30.466921+00:00"
}