{
  "sweep_name": "region_selection_multitask_v1_mackey_glass",
  "config_id": "8db45fe2202f",
  "seed": 456,
  "config_point": {
    "spectral_radius": 0.6,
    "input_scaling": 0.2,
    "leak_rate": 0.6
  },
  "best_ridge": 1e-10,
  "val_curve": {
    "1e-10": 1.0826188108308568e-11,
    "1e-08": 3.1491167324190916e-10,
    "1e-06": 1.4810287911320915e-08,
    "0.0001": 7.046208843529712e-07,
    "0.01": 1.2090258035773349e-05,
    "1.0": 0.0012264317347786223
  },
  "val_metrics": {
    "nmse": 1.0826188108308568e-11,
    "rmse": 7.414998701124149e-07
  },
  "test_metrics": {
    "nmse": 1.0099746481650665e-11,
    "rmse": 6.492659283841021e-07
  },
  "timing": {
    "train_states_s": 0.017668500000581844,
    "ridge_select_s": 0.01206850000016857,
    "total_s": 0.053696500002843095
  },
  "timestamp": "2026-04-16T18:22:30.401140+00:00"
}