{
  "sweep_name": "region_selection_multitask_v1_mackey_glass",
  "config_id": "8db45fe2202f",
  "seed": 1024,
  "config_point": {
    "spectral_radius": 0.6,
    "input_scaling": 0.2,
    "leak_rate": 0.6
  },
  "best_ridge": 1e-10,
  "val_curve": {
    "1e-10": 3.240926144725467e-11,
    "1e-08": 3.6955272966256805e-10,
    "1e-06": 1.2113819016114721e-08,
    "0.0001": 1.1534801031151833e-06,
    "0.01": 2.8816916239417792e-05,
    "1.0": 0.0014452413086225467
  },
  "val_metrics": {
    "nmse": 3.240926144725467e-11,
    "rmse": 1.2829444786366558e-06
  },
  "test_metrics": {
    "nmse": 2.9378611174389e-11,
    "rmse": 1.1073451488098605e-06
  },
  "timing": {
    "train_states_s": 0.017714899997372413,
    "ridge_select_s": 0.012481099998694845,
    "total_s": 0.05172579999998561
  },
  "timestamp": "2026-04-16T18:22:30.529471+00:00"
}