{
  "sweep_name": "region_selection_multitask_v1_mackey_glass",
  "config_id": "8db45fe2202f",
  "seed": 42,
  "config_point": {
    "spectral_radius": 0.6,
    "input_scaling": 0.2,
    "leak_rate": 0.6
  },
  "best_ridge": 1e-10,
  "val_curve": {
    "1e-10": 1.4983216407870195e-11,
    "1e-08": 3.502383387547408e-10,
    "1e-06": 2.822160633967695e-08,
    "0.0001": 9.627938531771904e-07,
    "0.01": 1.94981141587125e-05,
    "1.0": 0.0017698065679996318
  },
  "val_metrics": {
    "nmse": 1.4983216407870195e-11,
    "rmse": 8.723199822788628e-07
  },
  "test_metrics": {
    "nmse": 1.343835557739191e-11,
    "rmse": 7.489286433638647e-07
  },
  "timing": {
    "train_states_s": 0.01793080000061309,
    "ridge_select_s": 0.011892900001839735,
    "total_s": 0.05392340000253171
  },
  "timestamp": "2026-04-16T18:22:30.269150+00:00"
}