{
  "sweep_name": "region_selection_multitask_v1_mackey_glass",
  "config_id": "8ddabc77c0bd",
  "seed": 789,
  "config_point": {
    "spectral_radius": 1.1,
    "input_scaling": 0.15,
    "leak_rate": 0.8
  },
  "best_ridge": 1e-10,
  "val_curve": {
    "1e-10": 3.0360893999349014e-12,
    "1e-08": 1.7951932130393243e-10,
    "1e-06": 6.706815802122642e-09,
    "0.0001": 1.5954591692037123e-07,
    "0.01": 1.1229035257292815e-05,
    "1.0": 0.0007385372376708195
  },
  "val_metrics": {
    "nmse": 3.0360893999349014e-12,
    "rmse": 3.9267257705536076e-07
  },
  "test_metrics": {
    "nmse": 2.9201507783675293e-12,
    "rmse": 3.491162104786115e-07
  },
  "timing": {
    "train_states_s": 0.01861559999815654,
    "ridge_select_s": 0.012660600001254352,
    "total_s": 0.0542115999996895
  },
  "timestamp": "2026-04-16T18:23:30.168107+00:00"
}