{
  "sweep_name": "region_selection_multitask_v1_mackey_glass",
  "config_id": "8ddabc77c0bd",
  "seed": 1024,
  "config_point": {
    "spectral_radius": 1.1,
    "input_scaling": 0.15,
    "leak_rate": 0.8
  },
  "best_ridge": 1e-10,
  "val_curve": {
    "1e-10": 1.7707256629743083e-12,
    "1e-08": 1.6476760015076287e-10,
    "1e-06": 8.83150974125975e-09,
    "0.0001": 2.859676882106677e-07,
    "0.01": 2.3045690612010037e-05,
    "1.0": 0.0010561839726592208
  },
  "val_metrics": {
    "nmse": 1.7707256629743083e-12,
    "rmse": 2.998809898107507e-07
  },
  "test_metrics": {
    "nmse": 1.6848182010210715e-12,
    "rmse": 2.6518191312785745e-07
  },
  "timing": {
    "train_states_s": 0.01905570000235457,
    "ridge_select_s": 0.012920699999085627,
    "total_s": 0.05445459999828017
  },
  "timestamp": "2026-04-16T18:23:30.233773+00:00"
}