{
  "sweep_name": "region_selection_multitask_v1_mackey_glass",
  "config_id": "9063c377d58e",
  "seed": 456,
  "config_point": {
    "spectral_radius": 0.6,
    "input_scaling": 0.15,
    "leak_rate": 1.0
  },
  "best_ridge": 1e-10,
  "val_curve": {
    "1e-10": 4.67814337438995e-12,
    "1e-08": 4.2753069971811327e-10,
    "1e-06": 8.386639509693839e-09,
    "0.0001": 3.5337514951395687e-07,
    "0.01": 3.3711130216000664e-05,
    "1.0": 0.0010358456561904454
  },
  "val_metrics": {
    "nmse": 4.67814337438995e-12,
    "rmse": 4.874275347226823e-07
  },
  "test_metrics": {
    "nmse": 4.350258724794835e-12,
    "rmse": 4.2611313347603906e-07
  },
  "timing": {
    "train_states_s": 0.017794700001104502,
    "ridge_select_s": 0.012117199999920558,
    "total_s": 0.054088599998067366
  },
  "timestamp": "2026-04-16T18:22:29.729830+00:00"
}