{
  "sweep_name": "region_selection_multitask_v1_mackey_glass",
  "config_id": "9063c377d58e",
  "seed": 789,
  "config_point": {
    "spectral_radius": 0.6,
    "input_scaling": 0.15,
    "leak_rate": 1.0
  },
  "best_ridge": 1e-10,
  "val_curve": {
    "1e-10": 3.961451513946539e-12,
    "1e-08": 4.331069743968591e-10,
    "1e-06": 1.3093650777219051e-08,
    "0.0001": 4.900185765990702e-07,
    "0.01": 2.1954305706780915e-05,
    "1.0": 0.000564441173314389
  },
  "val_metrics": {
    "nmse": 3.961451513946539e-12,
    "rmse": 4.485392652077774e-07
  },
  "test_metrics": {
    "nmse": 3.7975171955114754e-12,
    "rmse": 3.9812298464559887e-07
  },
  "timing": {
    "train_states_s": 0.01871489999757614,
    "ridge_select_s": 0.012214599999424536,
    "total_s": 0.05393769999864162
  },
  "timestamp": "2026-04-16T18:22:29.794600+00:00"
}