{
  "sweep_name": "region_selection_multitask_v1_mackey_glass",
  "config_id": "9063c377d58e",
  "seed": 1024,
  "config_point": {
    "spectral_radius": 0.6,
    "input_scaling": 0.15,
    "leak_rate": 1.0
  },
  "best_ridge": 1e-10,
  "val_curve": {
    "1e-10": 5.02450558708494e-12,
    "1e-08": 3.320786422743831e-10,
    "1e-06": 2.539339767511187e-08,
    "0.0001": 4.0115649307304326e-07,
    "0.01": 6.127204711087738e-05,
    "1.0": 0.0006861286672178139
  },
  "val_metrics": {
    "nmse": 5.02450558708494e-12,
    "rmse": 5.051495397368357e-07
  },
  "test_metrics": {
    "nmse": 5.224051572028639e-12,
    "rmse": 4.6695077928295363e-07
  },
  "timing": {
    "train_states_s": 0.017931999998836545,
    "ridge_select_s": 0.011772199999541044,
    "total_s": 0.051168199999665376
  },
  "timestamp": "2026-04-16T18:22:29.856803+00:00"
}