{
  "sweep_name": "region_selection_multitask_v1_mackey_glass",
  "config_id": "9063c377d58e",
  "seed": 42,
  "config_point": {
    "spectral_radius": 0.6,
    "input_scaling": 0.15,
    "leak_rate": 1.0
  },
  "best_ridge": 1e-10,
  "val_curve": {
    "1e-10": 4.882214157054859e-12,
    "1e-08": 8.040589508746464e-10,
    "1e-06": 1.0361878765070705e-08,
    "0.0001": 4.389819704581355e-07,
    "0.01": 5.77738839833622e-05,
    "1.0": 0.0008029076800709921
  },
  "val_metrics": {
    "nmse": 4.882214157054859e-12,
    "rmse": 4.979453805160024e-07
  },
  "test_metrics": {
    "nmse": 4.786369420987217e-12,
    "rmse": 4.469618792135626e-07
  },
  "timing": {
    "train_states_s": 0.01766700000007404,
    "ridge_select_s": 0.012318900000536814,
    "total_s": 0.06082130000140751
  },
  "timestamp": "2026-04-16T18:22:29.600104+00:00"
}