{
  "sweep_name": "region_selection_multitask_v1_mackey_glass",
  "config_id": "9063c377d58e",
  "seed": 123,
  "config_point": {
    "spectral_radius": 0.6,
    "input_scaling": 0.15,
    "leak_rate": 1.0
  },
  "best_ridge": 1e-10,
  "val_curve": {
    "1e-10": 6.552393017084514e-12,
    "1e-08": 5.20365392412775e-10,
    "1e-06": 1.6373191429941998e-08,
    "0.0001": 3.7466144562041574e-07,
    "0.01": 4.1410483832477675e-05,
    "1.0": 0.0006675365338751426
  },
  "val_metrics": {
    "nmse": 6.552393017084514e-12,
    "rmse": 5.768637705218006e-07
  },
  "test_metrics": {
    "nmse": 6.952928782015012e-12,
    "rmse": 5.38705323386289e-07
  },
  "timing": {
    "train_states_s": 0.018392300000414252,
    "ridge_select_s": 0.011912800000573043,
    "total_s": 0.053014600001915824
  },
  "timestamp": "2026-04-16T18:22:29.663945+00:00"
}