{
  "sweep_name": "region_selection_multitask_v1_mackey_glass",
  "config_id": "90d773923187",
  "seed": 1024,
  "config_point": {
    "spectral_radius": 0.8,
    "input_scaling": 0.2,
    "leak_rate": 0.6
  },
  "best_ridge": 1e-10,
  "val_curve": {
    "1e-10": 6.832924308818202e-12,
    "1e-08": 2.1596559961386596e-10,
    "1e-06": 1.0014540243906123e-08,
    "0.0001": 5.229163722981425e-07,
    "0.01": 1.4298599203517605e-05,
    "1.0": 0.0013174516222892953
  },
  "val_metrics": {
    "nmse": 6.832924308818202e-12,
    "rmse": 5.890831491451542e-07
  },
  "test_metrics": {
    "nmse": 6.441635419705379e-12,
    "rmse": 5.185199223203733e-07
  },
  "timing": {
    "train_states_s": 0.017978299998503644,
    "ridge_select_s": 0.012602499999047723,
    "total_s": 0.05217170000105398
  },
  "timestamp": "2026-04-16T18:22:54.692962+00:00"
}