{
  "sweep_name": "region_selection_multitask_v1_mackey_glass",
  "config_id": "90d773923187",
  "seed": 456,
  "config_point": {
    "spectral_radius": 0.8,
    "input_scaling": 0.2,
    "leak_rate": 0.6
  },
  "best_ridge": 1e-10,
  "val_curve": {
    "1e-10": 4.497485976936491e-12,
    "1e-08": 1.8015216124470814e-10,
    "1e-06": 6.9745420652331506e-09,
    "0.0001": 2.0253224702012481e-07,
    "0.01": 1.0110330470220384e-05,
    "1.0": 0.0008660931678308351
  },
  "val_metrics": {
    "nmse": 4.497485976936491e-12,
    "rmse": 4.77923299791503e-07
  },
  "test_metrics": {
    "nmse": 3.843556222546542e-12,
    "rmse": 4.0052902717828987e-07
  },
  "timing": {
    "train_states_s": 0.0176233999991382,
    "ridge_select_s": 0.011628999996901257,
    "total_s": 0.0549563999993552
  },
  "timestamp": "2026-04-16T18:22:54.564747+00:00"
}