{
  "sweep_name": "region_selection_multitask_v1_mackey_glass",
  "config_id": "90d773923187",
  "seed": 123,
  "config_point": {
    "spectral_radius": 0.8,
    "input_scaling": 0.2,
    "leak_rate": 0.6
  },
  "best_ridge": 1e-10,
  "val_curve": {
    "1e-10": 8.740489850323496e-12,
    "1e-08": 1.9605793423644842e-10,
    "1e-06": 1.0736016783548444e-08,
    "0.0001": 3.293863508354455e-07,
    "0.01": 1.356283934059208e-05,
    "1.0": 0.0010322395134680854
  },
  "val_metrics": {
    "nmse": 8.740489850323496e-12,
    "rmse": 6.662560739202771e-07
  },
  "test_metrics": {
    "nmse": 8.67273884548636e-12,
    "rmse": 6.01652202969152e-07
  },
  "timing": {
    "train_states_s": 0.018646299999090843,
    "ridge_select_s": 0.012265800000022864,
    "total_s": 0.05463610000151675
  },
  "timestamp": "2026-04-16T18:22:54.498431+00:00"
}