{
  "sweep_name": "region_selection_multitask_v1_mackey_glass",
  "config_id": "9143fa7774c8",
  "seed": 123,
  "config_point": {
    "spectral_radius": 1.0,
    "input_scaling": 0.3,
    "leak_rate": 0.9
  },
  "best_ridge": 1e-10,
  "val_curve": {
    "1e-10": 1.1402472941055638e-12,
    "1e-08": 3.546165739446528e-11,
    "1e-06": 2.2599321696369074e-09,
    "0.0001": 8.128393647801805e-08,
    "0.01": 8.416827600813766e-06,
    "1.0": 0.0003160751290153855
  },
  "val_metrics": {
    "nmse": 1.1402472941055638e-12,
    "rmse": 2.4064277110606987e-07
  },
  "test_metrics": {
    "nmse": 1.224557412202795e-12,
    "rmse": 2.260772971717477e-07
  },
  "timing": {
    "train_states_s": 0.01837639999939711,
    "ridge_select_s": 0.01230070000019623,
    "total_s": 0.05372859999988577
  },
  "timestamp": "2026-04-16T18:23:22.112658+00:00"
}