{
  "sweep_name": "region_selection_multitask_v1_mackey_glass",
  "config_id": "9143fa7774c8",
  "seed": 1024,
  "config_point": {
    "spectral_radius": 1.0,
    "input_scaling": 0.3,
    "leak_rate": 0.9
  },
  "best_ridge": 1e-10,
  "val_curve": {
    "1e-10": 1.1925462234778367e-12,
    "1e-08": 4.252029953141504e-11,
    "1e-06": 2.4452072180612087e-09,
    "0.0001": 2.2128914649012467e-07,
    "0.01": 7.80250873948028e-06,
    "1.0": 0.0005609110382735576
  },
  "val_metrics": {
    "nmse": 1.1925462234778367e-12,
    "rmse": 2.460995987404674e-07
  },
  "test_metrics": {
    "nmse": 1.1219140139151591e-12,
    "rmse": 2.1639497076951368e-07
  },
  "timing": {
    "train_states_s": 0.01849719999881927,
    "ridge_select_s": 0.012623700000403915,
    "total_s": 0.05670240000108606
  },
  "timestamp": "2026-04-16T18:23:22.313808+00:00"
}