{
  "sweep_name": "region_selection_multitask_v1_mackey_glass",
  "config_id": "9143fa7774c8",
  "seed": 789,
  "config_point": {
    "spectral_radius": 1.0,
    "input_scaling": 0.3,
    "leak_rate": 0.9
  },
  "best_ridge": 1e-10,
  "val_curve": {
    "1e-10": 8.545782299418927e-13,
    "1e-08": 3.1373667149635e-11,
    "1e-06": 2.3942571193506644e-09,
    "0.0001": 1.372986521237453e-07,
    "0.01": 3.542384682855352e-06,
    "1.0": 0.0002683090533582078
  },
  "val_metrics": {
    "nmse": 8.545782299418927e-13,
    "rmse": 2.083287497151875e-07
  },
  "test_metrics": {
    "nmse": 6.550365216955443e-13,
    "rmse": 1.6534845227863107e-07
  },
  "timing": {
    "train_states_s": 0.01851349999924423,
    "ridge_select_s": 0.012005299999145791,
    "total_s": 0.053573000001051696
  },
  "timestamp": "2026-04-16T18:23:22.245979+00:00"
}