{
  "sweep_name": "region_selection_multitask_v1_mackey_glass",
  "config_id": "92815a841b21",
  "seed": 456,
  "config_point": {
    "spectral_radius": 0.9,
    "input_scaling": 0.15,
    "leak_rate": 1.0
  },
  "best_ridge": 1e-10,
  "val_curve": {
    "1e-10": 1.2217574724908466e-12,
    "1e-08": 8.157565430092495e-11,
    "1e-06": 5.652745924958714e-09,
    "0.0001": 1.712625838704033e-07,
    "0.01": 6.101847920097839e-06,
    "1.0": 0.0007451096600778548
  },
  "val_metrics": {
    "nmse": 1.2217574724908466e-12,
    "rmse": 2.4909545120417553e-07
  },
  "test_metrics": {
    "nmse": 1.116200329383613e-12,
    "rmse": 2.158432391733592e-07
  },
  "timing": {
    "train_states_s": 0.01796420000027865,
    "ridge_select_s": 0.012134699998568976,
    "total_s": 0.05610609999712324
  },
  "timestamp": "2026-04-16T18:23:06.155427+00:00"
}