{
  "sweep_name": "region_selection_multitask_v1_mackey_glass",
  "config_id": "92815a841b21",
  "seed": 1024,
  "config_point": {
    "spectral_radius": 0.9,
    "input_scaling": 0.15,
    "leak_rate": 1.0
  },
  "best_ridge": 1e-10,
  "val_curve": {
    "1e-10": 1.9504866925702034e-12,
    "1e-08": 1.2051137800377625e-10,
    "1e-06": 1.1253416895429244e-08,
    "0.0001": 2.6155121192501097e-07,
    "0.01": 1.3780201149162758e-05,
    "1.0": 0.0013116011271849595
  },
  "val_metrics": {
    "nmse": 1.9504866925702034e-12,
    "rmse": 3.147348184797911e-07
  },
  "test_metrics": {
    "nmse": 1.6848427131546853e-12,
    "rmse": 2.651838421641298e-07
  },
  "timing": {
    "train_states_s": 0.01773440000033588,
    "ridge_select_s": 0.012285400000109803,
    "total_s": 0.05142110000087996
  },
  "timestamp": "2026-04-16T18:23:06.282675+00:00"
}