{
  "sweep_name": "region_selection_multitask_v1_mackey_glass",
  "config_id": "92815a841b21",
  "seed": 123,
  "config_point": {
    "spectral_radius": 0.9,
    "input_scaling": 0.15,
    "leak_rate": 1.0
  },
  "best_ridge": 1e-10,
  "val_curve": {
    "1e-10": 3.0292285309160793e-12,
    "1e-08": 1.5200771964271177e-10,
    "1e-06": 2.7225243255784168e-09,
    "0.0001": 2.8289690679383724e-07,
    "0.01": 1.3848357023586193e-05,
    "1.0": 0.0007577407403858268
  },
  "val_metrics": {
    "nmse": 3.0292285309160793e-12,
    "rmse": 3.9222865092470427e-07
  },
  "test_metrics": {
    "nmse": 3.231724145686121e-12,
    "rmse": 3.672692078152892e-07
  },
  "timing": {
    "train_states_s": 0.018747099999018246,
    "ridge_select_s": 0.011587199998757569,
    "total_s": 0.05375139999887324
  },
  "timestamp": "2026-04-16T18:23:06.088270+00:00"
}