{
  "sweep_name": "region_selection_multitask_v1_mackey_glass",
  "config_id": "92815a841b21",
  "seed": 42,
  "config_point": {
    "spectral_radius": 0.9,
    "input_scaling": 0.15,
    "leak_rate": 1.0
  },
  "best_ridge": 1e-10,
  "val_curve": {
    "1e-10": 2.4684770117325584e-12,
    "1e-08": 2.1694042224121373e-10,
    "1e-06": 5.250959439771166e-09,
    "0.0001": 2.919451870205665e-07,
    "0.01": 2.3057168963887125e-05,
    "1.0": 0.0004062967492698817
  },
  "val_metrics": {
    "nmse": 2.4684770117325584e-12,
    "rmse": 3.540689462217037e-07
  },
  "test_metrics": {
    "nmse": 2.2105182571178096e-12,
    "rmse": 3.0374870132237645e-07
  },
  "timing": {
    "train_states_s": 0.01768649999939953,
    "ridge_select_s": 0.012163100000179838,
    "total_s": 0.07078499999988708
  },
  "timestamp": "2026-04-16T18:23:06.023529+00:00"
}