{
  "sweep_name": "region_selection_multitask_v1_mackey_glass",
  "config_id": "92815a841b21",
  "seed": 789,
  "config_point": {
    "spectral_radius": 0.9,
    "input_scaling": 0.15,
    "leak_rate": 1.0
  },
  "best_ridge": 1e-10,
  "val_curve": {
    "1e-10": 1.960062439237795e-12,
    "1e-08": 1.0421536532989763e-10,
    "1e-06": 7.325122463265786e-09,
    "0.0001": 1.565370256470394e-07,
    "0.01": 9.53630342877988e-06,
    "1.0": 0.0005397747582147515
  },
  "val_metrics": {
    "nmse": 1.960062439237795e-12,
    "rmse": 3.155064543308171e-07
  },
  "test_metrics": {
    "nmse": 1.636928285288122e-12,
    "rmse": 2.613859280712334e-07
  },
  "timing": {
    "train_states_s": 0.018622200001118472,
    "ridge_select_s": 0.012018000001262408,
    "total_s": 0.05327720000059344
  },
  "timestamp": "2026-04-16T18:23:06.219710+00:00"
}