{
  "sweep_name": "region_selection_multitask_v1_mackey_glass",
  "config_id": "92bfaaea8b8b",
  "seed": 456,
  "config_point": {
    "spectral_radius": 1.0,
    "input_scaling": 0.05,
    "leak_rate": 1.0
  },
  "best_ridge": 1e-10,
  "val_curve": {
    "1e-10": 4.694445781897748e-10,
    "1e-08": 1.0023548506517615e-08,
    "1e-06": 1.851998583855533e-07,
    "0.0001": 1.556415218074392e-06,
    "0.01": 6.371624090125555e-05,
    "1.0": 0.00133622385287491
  },
  "val_metrics": {
    "nmse": 4.694445781897748e-10,
    "rmse": 4.882760905417555e-06
  },
  "test_metrics": {
    "nmse": 3.326212887278344e-11,
    "rmse": 1.1782634273630686e-06
  },
  "timing": {
    "train_states_s": 0.01789479999933974,
    "ridge_select_s": 0.011756500000046799,
    "total_s": 0.05415740000171354
  },
  "timestamp": "2026-04-16T18:23:14.321167+00:00"
}