{
  "sweep_name": "region_selection_multitask_v1_mackey_glass",
  "config_id": "92bfaaea8b8b",
  "seed": 123,
  "config_point": {
    "spectral_radius": 1.0,
    "input_scaling": 0.05,
    "leak_rate": 1.0
  },
  "best_ridge": 1e-10,
  "val_curve": {
    "1e-10": 1.1289304618636087e-11,
    "1e-08": 5.965472893187163e-10,
    "1e-06": 3.650994603095063e-08,
    "0.0001": 9.117320959774347e-07,
    "0.01": 5.558207021280626e-05,
    "1.0": 0.006427421923094793
  },
  "val_metrics": {
    "nmse": 1.1289304618636087e-11,
    "rmse": 7.571935236592372e-07
  },
  "test_metrics": {
    "nmse": 6.0354998407651135e-12,
    "rmse": 5.019078613867548e-07
  },
  "timing": {
    "train_states_s": 0.019073799998295726,
    "ridge_select_s": 0.012057699997967575,
    "total_s": 0.05411439999807044
  },
  "timestamp": "2026-04-16T18:23:14.256095+00:00"
}