{
  "sweep_name": "region_selection_multitask_v1_mackey_glass",
  "config_id": "92bfaaea8b8b",
  "seed": 42,
  "config_point": {
    "spectral_radius": 1.0,
    "input_scaling": 0.05,
    "leak_rate": 1.0
  },
  "best_ridge": 1e-10,
  "val_curve": {
    "1e-10": 1.1384530222560845e-11,
    "1e-08": 5.869903196221668e-10,
    "1e-06": 4.7740533835813795e-08,
    "0.0001": 1.974432245132937e-06,
    "0.01": 4.7465004881268655e-05,
    "1.0": 0.0018558658976120623
  },
  "val_metrics": {
    "nmse": 1.1384530222560845e-11,
    "rmse": 7.60380292050121e-07
  },
  "test_metrics": {
    "nmse": 1.0719193021525224e-11,
    "rmse": 6.688803264434438e-07
  },
  "timing": {
    "train_states_s": 0.018024599998170743,
    "ridge_select_s": 0.012586400000145659,
    "total_s": 0.05685739999898942
  },
  "timestamp": "2026-04-16T18:23:14.190806+00:00"
}