{
  "sweep_name": "region_selection_multitask_v1_mackey_glass",
  "config_id": "92bfaaea8b8b",
  "seed": 1024,
  "config_point": {
    "spectral_radius": 1.0,
    "input_scaling": 0.05,
    "leak_rate": 1.0
  },
  "best_ridge": 1e-10,
  "val_curve": {
    "1e-10": 2.8679663013403548e-11,
    "1e-08": 1.1712470108798048e-09,
    "1e-06": 2.543998959771401e-08,
    "0.0001": 1.2799048934404534e-06,
    "0.01": 6.783631982766982e-05,
    "1.0": 0.0044044726913815765
  },
  "val_metrics": {
    "nmse": 2.8679663013403548e-11,
    "rmse": 1.2068695138027588e-06
  },
  "test_metrics": {
    "nmse": 6.942082008729919e-12,
    "rmse": 5.382849613079896e-07
  },
  "timing": {
    "train_states_s": 0.01777330000186339,
    "ridge_select_s": 0.01200779999999213,
    "total_s": 0.05473279999932856
  },
  "timestamp": "2026-04-16T18:23:14.451234+00:00"
}