{
  "sweep_name": "region_selection_multitask_v1_mackey_glass",
  "config_id": "96af7170b8b0",
  "seed": 42,
  "config_point": {
    "spectral_radius": 1.0,
    "input_scaling": 0.1,
    "leak_rate": 0.9
  },
  "best_ridge": 1e-10,
  "val_curve": {
    "1e-10": 7.380713663919032e-12,
    "1e-08": 3.5512366937504336e-10,
    "1e-06": 1.4455926228985784e-08,
    "0.0001": 6.676929210560673e-07,
    "0.01": 2.005385616634406e-05,
    "1.0": 0.0008365730304003523
  },
  "val_metrics": {
    "nmse": 7.380713663919032e-12,
    "rmse": 6.122410898955065e-07
  },
  "test_metrics": {
    "nmse": 6.496267817568545e-12,
    "rmse": 5.207140993286365e-07
  },
  "timing": {
    "train_states_s": 0.018464299999322975,
    "ridge_select_s": 0.011587699998926837,
    "total_s": 0.05251169999974081
  },
  "timestamp": "2026-04-16T18:23:15.846294+00:00"
}