{
  "sweep_name": "region_selection_multitask_v1_mackey_glass",
  "config_id": "974a39a7bc80",
  "seed": 789,
  "config_point": {
    "spectral_radius": 0.9,
    "input_scaling": 0.4,
    "leak_rate": 0.5
  },
  "best_ridge": 1e-10,
  "val_curve": {
    "1e-10": 3.809367147144853e-12,
    "1e-08": 1.258030004578297e-10,
    "1e-06": 4.217755337043423e-09,
    "0.0001": 1.1773783164410343e-07,
    "0.01": 6.940173229235979e-06,
    "1.0": 0.0002958872370305675
  },
  "val_metrics": {
    "nmse": 3.809367147144853e-12,
    "rmse": 4.3984505211601456e-07
  },
  "test_metrics": {
    "nmse": 3.1452443479227517e-12,
    "rmse": 3.623218890577597e-07
  },
  "timing": {
    "train_states_s": 0.017796799998905044,
    "ridge_select_s": 0.012045999999827472,
    "total_s": 0.05199630000061006
  },
  "timestamp": "2026-04-16T18:23:10.664260+00:00"
}