{
  "sweep_name": "region_selection_multitask_v1_mackey_glass",
  "config_id": "974a39a7bc80",
  "seed": 1024,
  "config_point": {
    "spectral_radius": 0.9,
    "input_scaling": 0.4,
    "leak_rate": 0.5
  },
  "best_ridge": 1e-10,
  "val_curve": {
    "1e-10": 5.111641391437357e-12,
    "1e-08": 1.5242713232432427e-10,
    "1e-06": 4.346696523281395e-09,
    "0.0001": 1.8449929922590683e-07,
    "0.01": 1.2219219026405502e-05,
    "1.0": 0.0005824472477904085
  },
  "val_metrics": {
    "nmse": 5.111641391437357e-12,
    "rmse": 5.095109054376742e-07
  },
  "test_metrics": {
    "nmse": 4.808861026536728e-12,
    "rmse": 4.4801080661492804e-07
  },
  "timing": {
    "train_states_s": 0.018583000000944594,
    "ridge_select_s": 0.01293479999731062,
    "total_s": 0.05586550000225543
  },
  "timestamp": "2026-04-16T18:23:10.731271+00:00"
}