{
  "sweep_name": "region_selection_multitask_v1_mackey_glass",
  "config_id": "974a39a7bc80",
  "seed": 123,
  "config_point": {
    "spectral_radius": 0.9,
    "input_scaling": 0.4,
    "leak_rate": 0.5
  },
  "best_ridge": 1e-10,
  "val_curve": {
    "1e-10": 4.722372102043542e-12,
    "1e-08": 1.3090833749373447e-10,
    "1e-06": 3.899165564217678e-09,
    "0.0001": 1.8462146598940353e-07,
    "0.01": 8.454697533148748e-06,
    "1.0": 0.0004795667840897492
  },
  "val_metrics": {
    "nmse": 4.722372102043542e-12,
    "rmse": 4.897262654992079e-07
  },
  "test_metrics": {
    "nmse": 4.7341132568124565e-12,
    "rmse": 4.445152843575873e-07
  },
  "timing": {
    "train_states_s": 0.017649400000664173,
    "ridge_select_s": 0.012263199998415075,
    "total_s": 0.05214490000071237
  },
  "timestamp": "2026-04-16T18:23:10.534080+00:00"
}