{
  "sweep_name": "region_selection_multitask_v1_mackey_glass",
  "config_id": "974a39a7bc80",
  "seed": 42,
  "config_point": {
    "spectral_radius": 0.9,
    "input_scaling": 0.4,
    "leak_rate": 0.5
  },
  "best_ridge": 1e-10,
  "val_curve": {
    "1e-10": 4.982927217258126e-12,
    "1e-08": 2.0072082371989482e-10,
    "1e-06": 4.680022608746067e-09,
    "0.0001": 2.2184086565667526e-07,
    "0.01": 9.690238042126424e-06,
    "1.0": 0.0004990420774294408
  },
  "val_metrics": {
    "nmse": 4.982927217258126e-12,
    "rmse": 5.030551121448065e-07
  },
  "test_metrics": {
    "nmse": 4.073720627916086e-12,
    "rmse": 4.123471505283872e-07
  },
  "timing": {
    "train_states_s": 0.019217299999581883,
    "ridge_select_s": 0.01245070000004489,
    "total_s": 0.06277980000231764
  },
  "timestamp": "2026-04-16T18:23:10.470983+00:00"
}