{
  "sweep_name": "region_selection_multitask_v1_mackey_glass",
  "config_id": "9bba7c25d761",
  "seed": 42,
  "config_point": {
    "spectral_radius": 1.1,
    "input_scaling": 0.2,
    "leak_rate": 1.0
  },
  "best_ridge": 1e-08,
  "val_curve": {
    "1e-10": 1.1933955861995993e-08,
    "1e-08": 3.1583364579063554e-09,
    "1e-06": 7.75519532004759e-09,
    "0.0001": 3.799791842355098e-07,
    "0.01": 1.7925200774972516e-05,
    "1.0": 0.000686054591362957
  },
  "val_metrics": {
    "nmse": 3.1583364579063554e-09,
    "rmse": 1.2664921190446953e-05
  },
  "test_metrics": {
    "nmse": 1.7589280988102664e-10,
    "rmse": 2.7095141294407794e-06
  },
  "timing": {
    "train_states_s": 0.018876099999033613,
    "ridge_select_s": 0.012541299998702016,
    "total_s": 0.05937400000038906
  },
  "timestamp": "2026-04-16T18:23:32.656699+00:00"
}