{
  "sweep_name": "region_selection_multitask_v1_mackey_glass",
  "config_id": "9bba7c25d761",
  "seed": 456,
  "config_point": {
    "spectral_radius": 1.1,
    "input_scaling": 0.2,
    "leak_rate": 1.0
  },
  "best_ridge": 1e-08,
  "val_curve": {
    "1e-10": 1.323925983116959e-07,
    "1e-08": 1.2691922353896308e-07,
    "1e-06": 2.3654711359186554e-07,
    "0.0001": 1.0909568170081387e-06,
    "0.01": 1.5689578041597913e-05,
    "1.0": 0.00044229713936466187
  },
  "val_metrics": {
    "nmse": 1.2691922353896308e-07,
    "rmse": 8.028547813792415e-05
  },
  "test_metrics": {
    "nmse": 2.7001835994229976e-06,
    "rmse": 0.00033570980381172417
  },
  "timing": {
    "train_states_s": 0.01873400000113179,
    "ridge_select_s": 0.012244500001543202,
    "total_s": 0.05637120000028517
  },
  "timestamp": "2026-04-16T18:23:32.789888+00:00"
}