{
  "sweep_name": "region_selection_multitask_v1_mackey_glass",
  "config_id": "9bba7c25d761",
  "seed": 1024,
  "config_point": {
    "spectral_radius": 1.1,
    "input_scaling": 0.2,
    "leak_rate": 1.0
  },
  "best_ridge": 0.01,
  "val_curve": {
    "1e-10": 0.0029384104681690923,
    "1e-08": 0.0029425091348581904,
    "1e-06": 0.0032821945134885876,
    "0.0001": 0.004778299993842211,
    "0.01": 0.001901653865582284,
    "1.0": 0.0043881664892831155
  },
  "val_metrics": {
    "nmse": 0.001901653865582284,
    "rmse": 0.009827408980545307
  },
  "test_metrics": {
    "nmse": 3.907860273915186e-05,
    "rmse": 0.0012771352449200781
  },
  "timing": {
    "train_states_s": 0.01859800000238465,
    "ridge_select_s": 0.012482300000556279,
    "total_s": 0.053616900000633905
  },
  "timestamp": "2026-04-16T18:23:32.920016+00:00"
}