{
  "sweep_name": "region_selection_multitask_v1_mackey_glass",
  "config_id": "9c545a13215e",
  "seed": 1024,
  "config_point": {
    "spectral_radius": 1.1,
    "input_scaling": 0.1,
    "leak_rate": 0.5
  },
  "best_ridge": 1e-10,
  "val_curve": {
    "1e-10": 9.072819927622031e-12,
    "1e-08": 4.667706335467254e-10,
    "1e-06": 1.587551103169643e-08,
    "0.0001": 1.0320852748751036e-06,
    "0.01": 7.713699707258395e-05,
    "1.0": 0.002062561282865577
  },
  "val_metrics": {
    "nmse": 9.072819927622031e-12,
    "rmse": 6.78804074576776e-07
  },
  "test_metrics": {
    "nmse": 8.465116143787154e-12,
    "rmse": 5.944068932853674e-07
  },
  "timing": {
    "train_states_s": 0.018580500000098255,
    "ridge_select_s": 0.012412700001732446,
    "total_s": 0.05302839999785647
  },
  "timestamp": "2026-04-16T18:23:27.199023+00:00"
}