{
  "sweep_name": "region_selection_multitask_v1_mackey_glass",
  "config_id": "9c545a13215e",
  "seed": 42,
  "config_point": {
    "spectral_radius": 1.1,
    "input_scaling": 0.1,
    "leak_rate": 0.5
  },
  "best_ridge": 1e-10,
  "val_curve": {
    "1e-10": 1.1413351370658002e-08,
    "1e-08": 5.299132720740377e-08,
    "1e-06": 3.389760887824918e-07,
    "0.0001": 5.884437991424211e-06,
    "0.01": 0.00033308125273600296,
    "1.0": 0.0071071452588726824
  },
  "val_metrics": {
    "nmse": 1.1413351370658002e-08,
    "rmse": 2.4075753530590636e-05
  },
  "test_metrics": {
    "nmse": 1.6383799501688238e-10,
    "rmse": 2.615018038514183e-06
  },
  "timing": {
    "train_states_s": 0.018589800001791446,
    "ridge_select_s": 0.012898799999675248,
    "total_s": 0.06052839999756543
  },
  "timestamp": "2026-04-16T18:23:26.935903+00:00"
}