{
  "sweep_name": "region_selection_multitask_v1_mackey_glass",
  "config_id": "9c545a13215e",
  "seed": 456,
  "config_point": {
    "spectral_radius": 1.1,
    "input_scaling": 0.1,
    "leak_rate": 0.5
  },
  "best_ridge": 1e-10,
  "val_curve": {
    "1e-10": 4.2530511051423367e-10,
    "1e-08": 2.6043589134148603e-09,
    "1e-06": 3.8191042476949226e-08,
    "0.0001": 2.405513194166816e-06,
    "0.01": 3.797670016509366e-05,
    "1.0": 0.001171569967006623
  },
  "val_metrics": {
    "nmse": 4.2530511051423367e-10,
    "rmse": 4.64754491422034e-06
  },
  "test_metrics": {
    "nmse": 7.784215001642609e-11,
    "rmse": 1.8024979856680696e-06
  },
  "timing": {
    "train_states_s": 0.0189009999994596,
    "ridge_select_s": 0.012570099999720696,
    "total_s": 0.05728660000022501
  },
  "timestamp": "2026-04-16T18:23:27.070399+00:00"
}