{
  "sweep_name": "region_selection_multitask_v1_mackey_glass",
  "config_id": "9c545a13215e",
  "seed": 123,
  "config_point": {
    "spectral_radius": 1.1,
    "input_scaling": 0.1,
    "leak_rate": 0.5
  },
  "best_ridge": 1e-10,
  "val_curve": {
    "1e-10": 3.119063312508898e-11,
    "1e-08": 6.747993141557875e-10,
    "1e-06": 1.616413368967454e-08,
    "0.0001": 7.893853242994833e-07,
    "0.01": 3.26190217872921e-05,
    "1.0": 0.0013398364363785406
  },
  "val_metrics": {
    "nmse": 3.119063312508898e-11,
    "rmse": 1.258593226354997e-06
  },
  "test_metrics": {
    "nmse": 1.920944894181894e-11,
    "rmse": 8.95415957762094e-07
  },
  "timing": {
    "train_states_s": 0.018693599999096477,
    "ridge_select_s": 0.012500900000304682,
    "total_s": 0.05489250000027823
  },
  "timestamp": "2026-04-16T18:23:27.001961+00:00"
}