{
  "sweep_name": "region_selection_multitask_v1_mackey_glass",
  "config_id": "9c67a6f86fa9",
  "seed": 123,
  "config_point": {
    "spectral_radius": 0.9,
    "input_scaling": 0.1,
    "leak_rate": 0.6
  },
  "best_ridge": 1e-10,
  "val_curve": {
    "1e-10": 1.1737039928257642e-11,
    "1e-08": 4.80485620063049e-10,
    "1e-06": 1.7414708361067392e-08,
    "0.0001": 7.421163702151312e-07,
    "0.01": 3.492117023063212e-05,
    "1.0": 0.0022543053786184294
  },
  "val_metrics": {
    "nmse": 1.1737039928257642e-11,
    "rmse": 7.720627259906217e-07
  },
  "test_metrics": {
    "nmse": 1.133668439844704e-11,
    "rmse": 6.878763924342662e-07
  },
  "timing": {
    "train_states_s": 0.018810300000041025,
    "ridge_select_s": 0.012667400002101203,
    "total_s": 0.05620699999781209
  },
  "timestamp": "2026-04-16T18:23:02.721715+00:00"
}