{
  "sweep_name": "region_selection_multitask_v1_mackey_glass",
  "config_id": "9c6707965944",
  "seed": 456,
  "config_point": {
    "spectral_radius": 0.8,
    "input_scaling": 0.05,
    "leak_rate": 0.7
  },
  "best_ridge": 1e-10,
  "val_curve": {
    "1e-10": 1.967510440824384e-11,
    "1e-08": 5.132398614106979e-10,
    "1e-06": 4.2046811073337656e-08,
    "0.0001": 2.0149972661236454e-06,
    "0.01": 0.00011252221787384458,
    "1.0": 0.0022782906908500643
  },
  "val_metrics": {
    "nmse": 1.967510440824384e-11,
    "rmse": 9.996128209527597e-07
  },
  "test_metrics": {
    "nmse": 1.7838674373292804e-11,
    "rmse": 8.628765483100713e-07
  },
  "timing": {
    "train_states_s": 0.019379500001377892,
    "ridge_select_s": 0.012311200000112876,
    "total_s": 0.05639569999766536
  },
  "timestamp": "2026-04-16T18:22:48.817670+00:00"
}