{
  "sweep_name": "region_selection_multitask_v1_mackey_glass",
  "config_id": "9c6707965944",
  "seed": 123,
  "config_point": {
    "spectral_radius": 0.8,
    "input_scaling": 0.05,
    "leak_rate": 0.7
  },
  "best_ridge": 1e-10,
  "val_curve": {
    "1e-10": 3.218671804485463e-11,
    "1e-08": 1.343102878194976e-09,
    "1e-06": 4.8484836981166737e-08,
    "0.0001": 2.5707499500031916e-06,
    "0.01": 0.00013895928033761998,
    "1.0": 0.0019966734040215693
  },
  "val_metrics": {
    "nmse": 3.218671804485463e-11,
    "rmse": 1.2785321188185599e-06
  },
  "test_metrics": {
    "nmse": 3.1905459419831654e-11,
    "rmse": 1.1539842407985067e-06
  },
  "timing": {
    "train_states_s": 0.018727800001215655,
    "ridge_select_s": 0.012180300000181887,
    "total_s": 0.05325269999957527
  },
  "timestamp": "2026-04-16T18:22:48.750046+00:00"
}