{
  "sweep_name": "region_selection_multitask_v1_mackey_glass",
  "config_id": "9c67a6f86fa9",
  "seed": 456,
  "config_point": {
    "spectral_radius": 0.9,
    "input_scaling": 0.1,
    "leak_rate": 0.6
  },
  "best_ridge": 1e-10,
  "val_curve": {
    "1e-10": 6.628572167906747e-12,
    "1e-08": 2.865674057392372e-10,
    "1e-06": 1.0733907721116808e-08,
    "0.0001": 3.684284456441676e-07,
    "0.01": 1.8540256074993565e-05,
    "1.0": 0.0021011600722052543
  },
  "val_metrics": {
    "nmse": 6.628572167906747e-12,
    "rmse": 5.802074345357308e-07
  },
  "test_metrics": {
    "nmse": 5.826379322382577e-12,
    "rmse": 4.931360526748151e-07
  },
  "timing": {
    "train_states_s": 0.017944300001545344,
    "ridge_select_s": 0.012804500001948327,
    "total_s": 0.05555800000001909
  },
  "timestamp": "2026-04-16T18:23:02.788636+00:00"
}