{
  "sweep_name": "region_selection_multitask_v1_mackey_glass",
  "config_id": "9c6707965944",
  "seed": 1024,
  "config_point": {
    "spectral_radius": 0.8,
    "input_scaling": 0.05,
    "leak_rate": 0.7
  },
  "best_ridge": 1e-10,
  "val_curve": {
    "1e-10": 2.4935029806706832e-11,
    "1e-08": 9.021618321678832e-10,
    "1e-06": 4.769554621802204e-08,
    "0.0001": 3.441049874140683e-06,
    "0.01": 0.00024157859487292644,
    "1.0": 0.0022232873657347836
  },
  "val_metrics": {
    "nmse": 2.4935029806706832e-11,
    "rmse": 1.125325708813427e-06
  },
  "test_metrics": {
    "nmse": 2.4026805057978725e-11,
    "rmse": 1.0014179900798732e-06
  },
  "timing": {
    "train_states_s": 0.018549200001871213,
    "ridge_select_s": 0.01175870000224677,
    "total_s": 0.054555300001084106
  },
  "timestamp": "2026-04-16T18:22:48.947391+00:00"
}