{
  "sweep_name": "region_selection_multitask_v1_mackey_glass",
  "config_id": "9dee4b91ded8",
  "seed": 1024,
  "config_point": {
    "spectral_radius": 0.7,
    "input_scaling": 0.4,
    "leak_rate": 1.0
  },
  "best_ridge": 1e-10,
  "val_curve": {
    "1e-10": 2.310493883192511e-12,
    "1e-08": 9.871825521909299e-11,
    "1e-06": 2.1272115734851716e-09,
    "0.0001": 2.1918783916627272e-07,
    "0.01": 6.713089563617405e-06,
    "1.0": 0.00032126446001811326
  },
  "val_metrics": {
    "nmse": 2.310493883192511e-12,
    "rmse": 3.425513681508908e-07
  },
  "test_metrics": {
    "nmse": 2.2565046700528175e-12,
    "rmse": 3.068919488048195e-07
  },
  "timing": {
    "train_states_s": 0.017866599999251775,
    "ridge_select_s": 0.01252300000123796,
    "total_s": 0.05221979999987525
  },
  "timestamp": "2026-04-16T18:22:47.924473+00:00"
}