{
  "sweep_name": "region_selection_multitask_v1_mackey_glass",
  "config_id": "9dee4b91ded8",
  "seed": 789,
  "config_point": {
    "spectral_radius": 0.7,
    "input_scaling": 0.4,
    "leak_rate": 1.0
  },
  "best_ridge": 1e-10,
  "val_curve": {
    "1e-10": 1.4581133247956943e-12,
    "1e-08": 7.018084350153054e-11,
    "1e-06": 3.482683735346731e-09,
    "0.0001": 1.3221506771258007e-07,
    "0.01": 6.739533517203229e-06,
    "1.0": 0.00016102666921542246
  },
  "val_metrics": {
    "nmse": 1.4581133247956943e-12,
    "rmse": 2.7212530840525404e-07
  },
  "test_metrics": {
    "nmse": 1.5776023160553321e-12,
    "rmse": 2.5660560849007973e-07
  },
  "timing": {
    "train_states_s": 0.018594100001791958,
    "ridge_select_s": 0.011972099997365149,
    "total_s": 0.05337300000246614
  },
  "timestamp": "2026-04-16T18:22:47.861162+00:00"
}