{
  "sweep_name": "region_selection_multitask_v1_mackey_glass",
  "config_id": "9dee4b91ded8",
  "seed": 456,
  "config_point": {
    "spectral_radius": 0.7,
    "input_scaling": 0.4,
    "leak_rate": 1.0
  },
  "best_ridge": 1e-10,
  "val_curve": {
    "1e-10": 1.1221874559881239e-12,
    "1e-08": 6.51405967610535e-11,
    "1e-06": 2.2693429831846205e-09,
    "0.0001": 1.3978926947610462e-07,
    "0.01": 4.190595959781485e-06,
    "1.0": 0.00030868074419349603
  },
  "val_metrics": {
    "nmse": 1.1221874559881239e-12,
    "rmse": 2.3872945125233587e-07
  },
  "test_metrics": {
    "nmse": 1.1430171286154742e-12,
    "rmse": 2.1842067553405698e-07
  },
  "timing": {
    "train_states_s": 0.01776360000076238,
    "ridge_select_s": 0.011960600000747945,
    "total_s": 0.05568739999944228
  },
  "timestamp": "2026-04-16T18:22:47.796250+00:00"
}