{
  "sweep_name": "region_selection_multitask_v1_mackey_glass",
  "config_id": "9f183bf72dbc",
  "seed": 789,
  "config_point": {
    "spectral_radius": 0.6,
    "input_scaling": 0.05,
    "leak_rate": 0.7
  },
  "best_ridge": 1e-10,
  "val_curve": {
    "1e-10": 5.7686024137466835e-11,
    "1e-08": 3.773335034185463e-09,
    "1e-06": 1.2309955839813608e-07,
    "0.0001": 2.2934320782066617e-06,
    "0.01": 0.0002656504346616551,
    "1.0": 0.00091923848154361
  },
  "val_metrics": {
    "nmse": 5.7686024137466835e-11,
    "rmse": 1.711624910884842e-06
  },
  "test_metrics": {
    "nmse": 6.374628927779479e-11,
    "rmse": 1.63115349614881e-06
  },
  "timing": {
    "train_states_s": 0.017672100002528168,
    "ridge_select_s": 0.012096900001779431,
    "total_s": 0.051784999999654246
  },
  "timestamp": "2026-04-16T18:22:24.709500+00:00"
}