{
  "sweep_name": "region_selection_multitask_v1_mackey_glass",
  "config_id": "9f183bf72dbc",
  "seed": 456,
  "config_point": {
    "spectral_radius": 0.6,
    "input_scaling": 0.05,
    "leak_rate": 0.7
  },
  "best_ridge": 1e-10,
  "val_curve": {
    "1e-10": 5.054889348703521e-11,
    "1e-08": 3.6590136224877616e-09,
    "1e-06": 7.538660263094949e-08,
    "0.0001": 1.9099650835212353e-06,
    "0.01": 0.00034221534874450223,
    "1.0": 0.0011765773292151986
  },
  "val_metrics": {
    "nmse": 5.054889348703521e-11,
    "rmse": 1.6022457251803276e-06
  },
  "test_metrics": {
    "nmse": 4.9561566878525846e-11,
    "rmse": 1.4382682409877845e-06
  },
  "timing": {
    "train_states_s": 0.018522099999245256,
    "ridge_select_s": 0.011699499998940155,
    "total_s": 0.05315429999973276
  },
  "timestamp": "2026-04-16T18:22:24.646439+00:00"
}