{
  "sweep_name": "region_selection_multitask_v1_mackey_glass",
  "config_id": "9f183bf72dbc",
  "seed": 123,
  "config_point": {
    "spectral_radius": 0.6,
    "input_scaling": 0.05,
    "leak_rate": 0.7
  },
  "best_ridge": 1e-10,
  "val_curve": {
    "1e-10": 6.810353027469157e-11,
    "1e-08": 5.031105506237618e-09,
    "1e-06": 1.4295963354425604e-07,
    "0.0001": 2.2430846352567006e-06,
    "0.01": 0.00042515140797638485,
    "1.0": 0.0011172164748383302
  },
  "val_metrics": {
    "nmse": 6.810353027469157e-11,
    "rmse": 1.859765159095558e-06
  },
  "test_metrics": {
    "nmse": 7.48466696260469e-11,
    "rmse": 1.7674763732492917e-06
  },
  "timing": {
    "train_states_s": 0.01769580000109272,
    "ridge_select_s": 0.012282399999094196,
    "total_s": 0.052201499998773215
  },
  "timestamp": "2026-04-16T18:22:24.582367+00:00"
}