{
  "sweep_name": "region_selection_multitask_v1_mackey_glass",
  "config_id": "a041111b9a85",
  "seed": 1024,
  "config_point": {
    "spectral_radius": 0.8,
    "input_scaling": 0.1,
    "leak_rate": 0.9
  },
  "best_ridge": 1e-10,
  "val_curve": {
    "1e-10": 5.2388307790475464e-12,
    "1e-08": 2.3617795159608555e-10,
    "1e-06": 1.2774617735157658e-08,
    "0.0001": 1.1214539685971867e-06,
    "0.01": 4.8077424363896115e-05,
    "1.0": 0.0015040449695235298
  },
  "val_metrics": {
    "nmse": 5.2388307790475464e-12,
    "rmse": 5.15810858158133e-07
  },
  "test_metrics": {
    "nmse": 4.9849155009719024e-12,
    "rmse": 4.561380243577738e-07
  },
  "timing": {
    "train_states_s": 0.01962920000005397,
    "ridge_select_s": 0.012045600000419654,
    "total_s": 0.05408549999992829
  },
  "timestamp": "2026-04-16T18:22:51.601566+00:00"
}