{
  "sweep_name": "region_selection_multitask_v1_mackey_glass",
  "config_id": "a041111b9a85",
  "seed": 456,
  "config_point": {
    "spectral_radius": 0.8,
    "input_scaling": 0.1,
    "leak_rate": 0.9
  },
  "best_ridge": 1e-10,
  "val_curve": {
    "1e-10": 5.584341927774746e-12,
    "1e-08": 1.6295592439411757e-10,
    "1e-06": 9.364543096113905e-09,
    "0.0001": 6.269038960316925e-07,
    "0.01": 1.880887393233054e-05,
    "1.0": 0.001699317924786425
  },
  "val_metrics": {
    "nmse": 5.584341927774746e-12,
    "rmse": 5.325486596478818e-07
  },
  "test_metrics": {
    "nmse": 5.046009238000432e-12,
    "rmse": 4.58924662632338e-07
  },
  "timing": {
    "train_states_s": 0.018329200000152923,
    "ridge_select_s": 0.012485899998864625,
    "total_s": 0.05527869999787072
  },
  "timestamp": "2026-04-16T18:22:51.473411+00:00"
}