{
  "sweep_name": "region_selection_multitask_v1_mackey_glass",
  "config_id": "a041111b9a85",
  "seed": 42,
  "config_point": {
    "spectral_radius": 0.8,
    "input_scaling": 0.1,
    "leak_rate": 0.9
  },
  "best_ridge": 1e-10,
  "val_curve": {
    "1e-10": 6.1896024708644096e-12,
    "1e-08": 3.3291684239084284e-10,
    "1e-06": 1.6062497519187745e-08,
    "0.0001": 7.973196708945896e-07,
    "0.01": 4.396943747185562e-05,
    "1.0": 0.0016425106598735282
  },
  "val_metrics": {
    "nmse": 6.1896024708644096e-12,
    "rmse": 5.606665850079578e-07
  },
  "test_metrics": {
    "nmse": 5.7087909749556955e-12,
    "rmse": 4.881344371779769e-07
  },
  "timing": {
    "train_states_s": 0.01865870000256109,
    "ridge_select_s": 0.012889899997389875,
    "total_s": 0.06774349999977858
  },
  "timestamp": "2026-04-16T18:22:51.343804+00:00"
}