{
  "sweep_name": "region_selection_multitask_v1_mackey_glass",
  "config_id": "a0c95183bc66",
  "seed": 123,
  "config_point": {
    "spectral_radius": 0.8,
    "input_scaling": 0.2,
    "leak_rate": 0.5
  },
  "best_ridge": 1e-10,
  "val_curve": {
    "1e-10": 1.4026379950152015e-11,
    "1e-08": 3.556857584082613e-10,
    "1e-06": 1.4555428623509399e-08,
    "0.0001": 4.443831124121764e-07,
    "0.01": 1.6054417855480173e-05,
    "1.0": 0.0011100722581073345
  },
  "val_metrics": {
    "nmse": 1.4026379950152015e-11,
    "rmse": 8.440070890108095e-07
  },
  "test_metrics": {
    "nmse": 1.3007118164514518e-11,
    "rmse": 7.368140854117247e-07
  },
  "timing": {
    "train_states_s": 0.018093499998940388,
    "ridge_select_s": 0.011868800000229385,
    "total_s": 0.05228349999742932
  },
  "timestamp": "2026-04-16T18:22:54.138194+00:00"
}