{
  "sweep_name": "region_selection_multitask_v1_mackey_glass",
  "config_id": "a0c95183bc66",
  "seed": 789,
  "config_point": {
    "spectral_radius": 0.8,
    "input_scaling": 0.2,
    "leak_rate": 0.5
  },
  "best_ridge": 1e-10,
  "val_curve": {
    "1e-10": 8.164948426733545e-12,
    "1e-08": 2.4206406926449e-10,
    "1e-06": 8.106800226485596e-09,
    "0.0001": 4.1654305337426834e-07,
    "0.01": 1.4843597331383126e-05,
    "1.0": 0.0006553703384952644
  },
  "val_metrics": {
    "nmse": 8.164948426733545e-12,
    "rmse": 6.439468421835558e-07
  },
  "test_metrics": {
    "nmse": 7.074472662349319e-12,
    "rmse": 5.433934673433346e-07
  },
  "timing": {
    "train_states_s": 0.01770110000143177,
    "ridge_select_s": 0.012248999999428634,
    "total_s": 0.051676700000825804
  },
  "timestamp": "2026-04-16T18:22:54.269101+00:00"
}