{
  "sweep_name": "region_selection_multitask_v1_mackey_glass",
  "config_id": "a0c95183bc66",
  "seed": 1024,
  "config_point": {
    "spectral_radius": 0.8,
    "input_scaling": 0.2,
    "leak_rate": 0.5
  },
  "best_ridge": 1e-10,
  "val_curve": {
    "1e-10": 1.031900891371125e-11,
    "1e-08": 3.1326074373694403e-10,
    "1e-06": 8.913125758784037e-09,
    "0.0001": 5.479530001367608e-07,
    "0.01": 1.9035028416605457e-05,
    "1.0": 0.001494005885572782
  },
  "val_metrics": {
    "nmse": 1.031900891371125e-11,
    "rmse": 7.23922856178342e-07
  },
  "test_metrics": {
    "nmse": 9.186523596033909e-12,
    "rmse": 6.192171470883458e-07
  },
  "timing": {
    "train_states_s": 0.01891279999836115,
    "ridge_select_s": 0.012217799998325063,
    "total_s": 0.053573000001051696
  },
  "timestamp": "2026-04-16T18:22:54.333540+00:00"
}