{
  "sweep_name": "region_selection_multitask_v1_mackey_glass",
  "config_id": "a14dc19eb1fe",
  "seed": 1024,
  "config_point": {
    "spectral_radius": 0.6,
    "input_scaling": 0.1,
    "leak_rate": 0.9
  },
  "best_ridge": 1e-10,
  "val_curve": {
    "1e-10": 8.714189992119817e-12,
    "1e-08": 7.219383204515956e-10,
    "1e-06": 5.424820145618788e-08,
    "0.0001": 5.957428661626304e-07,
    "0.01": 0.0001447329196079953,
    "1.0": 0.0006255822230440776
  },
  "val_metrics": {
    "nmse": 8.714189992119817e-12,
    "rmse": 6.652529470042017e-07
  },
  "test_metrics": {
    "nmse": 9.644697482404669e-12,
    "rmse": 6.344708616178164e-07
  },
  "timing": {
    "train_states_s": 0.019222200000513112,
    "ridge_select_s": 0.01221110000187764,
    "total_s": 0.053853900000831345
  },
  "timestamp": "2026-04-16T18:22:27.465031+00:00"
}