{
  "sweep_name": "region_selection_multitask_v1_mackey_glass",
  "config_id": "a14dc19eb1fe",
  "seed": 456,
  "config_point": {
    "spectral_radius": 0.6,
    "input_scaling": 0.1,
    "leak_rate": 0.9
  },
  "best_ridge": 1e-10,
  "val_curve": {
    "1e-10": 8.76081288065133e-12,
    "1e-08": 8.610216092711559e-10,
    "1e-06": 1.9071663267857357e-08,
    "0.0001": 5.205274601408065e-07,
    "0.01": 8.001827364623788e-05,
    "1.0": 0.0008294038345234632
  },
  "val_metrics": {
    "nmse": 8.76081288065133e-12,
    "rmse": 6.670301999076332e-07
  },
  "test_metrics": {
    "nmse": 8.337748628088896e-12,
    "rmse": 5.899181733428701e-07
  },
  "timing": {
    "train_states_s": 0.018414000001939712,
    "ridge_select_s": 0.012047899999743095,
    "total_s": 0.05452320000040345
  },
  "timestamp": "2026-04-16T18:22:27.336303+00:00"
}