{
  "sweep_name": "region_selection_multitask_v1_mackey_glass",
  "config_id": "a14dc19eb1fe",
  "seed": 42,
  "config_point": {
    "spectral_radius": 0.6,
    "input_scaling": 0.1,
    "leak_rate": 0.9
  },
  "best_ridge": 1e-10,
  "val_curve": {
    "1e-10": 1.0259348284542357e-11,
    "1e-08": 1.7058251969165062e-09,
    "1e-06": 2.306640505860692e-08,
    "0.0001": 5.895698190189176e-07,
    "0.01": 0.00016094825758370649,
    "1.0": 0.0006775815876390024
  },
  "val_metrics": {
    "nmse": 1.0259348284542357e-11,
    "rmse": 7.218270977004435e-07
  },
  "test_metrics": {
    "nmse": 9.831345263451622e-12,
    "rmse": 6.405807016057471e-07
  },
  "timing": {
    "train_states_s": 0.018699099997320445,
    "ridge_select_s": 0.011566799999854993,
    "total_s": 0.05394069999965723
  },
  "timestamp": "2026-04-16T18:22:27.206526+00:00"
}