{
  "sweep_name": "region_selection_multitask_v1_mackey_glass",
  "config_id": "a47504a75fde",
  "seed": 789,
  "config_point": {
    "spectral_radius": 0.9,
    "input_scaling": 0.3,
    "leak_rate": 0.8
  },
  "best_ridge": 1e-10,
  "val_curve": {
    "1e-10": 1.4640996185806743e-12,
    "1e-08": 3.9366624064165445e-11,
    "1e-06": 2.001198818783357e-09,
    "0.0001": 1.6590495964877982e-07,
    "0.01": 6.935275562182672e-06,
    "1.0": 0.0003195999308939078
  },
  "val_metrics": {
    "nmse": 1.4640996185806743e-12,
    "rmse": 2.7268334235501965e-07
  },
  "test_metrics": {
    "nmse": 1.2180786317438196e-12,
    "rmse": 2.2547844911622347e-07
  },
  "timing": {
    "train_states_s": 0.020056800000020303,
    "ridge_select_s": 0.012848599999415455,
    "total_s": 0.055719500000122935
  },
  "timestamp": "2026-04-16T18:23:09.673320+00:00"
}