{
  "sweep_name": "region_selection_multitask_v1_mackey_glass",
  "config_id": "a47504a75fde",
  "seed": 42,
  "config_point": {
    "spectral_radius": 0.9,
    "input_scaling": 0.3,
    "leak_rate": 0.8
  },
  "best_ridge": 1e-10,
  "val_curve": {
    "1e-10": 3.4144027498140843e-12,
    "1e-08": 6.250416261213797e-11,
    "1e-06": 5.2848169165151475e-09,
    "0.0001": 1.6078710211743145e-07,
    "0.01": 9.457648810504262e-06,
    "1.0": 0.0006347871697420538
  },
  "val_metrics": {
    "nmse": 3.4144027498140843e-12,
    "rmse": 4.1641912631380143e-07
  },
  "test_metrics": {
    "nmse": 3.0670283984012016e-12,
    "rmse": 3.577884158916629e-07
  },
  "timing": {
    "train_states_s": 0.018738099999609403,
    "ridge_select_s": 0.012367100000119535,
    "total_s": 0.05576149999978952
  },
  "timestamp": "2026-04-16T18:23:09.475306+00:00"
}