{
  "sweep_name": "region_selection_multitask_v1_mackey_glass",
  "config_id": "a47504a75fde",
  "seed": 1024,
  "config_point": {
    "spectral_radius": 0.9,
    "input_scaling": 0.3,
    "leak_rate": 0.8
  },
  "best_ridge": 1e-10,
  "val_curve": {
    "1e-10": 2.1823730833390407e-12,
    "1e-08": 4.939159748947091e-11,
    "1e-06": 2.4579456715721028e-09,
    "0.0001": 2.789570347261036e-07,
    "0.01": 8.044559559728806e-06,
    "1.0": 0.0005647989978336119
  },
  "val_metrics": {
    "nmse": 2.1823730833390407e-12,
    "rmse": 3.329183957139991e-07
  },
  "test_metrics": {
    "nmse": 1.967017084830256e-12,
    "rmse": 2.8653088602033795e-07
  },
  "timing": {
    "train_states_s": 0.01778080000076443,
    "ridge_select_s": 0.012758699998812517,
    "total_s": 0.05191249999916181
  },
  "timestamp": "2026-04-16T18:23:09.736140+00:00"
}