{
  "sweep_name": "region_selection_multitask_v1_mackey_glass",
  "config_id": "a47504a75fde",
  "seed": 123,
  "config_point": {
    "spectral_radius": 0.9,
    "input_scaling": 0.3,
    "leak_rate": 0.8
  },
  "best_ridge": 1e-10,
  "val_curve": {
    "1e-10": 1.804126186987969e-12,
    "1e-08": 6.00885118816838e-11,
    "1e-06": 4.830551215001244e-09,
    "0.0001": 1.4089421954286237e-07,
    "0.01": 6.3176267983676744e-06,
    "1.0": 0.00040841553394959827
  },
  "val_metrics": {
    "nmse": 1.804126186987969e-12,
    "rmse": 3.026960474553152e-07
  },
  "test_metrics": {
    "nmse": 1.7201929957077169e-12,
    "rmse": 2.679513590810128e-07
  },
  "timing": {
    "train_states_s": 0.018930999998701736,
    "ridge_select_s": 0.012226700000610435,
    "total_s": 0.05474020000110613
  },
  "timestamp": "2026-04-16T18:23:09.541169+00:00"
}