{
  "sweep_name": "region_selection_multitask_v1_mackey_glass",
  "config_id": "a47504a75fde",
  "seed": 456,
  "config_point": {
    "spectral_radius": 0.9,
    "input_scaling": 0.3,
    "leak_rate": 0.8
  },
  "best_ridge": 1e-10,
  "val_curve": {
    "1e-10": 1.3034842272272624e-12,
    "1e-08": 3.977719154249894e-11,
    "1e-06": 3.06941762748033e-09,
    "0.0001": 1.2610909808789734e-07,
    "0.01": 5.769943129930121e-06,
    "1.0": 0.0003806309593443751
  },
  "val_metrics": {
    "nmse": 1.3034842272272624e-12,
    "rmse": 2.5729194205719294e-07
  },
  "test_metrics": {
    "nmse": 1.1446428768569864e-12,
    "rmse": 2.1857595354505363e-07
  },
  "timing": {
    "train_states_s": 0.0176766000004136,
    "ridge_select_s": 0.012606000000232598,
    "total_s": 0.05426070000248728
  },
  "timestamp": "2026-04-16T18:23:09.606529+00:00"
}