{
  "sweep_name": "region_selection_multitask_v1_mackey_glass",
  "config_id": "a48d03fa5eb5",
  "seed": 789,
  "config_point": {
    "spectral_radius": 0.8,
    "input_scaling": 0.05,
    "leak_rate": 0.8
  },
  "best_ridge": 1e-10,
  "val_curve": {
    "1e-10": 1.9318742112499893e-11,
    "1e-08": 4.654895781731424e-10,
    "1e-06": 4.5089867350227705e-08,
    "0.0001": 2.2267270547790644e-06,
    "0.01": 7.125121060116063e-05,
    "1.0": 0.0028429690753599113
  },
  "val_metrics": {
    "nmse": 1.9318742112499893e-11,
    "rmse": 9.905187876492666e-07
  },
  "test_metrics": {
    "nmse": 1.9197291706618165e-11,
    "rmse": 8.951325684435884e-07
  },
  "timing": {
    "train_states_s": 0.018749200000456767,
    "ridge_select_s": 0.011997400000836933,
    "total_s": 0.054568199997447664
  },
  "timestamp": "2026-04-16T18:22:49.217620+00:00"
}