{
  "sweep_name": "region_selection_multitask_v1_mackey_glass",
  "config_id": "a48d03fa5eb5",
  "seed": 1024,
  "config_point": {
    "spectral_radius": 0.8,
    "input_scaling": 0.05,
    "leak_rate": 0.8
  },
  "best_ridge": 1e-10,
  "val_curve": {
    "1e-10": 1.8646157706102328e-11,
    "1e-08": 9.506094345944753e-10,
    "1e-06": 3.9024692893056093e-08,
    "0.0001": 2.3941047899118996e-06,
    "0.01": 0.0002561944795806307,
    "1.0": 0.001746272658412456
  },
  "val_metrics": {
    "nmse": 1.8646157706102328e-11,
    "rmse": 9.731235245277914e-07
  },
  "test_metrics": {
    "nmse": 1.786919539177206e-11,
    "rmse": 8.636144006676764e-07
  },
  "timing": {
    "train_states_s": 0.017675799997959984,
    "ridge_select_s": 0.012468400000216207,
    "total_s": 0.051845900001353584
  },
  "timestamp": "2026-04-16T18:22:49.280454+00:00"
}