{
  "sweep_name": "region_selection_multitask_v1_mackey_glass",
  "config_id": "a48d03fa5eb5",
  "seed": 42,
  "config_point": {
    "spectral_radius": 0.8,
    "input_scaling": 0.05,
    "leak_rate": 0.8
  },
  "best_ridge": 1e-10,
  "val_curve": {
    "1e-10": 2.4625813733397556e-11,
    "1e-08": 9.180063090589824e-10,
    "1e-06": 4.5529787095318033e-08,
    "0.0001": 3.225483844629065e-06,
    "0.01": 9.565525890246714e-05,
    "1.0": 0.00255522564969123
  },
  "val_metrics": {
    "nmse": 2.4625813733397556e-11,
    "rmse": 1.1183264326993743e-06
  },
  "test_metrics": {
    "nmse": 2.31728633939791e-11,
    "rmse": 9.834611927977e-07
  },
  "timing": {
    "train_states_s": 0.01782399999865447,
    "ridge_select_s": 0.012595200001669582,
    "total_s": 0.06168230000184849
  },
  "timestamp": "2026-04-16T18:22:49.020105+00:00"
}