{
  "sweep_name": "region_selection_multitask_v1_mackey_glass",
  "config_id": "a6e97c82bcea",
  "seed": 42,
  "config_point": {
    "spectral_radius": 0.6,
    "input_scaling": 0.05,
    "leak_rate": 0.6
  },
  "best_ridge": 1e-10,
  "val_curve": {
    "1e-10": 1.259412851541975e-10,
    "1e-08": 6.718019740523401e-09,
    "1e-06": 9.003679207556771e-08,
    "0.0001": 3.3922685529104897e-06,
    "0.01": 0.0005730764996059915,
    "1.0": 0.0015307589300804717
  },
  "val_metrics": {
    "nmse": 1.259412851541975e-10,
    "rmse": 2.5290496487446664e-06
  },
  "test_metrics": {
    "nmse": 1.327671930064654e-10,
    "rmse": 2.354034174531463e-06
  },
  "timing": {
    "train_states_s": 0.017661400001088623,
    "ridge_select_s": 0.012443799998436589,
    "total_s": 0.05245139999897219
  },
  "timestamp": "2026-04-16T18:22:24.194185+00:00"
}