{
  "sweep_name": "region_selection_multitask_v1_mackey_glass",
  "config_id": "a6e97c82bcea",
  "seed": 456,
  "config_point": {
    "spectral_radius": 0.6,
    "input_scaling": 0.05,
    "leak_rate": 0.6
  },
  "best_ridge": 1e-10,
  "val_curve": {
    "1e-10": 1.1359383190592545e-10,
    "1e-08": 3.9668956599407355e-09,
    "1e-06": 6.559608028485553e-08,
    "0.0001": 2.8083382855011167e-06,
    "0.01": 0.00035017436077629325,
    "1.0": 0.0015473740261804723
  },
  "val_metrics": {
    "nmse": 1.1359383190592545e-10,
    "rmse": 2.401876482630893e-06
  },
  "test_metrics": {
    "nmse": 1.1189082138639216e-10,
    "rmse": 2.1610489673049467e-06
  },
  "timing": {
    "train_states_s": 0.0176114999994752,
    "ridge_select_s": 0.012451200000214158,
    "total_s": 0.05518849999862141
  },
  "timestamp": "2026-04-16T18:22:24.326413+00:00"
}