{
  "sweep_name": "region_selection_multitask_v1_mackey_glass",
  "config_id": "a6e97c82bcea",
  "seed": 789,
  "config_point": {
    "spectral_radius": 0.6,
    "input_scaling": 0.05,
    "leak_rate": 0.6
  },
  "best_ridge": 1e-10,
  "val_curve": {
    "1e-10": 1.243991367823512e-10,
    "1e-08": 4.289648629888451e-09,
    "1e-06": 9.555254809217199e-08,
    "0.0001": 3.7452072509472793e-06,
    "0.01": 0.0002756802911348673,
    "1.0": 0.0011843867943505141
  },
  "val_metrics": {
    "nmse": 1.243991367823512e-10,
    "rmse": 2.5135178760203082e-06
  },
  "test_metrics": {
    "nmse": 1.3520165455920188e-10,
    "rmse": 2.3755182973006477e-06
  },
  "timing": {
    "train_states_s": 0.019465600002149586,
    "ridge_select_s": 0.012771500001690583,
    "total_s": 0.05484989999968093
  },
  "timestamp": "2026-04-16T18:22:24.392065+00:00"
}