{
  "sweep_name": "region_selection_multitask_v1_mackey_glass",
  "config_id": "a6e97c82bcea",
  "seed": 1024,
  "config_point": {
    "spectral_radius": 0.6,
    "input_scaling": 0.05,
    "leak_rate": 0.6
  },
  "best_ridge": 1e-10,
  "val_curve": {
    "1e-10": 1.0296339776825905e-10,
    "1e-08": 5.305594444440338e-09,
    "1e-06": 1.8593249886214797e-07,
    "0.0001": 4.3491492434041275e-06,
    "0.01": 0.0005367707051411897,
    "1.0": 0.00146415009252917
  },
  "val_metrics": {
    "nmse": 1.0296339776825905e-10,
    "rmse": 2.2867291489557805e-06
  },
  "test_metrics": {
    "nmse": 1.1309362296107714e-10,
    "rmse": 2.172633317363805e-06
  },
  "timing": {
    "train_states_s": 0.018009499999607215,
    "ridge_select_s": 0.012340199999016477,
    "total_s": 0.05179909999787924
  },
  "timestamp": "2026-04-16T18:22:24.454922+00:00"
}