{
  "sweep_name": "region_selection_multitask_v1_mackey_glass",
  "config_id": "a6e97c82bcea",
  "seed": 123,
  "config_point": {
    "spectral_radius": 0.6,
    "input_scaling": 0.05,
    "leak_rate": 0.6
  },
  "best_ridge": 1e-10,
  "val_curve": {
    "1e-10": 1.5170307524625312e-10,
    "1e-08": 6.084943145827632e-09,
    "1e-06": 1.2267418165792498e-07,
    "0.0001": 3.4212266155310575e-06,
    "0.01": 0.00046368350265722265,
    "1.0": 0.0014465508414414027
  },
  "val_metrics": {
    "nmse": 1.5170307524625312e-10,
    "rmse": 2.7756869733740383e-06
  },
  "test_metrics": {
    "nmse": 1.6368021899046543e-10,
    "rmse": 2.613758603749614e-06
  },
  "timing": {
    "train_states_s": 0.019035999997868203,
    "ridge_select_s": 0.012463800001569325,
    "total_s": 0.05471390000093379
  },
  "timestamp": "2026-04-16T18:22:24.259895+00:00"
}