{
  "sweep_name": "region_selection_multitask_v1_mackey_glass",
  "config_id": "a9601e3f62df",
  "seed": 789,
  "config_point": {
    "spectral_radius": 0.8,
    "input_scaling": 0.15,
    "leak_rate": 0.9
  },
  "best_ridge": 1e-10,
  "val_curve": {
    "1e-10": 2.2615360663963222e-12,
    "1e-08": 1.195977505910383e-10,
    "1e-06": 1.0417698194611538e-08,
    "0.0001": 3.248691163201606e-07,
    "0.01": 1.2532564836764474e-05,
    "1.0": 0.0009733721012731891
  },
  "val_metrics": {
    "nmse": 2.2615360663963222e-12,
    "rmse": 3.3890271961037603e-07
  },
  "test_metrics": {
    "nmse": 2.07522840771305e-12,
    "rmse": 2.943068216527139e-07
  },
  "timing": {
    "train_states_s": 0.017638500001339708,
    "ridge_select_s": 0.01206110000202898,
    "total_s": 0.05212859999664943
  },
  "timestamp": "2026-04-16T18:22:53.602698+00:00"
}