{
  "sweep_name": "region_selection_multitask_v1_mackey_glass",
  "config_id": "a9601e3f62df",
  "seed": 456,
  "config_point": {
    "spectral_radius": 0.8,
    "input_scaling": 0.15,
    "leak_rate": 0.9
  },
  "best_ridge": 1e-10,
  "val_curve": {
    "1e-10": 2.51568403649032e-12,
    "1e-08": 9.635771796763006e-11,
    "1e-06": 8.001889729156678e-09,
    "0.0001": 3.0310359447931474e-07,
    "0.01": 7.122999339679198e-06,
    "1.0": 0.0009963280439773392
  },
  "val_metrics": {
    "nmse": 2.51568403649032e-12,
    "rmse": 3.574385106396756e-07
  },
  "test_metrics": {
    "nmse": 2.3402549411607523e-12,
    "rmse": 3.1253521746911123e-07
  },
  "timing": {
    "train_states_s": 0.018788200002745725,
    "ridge_select_s": 0.012735000000247965,
    "total_s": 0.056213199997728225
  },
  "timestamp": "2026-04-16T18:22:53.539697+00:00"
}