{
  "sweep_name": "region_selection_multitask_v1_mackey_glass",
  "config_id": "aa90423e4863",
  "seed": 123,
  "config_point": {
    "spectral_radius": 1.0,
    "input_scaling": 0.15,
    "leak_rate": 0.9
  },
  "best_ridge": 1e-10,
  "val_curve": {
    "1e-10": 2.686089995885523e-12,
    "1e-08": 7.573404899623383e-11,
    "1e-06": 4.6880430895906525e-09,
    "0.0001": 3.465092870899894e-07,
    "0.01": 9.218467530717005e-06,
    "1.0": 0.0005045872763960523
  },
  "val_metrics": {
    "nmse": 2.686089995885523e-12,
    "rmse": 3.693461484606381e-07
  },
  "test_metrics": {
    "nmse": 2.8881472760920085e-12,
    "rmse": 3.4719786383104167e-07
  },
  "timing": {
    "train_states_s": 0.017608099999051774,
    "ridge_select_s": 0.012437699999281904,
    "total_s": 0.05213559999901918
  },
  "timestamp": "2026-04-16T18:23:17.908084+00:00"
}