{
  "sweep_name": "region_selection_multitask_v1_mackey_glass",
  "config_id": "aa90423e4863",
  "seed": 42,
  "config_point": {
    "spectral_radius": 1.0,
    "input_scaling": 0.15,
    "leak_rate": 0.9
  },
  "best_ridge": 1e-10,
  "val_curve": {
    "1e-10": 4.822744939389658e-12,
    "1e-08": 1.438227915631181e-10,
    "1e-06": 9.521412834594696e-09,
    "0.0001": 2.7211541414443597e-07,
    "0.01": 1.70734539949356e-05,
    "1.0": 0.00044465770710881616
  },
  "val_metrics": {
    "nmse": 4.822744939389658e-12,
    "rmse": 4.949034050568572e-07
  },
  "test_metrics": {
    "nmse": 4.2704255134848084e-12,
    "rmse": 4.221851489801547e-07
  },
  "timing": {
    "train_states_s": 0.01870299999791314,
    "ridge_select_s": 0.01243129999784287,
    "total_s": 0.07873529999778839
  },
  "timestamp": "2026-04-16T18:23:17.845121+00:00"
}