{
  "sweep_name": "region_selection_multitask_v1_mackey_glass",
  "config_id": "aa90423e4863",
  "seed": 789,
  "config_point": {
    "spectral_radius": 1.0,
    "input_scaling": 0.15,
    "leak_rate": 0.9
  },
  "best_ridge": 1e-10,
  "val_curve": {
    "1e-10": 1.4891667017637628e-12,
    "1e-08": 5.745316955117183e-11,
    "1e-06": 4.5352254361696134e-09,
    "0.0001": 1.682766586123865e-07,
    "0.01": 8.933150971611103e-06,
    "1.0": 0.000625601626606104
  },
  "val_metrics": {
    "nmse": 1.4891667017637628e-12,
    "rmse": 2.7500776289308137e-07
  },
  "test_metrics": {
    "nmse": 1.3524121703801536e-12,
    "rmse": 2.3758658319460306e-07
  },
  "timing": {
    "train_states_s": 0.018168999999033986,
    "ridge_select_s": 0.012839899998652982,
    "total_s": 0.05307850000099279
  },
  "timestamp": "2026-04-16T18:23:18.040144+00:00"
}