{
  "sweep_name": "region_selection_multitask_v1_mackey_glass",
  "config_id": "aa90423e4863",
  "seed": 1024,
  "config_point": {
    "spectral_radius": 1.0,
    "input_scaling": 0.15,
    "leak_rate": 0.9
  },
  "best_ridge": 1e-10,
  "val_curve": {
    "1e-10": 1.8257917477545724e-12,
    "1e-08": 6.873241478276199e-11,
    "1e-06": 9.467205452482559e-09,
    "0.0001": 4.1785487654221046e-07,
    "0.01": 1.3503474289992862e-05,
    "1.0": 0.0008262290634822483
  },
  "val_metrics": {
    "nmse": 1.8257917477545724e-12,
    "rmse": 3.045081457931126e-07
  },
  "test_metrics": {
    "nmse": 1.4922947400591924e-12,
    "rmse": 2.4957132273788593e-07
  },
  "timing": {
    "train_states_s": 0.019213400002627168,
    "ridge_select_s": 0.011803400000644615,
    "total_s": 0.05330150000008871
  },
  "timestamp": "2026-04-16T18:23:18.104892+00:00"
}