{
  "sweep_name": "region_selection_multitask_v1_mackey_glass",
  "config_id": "aacbc395b88c",
  "seed": 42,
  "config_point": {
    "spectral_radius": 0.7,
    "input_scaling": 0.15,
    "leak_rate": 0.9
  },
  "best_ridge": 1e-10,
  "val_curve": {
    "1e-10": 6.789680208440146e-12,
    "1e-08": 2.5669165799666184e-10,
    "1e-06": 1.0241425024834952e-08,
    "0.0001": 5.126704134865195e-07,
    "0.01": 2.2250164154842e-05,
    "1.0": 0.0012873504624042827
  },
  "val_metrics": {
    "nmse": 6.789680208440146e-12,
    "rmse": 5.87216100486736e-07
  },
  "test_metrics": {
    "nmse": 5.859585935993161e-12,
    "rmse": 4.945393351790194e-07
  },
  "timing": {
    "train_states_s": 0.018755000000965083,
    "ridge_select_s": 0.012089700001524761,
    "total_s": 0.07516349999787053
  },
  "timestamp": "2026-04-16T18:22:41.325711+00:00"
}