{
  "sweep_name": "region_selection_multitask_v1_mackey_glass",
  "config_id": "aacbc395b88c",
  "seed": 456,
  "config_point": {
    "spectral_radius": 0.7,
    "input_scaling": 0.15,
    "leak_rate": 0.9
  },
  "best_ridge": 1e-10,
  "val_curve": {
    "1e-10": 6.6439908822223465e-12,
    "1e-08": 1.63834728051057e-10,
    "1e-06": 5.013935569146805e-09,
    "0.0001": 4.6746590349569485e-07,
    "0.01": 1.3244161802072175e-05,
    "1.0": 0.0012344385913447733
  },
  "val_metrics": {
    "nmse": 6.6439908822223465e-12,
    "rmse": 5.808818525055016e-07
  },
  "test_metrics": {
    "nmse": 5.999259963179572e-12,
    "rmse": 5.003987514465805e-07
  },
  "timing": {
    "train_states_s": 0.01847780000025523,
    "ridge_select_s": 0.012034999999741558,
    "total_s": 0.05493360000036773
  },
  "timestamp": "2026-04-16T18:22:41.454429+00:00"
}