{
  "sweep_name": "region_selection_multitask_v1_mackey_glass",
  "config_id": "aacbc395b88c",
  "seed": 789,
  "config_point": {
    "spectral_radius": 0.7,
    "input_scaling": 0.15,
    "leak_rate": 0.9
  },
  "best_ridge": 1e-10,
  "val_curve": {
    "1e-10": 9.171814411601599e-12,
    "1e-08": 1.4021627191287144e-10,
    "1e-06": 6.413667302798804e-09,
    "0.0001": 6.201909410907914e-07,
    "0.01": 1.416055801817636e-05,
    "1.0": 0.0009248545851570085
  },
  "val_metrics": {
    "nmse": 9.171814411601599e-12,
    "rmse": 6.824972786824476e-07
  },
  "test_metrics": {
    "nmse": 8.549752966421797e-12,
    "rmse": 5.973710336597741e-07
  },
  "timing": {
    "train_states_s": 0.01803680000011809,
    "ridge_select_s": 0.01202999999804888,
    "total_s": 0.05213469999944209
  },
  "timestamp": "2026-04-16T18:22:41.517397+00:00"
}