{
  "sweep_name": "region_selection_multitask_v1_mackey_glass",
  "config_id": "aacbc395b88c",
  "seed": 123,
  "config_point": {
    "spectral_radius": 0.7,
    "input_scaling": 0.15,
    "leak_rate": 0.9
  },
  "best_ridge": 1e-10,
  "val_curve": {
    "1e-10": 7.386551364894331e-12,
    "1e-08": 2.8537686971115046e-10,
    "1e-06": 1.0188028730504375e-08,
    "0.0001": 5.484522128885569e-07,
    "0.01": 2.0503357354599227e-05,
    "1.0": 0.0010444194123982774
  },
  "val_metrics": {
    "nmse": 7.386551364894331e-12,
    "rmse": 6.124831649934549e-07
  },
  "test_metrics": {
    "nmse": 7.084102546213434e-12,
    "rmse": 5.437631794544511e-07
  },
  "timing": {
    "train_states_s": 0.017772200000763405,
    "ridge_select_s": 0.011946900001930771,
    "total_s": 0.0516457999983686
  },
  "timestamp": "2026-04-16T18:22:41.388217+00:00"
}