{
  "sweep_name": "region_selection_multitask_v1_mackey_glass",
  "config_id": "ab82caf61596",
  "seed": 789,
  "config_point": {
    "spectral_radius": 0.8,
    "input_scaling": 0.05,
    "leak_rate": 0.5
  },
  "best_ridge": 1e-10,
  "val_curve": {
    "1e-10": 6.322978639432609e-11,
    "1e-08": 2.2884205132456436e-09,
    "1e-06": 8.00481254499601e-08,
    "0.0001": 2.2040641646264065e-06,
    "0.01": 8.977037948782947e-05,
    "1.0": 0.0057403025850348635
  },
  "val_metrics": {
    "nmse": 6.322978639432609e-11,
    "rmse": 1.7919841012233825e-06
  },
  "test_metrics": {
    "nmse": 5.7915961262170275e-11,
    "rmse": 1.5547712853692497e-06
  },
  "timing": {
    "train_states_s": 0.01766960000168183,
    "ridge_select_s": 0.011900000001332955,
    "total_s": 0.05123180000009597
  },
  "timestamp": "2026-04-16T18:22:48.183956+00:00"
}