{
  "sweep_name": "region_selection_multitask_v1_mackey_glass",
  "config_id": "ab82caf61596",
  "seed": 456,
  "config_point": {
    "spectral_radius": 0.8,
    "input_scaling": 0.05,
    "leak_rate": 0.5
  },
  "best_ridge": 1e-10,
  "val_curve": {
    "1e-10": 5.517320926454278e-11,
    "1e-08": 1.9959727287234552e-09,
    "1e-06": 8.106129612085757e-08,
    "0.0001": 2.5328031800283475e-06,
    "0.01": 9.395253152868948e-05,
    "1.0": 0.004049336469733738
  },
  "val_metrics": {
    "nmse": 5.517320926454278e-11,
    "rmse": 1.673930482690433e-06
  },
  "test_metrics": {
    "nmse": 5.204171767560551e-11,
    "rmse": 1.4738157314795748e-06
  },
  "timing": {
    "train_states_s": 0.018589600000268547,
    "ridge_select_s": 0.01164749999952619,
    "total_s": 0.05479739999645972
  },
  "timestamp": "2026-04-16T18:22:48.121875+00:00"
}