{
  "sweep_name": "region_selection_multitask_v1_mackey_glass",
  "config_id": "ad3d30f90afe",
  "seed": 42,
  "config_point": {
    "spectral_radius": 0.6,
    "input_scaling": 0.2,
    "leak_rate": 0.7
  },
  "best_ridge": 1e-10,
  "val_curve": {
    "1e-10": 1.4578494547713277e-11,
    "1e-08": 3.60822125446495e-10,
    "1e-06": 1.6650768262181837e-08,
    "0.0001": 8.542744467428579e-07,
    "0.01": 2.1254214239240714e-05,
    "1.0": 0.001551971919543342
  },
  "val_metrics": {
    "nmse": 1.4578494547713277e-11,
    "rmse": 8.604579158328577e-07
  },
  "test_metrics": {
    "nmse": 1.3175381940361008e-11,
    "rmse": 7.415645894793237e-07
  },
  "timing": {
    "train_states_s": 0.018512099999497877,
    "ridge_select_s": 0.012490099998103688,
    "total_s": 0.05679719999898225
  },
  "timestamp": "2026-04-16T18:22:30.597615+00:00"
}