{
  "sweep_name": "region_selection_multitask_v1_mackey_glass",
  "config_id": "ad3d30f90afe",
  "seed": 1024,
  "config_point": {
    "spectral_radius": 0.6,
    "input_scaling": 0.2,
    "leak_rate": 0.7
  },
  "best_ridge": 1e-10,
  "val_curve": {
    "1e-10": 2.1318582515692275e-11,
    "1e-08": 3.952441621972076e-10,
    "1e-06": 1.0444601721746453e-08,
    "0.0001": 8.98755830450291e-07,
    "0.01": 3.125034034096049e-05,
    "1.0": 0.0012452396429913797
  },
  "val_metrics": {
    "nmse": 2.1318582515692275e-11,
    "rmse": 1.0405248517434714e-06
  },
  "test_metrics": {
    "nmse": 1.908310438403119e-11,
    "rmse": 8.924664309619189e-07
  },
  "timing": {
    "train_states_s": 0.018831999997928506,
    "ridge_select_s": 0.01221350000196253,
    "total_s": 0.05332119999729912
  },
  "timestamp": "2026-04-16T18:22:30.859320+00:00"
}