{
  "sweep_name": "region_selection_multitask_v1_mackey_glass",
  "config_id": "ad3d30f90afe",
  "seed": 789,
  "config_point": {
    "spectral_radius": 0.6,
    "input_scaling": 0.2,
    "leak_rate": 0.7
  },
  "best_ridge": 1e-10,
  "val_curve": {
    "1e-10": 1.623270407591862e-11,
    "1e-08": 2.78044406085734e-10,
    "1e-06": 9.076268591208236e-09,
    "0.0001": 9.124191920015263e-07,
    "0.01": 1.0937140365782257e-05,
    "1.0": 0.0009502674855743519
  },
  "val_metrics": {
    "nmse": 1.623270407591862e-11,
    "rmse": 9.079642115062277e-07
  },
  "test_metrics": {
    "nmse": 1.508904358753007e-11,
    "rmse": 7.935937397462084e-07
  },
  "timing": {
    "train_states_s": 0.017733100001350977,
    "ridge_select_s": 0.012343599999439903,
    "total_s": 0.05276100000264705
  },
  "timestamp": "2026-04-16T18:22:30.792580+00:00"
}