{
  "sweep_name": "region_selection_multitask_v1_mackey_glass",
  "config_id": "ad3d30f90afe",
  "seed": 123,
  "config_point": {
    "spectral_radius": 0.6,
    "input_scaling": 0.2,
    "leak_rate": 0.7
  },
  "best_ridge": 1e-10,
  "val_curve": {
    "1e-10": 1.9070941321982004e-11,
    "1e-08": 4.505345017529533e-10,
    "1e-06": 1.199264969921254e-08,
    "0.0001": 8.506822381715553e-07,
    "0.01": 1.7912265754812925e-05,
    "1.0": 0.0012518982180228053
  },
  "val_metrics": {
    "nmse": 1.9070941321982004e-11,
    "rmse": 9.841456106365316e-07
  },
  "test_metrics": {
    "nmse": 1.7502003944654978e-11,
    "rmse": 8.54695200855669e-07
  },
  "timing": {
    "train_states_s": 0.018340899998293025,
    "ridge_select_s": 0.012033900002279552,
    "total_s": 0.05230810000284691
  },
  "timestamp": "2026-04-16T18:22:30.662114+00:00"
}