{
  "sweep_name": "region_selection_multitask_v1_mackey_glass",
  "config_id": "adc4d1ebebf2",
  "seed": 789,
  "config_point": {
    "spectral_radius": 0.7,
    "input_scaling": 0.1,
    "leak_rate": 0.5
  },
  "best_ridge": 1e-10,
  "val_curve": {
    "1e-10": 4.0359531020928914e-11,
    "1e-08": 1.3662875079952702e-09,
    "1e-06": 4.541569515741689e-08,
    "0.0001": 1.5668561998552803e-06,
    "0.01": 3.602312273090084e-05,
    "1.0": 0.001910112257224859
  },
  "val_metrics": {
    "nmse": 4.0359531020928914e-11,
    "rmse": 1.431681293370052e-06
  },
  "test_metrics": {
    "nmse": 3.92767352324957e-11,
    "rmse": 1.2803687543863233e-06
  },
  "timing": {
    "train_states_s": 0.017731600000843173,
    "ridge_select_s": 0.011871300001075724,
    "total_s": 0.051470999998855405
  },
  "timestamp": "2026-04-16T18:22:38.189900+00:00"
}