{
  "sweep_name": "region_selection_multitask_v1_mackey_glass",
  "config_id": "adc4d1ebebf2",
  "seed": 123,
  "config_point": {
    "spectral_radius": 0.7,
    "input_scaling": 0.1,
    "leak_rate": 0.5
  },
  "best_ridge": 1e-10,
  "val_curve": {
    "1e-10": 5.324775019469742e-11,
    "1e-08": 1.5547225913426133e-09,
    "1e-06": 6.271870960133228e-08,
    "0.0001": 1.6035755900157323e-06,
    "0.01": 4.6301136197477595e-05,
    "1.0": 0.002205203659154045
  },
  "val_metrics": {
    "nmse": 5.324775019469742e-11,
    "rmse": 1.6444623179992686e-06
  },
  "test_metrics": {
    "nmse": 5.4128608831136354e-11,
    "rmse": 1.503075546634962e-06
  },
  "timing": {
    "train_states_s": 0.017842600002040854,
    "ridge_select_s": 0.011678499999106862,
    "total_s": 0.05169620000015129
  },
  "timestamp": "2026-04-16T18:22:38.060150+00:00"
}