{
  "sweep_name": "region_selection_multitask_v1_mackey_glass",
  "config_id": "adc4d1ebebf2",
  "seed": 456,
  "config_point": {
    "spectral_radius": 0.7,
    "input_scaling": 0.1,
    "leak_rate": 0.5
  },
  "best_ridge": 1e-10,
  "val_curve": {
    "1e-10": 3.049248599460287e-11,
    "1e-08": 1.0923076181538397e-09,
    "1e-06": 4.111899043077532e-08,
    "0.0001": 1.344008289152374e-06,
    "0.01": 2.900184789495485e-05,
    "1.0": 0.0026264189725374735
  },
  "val_metrics": {
    "nmse": 3.049248599460287e-11,
    "rmse": 1.2444278197258781e-06
  },
  "test_metrics": {
    "nmse": 2.9897263471085335e-11,
    "rmse": 1.1170769640465217e-06
  },
  "timing": {
    "train_states_s": 0.018541499997809296,
    "ridge_select_s": 0.011754200000723358,
    "total_s": 0.055811099999118596
  },
  "timestamp": "2026-04-16T18:22:38.127098+00:00"
}