{
  "sweep_name": "region_selection_multitask_v1_mackey_glass",
  "config_id": "ae031b6366dd",
  "seed": 1024,
  "config_point": {
    "spectral_radius": 1.1,
    "input_scaling": 0.1,
    "leak_rate": 1.0
  },
  "best_ridge": 0.01,
  "val_curve": {
    "1e-10": 0.1733932164379833,
    "1e-08": 0.17283944288896438,
    "1e-06": 0.1379810960590392,
    "0.0001": 0.07900272316950739,
    "0.01": 0.026690513968859797,
    "1.0": 0.16573153777482183
  },
  "val_metrics": {
    "nmse": 0.026690513968859797,
    "rmse": 0.03681728533589411
  },
  "test_metrics": {
    "nmse": 8.872038847839594e-05,
    "rmse": 0.001924327977685489
  },
  "timing": {
    "train_states_s": 0.019008299997949507,
    "ridge_select_s": 0.011773899997933768,
    "total_s": 0.052603399999497924
  },
  "timestamp": "2026-04-16T18:23:28.883683+00:00"
}