{
  "sweep_name": "region_selection_multitask_v1_mackey_glass",
  "config_id": "ae031b6366dd",
  "seed": 123,
  "config_point": {
    "spectral_radius": 1.1,
    "input_scaling": 0.1,
    "leak_rate": 1.0
  },
  "best_ridge": 1e-10,
  "val_curve": {
    "1e-10": 4.560453257970674e-12,
    "1e-08": 2.227280358258365e-10,
    "1e-06": 1.3303417260214211e-08,
    "0.0001": 5.678076116159452e-07,
    "0.01": 3.1718514157373114e-05,
    "1.0": 0.0009231284968105252
  },
  "val_metrics": {
    "nmse": 4.560453257970674e-12,
    "rmse": 4.812572657385791e-07
  },
  "test_metrics": {
    "nmse": 5.876167201178106e-12,
    "rmse": 4.95238556511258e-07
  },
  "timing": {
    "train_states_s": 0.01899290000073961,
    "ridge_select_s": 0.011976199999480741,
    "total_s": 0.05407969999941997
  },
  "timestamp": "2026-04-16T18:23:28.689433+00:00"
}