{
  "sweep_name": "region_selection_multitask_v1_mackey_glass",
  "config_id": "ae031b6366dd",
  "seed": 789,
  "config_point": {
    "spectral_radius": 1.1,
    "input_scaling": 0.1,
    "leak_rate": 1.0
  },
  "best_ridge": 1e-10,
  "val_curve": {
    "1e-10": 1.3217984714953046e-11,
    "1e-08": 8.603414774069256e-10,
    "1e-06": 6.068166252625414e-09,
    "0.0001": 1.8580376142764565e-07,
    "0.01": 1.144834515787787e-05,
    "1.0": 0.000995822845681223
  },
  "val_metrics": {
    "nmse": 1.3217984714953046e-11,
    "rmse": 8.193244545690741e-07
  },
  "test_metrics": {
    "nmse": 4.657894816875716e-12,
    "rmse": 4.409224534281915e-07
  },
  "timing": {
    "train_states_s": 0.019093099999736296,
    "ridge_select_s": 0.0118795999987924,
    "total_s": 0.05348939999748836
  },
  "timestamp": "2026-04-16T18:23:28.819848+00:00"
}