{
  "sweep_name": "region_selection_multitask_v1_mackey_glass",
  "config_id": "aeb751998e63",
  "seed": 789,
  "config_point": {
    "spectral_radius": 0.7,
    "input_scaling": 0.2,
    "leak_rate": 1.0
  },
  "best_ridge": 1e-10,
  "val_curve": {
    "1e-10": 5.37920631093156e-12,
    "1e-08": 9.111115763784007e-11,
    "1e-06": 4.122638518536604e-09,
    "0.0001": 3.552352152062272e-07,
    "0.01": 1.0531635007351716e-05,
    "1.0": 0.0007767724883412483
  },
  "val_metrics": {
    "nmse": 5.37920631093156e-12,
    "rmse": 5.22675803468403e-07
  },
  "test_metrics": {
    "nmse": 4.908876126117782e-12,
    "rmse": 4.526457147115501e-07
  },
  "timing": {
    "train_states_s": 0.018469099999492755,
    "ridge_select_s": 0.012129099999583559,
    "total_s": 0.05287010000029113
  },
  "timestamp": "2026-04-16T18:22:43.805651+00:00"
}