{
  "sweep_name": "region_selection_multitask_v1_mackey_glass",
  "config_id": "aeb751998e63",
  "seed": 42,
  "config_point": {
    "spectral_radius": 0.7,
    "input_scaling": 0.2,
    "leak_rate": 1.0
  },
  "best_ridge": 1e-10,
  "val_curve": {
    "1e-10": 4.5957779571925984e-12,
    "1e-08": 1.6235813658894154e-10,
    "1e-06": 6.060776333071647e-09,
    "0.0001": 2.919028473162973e-07,
    "0.01": 1.6100657436083097e-05,
    "1.0": 0.0014593795583758267
  },
  "val_metrics": {
    "nmse": 4.5957779571925984e-12,
    "rmse": 4.831175495304916e-07
  },
  "test_metrics": {
    "nmse": 3.92332479088471e-12,
    "rmse": 4.04663942087785e-07
  },
  "timing": {
    "train_states_s": 0.017658199998550117,
    "ridge_select_s": 0.012416000001394423,
    "total_s": 0.05173540000032517
  },
  "timestamp": "2026-04-16T18:22:43.610147+00:00"
}