{
  "sweep_name": "region_selection_multitask_v1_mackey_glass",
  "config_id": "aeb751998e63",
  "seed": 1024,
  "config_point": {
    "spectral_radius": 0.7,
    "input_scaling": 0.2,
    "leak_rate": 1.0
  },
  "best_ridge": 1e-10,
  "val_curve": {
    "1e-10": 4.457155757113962e-12,
    "1e-08": 1.6024599240729696e-10,
    "1e-06": 6.363679147292005e-09,
    "0.0001": 4.3713803158838457e-07,
    "0.01": 2.0086065380029584e-05,
    "1.0": 0.0010930835295891264
  },
  "val_metrics": {
    "nmse": 4.457155757113962e-12,
    "rmse": 4.7577563805346657e-07
  },
  "test_metrics": {
    "nmse": 3.982663871193271e-12,
    "rmse": 4.0771266640261787e-07
  },
  "timing": {
    "train_states_s": 0.017846599999757018,
    "ridge_select_s": 0.012123600001359591,
    "total_s": 0.0513652000008733
  },
  "timestamp": "2026-04-16T18:22:43.868180+00:00"
}