{
  "sweep_name": "region_selection_multitask_v1_mackey_glass",
  "config_id": "aeb751998e63",
  "seed": 456,
  "config_point": {
    "spectral_radius": 0.7,
    "input_scaling": 0.2,
    "leak_rate": 1.0
  },
  "best_ridge": 1e-10,
  "val_curve": {
    "1e-10": 3.5847462000288813e-12,
    "1e-08": 1.0194349778422049e-10,
    "1e-06": 3.5196980348416365e-09,
    "0.0001": 2.7779299487000973e-07,
    "0.01": 7.235234493407218e-06,
    "1.0": 0.0006556946215786701
  },
  "val_metrics": {
    "nmse": 3.5847462000288813e-12,
    "rmse": 4.266802112170685e-07
  },
  "test_metrics": {
    "nmse": 3.375520758682426e-12,
    "rmse": 3.7535116509932443e-07
  },
  "timing": {
    "train_states_s": 0.01779779999924358,
    "ridge_select_s": 0.011762099999032216,
    "total_s": 0.05475249999653897
  },
  "timestamp": "2026-04-16T18:22:43.741085+00:00"
}