{
  "sweep_name": "region_selection_multitask_v1_mackey_glass",
  "config_id": "aeb751998e63",
  "seed": 123,
  "config_point": {
    "spectral_radius": 0.7,
    "input_scaling": 0.2,
    "leak_rate": 1.0
  },
  "best_ridge": 1e-10,
  "val_curve": {
    "1e-10": 4.131291274399038e-12,
    "1e-08": 1.788381682819154e-10,
    "1e-06": 6.742816705301415e-09,
    "0.0001": 3.142291286175452e-07,
    "0.01": 1.184757626287697e-05,
    "1.0": 0.0011520649431627677
  },
  "val_metrics": {
    "nmse": 4.131291274399038e-12,
    "rmse": 4.5805349663233453e-07
  },
  "test_metrics": {
    "nmse": 4.076512622578812e-12,
    "rmse": 4.124884309395035e-07
  },
  "timing": {
    "train_states_s": 0.018486500001017703,
    "ridge_select_s": 0.012228499999764608,
    "total_s": 0.0543827000001329
  },
  "timestamp": "2026-04-16T18:22:43.675516+00:00"
}