{
  "sweep_name": "region_selection_multitask_v1_mackey_glass",
  "config_id": "af27e14ad131",
  "seed": 456,
  "config_point": {
    "spectral_radius": 0.6,
    "input_scaling": 0.3,
    "leak_rate": 1.0
  },
  "best_ridge": 1e-10,
  "val_curve": {
    "1e-10": 3.351361669806304e-12,
    "1e-08": 1.3554209413008424e-10,
    "1e-06": 3.2956834122977767e-09,
    "0.0001": 2.2252301020275308e-07,
    "0.01": 6.699499346398117e-06,
    "1.0": 0.0003535981924301816
  },
  "val_metrics": {
    "nmse": 3.351361669806304e-12,
    "rmse": 4.1255698447659855e-07
  },
  "test_metrics": {
    "nmse": 3.2562788705942217e-12,
    "rmse": 3.6866182807155245e-07
  },
  "timing": {
    "train_states_s": 0.018621999999595573,
    "ridge_select_s": 0.012249299998075003,
    "total_s": 0.056314800000109244
  },
  "timestamp": "2026-04-16T18:22:33.758676+00:00"
}