{
  "sweep_name": "region_selection_multitask_v1_mackey_glass",
  "config_id": "af27e14ad131",
  "seed": 123,
  "config_point": {
    "spectral_radius": 0.6,
    "input_scaling": 0.3,
    "leak_rate": 1.0
  },
  "best_ridge": 1e-10,
  "val_curve": {
    "1e-10": 6.166613654888491e-12,
    "1e-08": 2.1207420721232227e-10,
    "1e-06": 7.571967397033652e-09,
    "0.0001": 3.744746060456351e-07,
    "0.01": 1.0340228585567886e-05,
    "1.0": 0.0009296335455652579
  },
  "val_metrics": {
    "nmse": 6.166613654888491e-12,
    "rmse": 5.596244299498407e-07
  },
  "test_metrics": {
    "nmse": 5.6552969916991624e-12,
    "rmse": 4.85842032817882e-07
  },
  "timing": {
    "train_states_s": 0.018386700001428835,
    "ridge_select_s": 0.012355899998510722,
    "total_s": 0.05382410000311211
  },
  "timestamp": "2026-04-16T18:22:33.691462+00:00"
}