{
  "sweep_name": "region_selection_multitask_v1_mackey_glass",
  "config_id": "af27e14ad131",
  "seed": 42,
  "config_point": {
    "spectral_radius": 0.6,
    "input_scaling": 0.3,
    "leak_rate": 1.0
  },
  "best_ridge": 1e-10,
  "val_curve": {
    "1e-10": 5.35252412632119e-12,
    "1e-08": 2.4170800861412936e-10,
    "1e-06": 9.691570088888912e-09,
    "0.0001": 3.5829197671166907e-07,
    "0.01": 1.2244108354698044e-05,
    "1.0": 0.0011014847164898087
  },
  "val_metrics": {
    "nmse": 5.35252412632119e-12,
    "rmse": 5.213778917916933e-07
  },
  "test_metrics": {
    "nmse": 4.740954734345645e-12,
    "rmse": 4.4483636279796596e-07
  },
  "timing": {
    "train_states_s": 0.018416300001263153,
    "ridge_select_s": 0.011720599999534898,
    "total_s": 0.0688055999999051
  },
  "timestamp": "2026-04-16T18:22:33.626822+00:00"
}