{
  "sweep_name": "region_selection_multitask_v1_mackey_glass",
  "config_id": "af3244f452ab",
  "seed": 42,
  "config_point": {
    "spectral_radius": 1.1,
    "input_scaling": 0.05,
    "leak_rate": 0.5
  },
  "best_ridge": 1e-10,
  "val_curve": {
    "1e-10": 1.207075882877481e-08,
    "1e-08": 4.390422748797906e-08,
    "1e-06": 5.234108709537848e-07,
    "0.0001": 1.0702619516152942e-05,
    "0.01": 0.00029989214947385247,
    "1.0": 0.015842418270615513
  },
  "val_metrics": {
    "nmse": 1.207075882877481e-08,
    "rmse": 2.4759426521744557e-05
  },
  "test_metrics": {
    "nmse": 9.772994722158934e-10,
    "rmse": 6.386769002307315e-06
  },
  "timing": {
    "train_states_s": 0.01870309999867459,
    "ridge_select_s": 0.012155999997048639,
    "total_s": 0.08073270000022603
  },
  "timestamp": "2026-04-16T18:23:24.870649+00:00"
}