{
  "sweep_name": "region_selection_multitask_v1_mackey_glass",
  "config_id": "af3244f452ab",
  "seed": 789,
  "config_point": {
    "spectral_radius": 1.1,
    "input_scaling": 0.05,
    "leak_rate": 0.5
  },
  "best_ridge": 1e-10,
  "val_curve": {
    "1e-10": 3.310621438700336e-10,
    "1e-08": 3.1164571639424197e-09,
    "1e-06": 4.813388280355669e-08,
    "0.0001": 5.051130295617329e-06,
    "0.01": 7.773401659601857e-05,
    "1.0": 0.005248784058215547
  },
  "val_metrics": {
    "nmse": 3.310621438700336e-10,
    "rmse": 4.100417292973944e-06
  },
  "test_metrics": {
    "nmse": 5.232803855744017e-11,
    "rmse": 1.4778644583111e-06
  },
  "timing": {
    "train_states_s": 0.018648000001121545,
    "ridge_select_s": 0.012810199998057215,
    "total_s": 0.05475469999873894
  },
  "timestamp": "2026-04-16T18:23:25.071123+00:00"
}