{
  "sweep_name": "region_selection_multitask_v1_mackey_glass",
  "config_id": "af3244f452ab",
  "seed": 1024,
  "config_point": {
    "spectral_radius": 1.1,
    "input_scaling": 0.05,
    "leak_rate": 0.5
  },
  "best_ridge": 1e-10,
  "val_curve": {
    "1e-10": 3.045375901633428e-11,
    "1e-08": 1.0400904131960992e-09,
    "1e-06": 8.033294834330034e-08,
    "0.0001": 2.475136043935924e-06,
    "0.01": 0.00019300650795622435,
    "1.0": 0.004528324641204122
  },
  "val_metrics": {
    "nmse": 3.045375901633428e-11,
    "rmse": 1.2436373259511056e-06
  },
  "test_metrics": {
    "nmse": 2.61394310740505e-11,
    "rmse": 1.0445168302681736e-06
  },
  "timing": {
    "train_states_s": 0.0189301999998861,
    "ridge_select_s": 0.0117151999984344,
    "total_s": 0.052951100002246676
  },
  "timestamp": "2026-04-16T18:23:25.135246+00:00"
}