{
  "sweep_name": "region_selection_multitask_v1_mackey_glass",
  "config_id": "af3244f452ab",
  "seed": 123,
  "config_point": {
    "spectral_radius": 1.1,
    "input_scaling": 0.05,
    "leak_rate": 0.5
  },
  "best_ridge": 1e-10,
  "val_curve": {
    "1e-10": 3.653461003386931e-10,
    "1e-08": 6.596530127751576e-09,
    "1e-06": 6.95285325295792e-08,
    "0.0001": 2.5623481205679336e-06,
    "0.01": 9.549479857836894e-05,
    "1.0": 0.006265884848707295
  },
  "val_metrics": {
    "nmse": 3.653461003386931e-10,
    "rmse": 4.3075024479455e-06
  },
  "test_metrics": {
    "nmse": 5.6095465788764075e-11,
    "rmse": 1.5301403086313414e-06
  },
  "timing": {
    "train_states_s": 0.01917140000296058,
    "ridge_select_s": 0.013221299999713665,
    "total_s": 0.05654979999962961
  },
  "timestamp": "2026-04-16T18:23:24.938761+00:00"
}