{
  "sweep_name": "region_selection_multitask_v1_mackey_glass",
  "config_id": "af3244f452ab",
  "seed": 456,
  "config_point": {
    "spectral_radius": 1.1,
    "input_scaling": 0.05,
    "leak_rate": 0.5
  },
  "best_ridge": 1e-10,
  "val_curve": {
    "1e-10": 2.530595862793803e-09,
    "1e-08": 3.169108069000557e-08,
    "1e-06": 9.478795114947229e-07,
    "0.0001": 6.172354869049581e-05,
    "0.01": 0.0005891999926036253,
    "1.0": 0.0022813394507205263
  },
  "val_metrics": {
    "nmse": 2.530595862793803e-09,
    "rmse": 1.133664877291347e-05
  },
  "test_metrics": {
    "nmse": 3.654017659599757e-10,
    "rmse": 3.905284679295048e-06
  },
  "timing": {
    "train_states_s": 0.018577999999251915,
    "ridge_select_s": 0.012241899999935413,
    "total_s": 0.05532409999796073
  },
  "timestamp": "2026-04-16T18:23:25.005262+00:00"
}