{
  "sweep_name": "region_selection_multitask_v1_mackey_glass",
  "config_id": "b05deac84252",
  "seed": 42,
  "config_point": {
    "spectral_radius": 0.8,
    "input_scaling": 0.15,
    "leak_rate": 0.5
  },
  "best_ridge": 1e-10,
  "val_curve": {
    "1e-10": 1.3700104956640515e-11,
    "1e-08": 4.779125337269282e-10,
    "1e-06": 2.071995891214747e-08,
    "0.0001": 6.148523844187805e-07,
    "0.01": 3.8058825968981105e-05,
    "1.0": 0.001483827547022405
  },
  "val_metrics": {
    "nmse": 1.3700104956640515e-11,
    "rmse": 8.341328826914745e-07
  },
  "test_metrics": {
    "nmse": 1.3658930067573624e-11,
    "rmse": 7.550500096238132e-07
  },
  "timing": {
    "train_states_s": 0.018754299999272916,
    "ridge_select_s": 0.012920599998324178,
    "total_s": 0.06230870000217692
  },
  "timestamp": "2026-04-16T18:22:52.028477+00:00"
}