{
  "sweep_name": "region_selection_multitask_v1_mackey_glass",
  "config_id": "b05deac84252",
  "seed": 1024,
  "config_point": {
    "spectral_radius": 0.8,
    "input_scaling": 0.15,
    "leak_rate": 0.5
  },
  "best_ridge": 1e-10,
  "val_curve": {
    "1e-10": 1.2741578687163447e-11,
    "1e-08": 4.350028832125919e-10,
    "1e-06": 1.541834645855832e-08,
    "0.0001": 8.02807224793193e-07,
    "0.01": 2.2473239273615356e-05,
    "1.0": 0.002425964061365176
  },
  "val_metrics": {
    "nmse": 1.2741578687163447e-11,
    "rmse": 8.044238071530473e-07
  },
  "test_metrics": {
    "nmse": 1.1810673901331493e-11,
    "rmse": 7.021092843742567e-07
  },
  "timing": {
    "train_states_s": 0.018527799998992123,
    "ridge_select_s": 0.011966199999733362,
    "total_s": 0.052465400000073714
  },
  "timestamp": "2026-04-16T18:22:52.285443+00:00"
}