{
  "sweep_name": "region_selection_multitask_v1_mackey_glass",
  "config_id": "b05deac84252",
  "seed": 456,
  "config_point": {
    "spectral_radius": 0.8,
    "input_scaling": 0.15,
    "leak_rate": 0.5
  },
  "best_ridge": 1e-10,
  "val_curve": {
    "1e-10": 9.14217976250584e-12,
    "1e-08": 3.5268813244392646e-10,
    "1e-06": 1.1333389650258433e-08,
    "0.0001": 3.896179937456271e-07,
    "0.01": 1.6355790853646854e-05,
    "1.0": 0.0015645013616941042
  },
  "val_metrics": {
    "nmse": 9.14217976250584e-12,
    "rmse": 6.813937930258384e-07
  },
  "test_metrics": {
    "nmse": 7.634877050415456e-12,
    "rmse": 5.645057897538858e-07
  },
  "timing": {
    "train_states_s": 0.018429899999318877,
    "ridge_select_s": 0.01212390000000596,
    "total_s": 0.05583610000030603
  },
  "timestamp": "2026-04-16T18:22:52.158515+00:00"
}