{
  "sweep_name": "region_selection_multitask_v1_mackey_glass",
  "config_id": "b05deac84252",
  "seed": 789,
  "config_point": {
    "spectral_radius": 0.8,
    "input_scaling": 0.15,
    "leak_rate": 0.5
  },
  "best_ridge": 1e-10,
  "val_curve": {
    "1e-10": 1.1605084889951217e-11,
    "1e-08": 3.49494118511836e-10,
    "1e-06": 1.0358827335488703e-08,
    "0.0001": 5.665492261434519e-07,
    "0.01": 2.188575816991705e-05,
    "1.0": 0.0011982696799738132
  },
  "val_metrics": {
    "nmse": 1.1605084889951217e-11,
    "rmse": 7.677104561325773e-07
  },
  "test_metrics": {
    "nmse": 1.017330983313874e-11,
    "rmse": 6.516261619773901e-07
  },
  "timing": {
    "train_states_s": 0.01769609999973909,
    "ridge_select_s": 0.012705599998298567,
    "total_s": 0.05247790000066743
  },
  "timestamp": "2026-04-16T18:22:52.222082+00:00"
}