{
  "sweep_name": "region_selection_multitask_v1_mackey_glass",
  "config_id": "b05deac84252",
  "seed": 123,
  "config_point": {
    "spectral_radius": 0.8,
    "input_scaling": 0.15,
    "leak_rate": 0.5
  },
  "best_ridge": 1e-10,
  "val_curve": {
    "1e-10": 1.9618159136903593e-11,
    "1e-08": 5.133756926038659e-10,
    "1e-06": 1.9179935411009036e-08,
    "0.0001": 5.618981282099892e-07,
    "0.01": 2.2426657330111876e-05,
    "1.0": 0.0018405319217236758
  },
  "val_metrics": {
    "nmse": 1.9618159136903593e-11,
    "rmse": 9.981651927776e-07
  },
  "test_metrics": {
    "nmse": 1.7899907271767378e-11,
    "rmse": 8.64356231361144e-07
  },
  "timing": {
    "train_states_s": 0.017651699999987613,
    "ridge_select_s": 0.011870999998791376,
    "total_s": 0.05219279999801074
  },
  "timestamp": "2026-04-16T18:22:52.091508+00:00"
}