{
  "sweep_name": "region_selection_multitask_v1_mackey_glass",
  "config_id": "b0a388a69d7d",
  "seed": 42,
  "config_point": {
    "spectral_radius": 0.6,
    "input_scaling": 0.1,
    "leak_rate": 0.5
  },
  "best_ridge": 1e-10,
  "val_curve": {
    "1e-10": 6.382179687142292e-11,
    "1e-08": 1.2637049315125007e-09,
    "1e-06": 8.910305518835195e-08,
    "0.0001": 2.851752715877144e-06,
    "0.01": 0.00012352416180921264,
    "1.0": 0.0019093152124230986
  },
  "val_metrics": {
    "nmse": 6.382179687142292e-11,
    "rmse": 1.8003535880036972e-06
  },
  "test_metrics": {
    "nmse": 6.186238468380351e-11,
    "rmse": 1.60686986200131e-06
  },
  "timing": {
    "train_states_s": 0.018377799999143463,
    "ridge_select_s": 0.011545100001967512,
    "total_s": 0.06790449999971315
  },
  "timestamp": "2026-04-16T18:22:25.869241+00:00"
}