{
  "sweep_name": "region_selection_multitask_v1_mackey_glass",
  "config_id": "b0a388a69d7d",
  "seed": 456,
  "config_point": {
    "spectral_radius": 0.6,
    "input_scaling": 0.1,
    "leak_rate": 0.5
  },
  "best_ridge": 1e-10,
  "val_curve": {
    "1e-10": 4.29702552970891e-11,
    "1e-08": 9.26741047740524e-10,
    "1e-06": 4.954960474432569e-08,
    "0.0001": 2.307231119469787e-06,
    "0.01": 6.348632204371686e-05,
    "1.0": 0.002011865355316877
  },
  "val_metrics": {
    "nmse": 4.29702552970891e-11,
    "rmse": 1.4772610997977929e-06
  },
  "test_metrics": {
    "nmse": 4.136589234610202e-11,
    "rmse": 1.313979456833862e-06
  },
  "timing": {
    "train_states_s": 0.018431800002872478,
    "ridge_select_s": 0.011979699997027637,
    "total_s": 0.05517780000081984
  },
  "timestamp": "2026-04-16T18:22:25.999096+00:00"
}