{
  "sweep_name": "region_selection_multitask_v1_mackey_glass",
  "config_id": "b0a388a69d7d",
  "seed": 789,
  "config_point": {
    "spectral_radius": 0.6,
    "input_scaling": 0.1,
    "leak_rate": 0.5
  },
  "best_ridge": 1e-10,
  "val_curve": {
    "1e-10": 5.637385851347317e-11,
    "1e-08": 1.0726882922236906e-09,
    "1e-06": 5.096841783738551e-08,
    "0.0001": 3.2406596310880588e-06,
    "0.01": 4.665225067837283e-05,
    "1.0": 0.001389739487432954
  },
  "val_metrics": {
    "nmse": 5.637385851347317e-11,
    "rmse": 1.692046038403549e-06
  },
  "test_metrics": {
    "nmse": 5.470510248109205e-11,
    "rmse": 1.5110585573171138e-06
  },
  "timing": {
    "train_states_s": 0.01766480000151205,
    "ridge_select_s": 0.01171260000046459,
    "total_s": 0.0523994999966817
  },
  "timestamp": "2026-04-16T18:22:26.062646+00:00"
}