{
  "sweep_name": "region_selection_multitask_v1_mackey_glass",
  "config_id": "b0a388a69d7d",
  "seed": 1024,
  "config_point": {
    "spectral_radius": 0.6,
    "input_scaling": 0.1,
    "leak_rate": 0.5
  },
  "best_ridge": 1e-10,
  "val_curve": {
    "1e-10": 1.0861954390933923e-10,
    "1e-08": 1.2231661154341809e-09,
    "1e-06": 4.845178281139229e-08,
    "0.0001": 3.1765288438912465e-06,
    "0.01": 0.00012503153125405884,
    "1.0": 0.0017815613843117702
  },
  "val_metrics": {
    "nmse": 1.0861954390933923e-10,
    "rmse": 2.34869856431797e-06
  },
  "test_metrics": {
    "nmse": 1.0303717475683565e-10,
    "rmse": 2.073787955032699e-06
  },
  "timing": {
    "train_states_s": 0.01857630000085919,
    "ridge_select_s": 0.011720400001649978,
    "total_s": 0.05284899999969639
  },
  "timestamp": "2026-04-16T18:22:26.126567+00:00"
}