{
  "sweep_name": "region_selection_multitask_v1_mackey_glass",
  "config_id": "b2c749c6874f",
  "seed": 123,
  "config_point": {
    "spectral_radius": 0.6,
    "input_scaling": 0.1,
    "leak_rate": 0.8
  },
  "best_ridge": 1e-10,
  "val_curve": {
    "1e-10": 2.2990776254641017e-11,
    "1e-08": 1.4085208735094949e-09,
    "1e-06": 3.0441190703631886e-08,
    "0.0001": 7.583582027066e-07,
    "0.01": 0.00011598826589968065,
    "1.0": 0.0007565911025522542
  },
  "val_metrics": {
    "nmse": 2.2990776254641017e-11,
    "rmse": 1.0805630491129118e-06
  },
  "test_metrics": {
    "nmse": 2.2562786590747164e-11,
    "rmse": 9.704289511719838e-07
  },
  "timing": {
    "train_states_s": 0.01866380000137724,
    "ridge_select_s": 0.012312499999097781,
    "total_s": 0.05317719999948167
  },
  "timestamp": "2026-04-16T18:22:26.946072+00:00"
}