{
  "sweep_name": "region_selection_multitask_v1_mackey_glass",
  "config_id": "b2c749c6874f",
  "seed": 1024,
  "config_point": {
    "spectral_radius": 0.6,
    "input_scaling": 0.1,
    "leak_rate": 0.8
  },
  "best_ridge": 1e-10,
  "val_curve": {
    "1e-10": 1.3179570893028486e-11,
    "1e-08": 1.0598184513997562e-09,
    "1e-06": 4.8246964338319826e-08,
    "0.0001": 8.057766576773886e-07,
    "0.01": 0.00014550456634187674,
    "1.0": 0.0007680786112306849
  },
  "val_metrics": {
    "nmse": 1.3179570893028486e-11,
    "rmse": 8.181330367969782e-07
  },
  "test_metrics": {
    "nmse": 1.3495703448971939e-11,
    "rmse": 7.505249599468533e-07
  },
  "timing": {
    "train_states_s": 0.01794250000239117,
    "ridge_select_s": 0.012074199999915436,
    "total_s": 0.052032399999006884
  },
  "timestamp": "2026-04-16T18:22:27.141502+00:00"
}