{
  "sweep_name": "region_selection_multitask_v1_mackey_glass",
  "config_id": "b2c749c6874f",
  "seed": 789,
  "config_point": {
    "spectral_radius": 0.6,
    "input_scaling": 0.1,
    "leak_rate": 0.8
  },
  "best_ridge": 1e-10,
  "val_curve": {
    "1e-10": 1.7493020918518427e-11,
    "1e-08": 1.0857096808580702e-09,
    "1e-06": 2.415824093348222e-08,
    "0.0001": 8.956673075051568e-07,
    "0.01": 6.0229778734103354e-05,
    "1.0": 0.0006178607876444329
  },
  "val_metrics": {
    "nmse": 1.7493020918518427e-11,
    "rmse": 9.425528319394262e-07
  },
  "test_metrics": {
    "nmse": 1.663753763840561e-11,
    "rmse": 8.333201861088539e-07
  },
  "timing": {
    "train_states_s": 0.018431000000418862,
    "ridge_select_s": 0.012174900002719369,
    "total_s": 0.05360799999834853
  },
  "timestamp": "2026-04-16T18:22:27.078270+00:00"
}