{
  "sweep_name": "region_selection_multitask_v1_mackey_glass",
  "config_id": "b4315343f14a",
  "seed": 1024,
  "config_point": {
    "spectral_radius": 1.1,
    "input_scaling": 0.3,
    "leak_rate": 0.8
  },
  "best_ridge": 1e-10,
  "val_curve": {
    "1e-10": 1.6780196482196415e-12,
    "1e-08": 3.5824711009826554e-11,
    "1e-06": 1.7928848427680577e-09,
    "0.0001": 2.4560350925745275e-07,
    "0.01": 1.0257491683842116e-05,
    "1.0": 0.00033415195951274197
  },
  "val_metrics": {
    "nmse": 1.6780196482196415e-12,
    "rmse": 2.9192535415637073e-07
  },
  "test_metrics": {
    "nmse": 1.930221226961535e-12,
    "rmse": 2.838382498878052e-07
  },
  "timing": {
    "train_states_s": 0.01898770000116201,
    "ridge_select_s": 0.011958399998547975,
    "total_s": 0.0531481000034546
  },
  "timestamp": "2026-04-16T18:23:34.280606+00:00"
}