{
  "sweep_name": "region_selection_multitask_v1_mackey_glass",
  "config_id": "b4315343f14a",
  "seed": 42,
  "config_point": {
    "spectral_radius": 1.1,
    "input_scaling": 0.3,
    "leak_rate": 0.8
  },
  "best_ridge": 1e-10,
  "val_curve": {
    "1e-10": 3.658716722194158e-12,
    "1e-08": 6.944995987114211e-11,
    "1e-06": 4.036422817855309e-09,
    "0.0001": 1.5961807153310688e-07,
    "0.01": 6.813997346580462e-06,
    "1.0": 0.0005811002045659224
  },
  "val_metrics": {
    "nmse": 3.658716722194158e-12,
    "rmse": 4.310599632446229e-07
  },
  "test_metrics": {
    "nmse": 3.382152726112131e-12,
    "rmse": 3.7571971492822063e-07
  },
  "timing": {
    "train_states_s": 0.01838859999770648,
    "ridge_select_s": 0.011958099999901606,
    "total_s": 0.06394609999915701
  },
  "timestamp": "2026-04-16T18:23:34.020542+00:00"
}