{
  "sweep_name": "region_selection_multitask_v1_mackey_glass",
  "config_id": "b4315343f14a",
  "seed": 123,
  "config_point": {
    "spectral_radius": 1.1,
    "input_scaling": 0.3,
    "leak_rate": 0.8
  },
  "best_ridge": 1e-10,
  "val_curve": {
    "1e-10": 1.5284097942967652e-12,
    "1e-08": 5.042512483606918e-11,
    "1e-06": 2.1025808834720126e-09,
    "0.0001": 1.0406792394520538e-07,
    "0.01": 8.66728537721284e-06,
    "1.0": 0.00016822245099290168
  },
  "val_metrics": {
    "nmse": 1.5284097942967652e-12,
    "rmse": 2.7860775508800036e-07
  },
  "test_metrics": {
    "nmse": 1.5430355792232172e-12,
    "rmse": 2.537788042494434e-07
  },
  "timing": {
    "train_states_s": 0.018423600002279272,
    "ridge_select_s": 0.012393400000291876,
    "total_s": 0.0544119000005594
  },
  "timestamp": "2026-04-16T18:23:34.085936+00:00"
}