{
  "sweep_name": "region_selection_multitask_v1_mackey_glass",
  "config_id": "b4315343f14a",
  "seed": 789,
  "config_point": {
    "spectral_radius": 1.1,
    "input_scaling": 0.3,
    "leak_rate": 0.8
  },
  "best_ridge": 1e-10,
  "val_curve": {
    "1e-10": 1.3907549329593846e-12,
    "1e-08": 4.589203904903352e-11,
    "1e-06": 2.3928283621351633e-09,
    "0.0001": 7.157549321502812e-08,
    "0.01": 2.8321849107732317e-06,
    "1.0": 0.00025891476846905007
  },
  "val_metrics": {
    "nmse": 1.3907549329593846e-12,
    "rmse": 2.6576549786105785e-07
  },
  "test_metrics": {
    "nmse": 1.1746450540020345e-12,
    "rmse": 2.214219666837542e-07
  },
  "timing": {
    "train_states_s": 0.01844139999957406,
    "ridge_select_s": 0.01152139999976498,
    "total_s": 0.0525484999998298
  },
  "timestamp": "2026-04-16T18:23:34.216212+00:00"
}