{
  "sweep_name": "region_selection_multitask_v1_mackey_glass",
  "config_id": "b47cc3cca0cd",
  "seed": 456,
  "config_point": {
    "spectral_radius": 0.6,
    "input_scaling": 0.15,
    "leak_rate": 0.7
  },
  "best_ridge": 1e-10,
  "val_curve": {
    "1e-10": 1.9060325159533905e-11,
    "1e-08": 3.9466639167354374e-10,
    "1e-06": 9.649126715219716e-09,
    "0.0001": 8.154067628095495e-07,
    "0.01": 2.7023616366639594e-05,
    "1.0": 0.0013743826670952202
  },
  "val_metrics": {
    "nmse": 1.9060325159533905e-11,
    "rmse": 9.838716518450742e-07
  },
  "test_metrics": {
    "nmse": 1.7119273105985846e-11,
    "rmse": 8.452983804011152e-07
  },
  "timing": {
    "train_states_s": 0.018691399996896507,
    "ridge_select_s": 0.012206999999762047,
    "total_s": 0.05633789999774308
  },
  "timestamp": "2026-04-16T18:22:28.744616+00:00"
}