{
  "sweep_name": "region_selection_multitask_v1_mackey_glass",
  "config_id": "b47cc3cca0cd",
  "seed": 123,
  "config_point": {
    "spectral_radius": 0.6,
    "input_scaling": 0.15,
    "leak_rate": 0.7
  },
  "best_ridge": 1e-10,
  "val_curve": {
    "1e-10": 2.482725210189373e-11,
    "1e-08": 7.031151246260507e-10,
    "1e-06": 1.8770529134803413e-08,
    "0.0001": 1.0008351251546302e-06,
    "0.01": 3.5651388488443415e-05,
    "1.0": 0.001061825749338755
  },
  "val_metrics": {
    "nmse": 2.482725210189373e-11,
    "rmse": 1.1228910543168829e-06
  },
  "test_metrics": {
    "nmse": 2.3235536383896035e-11,
    "rmse": 9.847902222182444e-07
  },
  "timing": {
    "train_states_s": 0.017759400001523318,
    "ridge_select_s": 0.012057200001436286,
    "total_s": 0.052230699999199715
  },
  "timestamp": "2026-04-16T18:22:28.676340+00:00"
}