{
  "sweep_name": "region_selection_multitask_v1_mackey_glass",
  "config_id": "b47cc3cca0cd",
  "seed": 789,
  "config_point": {
    "spectral_radius": 0.6,
    "input_scaling": 0.15,
    "leak_rate": 0.7
  },
  "best_ridge": 1e-10,
  "val_curve": {
    "1e-10": 2.2366181252642455e-11,
    "1e-08": 4.718679930133622e-10,
    "1e-06": 1.3955285444933528e-08,
    "0.0001": 1.1953748432830176e-06,
    "0.01": 1.93375574395836e-05,
    "1.0": 0.0008582555322409324
  },
  "val_metrics": {
    "nmse": 2.2366181252642455e-11,
    "rmse": 1.0657840460383193e-06
  },
  "test_metrics": {
    "nmse": 2.1150585772709646e-11,
    "rmse": 9.395687778246014e-07
  },
  "timing": {
    "train_states_s": 0.01762389999930747,
    "ridge_select_s": 0.012026000000332715,
    "total_s": 0.051751100003457395
  },
  "timestamp": "2026-04-16T18:22:28.807419+00:00"
}