{
  "sweep_name": "region_selection_multitask_v1_mackey_glass",
  "config_id": "b47cc3cca0cd",
  "seed": 42,
  "config_point": {
    "spectral_radius": 0.6,
    "input_scaling": 0.15,
    "leak_rate": 0.7
  },
  "best_ridge": 1e-10,
  "val_curve": {
    "1e-10": 2.228336516132876e-11,
    "1e-08": 6.384456025551327e-10,
    "1e-06": 1.9175340767512585e-08,
    "0.0001": 1.0576225846085995e-06,
    "0.01": 4.768579342262429e-05,
    "1.0": 0.0012350355534514169
  },
  "val_metrics": {
    "nmse": 2.228336516132876e-11,
    "rmse": 1.0638090570100482e-06
  },
  "test_metrics": {
    "nmse": 2.0544410715714878e-11,
    "rmse": 9.260068963298168e-07
  },
  "timing": {
    "train_states_s": 0.018818000000464963,
    "ridge_select_s": 0.01199569999880623,
    "total_s": 0.060026300001482014
  },
  "timestamp": "2026-04-16T18:22:28.613134+00:00"
}