{
  "sweep_name": "region_selection_multitask_v1_mackey_glass",
  "config_id": "b47cc3cca0cd",
  "seed": 1024,
  "config_point": {
    "spectral_radius": 0.6,
    "input_scaling": 0.15,
    "leak_rate": 0.7
  },
  "best_ridge": 1e-10,
  "val_curve": {
    "1e-10": 2.467174592032073e-11,
    "1e-08": 6.806016973769692e-10,
    "1e-06": 2.0477902656355046e-08,
    "0.0001": 1.0628758672002113e-06,
    "0.01": 5.8469011352490446e-05,
    "1.0": 0.0010873320713647692
  },
  "val_metrics": {
    "nmse": 2.467174592032073e-11,
    "rmse": 1.1193689007582648e-06
  },
  "test_metrics": {
    "nmse": 2.2680900728407013e-11,
    "rmse": 9.729656892983064e-07
  },
  "timing": {
    "train_states_s": 0.019173399999999674,
    "ridge_select_s": 0.012499399999796879,
    "total_s": 0.05396139999720617
  },
  "timestamp": "2026-04-16T18:22:28.872615+00:00"
}