{
  "sweep_name": "region_selection_multitask_v1_mackey_glass",
  "config_id": "b5cf1e3871f2",
  "seed": 123,
  "config_point": {
    "spectral_radius": 0.9,
    "input_scaling": 0.15,
    "leak_rate": 0.9
  },
  "best_ridge": 1e-10,
  "val_curve": {
    "1e-10": 3.9224749111107255e-12,
    "1e-08": 1.3830830490441782e-10,
    "1e-06": 3.1998125885601884e-09,
    "0.0001": 3.109031183569879e-07,
    "0.01": 1.4265340979231922e-05,
    "1.0": 0.0007868428770497446
  },
  "val_metrics": {
    "nmse": 3.9224749111107255e-12,
    "rmse": 4.463272285169501e-07
  },
  "test_metrics": {
    "nmse": 4.2869555270867674e-12,
    "rmse": 4.23001459431893e-07
  },
  "timing": {
    "train_states_s": 0.017718700000841636,
    "ridge_select_s": 0.012078600000677397,
    "total_s": 0.05218109999987064
  },
  "timestamp": "2026-04-16T18:23:05.749411+00:00"
}