{
  "sweep_name": "region_selection_multitask_v1_mackey_glass",
  "config_id": "b5cf1e3871f2",
  "seed": 789,
  "config_point": {
    "spectral_radius": 0.9,
    "input_scaling": 0.15,
    "leak_rate": 0.9
  },
  "best_ridge": 1e-10,
  "val_curve": {
    "1e-10": 2.861841364972884e-12,
    "1e-08": 1.0735862915024195e-10,
    "1e-06": 6.832115838805339e-09,
    "0.0001": 1.734137481790686e-07,
    "0.01": 1.0327630218288378e-05,
    "1.0": 0.0005889718687987199
  },
  "val_metrics": {
    "nmse": 2.861841364972884e-12,
    "rmse": 3.812379040275954e-07
  },
  "test_metrics": {
    "nmse": 2.3413598187626114e-12,
    "rmse": 3.1260898558897246e-07
  },
  "timing": {
    "train_states_s": 0.018113999998604413,
    "ridge_select_s": 0.011743700000806712,
    "total_s": 0.05175060000328813
  },
  "timestamp": "2026-04-16T18:23:05.878703+00:00"
}