{
  "sweep_name": "region_selection_multitask_v1_mackey_glass",
  "config_id": "b5cf1e3871f2",
  "seed": 1024,
  "config_point": {
    "spectral_radius": 0.9,
    "input_scaling": 0.15,
    "leak_rate": 0.9
  },
  "best_ridge": 1e-10,
  "val_curve": {
    "1e-10": 2.659450995624865e-12,
    "1e-08": 1.2581344377918044e-10,
    "1e-06": 1.0591848226895984e-08,
    "0.0001": 2.7950743570055306e-07,
    "0.01": 1.456865075054409e-05,
    "1.0": 0.0013977985680547799
  },
  "val_metrics": {
    "nmse": 2.659450995624865e-12,
    "rmse": 3.6751011016560925e-07
  },
  "test_metrics": {
    "nmse": 2.321853016341024e-12,
    "rmse": 3.1130402680480966e-07
  },
  "timing": {
    "train_states_s": 0.01842009999745642,
    "ridge_select_s": 0.011674600002152147,
    "total_s": 0.05223140000089188
  },
  "timestamp": "2026-04-16T18:23:05.941844+00:00"
}