{
  "sweep_name": "region_selection_multitask_v1_mackey_glass",
  "config_id": "b5cf1e3871f2",
  "seed": 42,
  "config_point": {
    "spectral_radius": 0.9,
    "input_scaling": 0.15,
    "leak_rate": 0.9
  },
  "best_ridge": 1e-10,
  "val_curve": {
    "1e-10": 3.517711449205767e-12,
    "1e-08": 2.4457944806387405e-10,
    "1e-06": 5.726750963572427e-09,
    "0.0001": 2.961723584373097e-07,
    "0.01": 2.660063932500977e-05,
    "1.0": 0.0004607122581975103
  },
  "val_metrics": {
    "nmse": 3.517711449205767e-12,
    "rmse": 4.2267192425463674e-07
  },
  "test_metrics": {
    "nmse": 3.1966393004509273e-12,
    "rmse": 3.652701592289842e-07
  },
  "timing": {
    "train_states_s": 0.01849939999738126,
    "ridge_select_s": 0.011772500001825392,
    "total_s": 0.06629469999825233
  },
  "timestamp": "2026-04-16T18:23:05.685981+00:00"
}