{
  "sweep_name": "region_selection_multitask_v1_mackey_glass",
  "config_id": "b5cf1e3871f2",
  "seed": 456,
  "config_point": {
    "spectral_radius": 0.9,
    "input_scaling": 0.15,
    "leak_rate": 0.9
  },
  "best_ridge": 1e-10,
  "val_curve": {
    "1e-10": 1.623773614768892e-12,
    "1e-08": 1.2176241558893133e-10,
    "1e-06": 5.990336812389322e-09,
    "0.0001": 1.6165737992877316e-07,
    "0.01": 7.155617574634033e-06,
    "1.0": 0.0008238147748873818
  },
  "val_metrics": {
    "nmse": 1.623773614768892e-12,
    "rmse": 2.871679943329491e-07
  },
  "test_metrics": {
    "nmse": 1.482253216925851e-12,
    "rmse": 2.4873023344768537e-07
  },
  "timing": {
    "train_states_s": 0.018990800002939068,
    "ridge_select_s": 0.0119568000009167,
    "total_s": 0.05487670000002254
  },
  "timestamp": "2026-04-16T18:23:05.815996+00:00"
}