{
  "sweep_name": "region_selection_multitask_v1_mackey_glass",
  "config_id": "b7758828505f",
  "seed": 1024,
  "config_point": {
    "spectral_radius": 1.1,
    "input_scaling": 0.1,
    "leak_rate": 0.9
  },
  "best_ridge": 1e-10,
  "val_curve": {
    "1e-10": 1.635583096547664e-11,
    "1e-08": 1.7682944442198553e-10,
    "1e-06": 1.6655999099271878e-08,
    "0.0001": 5.020211145353035e-07,
    "0.01": 4.034204681630251e-05,
    "1.0": 0.0012793768788192895
  },
  "val_metrics": {
    "nmse": 1.635583096547664e-11,
    "rmse": 9.114012117380636e-07
  },
  "test_metrics": {
    "nmse": 5.433088422700967e-12,
    "rmse": 4.7620150461660647e-07
  },
  "timing": {
    "train_states_s": 0.01839079999990645,
    "ridge_select_s": 0.011681800002406817,
    "total_s": 0.051981399999931455
  },
  "timestamp": "2026-04-16T18:23:28.553361+00:00"
}