{
  "sweep_name": "region_selection_multitask_v1_mackey_glass",
  "config_id": "b7758828505f",
  "seed": 789,
  "config_point": {
    "spectral_radius": 1.1,
    "input_scaling": 0.1,
    "leak_rate": 0.9
  },
  "best_ridge": 1e-10,
  "val_curve": {
    "1e-10": 3.867819535718701e-11,
    "1e-08": 1.434205392095698e-09,
    "1e-06": 1.0381772955164199e-08,
    "0.0001": 1.8034040889858653e-07,
    "0.01": 1.354979469814843e-05,
    "1.0": 0.0011023954410062991
  },
  "val_metrics": {
    "nmse": 3.867819535718701e-11,
    "rmse": 1.401542901669835e-06
  },
  "test_metrics": {
    "nmse": 1.0586682640999763e-11,
    "rmse": 6.647331292515293e-07
  },
  "timing": {
    "train_states_s": 0.01903630000015255,
    "ridge_select_s": 0.011792099998274352,
    "total_s": 0.05387450000125682
  },
  "timestamp": "2026-04-16T18:23:28.490242+00:00"
}