{
  "sweep_name": "region_selection_multitask_v1_mackey_glass",
  "config_id": "b7758828505f",
  "seed": 123,
  "config_point": {
    "spectral_radius": 1.1,
    "input_scaling": 0.1,
    "leak_rate": 0.9
  },
  "best_ridge": 1e-10,
  "val_curve": {
    "1e-10": 5.575504805103955e-09,
    "1e-08": 3.053419244482031e-08,
    "1e-06": 5.02171550092697e-08,
    "0.0001": 6.110070139915945e-07,
    "0.01": 1.3112882288731218e-05,
    "1.0": 0.0013792064253456964
  },
  "val_metrics": {
    "nmse": 5.575504805103955e-09,
    "rmse": 1.6827336988160928e-05
  },
  "test_metrics": {
    "nmse": 1.819176639810638e-10,
    "rmse": 2.7555278956751265e-06
  },
  "timing": {
    "train_states_s": 0.018683900001633447,
    "ridge_select_s": 0.012559999999211868,
    "total_s": 0.054885099998500664
  },
  "timestamp": "2026-04-16T18:23:28.356782+00:00"
}