{
  "sweep_name": "region_selection_multitask_v1_mackey_glass",
  "config_id": "b7758828505f",
  "seed": 456,
  "config_point": {
    "spectral_radius": 1.1,
    "input_scaling": 0.1,
    "leak_rate": 0.9
  },
  "best_ridge": 1e-10,
  "val_curve": {
    "1e-10": 5.382756920278326e-08,
    "1e-08": 5.4493804628620395e-08,
    "1e-06": 1.2511816074089378e-07,
    "0.0001": 1.5252650484546886e-06,
    "0.01": 3.726866695689513e-05,
    "1.0": 0.00194629065676832
  },
  "val_metrics": {
    "nmse": 5.382756920278326e-08,
    "rmse": 5.22848274214853e-05
  },
  "test_metrics": {
    "nmse": 4.3453387522458015e-08,
    "rmse": 4.258721066610215e-05
  },
  "timing": {
    "train_states_s": 0.01913750000312575,
    "ridge_select_s": 0.012079399999493035,
    "total_s": 0.057586900002206676
  },
  "timestamp": "2026-04-16T18:23:28.425614+00:00"
}