{
  "sweep_name": "region_selection_multitask_v1_mackey_glass",
  "config_id": "b7ca5cc723dc",
  "seed": 456,
  "config_point": {
    "spectral_radius": 0.7,
    "input_scaling": 0.1,
    "leak_rate": 0.8
  },
  "best_ridge": 1e-10,
  "val_curve": {
    "1e-10": 1.4542910762329805e-11,
    "1e-08": 2.952763379751497e-10,
    "1e-06": 9.869340299040368e-09,
    "0.0001": 9.115765224114026e-07,
    "0.01": 3.631126262692621e-05,
    "1.0": 0.001459754832383601
  },
  "val_metrics": {
    "nmse": 1.4542910762329805e-11,
    "rmse": 8.594071538294528e-07
  },
  "test_metrics": {
    "nmse": 1.2980261445212926e-11,
    "rmse": 7.360530162028922e-07
  },
  "timing": {
    "train_states_s": 0.017639199999393895,
    "ridge_select_s": 0.011903300000994932,
    "total_s": 0.053667799998947885
  },
  "timestamp": "2026-04-16T18:22:39.116842+00:00"
}