{
  "sweep_name": "region_selection_multitask_v1_mackey_glass",
  "config_id": "b8198960514a",
  "seed": 456,
  "config_point": {
    "spectral_radius": 1.1,
    "input_scaling": 0.15,
    "leak_rate": 1.0
  },
  "best_ridge": 1e-08,
  "val_curve": {
    "1e-10": 3.527452177206148e-07,
    "1e-08": 1.6996483885279946e-07,
    "1e-06": 2.746088178808494e-07,
    "0.0001": 2.399639449829066e-06,
    "0.01": 1.6397972773929272e-05,
    "1.0": 0.0006802691188772696
  },
  "val_metrics": {
    "nmse": 1.6996483885279946e-07,
    "rmse": 9.29079416054967e-05
  },
  "test_metrics": {
    "nmse": 1.8301025642908817e-06,
    "rmse": 0.00027637903203594664
  },
  "timing": {
    "train_states_s": 0.018542199999501463,
    "ridge_select_s": 0.012264199998753611,
    "total_s": 0.05604040000253008
  },
  "timestamp": "2026-04-16T18:23:30.760912+00:00"
}