{
  "sweep_name": "region_selection_multitask_v1_mackey_glass",
  "config_id": "b91874646580",
  "seed": 789,
  "config_point": {
    "spectral_radius": 1.0,
    "input_scaling": 0.2,
    "leak_rate": 0.6
  },
  "best_ridge": 1e-10,
  "val_curve": {
    "1e-10": 3.080234717463479e-12,
    "1e-08": 1.234979294605472e-10,
    "1e-06": 4.876644122327234e-09,
    "0.0001": 3.1298849542593384e-07,
    "0.01": 7.170719499508797e-06,
    "1.0": 0.0005689886719941319
  },
  "val_metrics": {
    "nmse": 3.080234717463479e-12,
    "rmse": 3.9551704159679284e-07
  },
  "test_metrics": {
    "nmse": 2.784003023657884e-12,
    "rmse": 3.408805547790756e-07
  },
  "timing": {
    "train_states_s": 0.019199499998649117,
    "ridge_select_s": 0.012420899998687673,
    "total_s": 0.05461490000016056
  },
  "timestamp": "2026-04-16T18:23:19.147727+00:00"
}