{
  "sweep_name": "region_selection_multitask_v1_mackey_glass",
  "config_id": "b91874646580",
  "seed": 456,
  "config_point": {
    "spectral_radius": 1.0,
    "input_scaling": 0.2,
    "leak_rate": 0.6
  },
  "best_ridge": 1e-10,
  "val_curve": {
    "1e-10": 3.2153354296752144e-12,
    "1e-08": 1.3784026296174128e-10,
    "1e-06": 6.275147014567721e-09,
    "0.0001": 2.2022388227058517e-07,
    "0.01": 1.0382287448273514e-05,
    "1.0": 0.0003961589764818259
  },
  "val_metrics": {
    "nmse": 3.2153354296752144e-12,
    "rmse": 4.0409775518653993e-07
  },
  "test_metrics": {
    "nmse": 1.915908862128527e-12,
    "rmse": 2.8278397819935135e-07
  },
  "timing": {
    "train_states_s": 0.01765959999829647,
    "ridge_select_s": 0.012815599999157712,
    "total_s": 0.05413820000103442
  },
  "timestamp": "2026-04-16T18:23:19.078188+00:00"
}