{
  "sweep_name": "region_selection_multitask_v1_mackey_glass",
  "config_id": "bb42fed7ad80",
  "seed": 123,
  "config_point": {
    "spectral_radius": 0.9,
    "input_scaling": 0.15,
    "leak_rate": 0.7
  },
  "best_ridge": 1e-10,
  "val_curve": {
    "1e-10": 4.592718430227398e-12,
    "1e-08": 1.6304810248190258e-10,
    "1e-06": 7.490363425722797e-09,
    "0.0001": 3.70736781001025e-07,
    "0.01": 1.5945838825662367e-05,
    "1.0": 0.0008739004922280345
  },
  "val_metrics": {
    "nmse": 4.592718430227398e-12,
    "rmse": 4.829567109009989e-07
  },
  "test_metrics": {
    "nmse": 4.9726974714382715e-12,
    "rmse": 4.555786841878518e-07
  },
  "timing": {
    "train_states_s": 0.017689500000415137,
    "ridge_select_s": 0.012504199999966659,
    "total_s": 0.05291220000071917
  },
  "timestamp": "2026-04-16T18:23:05.091148+00:00"
}