{
  "sweep_name": "region_selection_multitask_v1_mackey_glass",
  "config_id": "bb42fed7ad80",
  "seed": 456,
  "config_point": {
    "spectral_radius": 0.9,
    "input_scaling": 0.15,
    "leak_rate": 0.7
  },
  "best_ridge": 1e-10,
  "val_curve": {
    "1e-10": 3.24201759017183e-12,
    "1e-08": 1.5560939972382986e-10,
    "1e-06": 5.7810673958391986e-09,
    "0.0001": 2.0122945963760302e-07,
    "0.01": 1.1489295359812625e-05,
    "1.0": 0.0010033785777505265
  },
  "val_metrics": {
    "nmse": 3.24201759017183e-12,
    "rmse": 4.057709748174977e-07
  },
  "test_metrics": {
    "nmse": 2.97489498503891e-12,
    "rmse": 3.5237346455855903e-07
  },
  "timing": {
    "train_states_s": 0.018675300001632422,
    "ridge_select_s": 0.012561100000311853,
    "total_s": 0.0561481000004278
  },
  "timestamp": "2026-04-16T18:23:05.158248+00:00"
}