{
  "sweep_name": "region_selection_multitask_v1_mackey_glass",
  "config_id": "bb42fed7ad80",
  "seed": 1024,
  "config_point": {
    "spectral_radius": 0.9,
    "input_scaling": 0.15,
    "leak_rate": 0.7
  },
  "best_ridge": 1e-10,
  "val_curve": {
    "1e-10": 3.2082130858583432e-12,
    "1e-08": 1.277013818357428e-10,
    "1e-06": 9.017391593120403e-09,
    "0.0001": 4.000527637229316e-07,
    "0.01": 1.8786828626538058e-05,
    "1.0": 0.0016325108756349578
  },
  "val_metrics": {
    "nmse": 3.2082130858583432e-12,
    "rmse": 4.0364994517984363e-07
  },
  "test_metrics": {
    "nmse": 2.968103935748549e-12,
    "rmse": 3.5197103811861955e-07
  },
  "timing": {
    "train_states_s": 0.01842670000041835,
    "ridge_select_s": 0.012130499999329913,
    "total_s": 0.055221200000232784
  },
  "timestamp": "2026-04-16T18:23:05.288064+00:00"
}