{
  "sweep_name": "region_selection_multitask_v1_mackey_glass",
  "config_id": "bc1688d5c650",
  "seed": 1024,
  "config_point": {
    "spectral_radius": 1.0,
    "input_scaling": 0.2,
    "leak_rate": 0.7
  },
  "best_ridge": 1e-10,
  "val_curve": {
    "1e-10": 1.8794118681491507e-12,
    "1e-08": 8.951000433836808e-11,
    "1e-06": 5.798807749161464e-09,
    "0.0001": 4.395437624202117e-07,
    "0.01": 8.662818024576277e-06,
    "1.0": 0.0009012531239622653
  },
  "val_metrics": {
    "nmse": 1.8794118681491507e-12,
    "rmse": 3.089472098515502e-07
  },
  "test_metrics": {
    "nmse": 2.0086059762911574e-12,
    "rmse": 2.8954412144001885e-07
  },
  "timing": {
    "train_states_s": 0.019252300000516698,
    "ridge_select_s": 0.012458699999115197,
    "total_s": 0.054241399997408735
  },
  "timestamp": "2026-04-16T18:23:19.545222+00:00"
}