{
  "sweep_name": "region_selection_multitask_v1_mackey_glass",
  "config_id": "bc1688d5c650",
  "seed": 456,
  "config_point": {
    "spectral_radius": 1.0,
    "input_scaling": 0.2,
    "leak_rate": 0.7
  },
  "best_ridge": 1e-10,
  "val_curve": {
    "1e-10": 5.5328404712095215e-12,
    "1e-08": 1.1266704133731217e-10,
    "1e-06": 4.701500228584285e-09,
    "0.0001": 2.1554073237616203e-07,
    "0.01": 1.0410260761180574e-05,
    "1.0": 0.0003730793073279224
  },
  "val_metrics": {
    "nmse": 5.5328404712095215e-12,
    "rmse": 5.300872629792732e-07
  },
  "test_metrics": {
    "nmse": 1.833070239014272e-12,
    "rmse": 2.766030279049871e-07
  },
  "timing": {
    "train_states_s": 0.019355199998244643,
    "ridge_select_s": 0.0129175000001851,
    "total_s": 0.05703139999968698
  },
  "timestamp": "2026-04-16T18:23:19.416803+00:00"
}