{
  "sweep_name": "region_selection_multitask_v1_mackey_glass",
  "config_id": "bc1688d5c650",
  "seed": 789,
  "config_point": {
    "spectral_radius": 1.0,
    "input_scaling": 0.2,
    "leak_rate": 0.7
  },
  "best_ridge": 1e-10,
  "val_curve": {
    "1e-10": 2.3203292521320754e-12,
    "1e-08": 8.84139733970099e-11,
    "1e-06": 4.6543924392778285e-09,
    "0.0001": 2.717592758596796e-07,
    "0.01": 6.7462337753053834e-06,
    "1.0": 0.0005383225631912135
  },
  "val_metrics": {
    "nmse": 2.3203292521320754e-12,
    "rmse": 3.432796845693331e-07
  },
  "test_metrics": {
    "nmse": 2.033971390631035e-12,
    "rmse": 2.9136662047452455e-07
  },
  "timing": {
    "train_states_s": 0.01779770000212011,
    "ridge_select_s": 0.012551300002087373,
    "total_s": 0.05243699999846285
  },
  "timestamp": "2026-04-16T18:23:19.480084+00:00"
}