{
  "sweep_name": "region_selection_multitask_v1_mackey_glass",
  "config_id": "bd5c97f318a4",
  "seed": 123,
  "config_point": {
    "spectral_radius": 0.8,
    "input_scaling": 0.2,
    "leak_rate": 0.7
  },
  "best_ridge": 1e-10,
  "val_curve": {
    "1e-10": 6.74903543526258e-12,
    "1e-08": 1.6594308237651812e-10,
    "1e-06": 7.929146075026638e-09,
    "0.0001": 2.6176553768563045e-07,
    "0.01": 1.2081254337471565e-05,
    "1.0": 0.000971782399649144
  },
  "val_metrics": {
    "nmse": 6.74903543526258e-12,
    "rmse": 5.854558488483905e-07
  },
  "test_metrics": {
    "nmse": 7.047574284179513e-12,
    "rmse": 5.423594451849648e-07
  },
  "timing": {
    "train_states_s": 0.01776409999729367,
    "ridge_select_s": 0.011967300000833347,
    "total_s": 0.051867400001356145
  },
  "timestamp": "2026-04-16T18:22:54.823123+00:00"
}