{
  "sweep_name": "region_selection_multitask_v1_mackey_glass",
  "config_id": "bd5c97f318a4",
  "seed": 456,
  "config_point": {
    "spectral_radius": 0.8,
    "input_scaling": 0.2,
    "leak_rate": 0.7
  },
  "best_ridge": 1e-10,
  "val_curve": {
    "1e-10": 3.5253130971728524e-12,
    "1e-08": 1.4829188718351782e-10,
    "1e-06": 6.8555392444473945e-09,
    "0.0001": 1.7002948574145567e-07,
    "0.01": 7.624591800745522e-06,
    "1.0": 0.0007749164937302845
  },
  "val_metrics": {
    "nmse": 3.5253130971728524e-12,
    "rmse": 4.231283672143573e-07
  },
  "test_metrics": {
    "nmse": 3.0441808926459687e-12,
    "rmse": 3.5645327113545904e-07
  },
  "timing": {
    "train_states_s": 0.018768499998259358,
    "ridge_select_s": 0.012096900001779431,
    "total_s": 0.05597280000074534
  },
  "timestamp": "2026-04-16T18:22:54.889920+00:00"
}