{
  "sweep_name": "region_selection_multitask_v1_mackey_glass",
  "config_id": "bd5c97f318a4",
  "seed": 1024,
  "config_point": {
    "spectral_radius": 0.8,
    "input_scaling": 0.2,
    "leak_rate": 0.7
  },
  "best_ridge": 1e-10,
  "val_curve": {
    "1e-10": 4.772567935978453e-12,
    "1e-08": 1.7230964500372934e-10,
    "1e-06": 1.0474577841716408e-08,
    "0.0001": 4.999246481832955e-07,
    "0.01": 1.2194173636740305e-05,
    "1.0": 0.0011781852315514859
  },
  "val_metrics": {
    "nmse": 4.772567935978453e-12,
    "rmse": 4.923221261477761e-07
  },
  "test_metrics": {
    "nmse": 4.338084751323156e-12,
    "rmse": 4.255164880086415e-07
  },
  "timing": {
    "train_states_s": 0.018940800000564195,
    "ridge_select_s": 0.011853699998027878,
    "total_s": 0.052956100000301376
  },
  "timestamp": "2026-04-16T18:22:55.017569+00:00"
}