{
  "sweep_name": "region_selection_multitask_v1_mackey_glass",
  "config_id": "bd5c97f318a4",
  "seed": 42,
  "config_point": {
    "spectral_radius": 0.8,
    "input_scaling": 0.2,
    "leak_rate": 0.7
  },
  "best_ridge": 1e-10,
  "val_curve": {
    "1e-10": 6.24034519489654e-12,
    "1e-08": 2.2546716015300981e-10,
    "1e-06": 8.252642752615327e-09,
    "0.0001": 2.2489137636231695e-07,
    "0.01": 1.842063314661473e-05,
    "1.0": 0.0008002755014650488
  },
  "val_metrics": {
    "nmse": 6.24034519489654e-12,
    "rmse": 5.629600828166408e-07
  },
  "test_metrics": {
    "nmse": 5.8331906311931385e-12,
    "rmse": 4.934242179872484e-07
  },
  "timing": {
    "train_states_s": 0.018458900001860457,
    "ridge_select_s": 0.012161700000433484,
    "total_s": 0.056067900000925874
  },
  "timestamp": "2026-04-16T18:22:54.760129+00:00"
}