{
  "sweep_name": "region_selection_multitask_v1_mackey_glass",
  "config_id": "bf8866ab4036",
  "seed": 456,
  "config_point": {
    "spectral_radius": 0.9,
    "input_scaling": 0.2,
    "leak_rate": 0.6
  },
  "best_ridge": 1e-10,
  "val_curve": {
    "1e-10": 2.664820356315145e-12,
    "1e-08": 1.0488566228885818e-10,
    "1e-06": 5.34239462227098e-09,
    "0.0001": 2.9138354378131494e-07,
    "0.01": 1.2333560272682463e-05,
    "1.0": 0.0006855636884792455
  },
  "val_metrics": {
    "nmse": 2.664820356315145e-12,
    "rmse": 3.6788091965581344e-07
  },
  "test_metrics": {
    "nmse": 2.460195090840216e-12,
    "rmse": 3.2044400458489763e-07
  },
  "timing": {
    "train_states_s": 0.01778310000008787,
    "ridge_select_s": 0.012438000001566252,
    "total_s": 0.05403120000119088
  },
  "timestamp": "2026-04-16T18:23:06.849095+00:00"
}