{
  "sweep_name": "region_selection_multitask_v1_mackey_glass",
  "config_id": "bf8866ab4036",
  "seed": 1024,
  "config_point": {
    "spectral_radius": 0.9,
    "input_scaling": 0.2,
    "leak_rate": 0.6
  },
  "best_ridge": 1e-10,
  "val_curve": {
    "1e-10": 4.973474181031535e-12,
    "1e-08": 1.6018698653038376e-10,
    "1e-06": 6.6521105485592245e-09,
    "0.0001": 4.69388101683741e-07,
    "0.01": 1.6383478686064273e-05,
    "1.0": 0.001047449829258956
  },
  "val_metrics": {
    "nmse": 4.973474181031535e-12,
    "rmse": 5.02577716481368e-07
  },
  "test_metrics": {
    "nmse": 4.41583178966902e-12,
    "rmse": 4.2931260260576195e-07
  },
  "timing": {
    "train_states_s": 0.018324100001336774,
    "ridge_select_s": 0.012558300000819145,
    "total_s": 0.052900599999702536
  },
  "timestamp": "2026-04-16T18:23:06.979098+00:00"
}