{
  "sweep_name": "region_selection_multitask_v1_mackey_glass",
  "config_id": "bf8866ab4036",
  "seed": 123,
  "config_point": {
    "spectral_radius": 0.9,
    "input_scaling": 0.2,
    "leak_rate": 0.6
  },
  "best_ridge": 1e-10,
  "val_curve": {
    "1e-10": 4.880284957559644e-12,
    "1e-08": 1.9726554637806373e-10,
    "1e-06": 9.17631955280774e-09,
    "0.0001": 2.480725122302237e-07,
    "0.01": 1.0424516728159319e-05,
    "1.0": 0.00059788619208085
  },
  "val_metrics": {
    "nmse": 4.880284957559644e-12,
    "rmse": 4.978469896155783e-07
  },
  "test_metrics": {
    "nmse": 4.8159232706699145e-12,
    "rmse": 4.483396579671427e-07
  },
  "timing": {
    "train_states_s": 0.018665100000362145,
    "ridge_select_s": 0.012267800000699935,
    "total_s": 0.05413550000230316
  },
  "timestamp": "2026-04-16T18:23:06.783844+00:00"
}