{
  "sweep_name": "region_selection_multitask_v1_mackey_glass",
  "config_id": "bf8866ab4036",
  "seed": 42,
  "config_point": {
    "spectral_radius": 0.9,
    "input_scaling": 0.2,
    "leak_rate": 0.6
  },
  "best_ridge": 1e-10,
  "val_curve": {
    "1e-10": 6.999831610672457e-12,
    "1e-08": 1.8149739639328278e-10,
    "1e-06": 1.2075964642509778e-08,
    "0.0001": 3.0608206688134353e-07,
    "0.01": 2.1696964106770076e-05,
    "1.0": 0.0007232981402754595
  },
  "val_metrics": {
    "nmse": 6.999831610672457e-12,
    "rmse": 5.962344851005799e-07
  },
  "test_metrics": {
    "nmse": 7.250609403983093e-12,
    "rmse": 5.501164499137057e-07
  },
  "timing": {
    "train_states_s": 0.018674799997825176,
    "ridge_select_s": 0.012329399996815482,
    "total_s": 0.08979770000223652
  },
  "timestamp": "2026-04-16T18:23:06.718506+00:00"
}