{
  "sweep_name": "region_selection_multitask_v1_mackey_glass",
  "config_id": "c80ccdb43523",
  "seed": 42,
  "config_point": {
    "spectral_radius": 0.7,
    "input_scaling": 0.3,
    "leak_rate": 0.5
  },
  "best_ridge": 1e-10,
  "val_curve": {
    "1e-10": 1.1056423000954101e-11,
    "1e-08": 3.134818022090172e-10,
    "1e-06": 1.0585464755851696e-08,
    "0.0001": 4.1453562358069456e-07,
    "0.01": 1.3159025234201915e-05,
    "1.0": 0.0010329514092090445
  },
  "val_metrics": {
    "nmse": 1.1056423000954101e-11,
    "rmse": 7.493429362686854e-07
  },
  "test_metrics": {
    "nmse": 9.635990573052405e-12,
    "rmse": 6.341844074477575e-07
  },
  "timing": {
    "train_states_s": 0.01859859999967739,
    "ridge_select_s": 0.01215050000246265,
    "total_s": 0.06460259999948903
  },
  "timestamp": "2026-04-16T18:22:43.944000+00:00"
}