{
  "sweep_name": "region_selection_multitask_v1_mackey_glass",
  "config_id": "c80ccdb43523",
  "seed": 789,
  "config_point": {
    "spectral_radius": 0.7,
    "input_scaling": 0.3,
    "leak_rate": 0.5
  },
  "best_ridge": 1e-10,
  "val_curve": {
    "1e-10": 1.0576820468841459e-11,
    "1e-08": 3.1395657045276655e-10,
    "1e-06": 7.715869483096039e-09,
    "0.0001": 2.651011813495131e-07,
    "0.01": 1.4587745405844396e-05,
    "1.0": 0.0004146224414901064
  },
  "val_metrics": {
    "nmse": 1.0576820468841459e-11,
    "rmse": 7.329103609323492e-07
  },
  "test_metrics": {
    "nmse": 9.72130557792782e-12,
    "rmse": 6.369856873541815e-07
  },
  "timing": {
    "train_states_s": 0.01789669999925536,
    "ridge_select_s": 0.011962300002778647,
    "total_s": 0.05186440000034054
  },
  "timestamp": "2026-04-16T18:22:44.137533+00:00"
}