{
  "sweep_name": "region_selection_multitask_v1_mackey_glass",
  "config_id": "c80ccdb43523",
  "seed": 123,
  "config_point": {
    "spectral_radius": 0.7,
    "input_scaling": 0.3,
    "leak_rate": 0.5
  },
  "best_ridge": 1e-10,
  "val_curve": {
    "1e-10": 1.3525599862646338e-11,
    "1e-08": 3.340387065801013e-10,
    "1e-06": 1.2121734748416234e-08,
    "0.0001": 4.3852251401262275e-07,
    "0.01": 1.196508381804426e-05,
    "1.0": 0.0007515500491495217
  },
  "val_metrics": {
    "nmse": 1.3525599862646338e-11,
    "rmse": 8.288034734517219e-07
  },
  "test_metrics": {
    "nmse": 1.1974179562195703e-11,
    "rmse": 7.069525411820892e-07
  },
  "timing": {
    "train_states_s": 0.0177932000005967,
    "ridge_select_s": 0.012633300000743475,
    "total_s": 0.05274780000036117
  },
  "timestamp": "2026-04-16T18:22:44.007686+00:00"
}