{
  "sweep_name": "region_selection_multitask_v1_mackey_glass",
  "config_id": "c80ccdb43523",
  "seed": 1024,
  "config_point": {
    "spectral_radius": 0.7,
    "input_scaling": 0.3,
    "leak_rate": 0.5
  },
  "best_ridge": 1e-10,
  "val_curve": {
    "1e-10": 1.6585631721499516e-11,
    "1e-08": 4.1096431115975976e-10,
    "1e-06": 8.995122559282095e-09,
    "0.0001": 5.146239528080837e-07,
    "0.01": 1.3942600238214873e-05,
    "1.0": 0.0009022840898511021
  },
  "val_metrics": {
    "nmse": 1.6585631721499516e-11,
    "rmse": 9.177815095778985e-07
  },
  "test_metrics": {
    "nmse": 1.405746118908484e-11,
    "rmse": 7.659859844872025e-07
  },
  "timing": {
    "train_states_s": 0.01890089999869815,
    "ridge_select_s": 0.012181199999758974,
    "total_s": 0.05296430000089458
  },
  "timestamp": "2026-04-16T18:22:44.201647+00:00"
}