{
  "sweep_name": "region_selection_multitask_v1_mackey_glass",
  "config_id": "c80ccdb43523",
  "seed": 456,
  "config_point": {
    "spectral_radius": 0.7,
    "input_scaling": 0.3,
    "leak_rate": 0.5
  },
  "best_ridge": 1e-10,
  "val_curve": {
    "1e-10": 6.4717160463688515e-12,
    "1e-08": 2.3545858580338525e-10,
    "1e-06": 7.814062416868977e-09,
    "0.0001": 2.3611413442302782e-07,
    "0.01": 9.806665371875712e-06,
    "1.0": 0.0006224492786219542
  },
  "val_metrics": {
    "nmse": 6.4717160463688515e-12,
    "rmse": 5.733014257368068e-07
  },
  "test_metrics": {
    "nmse": 6.883780432791473e-12,
    "rmse": 5.360198605645128e-07
  },
  "timing": {
    "train_states_s": 0.018494199997803662,
    "ridge_select_s": 0.011755300001823343,
    "total_s": 0.055668699998932425
  },
  "timestamp": "2026-04-16T18:22:44.074498+00:00"
}