{
  "sweep_name": "region_selection_multitask_v1_mackey_glass",
  "config_id": "c82084527fd4",
  "seed": 789,
  "config_point": {
    "spectral_radius": 0.9,
    "input_scaling": 0.15,
    "leak_rate": 0.8
  },
  "best_ridge": 1e-10,
  "val_curve": {
    "1e-10": 3.741542284191812e-12,
    "1e-08": 9.916972523464687e-11,
    "1e-06": 6.2866142297899955e-09,
    "0.0001": 2.139661012434313e-07,
    "0.01": 1.1428236535371347e-05,
    "1.0": 0.0006496520903875167
  },
  "val_metrics": {
    "nmse": 3.741542284191812e-12,
    "rmse": 4.359117983109343e-07
  },
  "test_metrics": {
    "nmse": 3.0166936786134184e-12,
    "rmse": 3.5484033722982293e-07
  },
  "timing": {
    "train_states_s": 0.0187846000007994,
    "ridge_select_s": 0.011668299997836584,
    "total_s": 0.05330340000000433
  },
  "timestamp": "2026-04-16T18:23:05.547000+00:00"
}