{
  "sweep_name": "region_selection_multitask_v1_mackey_glass",
  "config_id": "c82084527fd4",
  "seed": 456,
  "config_point": {
    "spectral_radius": 0.9,
    "input_scaling": 0.15,
    "leak_rate": 0.8
  },
  "best_ridge": 1e-10,
  "val_curve": {
    "1e-10": 2.5147357557715124e-12,
    "1e-08": 1.5765961780506788e-10,
    "1e-06": 5.912521070922559e-09,
    "0.0001": 1.6468172660426365e-07,
    "0.01": 8.854125566068021e-06,
    "1.0": 0.0009112305062762684
  },
  "val_metrics": {
    "nmse": 2.5147357557715124e-12,
    "rmse": 3.5737113651981747e-07
  },
  "test_metrics": {
    "nmse": 2.3059265930264103e-12,
    "rmse": 3.102345165759215e-07
  },
  "timing": {
    "train_states_s": 0.01820429999861517,
    "ridge_select_s": 0.011758099997678073,
    "total_s": 0.05374400000073365
  },
  "timestamp": "2026-04-16T18:23:05.482951+00:00"
}