{
  "sweep_name": "region_selection_multitask_v1_mackey_glass",
  "config_id": "c82084527fd4",
  "seed": 123,
  "config_point": {
    "spectral_radius": 0.9,
    "input_scaling": 0.15,
    "leak_rate": 0.8
  },
  "best_ridge": 1e-10,
  "val_curve": {
    "1e-10": 4.21085668359651e-12,
    "1e-08": 1.3028017518701048e-10,
    "1e-06": 4.573850577527518e-09,
    "0.0001": 3.4215937044675147e-07,
    "0.01": 1.4944414731085094e-05,
    "1.0": 0.0008243081296531647
  },
  "val_metrics": {
    "nmse": 4.21085668359651e-12,
    "rmse": 4.624433356283456e-07
  },
  "test_metrics": {
    "nmse": 4.734028548731052e-12,
    "rmse": 4.4451130745597036e-07
  },
  "timing": {
    "train_states_s": 0.01859590000094613,
    "ridge_select_s": 0.011767299998609815,
    "total_s": 0.05366879999928642
  },
  "timestamp": "2026-04-16T18:23:05.417828+00:00"
}