{
  "sweep_name": "region_selection_multitask_v1_mackey_glass",
  "config_id": "c8503090418a",
  "seed": 456,
  "config_point": {
    "spectral_radius": 0.6,
    "input_scaling": 0.4,
    "leak_rate": 0.9
  },
  "best_ridge": 1e-10,
  "val_curve": {
    "1e-10": 2.0735333920656415e-12,
    "1e-08": 1.3349942831924574e-10,
    "1e-06": 4.22508714948941e-09,
    "0.0001": 2.025836192892646e-07,
    "0.01": 5.209723049587663e-06,
    "1.0": 0.00030023458828931535
  },
  "val_metrics": {
    "nmse": 2.0735333920656415e-12,
    "rmse": 3.24510543416183e-07
  },
  "test_metrics": {
    "nmse": 2.183102281999113e-12,
    "rmse": 3.0185920123192185e-07
  },
  "timing": {
    "train_states_s": 0.01864890000069863,
    "ridge_select_s": 0.011843000000226311,
    "total_s": 0.05530240000007325
  },
  "timestamp": "2026-04-16T18:22:35.441247+00:00"
}