{
  "sweep_name": "region_selection_multitask_v1_mackey_glass",
  "config_id": "c8503090418a",
  "seed": 42,
  "config_point": {
    "spectral_radius": 0.6,
    "input_scaling": 0.4,
    "leak_rate": 0.9
  },
  "best_ridge": 1e-10,
  "val_curve": {
    "1e-10": 5.32169702702195e-12,
    "1e-08": 1.6709864759996087e-10,
    "1e-06": 6.391703439446667e-09,
    "0.0001": 3.393916455175095e-07,
    "0.01": 1.0157192329794466e-05,
    "1.0": 0.0004993873173946615
  },
  "val_metrics": {
    "nmse": 5.32169702702195e-12,
    "rmse": 5.198743229650255e-07
  },
  "test_metrics": {
    "nmse": 4.884440540124277e-12,
    "rmse": 4.515177108759601e-07
  },
  "timing": {
    "train_states_s": 0.018522499998653075,
    "ridge_select_s": 0.01202470000134781,
    "total_s": 0.07251410000026226
  },
  "timestamp": "2026-04-16T18:22:35.305812+00:00"
}