{
  "sweep_name": "region_selection_multitask_v1_mackey_glass",
  "config_id": "c8503090418a",
  "seed": 1024,
  "config_point": {
    "spectral_radius": 0.6,
    "input_scaling": 0.4,
    "leak_rate": 0.9
  },
  "best_ridge": 1e-10,
  "val_curve": {
    "1e-10": 6.776088842131512e-12,
    "1e-08": 1.8472189811760428e-10,
    "1e-06": 3.361103806560607e-09,
    "0.0001": 3.3106078245001953e-07,
    "0.01": 1.1613435642394983e-05,
    "1.0": 0.00039959275916912773
  },
  "val_metrics": {
    "nmse": 6.776088842131512e-12,
    "rmse": 5.866280707898864e-07
  },
  "test_metrics": {
    "nmse": 6.377339818858403e-12,
    "rmse": 5.159256930840065e-07
  },
  "timing": {
    "train_states_s": 0.019187900001270464,
    "ridge_select_s": 0.012213399997563101,
    "total_s": 0.05371229999946081
  },
  "timestamp": "2026-04-16T18:22:35.569668+00:00"
}