{
  "sweep_name": "region_selection_multitask_v1_mackey_glass",
  "config_id": "ce0331293b2e",
  "seed": 123,
  "config_point": {
    "spectral_radius": 0.9,
    "input_scaling": 0.4,
    "leak_rate": 0.7
  },
  "best_ridge": 1e-10,
  "val_curve": {
    "1e-10": 1.876891690106768e-12,
    "1e-08": 7.99898898421072e-11,
    "1e-06": 3.6821635396072345e-09,
    "0.0001": 1.2788905159063863e-07,
    "0.01": 7.002678607590204e-06,
    "1.0": 0.00043417882082756067
  },
  "val_metrics": {
    "nmse": 1.876891690106768e-12,
    "rmse": 3.0874000057043084e-07
  },
  "test_metrics": {
    "nmse": 1.961303151883522e-12,
    "rmse": 2.8611441557125637e-07
  },
  "timing": {
    "train_states_s": 0.017789199999242555,
    "ridge_select_s": 0.012843399999837857,
    "total_s": 0.05315810000320198
  },
  "timestamp": "2026-04-16T18:23:11.202527+00:00"
}