{
  "sweep_name": "region_selection_multitask_v1_mackey_glass",
  "config_id": "ce0331293b2e",
  "seed": 42,
  "config_point": {
    "spectral_radius": 0.9,
    "input_scaling": 0.4,
    "leak_rate": 0.7
  },
  "best_ridge": 1e-10,
  "val_curve": {
    "1e-10": 2.1077360562441847e-12,
    "1e-08": 1.126597832372989e-10,
    "1e-06": 4.185673195834184e-09,
    "0.0001": 1.3614206946241753e-07,
    "0.01": 7.466153756723723e-06,
    "1.0": 0.0004409842562008429
  },
  "val_metrics": {
    "nmse": 2.1077360562441847e-12,
    "rmse": 3.271759765264215e-07
  },
  "test_metrics": {
    "nmse": 2.1267854795209442e-12,
    "rmse": 2.97940278893596e-07
  },
  "timing": {
    "train_states_s": 0.019148499999573687,
    "ridge_select_s": 0.013738699999521486,
    "total_s": 0.06286289999843575
  },
  "timestamp": "2026-04-16T18:23:11.137934+00:00"
}