{
  "sweep_name": "region_selection_multitask_v1_mackey_glass",
  "config_id": "ceee6b7602f2",
  "seed": 789,
  "config_point": {
    "spectral_radius": 0.7,
    "input_scaling": 0.05,
    "leak_rate": 0.7
  },
  "best_ridge": 1e-10,
  "val_curve": {
    "1e-10": 5.89940582084782e-11,
    "1e-08": 1.264442259337412e-09,
    "1e-06": 3.735018333907088e-08,
    "0.0001": 3.7715311394719225e-06,
    "0.01": 0.00014339004408234893,
    "1.0": 0.0013569757360058475
  },
  "val_metrics": {
    "nmse": 5.89940582084782e-11,
    "rmse": 1.7309217338600232e-06
  },
  "test_metrics": {
    "nmse": 6.16226129219366e-11,
    "rmse": 1.6037528137922624e-06
  },
  "timing": {
    "train_states_s": 0.01785569999992731,
    "ridge_select_s": 0.012238399998750538,
    "total_s": 0.05254129999957513
  },
  "timestamp": "2026-04-16T18:22:36.830978+00:00"
}