{
  "sweep_name": "region_selection_multitask_v1_mackey_glass",
  "config_id": "ceee6b7602f2",
  "seed": 42,
  "config_point": {
    "spectral_radius": 0.7,
    "input_scaling": 0.05,
    "leak_rate": 0.7
  },
  "best_ridge": 1e-10,
  "val_curve": {
    "1e-10": 5.0087304739033176e-11,
    "1e-08": 1.8215766094965841e-09,
    "1e-06": 4.921085351910371e-08,
    "0.0001": 4.331106446494315e-06,
    "0.01": 0.0002959927323785555,
    "1.0": 0.0015776685418726001
  },
  "val_metrics": {
    "nmse": 5.0087304739033176e-11,
    "rmse": 1.5949134704937816e-06
  },
  "test_metrics": {
    "nmse": 4.861619436503388e-11,
    "rmse": 1.424484921548021e-06
  },
  "timing": {
    "train_states_s": 0.01844610000262037,
    "ridge_select_s": 0.012170499998319428,
    "total_s": 0.08139940000182833
  },
  "timestamp": "2026-04-16T18:22:36.635935+00:00"
}