{
  "sweep_name": "region_selection_multitask_v1_mackey_glass",
  "config_id": "ceee6b7602f2",
  "seed": 123,
  "config_point": {
    "spectral_radius": 0.7,
    "input_scaling": 0.05,
    "leak_rate": 0.7
  },
  "best_ridge": 1e-10,
  "val_curve": {
    "1e-10": 6.664990524165469e-11,
    "1e-08": 1.9215276046045325e-09,
    "1e-06": 4.5646498344783183e-08,
    "0.0001": 2.758942609285747e-06,
    "0.01": 0.0003021877533414161,
    "1.0": 0.0013920235561362716
  },
  "val_metrics": {
    "nmse": 6.664990524165469e-11,
    "rmse": 1.8398103726338804e-06
  },
  "test_metrics": {
    "nmse": 7.100873051861085e-11,
    "rmse": 1.7215643110892294e-06
  },
  "timing": {
    "train_states_s": 0.017752700001437915,
    "ridge_select_s": 0.012940500000695465,
    "total_s": 0.053048399997351225
  },
  "timestamp": "2026-04-16T18:22:36.699978+00:00"
}