{
  "sweep_name": "region_selection_multitask_v1_mackey_glass",
  "config_id": "d1d6c7e29003",
  "seed": 456,
  "config_point": {
    "spectral_radius": 0.6,
    "input_scaling": 0.05,
    "leak_rate": 0.9
  },
  "best_ridge": 1e-10,
  "val_curve": {
    "1e-10": 1.820044097137737e-11,
    "1e-08": 1.6230411866219217e-09,
    "1e-06": 9.763408071877669e-08,
    "0.0001": 1.2128831331243804e-06,
    "0.01": 0.0003017371714240575,
    "1.0": 0.0007658252918998823
  },
  "val_metrics": {
    "nmse": 1.820044097137737e-11,
    "rmse": 9.614224302307805e-07
  },
  "test_metrics": {
    "nmse": 2.0009415847279604e-11,
    "rmse": 9.138703386598458e-07
  },
  "timing": {
    "train_states_s": 0.01859409999815398,
    "ridge_select_s": 0.011868899997352855,
    "total_s": 0.0566395999994711
  },
  "timestamp": "2026-04-16T18:22:25.320335+00:00"
}