{
  "sweep_name": "region_selection_multitask_v1_mackey_glass",
  "config_id": "d1d6c7e29003",
  "seed": 789,
  "config_point": {
    "spectral_radius": 0.6,
    "input_scaling": 0.05,
    "leak_rate": 0.9
  },
  "best_ridge": 1e-10,
  "val_curve": {
    "1e-10": 2.179614831513711e-11,
    "1e-08": 1.604069919858398e-09,
    "1e-06": 1.5450381493464054e-07,
    "0.0001": 1.1450152501642559e-06,
    "0.01": 0.00022871110329144502,
    "1.0": 0.0006259514275154268
  },
  "val_metrics": {
    "nmse": 2.179614831513711e-11,
    "rmse": 1.0521149024462418e-06
  },
  "test_metrics": {
    "nmse": 2.6235430635451426e-11,
    "rmse": 1.0464331164390486e-06
  },
  "timing": {
    "train_states_s": 0.017948799999430776,
    "ridge_select_s": 0.012104700002964819,
    "total_s": 0.05288210000071558
  },
  "timestamp": "2026-04-16T18:22:25.384221+00:00"
}