{
  "sweep_name": "region_selection_multitask_v1_mackey_glass",
  "config_id": "d1d6c7e29003",
  "seed": 123,
  "config_point": {
    "spectral_radius": 0.6,
    "input_scaling": 0.05,
    "leak_rate": 0.9
  },
  "best_ridge": 1e-10,
  "val_curve": {
    "1e-10": 3.108528064339118e-11,
    "1e-08": 2.029288281861517e-09,
    "1e-06": 1.5022415892563078e-07,
    "0.0001": 1.4093067364515838e-06,
    "0.01": 0.00033946226285346155,
    "1.0": 0.0007541516654026672
  },
  "val_metrics": {
    "nmse": 3.108528064339118e-11,
    "rmse": 1.2564658556794755e-06
  },
  "test_metrics": {
    "nmse": 3.670839652796524e-11,
    "rmse": 1.2377988756551807e-06
  },
  "timing": {
    "train_states_s": 0.017934600000444334,
    "ridge_select_s": 0.012443600000551669,
    "total_s": 0.05291619999843533
  },
  "timestamp": "2026-04-16T18:22:25.252744+00:00"
}