{
  "sweep_name": "region_selection_multitask_v1_mackey_glass",
  "config_id": "d1d6c7e29003",
  "seed": 42,
  "config_point": {
    "spectral_radius": 0.6,
    "input_scaling": 0.05,
    "leak_rate": 0.9
  },
  "best_ridge": 1e-10,
  "val_curve": {
    "1e-10": 2.8213967263804436e-11,
    "1e-08": 2.9971282323659993e-09,
    "1e-06": 1.2257856587638657e-07,
    "0.0001": 1.5321077518199643e-06,
    "0.01": 0.0003941922241492899,
    "1.0": 0.0007905457459033962
  },
  "val_metrics": {
    "nmse": 2.8213967263804436e-11,
    "rmse": 1.1970309346159356e-06
  },
  "test_metrics": {
    "nmse": 3.26489521573505e-11,
    "rmse": 1.1673524535162853e-06
  },
  "timing": {
    "train_states_s": 0.019231599999329774,
    "ridge_select_s": 0.012539600000309292,
    "total_s": 0.055935000000317814
  },
  "timestamp": "2026-04-16T18:22:25.188629+00:00"
}