{
  "sweep_name": "region_selection_multitask_v1_mackey_glass",
  "config_id": "d2b660b589fa",
  "seed": 42,
  "config_point": {
    "spectral_radius": 1.1,
    "input_scaling": 0.15,
    "leak_rate": 0.7
  },
  "best_ridge": 1e-10,
  "val_curve": {
    "1e-10": 2.1767444919019368e-10,
    "1e-08": 1.3739947265401284e-09,
    "1e-06": 8.476468993194522e-08,
    "0.0001": 3.0642990046938214e-06,
    "0.01": 4.3840674538167124e-05,
    "1.0": 0.0012392235278399259
  },
  "val_metrics": {
    "nmse": 2.1767444919019368e-10,
    "rmse": 3.324888011060699e-06
  },
  "test_metrics": {
    "nmse": 1.0859559220811503e-11,
    "rmse": 6.732455254954474e-07
  },
  "timing": {
    "train_states_s": 0.01852370000051451,
    "ridge_select_s": 0.012103699998988304,
    "total_s": 0.05735610000192537
  },
  "timestamp": "2026-04-16T18:23:29.631810+00:00"
}