{
  "sweep_name": "region_selection_multitask_v1_mackey_glass",
  "config_id": "d2b660b589fa",
  "seed": 456,
  "config_point": {
    "spectral_radius": 1.1,
    "input_scaling": 0.15,
    "leak_rate": 0.7
  },
  "best_ridge": 1e-10,
  "val_curve": {
    "1e-10": 7.633610034430857e-09,
    "1e-08": 8.094600476599587e-09,
    "1e-06": 3.956800932272059e-08,
    "0.0001": 9.814084826432263e-07,
    "0.01": 2.3505455765281787e-05,
    "1.0": 0.0010456493346364692
  },
  "val_metrics": {
    "nmse": 7.633610034430857e-09,
    "rmse": 1.9689662860781456e-05
  },
  "test_metrics": {
    "nmse": 7.622749692822949e-09,
    "rmse": 1.7837057251117254e-05
  },
  "timing": {
    "train_states_s": 0.019419299998844508,
    "ridge_select_s": 0.012305000000196742,
    "total_s": 0.05735320000167121
  },
  "timestamp": "2026-04-16T18:23:29.764476+00:00"
}