{
  "sweep_name": "region_selection_multitask_v1_mackey_glass",
  "config_id": "d2b660b589fa",
  "seed": 1024,
  "config_point": {
    "spectral_radius": 1.1,
    "input_scaling": 0.15,
    "leak_rate": 0.7
  },
  "best_ridge": 1e-10,
  "val_curve": {
    "1e-10": 2.275414951958802e-12,
    "1e-08": 1.8024442209499404e-10,
    "1e-06": 7.2878889483445095e-09,
    "0.0001": 3.637565469944132e-07,
    "0.01": 2.60042700731614e-05,
    "1.0": 0.0011176739186695526
  },
  "val_metrics": {
    "nmse": 2.275414951958802e-12,
    "rmse": 3.399410399335642e-07
  },
  "test_metrics": {
    "nmse": 2.0832082423557155e-12,
    "rmse": 2.9487212482933083e-07
  },
  "timing": {
    "train_states_s": 0.019272699999419274,
    "ridge_select_s": 0.012698000002274057,
    "total_s": 0.054183399999601534
  },
  "timestamp": "2026-04-16T18:23:29.894630+00:00"
}