{
  "sweep_name": "region_selection_multitask_v1_mackey_glass",
  "config_id": "d2b660b589fa",
  "seed": 789,
  "config_point": {
    "spectral_radius": 1.1,
    "input_scaling": 0.15,
    "leak_rate": 0.7
  },
  "best_ridge": 1e-10,
  "val_curve": {
    "1e-10": 3.054190685896696e-11,
    "1e-08": 3.477178495811991e-10,
    "1e-06": 9.943926377997925e-09,
    "0.0001": 2.022818189581585e-07,
    "0.01": 1.210790596408202e-05,
    "1.0": 0.0007854297629968843
  },
  "val_metrics": {
    "nmse": 3.054190685896696e-11,
    "rmse": 1.245435868057446e-06
  },
  "test_metrics": {
    "nmse": 1.1100309390626013e-11,
    "rmse": 6.806673492575632e-07
  },
  "timing": {
    "train_states_s": 0.0186442000012903,
    "ridge_select_s": 0.012168500001280336,
    "total_s": 0.05361730000004172
  },
  "timestamp": "2026-04-16T18:23:29.829596+00:00"
}