{
  "sweep_name": "region_selection_multitask_v1_mackey_glass",
  "config_id": "d2b660b589fa",
  "seed": 123,
  "config_point": {
    "spectral_radius": 1.1,
    "input_scaling": 0.15,
    "leak_rate": 0.7
  },
  "best_ridge": 1e-10,
  "val_curve": {
    "1e-10": 4.528453712624508e-12,
    "1e-08": 1.3994765691351463e-10,
    "1e-06": 5.801319712342366e-09,
    "0.0001": 2.502374397686434e-07,
    "0.01": 1.1931058896433838e-05,
    "1.0": 0.0005465886132849353
  },
  "val_metrics": {
    "nmse": 4.528453712624508e-12,
    "rmse": 4.79565863314415e-07
  },
  "test_metrics": {
    "nmse": 4.307326266402497e-12,
    "rmse": 4.2400527674147667e-07
  },
  "timing": {
    "train_states_s": 0.018853200002922677,
    "ridge_select_s": 0.011622199999692384,
    "total_s": 0.05347469999833265
  },
  "timestamp": "2026-04-16T18:23:29.696338+00:00"
}