{
  "sweep_name": "region_selection_multitask_v1_mackey_glass",
  "config_id": "d3e30772a0a7",
  "seed": 1024,
  "config_point": {
    "spectral_radius": 0.6,
    "input_scaling": 0.15,
    "leak_rate": 0.8
  },
  "best_ridge": 1e-10,
  "val_curve": {
    "1e-10": 1.1763021941241037e-11,
    "1e-08": 6.282430431778985e-10,
    "1e-06": 2.2325348010705618e-08,
    "0.0001": 7.369929036059824e-07,
    "0.01": 6.0560266773272204e-05,
    "1.0": 0.0009064325570296665
  },
  "val_metrics": {
    "nmse": 1.1763021941241037e-11,
    "rmse": 7.729168022618289e-07
  },
  "test_metrics": {
    "nmse": 1.10597103466749e-11,
    "rmse": 6.794214489405578e-07
  },
  "timing": {
    "train_states_s": 0.017714300000079675,
    "ridge_select_s": 0.012702899999567308,
    "total_s": 0.05188850000195089
  },
  "timestamp": "2026-04-16T18:22:29.198870+00:00"
}