{
  "sweep_name": "region_selection_multitask_v1_mackey_glass",
  "config_id": "d3e30772a0a7",
  "seed": 456,
  "config_point": {
    "spectral_radius": 0.6,
    "input_scaling": 0.15,
    "leak_rate": 0.8
  },
  "best_ridge": 1e-10,
  "val_curve": {
    "1e-10": 1.3343237142037109e-11,
    "1e-08": 4.698992226839545e-10,
    "1e-06": 7.392024236258776e-09,
    "0.0001": 6.143701927138264e-07,
    "0.01": 2.9732983007061217e-05,
    "1.0": 0.0012238276422955124
  },
  "val_metrics": {
    "nmse": 1.3343237142037109e-11,
    "rmse": 8.231972238940256e-07
  },
  "test_metrics": {
    "nmse": 1.1902997741256495e-11,
    "rmse": 7.04848130668404e-07
  },
  "timing": {
    "train_states_s": 0.017850399999588262,
    "ridge_select_s": 0.012103200002457015,
    "total_s": 0.05319650000092224
  },
  "timestamp": "2026-04-16T18:22:29.068978+00:00"
}