{
  "sweep_name": "region_selection_multitask_v1_mackey_glass",
  "config_id": "d3e30772a0a7",
  "seed": 123,
  "config_point": {
    "spectral_radius": 0.6,
    "input_scaling": 0.15,
    "leak_rate": 0.8
  },
  "best_ridge": 1e-10,
  "val_curve": {
    "1e-10": 1.42149319302446e-11,
    "1e-08": 7.419499124798901e-10,
    "1e-06": 1.6392862603099273e-08,
    "0.0001": 7.031174612857369e-07,
    "0.01": 3.810714543425144e-05,
    "1.0": 0.0008847887245800254
  },
  "val_metrics": {
    "nmse": 1.42149319302446e-11,
    "rmse": 8.49661005389671e-07
  },
  "test_metrics": {
    "nmse": 1.4046320763605263e-11,
    "rmse": 7.65682405448329e-07
  },
  "timing": {
    "train_states_s": 0.01843639999788138,
    "ridge_select_s": 0.011961699998209951,
    "total_s": 0.0534373999980744
  },
  "timestamp": "2026-04-16T18:22:29.004772+00:00"
}