{
  "sweep_name": "region_selection_multitask_v1_mackey_glass",
  "config_id": "d60a77474b87",
  "seed": 789,
  "config_point": {
    "spectral_radius": 0.6,
    "input_scaling": 0.3,
    "leak_rate": 0.7
  },
  "best_ridge": 1e-10,
  "val_curve": {
    "1e-10": 8.298752797625071e-12,
    "1e-08": 1.611914890081817e-10,
    "1e-06": 7.956636779225817e-09,
    "0.0001": 4.832276822042627e-07,
    "0.01": 9.18965193612053e-06,
    "1.0": 0.0005663246530079292
  },
  "val_metrics": {
    "nmse": 8.298752797625071e-12,
    "rmse": 6.492017904549243e-07
  },
  "test_metrics": {
    "nmse": 8.015845870652098e-12,
    "rmse": 5.784183412281914e-07
  },
  "timing": {
    "train_states_s": 0.01781950000076904,
    "ridge_select_s": 0.011776399998780107,
    "total_s": 0.05160329999853275
  },
  "timestamp": "2026-04-16T18:22:32.804474+00:00"
}