{
  "sweep_name": "region_selection_multitask_v1_mackey_glass",
  "config_id": "d60a77474b87",
  "seed": 123,
  "config_point": {
    "spectral_radius": 0.6,
    "input_scaling": 0.3,
    "leak_rate": 0.7
  },
  "best_ridge": 1e-10,
  "val_curve": {
    "1e-10": 1.0001468088564455e-11,
    "1e-08": 3.380793028595415e-10,
    "1e-06": 1.0881516206222794e-08,
    "0.0001": 5.385666186492702e-07,
    "0.01": 9.821974143628191e-06,
    "1.0": 0.001028432877785932
  },
  "val_metrics": {
    "nmse": 1.0001468088564455e-11,
    "rmse": 7.126973954598515e-07
  },
  "test_metrics": {
    "nmse": 9.663951755173965e-12,
    "rmse": 6.351038614666228e-07
  },
  "timing": {
    "train_states_s": 0.01781499999924563,
    "ridge_select_s": 0.01201980000041658,
    "total_s": 0.05299680000098306
  },
  "timestamp": "2026-04-16T18:22:32.674812+00:00"
}