{
  "sweep_name": "region_selection_multitask_v1_mackey_glass",
  "config_id": "d60a77474b87",
  "seed": 42,
  "config_point": {
    "spectral_radius": 0.6,
    "input_scaling": 0.3,
    "leak_rate": 0.7
  },
  "best_ridge": 1e-10,
  "val_curve": {
    "1e-10": 7.839638164003226e-12,
    "1e-08": 2.0605955860556174e-10,
    "1e-06": 1.4014662894428601e-08,
    "0.0001": 4.832797106225585e-07,
    "0.01": 1.0980448414712278e-05,
    "1.0": 0.0012600968788785475
  },
  "val_metrics": {
    "nmse": 7.839638164003226e-12,
    "rmse": 6.30988296526599e-07
  },
  "test_metrics": {
    "nmse": 6.787740497722262e-12,
    "rmse": 5.32267552387392e-07
  },
  "timing": {
    "train_states_s": 0.018444400000589667,
    "ridge_select_s": 0.01206090000050608,
    "total_s": 0.09005869999964489
  },
  "timestamp": "2026-04-16T18:22:32.611031+00:00"
}