{
  "sweep_name": "region_selection_multitask_v1_mackey_glass",
  "config_id": "d60a77474b87",
  "seed": 1024,
  "config_point": {
    "spectral_radius": 0.6,
    "input_scaling": 0.3,
    "leak_rate": 0.7
  },
  "best_ridge": 1e-10,
  "val_curve": {
    "1e-10": 1.4315836148869405e-11,
    "1e-08": 2.7525613825736305e-10,
    "1e-06": 5.74158104523432e-09,
    "0.0001": 5.74636272362118e-07,
    "0.01": 1.4677501953656644e-05,
    "1.0": 0.0009039984521385018
  },
  "val_metrics": {
    "nmse": 1.4315836148869405e-11,
    "rmse": 8.5267131779302e-07
  },
  "test_metrics": {
    "nmse": 1.3441489364678455e-11,
    "rmse": 7.490159623158025e-07
  },
  "timing": {
    "train_states_s": 0.01859150000018417,
    "ridge_select_s": 0.011678099999699043,
    "total_s": 0.05236789999980829
  },
  "timestamp": "2026-04-16T18:22:32.867822+00:00"
}