{
  "sweep_name": "region_selection_multitask_v1_mackey_glass",
  "config_id": "d7a95944c457",
  "seed": 789,
  "config_point": {
    "spectral_radius": 0.6,
    "input_scaling": 0.4,
    "leak_rate": 0.6
  },
  "best_ridge": 1e-10,
  "val_curve": {
    "1e-10": 7.381404688012285e-12,
    "1e-08": 2.774855924271166e-10,
    "1e-06": 1.1160041354312438e-08,
    "0.0001": 3.339317967597371e-07,
    "0.01": 1.2116697902863239e-05,
    "1.0": 0.00031241606945003414
  },
  "val_metrics": {
    "nmse": 7.381404688012285e-12,
    "rmse": 6.122697499588212e-07
  },
  "test_metrics": {
    "nmse": 7.347543778295595e-12,
    "rmse": 5.537815313226077e-07
  },
  "timing": {
    "train_states_s": 0.01895189999777358,
    "ridge_select_s": 0.012074799997208174,
    "total_s": 0.05391090000193799
  },
  "timestamp": "2026-04-16T18:22:34.502168+00:00"
}