{
  "sweep_name": "region_selection_multitask_v1_mackey_glass",
  "config_id": "d7a95944c457",
  "seed": 1024,
  "config_point": {
    "spectral_radius": 0.6,
    "input_scaling": 0.4,
    "leak_rate": 0.6
  },
  "best_ridge": 1e-10,
  "val_curve": {
    "1e-10": 1.2930603568085552e-11,
    "1e-08": 3.465946220894444e-10,
    "1e-06": 7.033601127330794e-09,
    "0.0001": 4.557964950043277e-07,
    "0.01": 1.1477436993406112e-05,
    "1.0": 0.0005805988258427101
  },
  "val_metrics": {
    "nmse": 1.2930603568085552e-11,
    "rmse": 8.103687655494699e-07
  },
  "test_metrics": {
    "nmse": 1.2272573753695235e-11,
    "rmse": 7.157068964902613e-07
  },
  "timing": {
    "train_states_s": 0.017731399999320274,
    "ridge_select_s": 0.012141200000769459,
    "total_s": 0.050846599999204045
  },
  "timestamp": "2026-04-16T18:22:34.564349+00:00"
}