{
  "sweep_name": "region_selection_multitask_v1_mackey_glass",
  "config_id": "d7a95944c457",
  "seed": 123,
  "config_point": {
    "spectral_radius": 0.6,
    "input_scaling": 0.4,
    "leak_rate": 0.6
  },
  "best_ridge": 1e-10,
  "val_curve": {
    "1e-10": 1.1996568051067601e-11,
    "1e-08": 4.380933292011035e-10,
    "1e-06": 1.0425931203064633e-08,
    "0.0001": 4.3899894048629063e-07,
    "0.01": 1.135815743056454e-05,
    "1.0": 0.0005043378780884745
  },
  "val_metrics": {
    "nmse": 1.1996568051067601e-11,
    "rmse": 7.805519370631355e-07
  },
  "test_metrics": {
    "nmse": 1.2083607181813699e-11,
    "rmse": 7.101754841369983e-07
  },
  "timing": {
    "train_states_s": 0.018687100000533974,
    "ridge_select_s": 0.011907200001587626,
    "total_s": 0.054028200000175275
  },
  "timestamp": "2026-04-16T18:22:34.371224+00:00"
}