{
  "sweep_name": "region_selection_multitask_v1_mackey_glass",
  "config_id": "d7a95944c457",
  "seed": 42,
  "config_point": {
    "spectral_radius": 0.6,
    "input_scaling": 0.4,
    "leak_rate": 0.6
  },
  "best_ridge": 1e-10,
  "val_curve": {
    "1e-10": 8.277288638161979e-12,
    "1e-08": 3.1139938751367365e-10,
    "1e-06": 1.3704605712602842e-08,
    "0.0001": 4.862570307806109e-07,
    "0.01": 1.2164260156687031e-05,
    "1.0": 0.0006627784574988598
  },
  "val_metrics": {
    "nmse": 8.277288638161979e-12,
    "rmse": 6.483616887571225e-07
  },
  "test_metrics": {
    "nmse": 6.364123634767072e-12,
    "rmse": 5.153908223197581e-07
  },
  "timing": {
    "train_states_s": 0.01795299999866984,
    "ridge_select_s": 0.012154100000770995,
    "total_s": 0.060130499998194864
  },
  "timestamp": "2026-04-16T18:22:34.305778+00:00"
}