{
  "sweep_name": "region_selection_multitask_v1_mackey_glass",
  "config_id": "d8224f554bc3",
  "seed": 123,
  "config_point": {
    "spectral_radius": 1.1,
    "input_scaling": 0.1,
    "leak_rate": 0.7
  },
  "best_ridge": 1e-10,
  "val_curve": {
    "1e-10": 3.120839180732584e-11,
    "1e-08": 5.167619412256986e-10,
    "1e-06": 1.1088572980033521e-08,
    "0.0001": 6.372148776217221e-07,
    "0.01": 1.7572980961236558e-05,
    "1.0": 0.0014167166729326104
  },
  "val_metrics": {
    "nmse": 3.120839180732584e-11,
    "rmse": 1.258951471353676e-06
  },
  "test_metrics": {
    "nmse": 9.234263652818349e-12,
    "rmse": 6.208240201917221e-07
  },
  "timing": {
    "train_states_s": 0.018575699999928474,
    "ridge_select_s": 0.012228500003402587,
    "total_s": 0.054270499997073784
  },
  "timestamp": "2026-04-16T18:23:27.670608+00:00"
}