{
  "sweep_name": "region_selection_multitask_v1_mackey_glass",
  "config_id": "d8224f554bc3",
  "seed": 42,
  "config_point": {
    "spectral_radius": 1.1,
    "input_scaling": 0.1,
    "leak_rate": 0.7
  },
  "best_ridge": 1e-10,
  "val_curve": {
    "1e-10": 1.8282375215634622e-08,
    "1e-08": 9.550658157133644e-08,
    "1e-06": 1.2805792697996026e-06,
    "0.0001": 4.0592626189990763e-05,
    "0.01": 0.0011076195349151731,
    "1.0": 0.011575490687558945
  },
  "val_metrics": {
    "nmse": 1.8282375215634622e-08,
    "rmse": 3.0471203235403265e-05
  },
  "test_metrics": {
    "nmse": 1.2385509849262829e-09,
    "rmse": 7.189924354886337e-06
  },
  "timing": {
    "train_states_s": 0.018645000000105938,
    "ridge_select_s": 0.011833399999886751,
    "total_s": 0.05333189999873866
  },
  "timestamp": "2026-04-16T18:23:27.605389+00:00"
}