{
  "sweep_name": "region_selection_multitask_v1_mackey_glass",
  "config_id": "d8e9c3ab2524",
  "seed": 789,
  "config_point": {
    "spectral_radius": 0.6,
    "input_scaling": 0.4,
    "leak_rate": 0.8
  },
  "best_ridge": 1e-10,
  "val_curve": {
    "1e-10": 5.7153660315165275e-12,
    "1e-08": 1.571555338684769e-10,
    "1e-06": 6.652474773511946e-09,
    "0.0001": 2.8797203146422706e-07,
    "0.01": 9.912457028686896e-06,
    "1.0": 0.00024259007716565453
  },
  "val_metrics": {
    "nmse": 5.7153660315165275e-12,
    "rmse": 5.387599693534345e-07
  },
  "test_metrics": {
    "nmse": 5.806850555318367e-12,
    "rmse": 4.923089161439026e-07
  },
  "timing": {
    "train_states_s": 0.01872659999935422,
    "ridge_select_s": 0.012076600000000326,
    "total_s": 0.053217599997879006
  },
  "timestamp": "2026-04-16T18:22:35.159024+00:00"
}