{
  "sweep_name": "region_selection_multitask_v1_mackey_glass",
  "config_id": "d8e9c3ab2524",
  "seed": 123,
  "config_point": {
    "spectral_radius": 0.6,
    "input_scaling": 0.4,
    "leak_rate": 0.8
  },
  "best_ridge": 1e-10,
  "val_curve": {
    "1e-10": 5.841324941736351e-12,
    "1e-08": 3.2851502765576426e-10,
    "1e-06": 6.958916160348559e-09,
    "0.0001": 3.786173153026461e-07,
    "0.01": 9.714888742457102e-06,
    "1.0": 0.00042809866128487014
  },
  "val_metrics": {
    "nmse": 5.841324941736351e-12,
    "rmse": 5.446643845667096e-07
  },
  "test_metrics": {
    "nmse": 5.708624748439901e-12,
    "rmse": 4.881273304650359e-07
  },
  "timing": {
    "train_states_s": 0.01888859999962733,
    "ridge_select_s": 0.012802999997802544,
    "total_s": 0.0553020999977889
  },
  "timestamp": "2026-04-16T18:22:35.028732+00:00"
}