{
  "sweep_name": "region_selection_multitask_v1_mackey_glass",
  "config_id": "d8e9c3ab2524",
  "seed": 456,
  "config_point": {
    "spectral_radius": 0.6,
    "input_scaling": 0.4,
    "leak_rate": 0.8
  },
  "best_ridge": 1e-10,
  "val_curve": {
    "1e-10": 2.687555456920311e-12,
    "1e-08": 1.4769790383941123e-10,
    "1e-06": 4.949539372333566e-09,
    "0.0001": 2.3472441526258284e-07,
    "0.01": 5.5468971934016305e-06,
    "1.0": 0.0003380014260196504
  },
  "val_metrics": {
    "nmse": 2.687555456920311e-12,
    "rmse": 3.694468875619337e-07
  },
  "test_metrics": {
    "nmse": 2.694431368845074e-12,
    "rmse": 3.353520300391498e-07
  },
  "timing": {
    "train_states_s": 0.017674800001259428,
    "ridge_select_s": 0.012477400003263028,
    "total_s": 0.05440480000106618
  },
  "timestamp": "2026-04-16T18:22:35.094431+00:00"
}