{
  "sweep_name": "region_selection_multitask_v1_mackey_glass",
  "config_id": "d8e9c3ab2524",
  "seed": 42,
  "config_point": {
    "spectral_radius": 0.6,
    "input_scaling": 0.4,
    "leak_rate": 0.8
  },
  "best_ridge": 1e-10,
  "val_curve": {
    "1e-10": 5.3115656762217156e-12,
    "1e-08": 1.7078635652302765e-10,
    "1e-06": 7.57855805008361e-09,
    "0.0001": 3.74394719574881e-07,
    "0.01": 1.032380339230198e-05,
    "1.0": 0.0005382640942013071
  },
  "val_metrics": {
    "nmse": 5.3115656762217156e-12,
    "rmse": 5.19379223533485e-07
  },
  "test_metrics": {
    "nmse": 4.818956731049469e-12,
    "rmse": 4.484808361397498e-07
  },
  "timing": {
    "train_states_s": 0.017709199997625547,
    "ridge_select_s": 0.01193760000023758,
    "total_s": 0.056352800002059666
  },
  "timestamp": "2026-04-16T18:22:34.962194+00:00"
}