{
  "sweep_name": "region_selection_multitask_v1_mackey_glass",
  "config_id": "d9ecd148e6ac",
  "seed": 123,
  "config_point": {
    "spectral_radius": 0.8,
    "input_scaling": 0.3,
    "leak_rate": 0.9
  },
  "best_ridge": 1e-10,
  "val_curve": {
    "1e-10": 2.5014215785227794e-12,
    "1e-08": 7.967092230625952e-11,
    "1e-06": 3.227833903452834e-09,
    "0.0001": 1.7452137627357424e-07,
    "0.01": 6.4229686183963e-06,
    "1.0": 0.00033692856851664355
  },
  "val_metrics": {
    "nmse": 2.5014215785227794e-12,
    "rmse": 3.564238367345159e-07
  },
  "test_metrics": {
    "nmse": 3.005825566864431e-12,
    "rmse": 3.5420057653791363e-07
  },
  "timing": {
    "train_states_s": 0.017731100000673905,
    "ridge_select_s": 0.012555900000734255,
    "total_s": 0.052912799998011906
  },
  "timestamp": "2026-04-16T18:22:57.588441+00:00"
}