{
  "sweep_name": "region_selection_multitask_v1_mackey_glass",
  "config_id": "d9ecd148e6ac",
  "seed": 1024,
  "config_point": {
    "spectral_radius": 0.8,
    "input_scaling": 0.3,
    "leak_rate": 0.9
  },
  "best_ridge": 1e-10,
  "val_curve": {
    "1e-10": 1.330544872050102e-12,
    "1e-08": 8.298654492111646e-11,
    "1e-06": 3.5942478483731427e-09,
    "0.0001": 2.6122240207004754e-07,
    "0.01": 7.66938337933268e-06,
    "1.0": 0.0004608196252231831
  },
  "val_metrics": {
    "nmse": 1.330544872050102e-12,
    "rmse": 2.5994894407238593e-07
  },
  "test_metrics": {
    "nmse": 1.1673634446711853e-12,
    "rmse": 2.207346038513151e-07
  },
  "timing": {
    "train_states_s": 0.018968199998198543,
    "ridge_select_s": 0.01211200000034296,
    "total_s": 0.05327860000033979
  },
  "timestamp": "2026-04-16T18:22:57.783503+00:00"
}