{
  "sweep_name": "region_selection_multitask_v1_mackey_glass",
  "config_id": "d9ecd148e6ac",
  "seed": 456,
  "config_point": {
    "spectral_radius": 0.8,
    "input_scaling": 0.3,
    "leak_rate": 0.9
  },
  "best_ridge": 1e-10,
  "val_curve": {
    "1e-10": 1.3910216940726576e-12,
    "1e-08": 5.253566058710974e-11,
    "1e-06": 2.6828133319609507e-09,
    "0.0001": 1.07403779864415e-07,
    "0.01": 5.491873327556782e-06,
    "1.0": 0.0004340442487334186
  },
  "val_metrics": {
    "nmse": 1.3910216940726576e-12,
    "rmse": 2.657909849181533e-07
  },
  "test_metrics": {
    "nmse": 1.1734675335825048e-12,
    "rmse": 2.2131095686816604e-07
  },
  "timing": {
    "train_states_s": 0.018688600001041777,
    "ridge_select_s": 0.01244080000105896,
    "total_s": 0.05590680000022985
  },
  "timestamp": "2026-04-16T18:22:57.656016+00:00"
}