{
  "sweep_name": "region_selection_multitask_v1_mackey_glass",
  "config_id": "d9ecd148e6ac",
  "seed": 42,
  "config_point": {
    "spectral_radius": 0.8,
    "input_scaling": 0.3,
    "leak_rate": 0.9
  },
  "best_ridge": 1e-10,
  "val_curve": {
    "1e-10": 2.3914646117552065e-12,
    "1e-08": 1.235293449178778e-10,
    "1e-06": 4.5586299601233134e-09,
    "0.0001": 1.6439835691015613e-07,
    "0.01": 7.330764137894717e-06,
    "1.0": 0.0006410776533940901
  },
  "val_metrics": {
    "nmse": 2.3914646117552065e-12,
    "rmse": 3.485019995430681e-07
  },
  "test_metrics": {
    "nmse": 2.136726420282679e-12,
    "rmse": 2.986357777497849e-07
  },
  "timing": {
    "train_states_s": 0.019042599997192156,
    "ridge_select_s": 0.01284010000017588,
    "total_s": 0.06793800000014016
  },
  "timestamp": "2026-04-16T18:22:57.519923+00:00"
}