{
  "sweep_name": "region_selection_multitask_v1_mackey_glass",
  "config_id": "d9ecd148e6ac",
  "seed": 789,
  "config_point": {
    "spectral_radius": 0.8,
    "input_scaling": 0.3,
    "leak_rate": 0.9
  },
  "best_ridge": 1e-10,
  "val_curve": {
    "1e-10": 1.4700958743465304e-12,
    "1e-08": 9.118210252687318e-11,
    "1e-06": 2.773469038109512e-09,
    "0.0001": 1.2901226764499884e-07,
    "0.01": 6.151761308623436e-06,
    "1.0": 0.0002453491525725442
  },
  "val_metrics": {
    "nmse": 1.4700958743465304e-12,
    "rmse": 2.7324116244322175e-07
  },
  "test_metrics": {
    "nmse": 1.2954340249038951e-12,
    "rmse": 2.3252787703979293e-07
  },
  "timing": {
    "train_states_s": 0.017644100000325125,
    "ridge_select_s": 0.012440099999366794,
    "total_s": 0.052480099999229424
  },
  "timestamp": "2026-04-16T18:22:57.719349+00:00"
}