{
  "sweep_name": "region_selection_multitask_v1_mackey_glass",
  "config_id": "da4cfa8dabb2",
  "seed": 456,
  "config_point": {
    "spectral_radius": 0.6,
    "input_scaling": 0.15,
    "leak_rate": 0.6
  },
  "best_ridge": 1e-10,
  "val_curve": {
    "1e-10": 1.8956738853618054e-11,
    "1e-08": 3.820815718500472e-10,
    "1e-06": 1.7136623742301944e-08,
    "0.0001": 1.0434620880067595e-06,
    "0.01": 2.429059359024962e-05,
    "1.0": 0.0015911355951254617
  },
  "val_metrics": {
    "nmse": 1.8956738853618054e-11,
    "rmse": 9.811945076805362e-07
  },
  "test_metrics": {
    "nmse": 1.7420580200550432e-11,
    "rmse": 8.527047541381747e-07
  },
  "timing": {
    "train_states_s": 0.017816300001868512,
    "ridge_select_s": 0.013014600001042709,
    "total_s": 0.058201699997880496
  },
  "timestamp": "2026-04-16T18:22:28.416333+00:00"
}