{
  "sweep_name": "region_selection_multitask_v1_mackey_glass",
  "config_id": "da4cfa8dabb2",
  "seed": 789,
  "config_point": {
    "spectral_radius": 0.6,
    "input_scaling": 0.15,
    "leak_rate": 0.6
  },
  "best_ridge": 1e-10,
  "val_curve": {
    "1e-10": 2.6741988144504925e-11,
    "1e-08": 4.304748787713585e-10,
    "1e-06": 2.075025800244849e-08,
    "0.0001": 1.5804313428588634e-06,
    "0.01": 1.8787507944695828e-05,
    "1.0": 0.0010466337999768458
  },
  "val_metrics": {
    "nmse": 2.6741988144504925e-11,
    "rmse": 1.1653869239559446e-06
  },
  "test_metrics": {
    "nmse": 2.5595996729678087e-11,
    "rmse": 1.0336021396887674e-06
  },
  "timing": {
    "train_states_s": 0.01869310000256519,
    "ridge_select_s": 0.01181459999861545,
    "total_s": 0.05338140000094427
  },
  "timestamp": "2026-04-16T18:22:28.480799+00:00"
}