{
  "sweep_name": "region_selection_multitask_v1_mackey_glass",
  "config_id": "da4cfa8dabb2",
  "seed": 1024,
  "config_point": {
    "spectral_radius": 0.6,
    "input_scaling": 0.15,
    "leak_rate": 0.6
  },
  "best_ridge": 1e-10,
  "val_curve": {
    "1e-10": 4.6352348599292714e-11,
    "1e-08": 5.996915645736958e-10,
    "1e-06": 2.1281225082683997e-08,
    "0.0001": 1.563252957514018e-06,
    "0.01": 5.529205199690203e-05,
    "1.0": 0.0013551360454376942
  },
  "val_metrics": {
    "nmse": 4.6352348599292714e-11,
    "rmse": 1.534296049781826e-06
  },
  "test_metrics": {
    "nmse": 4.249302776407254e-11,
    "rmse": 1.3317607626308783e-06
  },
  "timing": {
    "train_states_s": 0.017799199998989934,
    "ridge_select_s": 0.011631099998339778,
    "total_s": 0.05084039999928791
  },
  "timestamp": "2026-04-16T18:22:28.542381+00:00"
}