{
  "sweep_name": "region_selection_multitask_v1_mackey_glass",
  "config_id": "da4cfa8dabb2",
  "seed": 123,
  "config_point": {
    "spectral_radius": 0.6,
    "input_scaling": 0.15,
    "leak_rate": 0.6
  },
  "best_ridge": 1e-10,
  "val_curve": {
    "1e-10": 3.5571741262340935e-11,
    "1e-08": 6.670295624328062e-10,
    "1e-06": 2.6436741281761735e-08,
    "0.0001": 1.415092513825093e-06,
    "0.01": 3.304591631536071e-05,
    "1.0": 0.0013216197379869589
  },
  "val_metrics": {
    "nmse": 3.5571741262340935e-11,
    "rmse": 1.344082285357935e-06
  },
  "test_metrics": {
    "nmse": 3.201254217022817e-11,
    "rmse": 1.1559191493968507e-06
  },
  "timing": {
    "train_states_s": 0.018639199999597622,
    "ridge_select_s": 0.01188920000276994,
    "total_s": 0.05356810000012047
  },
  "timestamp": "2026-04-16T18:22:28.346981+00:00"
}