{
  "sweep_name": "region_selection_multitask_v1_mackey_glass",
  "config_id": "da7e4d92e8cb",
  "seed": 456,
  "config_point": {
    "spectral_radius": 0.8,
    "input_scaling": 0.15,
    "leak_rate": 0.8
  },
  "best_ridge": 1e-10,
  "val_curve": {
    "1e-10": 2.7933589558973433e-12,
    "1e-08": 1.323903574105229e-10,
    "1e-06": 1.0354710941976691e-08,
    "0.0001": 2.903612928452524e-07,
    "0.01": 7.442379747529898e-06,
    "1.0": 0.0011008019816357607
  },
  "val_metrics": {
    "nmse": 2.7933589558973433e-12,
    "rmse": 3.76648869860532e-07
  },
  "test_metrics": {
    "nmse": 2.5994902823361546e-12,
    "rmse": 3.293908082002318e-07
  },
  "timing": {
    "train_states_s": 0.01772950000304263,
    "ridge_select_s": 0.012224599999171915,
    "total_s": 0.05273589999706019
  },
  "timestamp": "2026-04-16T18:22:53.182857+00:00"
}