{
  "sweep_name": "region_selection_multitask_v1_mackey_glass",
  "config_id": "da7e4d92e8cb",
  "seed": 789,
  "config_point": {
    "spectral_radius": 0.8,
    "input_scaling": 0.15,
    "leak_rate": 0.8
  },
  "best_ridge": 1e-10,
  "val_curve": {
    "1e-10": 3.5071250503406015e-12,
    "1e-08": 1.9648417121385678e-10,
    "1e-06": 1.1519991136336256e-08,
    "0.0001": 3.3055448589439513e-07,
    "0.01": 1.3088062903677937e-05,
    "1.0": 0.001012744186709842
  },
  "val_metrics": {
    "nmse": 3.5071250503406015e-12,
    "rmse": 4.2203543868332695e-07
  },
  "test_metrics": {
    "nmse": 3.2176314052506956e-12,
    "rmse": 3.664675483382963e-07
  },
  "timing": {
    "train_states_s": 0.018607499998324784,
    "ridge_select_s": 0.012013100000331178,
    "total_s": 0.05323309999948833
  },
  "timestamp": "2026-04-16T18:22:53.246969+00:00"
}