{
  "sweep_name": "region_selection_multitask_v1_mackey_glass",
  "config_id": "da7e4d92e8cb",
  "seed": 123,
  "config_point": {
    "spectral_radius": 0.8,
    "input_scaling": 0.15,
    "leak_rate": 0.8
  },
  "best_ridge": 1e-10,
  "val_curve": {
    "1e-10": 5.5955712913586e-12,
    "1e-08": 2.40974956017293e-10,
    "1e-06": 8.905485026635509e-09,
    "0.0001": 2.929923157017461e-07,
    "0.01": 1.5567863447883134e-05,
    "1.0": 0.00137836462498782
  },
  "val_metrics": {
    "nmse": 5.5955712913586e-12,
    "rmse": 5.330838327519792e-07
  },
  "test_metrics": {
    "nmse": 5.6648819597140936e-12,
    "rmse": 4.862535769744407e-07
  },
  "timing": {
    "train_states_s": 0.018463799999153707,
    "ridge_select_s": 0.012269599999854108,
    "total_s": 0.05402970000068308
  },
  "timestamp": "2026-04-16T18:22:53.119019+00:00"
}