{
  "sweep_name": "region_selection_multitask_v1_mackey_glass",
  "config_id": "da7e4d92e8cb",
  "seed": 1024,
  "config_point": {
    "spectral_radius": 0.8,
    "input_scaling": 0.15,
    "leak_rate": 0.8
  },
  "best_ridge": 1e-10,
  "val_curve": {
    "1e-10": 4.096524996838983e-12,
    "1e-08": 1.3137239100364678e-10,
    "1e-06": 1.1550919384386739e-08,
    "0.0001": 7.183659913901562e-07,
    "0.01": 1.7127363620271365e-05,
    "1.0": 0.0016836739413056113
  },
  "val_metrics": {
    "nmse": 4.096524996838983e-12,
    "rmse": 4.561220835588047e-07
  },
  "test_metrics": {
    "nmse": 3.712307237183293e-12,
    "rmse": 3.9363103551825913e-07
  },
  "timing": {
    "train_states_s": 0.017971099998248974,
    "ridge_select_s": 0.012861400002293522,
    "total_s": 0.056442500001139706
  },
  "timestamp": "2026-04-16T18:22:53.314550+00:00"
}