{
  "sweep_name": "region_selection_multitask_v1_mackey_glass",
  "config_id": "db21d0806e31",
  "seed": 1024,
  "config_point": {
    "spectral_radius": 1.1,
    "input_scaling": 0.3,
    "leak_rate": 0.6
  },
  "best_ridge": 1e-10,
  "val_curve": {
    "1e-10": 2.2305278559834026e-12,
    "1e-08": 7.300398514200252e-11,
    "1e-06": 2.5689744542766543e-09,
    "0.0001": 3.489351919764584e-07,
    "0.01": 1.1755132260354532e-05,
    "1.0": 0.0004058388341490587
  },
  "val_metrics": {
    "nmse": 2.2305278559834026e-12,
    "rmse": 3.365713312580422e-07
  },
  "test_metrics": {
    "nmse": 2.320632134840212e-12,
    "rmse": 3.1122217078300275e-07
  },
  "timing": {
    "train_states_s": 0.018470900002284907,
    "ridge_select_s": 0.012167700002464699,
    "total_s": 0.052579200000764104
  },
  "timestamp": "2026-04-16T18:23:33.620073+00:00"
}