{
  "sweep_name": "region_selection_multitask_v1_mackey_glass",
  "config_id": "db21d0806e31",
  "seed": 42,
  "config_point": {
    "spectral_radius": 1.1,
    "input_scaling": 0.3,
    "leak_rate": 0.6
  },
  "best_ridge": 1e-10,
  "val_curve": {
    "1e-10": 1.2642919406866248e-11,
    "1e-08": 2.1395342900255483e-10,
    "1e-06": 4.861357190200563e-09,
    "0.0001": 2.533174788820635e-07,
    "0.01": 1.0271088339699383e-05,
    "1.0": 0.0007513882371854377
  },
  "val_metrics": {
    "nmse": 1.2642919406866248e-11,
    "rmse": 8.013033891873232e-07
  },
  "test_metrics": {
    "nmse": 7.645412264117073e-12,
    "rmse": 5.648951305974982e-07
  },
  "timing": {
    "train_states_s": 0.018989899999724003,
    "ridge_select_s": 0.011895699997694464,
    "total_s": 0.05996450000020559
  },
  "timestamp": "2026-04-16T18:23:33.362286+00:00"
}