{
  "sweep_name": "region_selection_multitask_v1_mackey_glass",
  "config_id": "db21d0806e31",
  "seed": 456,
  "config_point": {
    "spectral_radius": 1.1,
    "input_scaling": 0.3,
    "leak_rate": 0.6
  },
  "best_ridge": 1e-10,
  "val_curve": {
    "1e-10": 1.0397382183543158e-05,
    "1e-08": 0.00014068509649557286,
    "1e-06": 0.0009438475725175992,
    "0.0001": 0.0008639549503387882,
    "0.01": 0.00041993423888004455,
    "1.0": 0.0006201990040967969
  },
  "val_metrics": {
    "nmse": 1.0397382183543158e-05,
    "rmse": 0.000726666766983106
  },
  "test_metrics": {
    "nmse": 8.475590683154084e-09,
    "rmse": 1.880842216265633e-05
  },
  "timing": {
    "train_states_s": 0.018629499998496613,
    "ridge_select_s": 0.01155569999900763,
    "total_s": 0.05550120000043535
  },
  "timestamp": "2026-04-16T18:23:33.492415+00:00"
}