{
  "sweep_name": "region_selection_multitask_v1_mackey_glass",
  "config_id": "dbe2e4b383cc",
  "seed": 42,
  "config_point": {
    "spectral_radius": 1.1,
    "input_scaling": 0.05,
    "leak_rate": 0.6
  },
  "best_ridge": 1e-10,
  "val_curve": {
    "1e-10": 4.397283151164159e-09,
    "1e-08": 3.188431632269677e-08,
    "1e-06": 9.700649517503408e-07,
    "0.0001": 1.0568737797033108e-05,
    "0.01": 0.000429269936375873,
    "1.0": 0.019336327101788498
  },
  "val_metrics": {
    "nmse": 4.397283151164159e-09,
    "rmse": 1.494395361093026e-05
  },
  "test_metrics": {
    "nmse": 5.182452855065492e-10,
    "rmse": 4.650879170181994e-06
  },
  "timing": {
    "train_states_s": 0.018519600002036896,
    "ridge_select_s": 0.01153859999976703,
    "total_s": 0.06373979999989388
  },
  "timestamp": "2026-04-16T18:23:25.210606+00:00"
}