{
  "sweep_name": "region_selection_multitask_v1_mackey_glass",
  "config_id": "dbe2e4b383cc",
  "seed": 456,
  "config_point": {
    "spectral_radius": 1.1,
    "input_scaling": 0.05,
    "leak_rate": 0.6
  },
  "best_ridge": 1e-10,
  "val_curve": {
    "1e-10": 2.9123153847398014e-09,
    "1e-08": 3.83470062056535e-08,
    "1e-06": 2.159968612042313e-07,
    "0.0001": 1.593966410862356e-05,
    "0.01": 0.0008471002846147923,
    "1.0": 0.002583183080912797
  },
  "val_metrics": {
    "nmse": 2.9123153847398014e-09,
    "rmse": 1.2161649899247246e-05
  },
  "test_metrics": {
    "nmse": 1.3629414148526903e-09,
    "rmse": 7.542337653255774e-06
  },
  "timing": {
    "train_states_s": 0.018824100003257627,
    "ridge_select_s": 0.012852500000008149,
    "total_s": 0.05732050000005984
  },
  "timestamp": "2026-04-16T18:23:25.346566+00:00"
}