{
  "sweep_name": "region_selection_multitask_v1_mackey_glass",
  "config_id": "dbe2e4b383cc",
  "seed": 123,
  "config_point": {
    "spectral_radius": 1.1,
    "input_scaling": 0.05,
    "leak_rate": 0.6
  },
  "best_ridge": 1e-10,
  "val_curve": {
    "1e-10": 1.3048583363019865e-09,
    "1e-08": 1.6641806679606832e-08,
    "1e-06": 7.967828856284739e-08,
    "0.0001": 1.8084809511716681e-06,
    "0.01": 6.773711859428464e-05,
    "1.0": 0.006027723620667036
  },
  "val_metrics": {
    "nmse": 1.3048583363019865e-09,
    "rmse": 8.140573036699199e-06
  },
  "test_metrics": {
    "nmse": 8.720796260184498e-11,
    "rmse": 1.9078553616984076e-06
  },
  "timing": {
    "train_states_s": 0.019134699999995064,
    "ridge_select_s": 0.01181670000005397,
    "total_s": 0.0556018999996013
  },
  "timestamp": "2026-04-16T18:23:25.277573+00:00"
}