{
  "sweep_name": "region_selection_multitask_v1_mackey_glass",
  "config_id": "dbe2e4b383cc",
  "seed": 789,
  "config_point": {
    "spectral_radius": 1.1,
    "input_scaling": 0.05,
    "leak_rate": 0.6
  },
  "best_ridge": 1e-10,
  "val_curve": {
    "1e-10": 5.467605491435148e-11,
    "1e-08": 1.8439378678831608e-09,
    "1e-06": 1.1834988256758519e-07,
    "0.0001": 2.149883978336645e-06,
    "0.01": 5.308106654397923e-05,
    "1.0": 0.0045690668539408895
  },
  "val_metrics": {
    "nmse": 5.467605491435148e-11,
    "rmse": 1.6663716962235996e-06
  },
  "test_metrics": {
    "nmse": 2.4669429967554294e-11,
    "rmse": 1.0147216672269611e-06
  },
  "timing": {
    "train_states_s": 0.01863260000027367,
    "ridge_select_s": 0.012834900000598282,
    "total_s": 0.05422080000062124
  },
  "timestamp": "2026-04-16T18:23:25.412236+00:00"
}