{
  "sweep_name": "region_selection_multitask_v1_mackey_glass",
  "config_id": "dbe2e4b383cc",
  "seed": 1024,
  "config_point": {
    "spectral_radius": 1.1,
    "input_scaling": 0.05,
    "leak_rate": 0.6
  },
  "best_ridge": 1e-10,
  "val_curve": {
    "1e-10": 1.8620658724062253e-11,
    "1e-08": 7.869399537116987e-10,
    "1e-06": 6.92656485135634e-08,
    "0.0001": 1.785651735331493e-06,
    "0.01": 0.00013009600353495335,
    "1.0": 0.0037142246130233954
  },
  "val_metrics": {
    "nmse": 1.8620658724062253e-11,
    "rmse": 9.724579142513623e-07
  },
  "test_metrics": {
    "nmse": 1.699746781341115e-11,
    "rmse": 8.422858220934404e-07
  },
  "timing": {
    "train_states_s": 0.01857440000094357,
    "ridge_select_s": 0.012363000001641922,
    "total_s": 0.053611899998941226
  },
  "timestamp": "2026-04-16T18:23:25.476827+00:00"
}