{
  "sweep_name": "region_selection_multitask_v1_mackey_glass",
  "config_id": "dc4c45de4adf",
  "seed": 789,
  "config_point": {
    "spectral_radius": 1.0,
    "input_scaling": 0.1,
    "leak_rate": 1.0
  },
  "best_ridge": 1e-10,
  "val_curve": {
    "1e-10": 3.0352313253749916e-12,
    "1e-08": 1.847466721135724e-10,
    "1e-06": 8.470917940189439e-09,
    "0.0001": 1.9126068869219454e-07,
    "0.01": 1.4172242822565736e-05,
    "1.0": 0.0009370072698362337
  },
  "val_metrics": {
    "nmse": 3.0352313253749916e-12,
    "rmse": 3.926170836039501e-07
  },
  "test_metrics": {
    "nmse": 2.56905338831156e-12,
    "rmse": 3.274567457259315e-07
  },
  "timing": {
    "train_states_s": 0.018911700000899145,
    "ridge_select_s": 0.012514299996837508,
    "total_s": 0.05506790000072215
  },
  "timestamp": "2026-04-16T18:23:16.369545+00:00"
}