{
  "sweep_name": "region_selection_multitask_v1_mackey_glass",
  "config_id": "dc4c45de4adf",
  "seed": 42,
  "config_point": {
    "spectral_radius": 1.0,
    "input_scaling": 0.1,
    "leak_rate": 1.0
  },
  "best_ridge": 1e-10,
  "val_curve": {
    "1e-10": 5.3862020412958985e-12,
    "1e-08": 2.452212168509981e-10,
    "1e-06": 1.424162146447665e-08,
    "0.0001": 6.404352008488013e-07,
    "0.01": 1.697680152247932e-05,
    "1.0": 0.0007632724636296149
  },
  "val_metrics": {
    "nmse": 5.3862020412958985e-12,
    "rmse": 5.230155665039324e-07
  },
  "test_metrics": {
    "nmse": 4.6342336283155594e-12,
    "rmse": 4.398011279626841e-07
  },
  "timing": {
    "train_states_s": 0.017736599998897873,
    "ridge_select_s": 0.011697699999785982,
    "total_s": 0.0547404999997525
  },
  "timestamp": "2026-04-16T18:23:16.170610+00:00"
}