{
  "sweep_name": "region_selection_multitask_v1_mackey_glass",
  "config_id": "dc4c45de4adf",
  "seed": 456,
  "config_point": {
    "spectral_radius": 1.0,
    "input_scaling": 0.1,
    "leak_rate": 1.0
  },
  "best_ridge": 1e-10,
  "val_curve": {
    "1e-10": 3.3366447639078985e-09,
    "1e-08": 1.841383585956826e-08,
    "1e-06": 2.128665788889744e-07,
    "0.0001": 1.86699218091251e-06,
    "0.01": 1.2629664320842831e-05,
    "1.0": 0.0009561421333187408
  },
  "val_metrics": {
    "nmse": 3.3366447639078985e-09,
    "rmse": 1.301752081676332e-05
  },
  "test_metrics": {
    "nmse": 6.00835498356377e-11,
    "rmse": 1.5835988164180465e-06
  },
  "timing": {
    "train_states_s": 0.017814900002122158,
    "ridge_select_s": 0.012196399999083951,
    "total_s": 0.055138700001407415
  },
  "timestamp": "2026-04-16T18:23:16.303318+00:00"
}