{
  "sweep_name": "region_selection_multitask_v1_mackey_glass",
  "config_id": "dc67d33a6091",
  "seed": 456,
  "config_point": {
    "spectral_radius": 0.9,
    "input_scaling": 0.15,
    "leak_rate": 0.5
  },
  "best_ridge": 1e-10,
  "val_curve": {
    "1e-10": 6.885343137488477e-12,
    "1e-08": 2.4707768305818593e-10,
    "1e-06": 1.2526762235014071e-08,
    "0.0001": 5.134149361263642e-07,
    "0.01": 1.9549696655712334e-05,
    "1.0": 0.0011569904334542704
  },
  "val_metrics": {
    "nmse": 6.885343137488477e-12,
    "rmse": 5.913384099340454e-07
  },
  "test_metrics": {
    "nmse": 5.8264202828449735e-12,
    "rmse": 4.931377860879799e-07
  },
  "timing": {
    "train_states_s": 0.01885269999911543,
    "ridge_select_s": 0.012219799999002134,
    "total_s": 0.054756800000177464
  },
  "timestamp": "2026-04-16T18:23:04.480269+00:00"
}