{
  "sweep_name": "region_selection_multitask_v1_mackey_glass",
  "config_id": "dc67d33a6091",
  "seed": 1024,
  "config_point": {
    "spectral_radius": 0.9,
    "input_scaling": 0.15,
    "leak_rate": 0.5
  },
  "best_ridge": 1e-10,
  "val_curve": {
    "1e-10": 9.560748268843062e-12,
    "1e-08": 3.7083838571982004e-10,
    "1e-06": 1.3713804860986199e-08,
    "0.0001": 8.249303844569374e-07,
    "0.01": 2.9547797941700907e-05,
    "1.0": 0.001958551858687273
  },
  "val_metrics": {
    "nmse": 9.560748268843062e-12,
    "rmse": 6.968178009282755e-07
  },
  "test_metrics": {
    "nmse": 8.486230683319951e-12,
    "rmse": 5.951477461644795e-07
  },
  "timing": {
    "train_states_s": 0.019117199997708667,
    "ridge_select_s": 0.012061800000083167,
    "total_s": 0.05576870000004419
  },
  "timestamp": "2026-04-16T18:23:04.611409+00:00"
}