{
  "sweep_name": "region_selection_multitask_v1_mackey_glass",
  "config_id": "dc67d33a6091",
  "seed": 42,
  "config_point": {
    "spectral_radius": 0.9,
    "input_scaling": 0.15,
    "leak_rate": 0.5
  },
  "best_ridge": 1e-10,
  "val_curve": {
    "1e-10": 1.2982227026691381e-11,
    "1e-08": 4.991747003870303e-10,
    "1e-06": 2.036478340178646e-08,
    "0.0001": 5.076938519848804e-07,
    "0.01": 3.723486159373194e-05,
    "1.0": 0.0009101871324843727
  },
  "val_metrics": {
    "nmse": 1.2982227026691381e-11,
    "rmse": 8.119847909477943e-07
  },
  "test_metrics": {
    "nmse": 1.2784534960788583e-11,
    "rmse": 7.304825473555627e-07
  },
  "timing": {
    "train_states_s": 0.0188428000001295,
    "ridge_select_s": 0.012197000000014668,
    "total_s": 0.06534699999974691
  },
  "timestamp": "2026-04-16T18:23:04.351623+00:00"
}