{
  "sweep_name": "region_selection_multitask_v1_mackey_glass",
  "config_id": "dc67d33a6091",
  "seed": 789,
  "config_point": {
    "spectral_radius": 0.9,
    "input_scaling": 0.15,
    "leak_rate": 0.5
  },
  "best_ridge": 1e-10,
  "val_curve": {
    "1e-10": 9.329318290226947e-12,
    "1e-08": 3.394652965132926e-10,
    "1e-06": 1.2493335961436168e-08,
    "0.0001": 7.217135910994433e-07,
    "0.01": 1.6645148833507815e-05,
    "1.0": 0.0009266904490891252
  },
  "val_metrics": {
    "nmse": 9.329318290226947e-12,
    "rmse": 6.883324595968199e-07
  },
  "test_metrics": {
    "nmse": 7.838161248974292e-12,
    "rmse": 5.719716107235699e-07
  },
  "timing": {
    "train_states_s": 0.017678399999567773,
    "ridge_select_s": 0.01247720000174013,
    "total_s": 0.053422800003318116
  },
  "timestamp": "2026-04-16T18:23:04.544751+00:00"
}