{
  "sweep_name": "region_selection_multitask_v1_mackey_glass",
  "config_id": "dc67d33a6091",
  "seed": 123,
  "config_point": {
    "spectral_radius": 0.9,
    "input_scaling": 0.15,
    "leak_rate": 0.5
  },
  "best_ridge": 1e-10,
  "val_curve": {
    "1e-10": 1.2321064385742973e-11,
    "1e-08": 4.089024365152547e-10,
    "1e-06": 1.3983392163886756e-08,
    "0.0001": 4.0242605168981024e-07,
    "0.01": 1.901630161016183e-05,
    "1.0": 0.0010453705541160871
  },
  "val_metrics": {
    "nmse": 1.2321064385742973e-11,
    "rmse": 7.910381123951917e-07
  },
  "test_metrics": {
    "nmse": 1.129140214522648e-11,
    "rmse": 6.865012214201838e-07
  },
  "timing": {
    "train_states_s": 0.017639100002270425,
    "ridge_select_s": 0.012165600001026178,
    "total_s": 0.05219779999970342
  },
  "timestamp": "2026-04-16T18:23:04.414741+00:00"
}