{
  "sweep_name": "region_selection_multitask_v1_mackey_glass",
  "config_id": "dc754c86358d",
  "seed": 789,
  "config_point": {
    "spectral_radius": 0.6,
    "input_scaling": 0.2,
    "leak_rate": 0.5
  },
  "best_ridge": 1e-10,
  "val_curve": {
    "1e-10": 2.0764798453938847e-11,
    "1e-08": 5.941956492287653e-10,
    "1e-06": 2.533483895836725e-08,
    "0.0001": 1.0477183618010756e-06,
    "0.01": 1.3243538018175975e-05,
    "1.0": 0.001232902961820249
  },
  "val_metrics": {
    "nmse": 2.0764798453938847e-11,
    "rmse": 1.0269212835287926e-06
  },
  "test_metrics": {
    "nmse": 1.88842689660005e-11,
    "rmse": 8.878047522518264e-07
  },
  "timing": {
    "train_states_s": 0.017683400001260452,
    "ridge_select_s": 0.012078300002031028,
    "total_s": 0.05184730000109994
  },
  "timestamp": "2026-04-16T18:22:30.138520+00:00"
}