{
  "sweep_name": "region_selection_multitask_v1_mackey_glass",
  "config_id": "dc754c86358d",
  "seed": 42,
  "config_point": {
    "spectral_radius": 0.6,
    "input_scaling": 0.2,
    "leak_rate": 0.5
  },
  "best_ridge": 1e-10,
  "val_curve": {
    "1e-10": 2.7551360746925395e-11,
    "1e-08": 6.83433400091911e-10,
    "1e-06": 4.587770121499393e-08,
    "0.0001": 1.0007680071789682e-06,
    "0.01": 1.8999398706923643e-05,
    "1.0": 0.002095162646148172
  },
  "val_metrics": {
    "nmse": 2.7551360746925395e-11,
    "rmse": 1.1828912561346617e-06
  },
  "test_metrics": {
    "nmse": 2.5113180090355686e-11,
    "rmse": 1.0238073244349838e-06
  },
  "timing": {
    "train_states_s": 0.019180000002961606,
    "ridge_select_s": 0.01276270000016666,
    "total_s": 0.07813049999822397
  },
  "timestamp": "2026-04-16T18:22:29.946019+00:00"
}