{
  "sweep_name": "region_selection_multitask_v1_mackey_glass",
  "config_id": "dc754c86358d",
  "seed": 1024,
  "config_point": {
    "spectral_radius": 0.6,
    "input_scaling": 0.2,
    "leak_rate": 0.5
  },
  "best_ridge": 1e-10,
  "val_curve": {
    "1e-10": 3.4824202372719834e-11,
    "1e-08": 5.436216292076293e-10,
    "1e-06": 2.053391182469926e-08,
    "0.0001": 1.420459077837685e-06,
    "0.01": 2.6949724294139197e-05,
    "1.0": 0.0017462792376624551
  },
  "val_metrics": {
    "nmse": 3.4824202372719834e-11,
    "rmse": 1.3298843762164741e-06
  },
  "test_metrics": {
    "nmse": 3.2861041308865205e-11,
    "rmse": 1.1711379044775438e-06
  },
  "timing": {
    "train_states_s": 0.019124999998894054,
    "ridge_select_s": 0.011825800000224262,
    "total_s": 0.05448400000022957
  },
  "timestamp": "2026-04-16T18:22:30.203880+00:00"
}