{
  "sweep_name": "region_selection_multitask_v1_mackey_glass",
  "config_id": "dc754c86358d",
  "seed": 123,
  "config_point": {
    "spectral_radius": 0.6,
    "input_scaling": 0.2,
    "leak_rate": 0.5
  },
  "best_ridge": 1e-10,
  "val_curve": {
    "1e-10": 3.000067598498405e-11,
    "1e-08": 7.332593587455248e-10,
    "1e-06": 3.065139452281428e-08,
    "0.0001": 1.1684154699820583e-06,
    "0.01": 1.753562159369848e-05,
    "1.0": 0.0017113182389647385
  },
  "val_metrics": {
    "nmse": 3.000067598498405e-11,
    "rmse": 1.2343514033273532e-06
  },
  "test_metrics": {
    "nmse": 2.878499871479643e-11,
    "rmse": 1.0961007726646068e-06
  },
  "timing": {
    "train_states_s": 0.01773759999923641,
    "ridge_select_s": 0.012349700002232566,
    "total_s": 0.05221230000097421
  },
  "timestamp": "2026-04-16T18:22:30.009191+00:00"
}