{
  "sweep_name": "region_selection_multitask_v1_mackey_glass",
  "config_id": "dceacae1b13c",
  "seed": 456,
  "config_point": {
    "spectral_radius": 1.0,
    "input_scaling": 0.15,
    "leak_rate": 0.7
  },
  "best_ridge": 1e-10,
  "val_curve": {
    "1e-10": 8.053613631820314e-12,
    "1e-08": 1.4171589202693472e-10,
    "1e-06": 4.5125770374967585e-09,
    "0.0001": 2.714096611910338e-07,
    "0.01": 1.593227791382164e-05,
    "1.0": 0.0005959544607024028
  },
  "val_metrics": {
    "nmse": 8.053613631820314e-12,
    "rmse": 6.395414396698668e-07
  },
  "test_metrics": {
    "nmse": 3.257860750184003e-12,
    "rmse": 3.687513639859522e-07
  },
  "timing": {
    "train_states_s": 0.018578200000774814,
    "ridge_select_s": 0.01243109999995795,
    "total_s": 0.056176499998400686
  },
  "timestamp": "2026-04-16T18:23:17.295934+00:00"
}