{
  "sweep_name": "region_selection_multitask_v1_mackey_glass",
  "config_id": "dceacae1b13c",
  "seed": 789,
  "config_point": {
    "spectral_radius": 1.0,
    "input_scaling": 0.15,
    "leak_rate": 0.7
  },
  "best_ridge": 1e-10,
  "val_curve": {
    "1e-10": 3.1867757708928845e-12,
    "1e-08": 1.1479780466158627e-10,
    "1e-06": 7.970393676697848e-09,
    "0.0001": 3.204186404673793e-07,
    "0.01": 1.0792448789665992e-05,
    "1.0": 0.0007472650540647609
  },
  "val_metrics": {
    "nmse": 3.1867757708928845e-12,
    "rmse": 4.022990881105242e-07
  },
  "test_metrics": {
    "nmse": 2.7970213081746585e-12,
    "rmse": 3.416766215114943e-07
  },
  "timing": {
    "train_states_s": 0.017726300000504125,
    "ridge_select_s": 0.012501099998189602,
    "total_s": 0.05234089999794378
  },
  "timestamp": "2026-04-16T18:23:17.359038+00:00"
}