{
  "sweep_name": "region_selection_multitask_v1_mackey_glass",
  "config_id": "dceacae1b13c",
  "seed": 42,
  "config_point": {
    "spectral_radius": 1.0,
    "input_scaling": 0.15,
    "leak_rate": 0.7
  },
  "best_ridge": 1e-10,
  "val_curve": {
    "1e-10": 7.213527922501213e-12,
    "1e-08": 2.3481476149570803e-10,
    "1e-06": 1.1589413942792205e-08,
    "0.0001": 3.7500162767892135e-07,
    "0.01": 2.2854695728423774e-05,
    "1.0": 0.0004902595528430079
  },
  "val_metrics": {
    "nmse": 7.213527922501213e-12,
    "rmse": 6.052672191886226e-07
  },
  "test_metrics": {
    "nmse": 6.5797147336866525e-12,
    "rmse": 5.240478085398224e-07
  },
  "timing": {
    "train_states_s": 0.01896119999946677,
    "ridge_select_s": 0.013287199999467703,
    "total_s": 0.05717540000114241
  },
  "timestamp": "2026-04-16T18:23:17.164555+00:00"
}