{
  "sweep_name": "region_selection_multitask_v1_mackey_glass",
  "config_id": "dceacae1b13c",
  "seed": 123,
  "config_point": {
    "spectral_radius": 1.0,
    "input_scaling": 0.15,
    "leak_rate": 0.7
  },
  "best_ridge": 1e-10,
  "val_curve": {
    "1e-10": 3.486483565722342e-12,
    "1e-08": 1.3395349482134015e-10,
    "1e-06": 6.05136337383817e-09,
    "0.0001": 3.535292048091874e-07,
    "0.01": 1.3151080382864219e-05,
    "1.0": 0.0006555781874272484
  },
  "val_metrics": {
    "nmse": 3.486483565722342e-12,
    "rmse": 4.2079164302032834e-07
  },
  "test_metrics": {
    "nmse": 3.5406504613483527e-12,
    "rmse": 3.8442259320204243e-07
  },
  "timing": {
    "train_states_s": 0.017772200000763405,
    "ridge_select_s": 0.012301899998419685,
    "total_s": 0.052583599997888086
  },
  "timestamp": "2026-04-16T18:23:17.228716+00:00"
}