{
  "sweep_name": "region_selection_multitask_v1_mackey_glass",
  "config_id": "de029cf2303a",
  "seed": 1024,
  "config_point": {
    "spectral_radius": 1.0,
    "input_scaling": 0.4,
    "leak_rate": 1.0
  },
  "best_ridge": 1e-10,
  "val_curve": {
    "1e-10": 1.0209255272083245e-12,
    "1e-08": 3.7736662123627573e-11,
    "1e-06": 1.1593639885826877e-09,
    "0.0001": 1.250072906005789e-07,
    "0.01": 7.551685672678846e-06,
    "1.0": 0.00034483011521605227
  },
  "val_metrics": {
    "nmse": 1.0209255272083245e-12,
    "rmse": 2.2770382520333032e-07
  },
  "test_metrics": {
    "nmse": 6.468532516083764e-13,
    "rmse": 1.6431236986709194e-07
  },
  "timing": {
    "train_states_s": 0.018657399999938207,
    "ridge_select_s": 0.011827300000732066,
    "total_s": 0.05243200000040815
  },
  "timestamp": "2026-04-16T18:23:24.778880+00:00"
}