{
  "sweep_name": "region_selection_multitask_v1_mackey_glass",
  "config_id": "de029cf2303a",
  "seed": 456,
  "config_point": {
    "spectral_radius": 1.0,
    "input_scaling": 0.4,
    "leak_rate": 1.0
  },
  "best_ridge": 1e-08,
  "val_curve": {
    "1e-10": 4.237101070800429e-11,
    "1e-08": 3.930471379240178e-11,
    "1e-06": 1.8119712700593032e-09,
    "0.0001": 4.834843012525111e-08,
    "0.01": 4.12464502515704e-06,
    "1.0": 0.00025499661735050173
  },
  "val_metrics": {
    "nmse": 3.930471379240178e-11,
    "rmse": 1.4128485621606549e-06
  },
  "test_metrics": {
    "nmse": 2.4852611805375384e-11,
    "rmse": 1.0184820864356635e-06
  },
  "timing": {
    "train_states_s": 0.01835669999854872,
    "ridge_select_s": 0.011684300003253156,
    "total_s": 0.05635999999867636
  },
  "timestamp": "2026-04-16T18:23:24.650311+00:00"
}