{
  "sweep_name": "region_selection_multitask_v1_mackey_glass",
  "config_id": "de029cf2303a",
  "seed": 42,
  "config_point": {
    "spectral_radius": 1.0,
    "input_scaling": 0.4,
    "leak_rate": 1.0
  },
  "best_ridge": 1e-10,
  "val_curve": {
    "1e-10": 2.0144158613603304e-12,
    "1e-08": 3.929220712051395e-11,
    "1e-06": 3.86793088737381e-09,
    "0.0001": 7.781569823907615e-08,
    "0.01": 5.8948901493674436e-06,
    "1.0": 0.0004764404142981022
  },
  "val_metrics": {
    "nmse": 2.0144158613603304e-12,
    "rmse": 3.198511091555265e-07
  },
  "test_metrics": {
    "nmse": 1.5672802081041095e-12,
    "rmse": 2.5576475729298616e-07
  },
  "timing": {
    "train_states_s": 0.01861089999874821,
    "ridge_select_s": 0.012749800000165123,
    "total_s": 0.06719359999988228
  },
  "timestamp": "2026-04-16T18:23:24.518748+00:00"
}