{
  "sweep_name": "region_selection_multitask_v1_mackey_glass",
  "config_id": "de029cf2303a",
  "seed": 789,
  "config_point": {
    "spectral_radius": 1.0,
    "input_scaling": 0.4,
    "leak_rate": 1.0
  },
  "best_ridge": 1e-10,
  "val_curve": {
    "1e-10": 6.387541329720219e-13,
    "1e-08": 3.0375363027223834e-11,
    "1e-06": 1.7881657700852732e-09,
    "0.0001": 5.603345155443116e-08,
    "0.01": 3.1834621013369922e-06,
    "1.0": 0.00014267500193755188
  },
  "val_metrics": {
    "nmse": 6.387541329720219e-13,
    "rmse": 1.8011096640190003e-07
  },
  "test_metrics": {
    "nmse": 6.294967346812958e-13,
    "rmse": 1.6209294674883105e-07
  },
  "timing": {
    "train_states_s": 0.018596500001876848,
    "ridge_select_s": 0.012099200001102872,
    "total_s": 0.05346129999816185
  },
  "timestamp": "2026-04-16T18:23:24.714953+00:00"
}