{
  "sweep_name": "region_selection_multitask_v1_mackey_glass",
  "config_id": "de029cf2303a",
  "seed": 123,
  "config_point": {
    "spectral_radius": 1.0,
    "input_scaling": 0.4,
    "leak_rate": 1.0
  },
  "best_ridge": 1e-10,
  "val_curve": {
    "1e-10": 2.1883227905300592e-12,
    "1e-08": 3.139876603024457e-11,
    "1e-06": 1.993450412968755e-09,
    "0.0001": 6.30753247332491e-08,
    "0.01": 5.0823248376358674e-06,
    "1.0": 0.00026980904589477846
  },
  "val_metrics": {
    "nmse": 2.1883227905300592e-12,
    "rmse": 3.333718971812528e-07
  },
  "test_metrics": {
    "nmse": 8.203135416345779e-13,
    "rmse": 1.8503646253157914e-07
  },
  "timing": {
    "train_states_s": 0.018555800001195166,
    "ridge_select_s": 0.011779699998442084,
    "total_s": 0.053413900001032744
  },
  "timestamp": "2026-04-16T18:23:24.583113+00:00"
}