{
  "sweep_name": "region_selection_multitask_v1_mackey_glass",
  "config_id": "de8458ccd58c",
  "seed": 456,
  "config_point": {
    "spectral_radius": 1.1,
    "input_scaling": 0.3,
    "leak_rate": 1.0
  },
  "best_ridge": 1e-06,
  "val_curve": {
    "1e-10": 2.4619234520734046e-05,
    "1e-08": 2.0592754494081685e-05,
    "1e-06": 1.4242498933347948e-05,
    "0.0001": 1.8029394907238434e-05,
    "0.01": 0.000574614329661604,
    "1.0": 0.0033594386944092738
  },
  "val_metrics": {
    "nmse": 1.4242498933347948e-05,
    "rmse": 0.0008504844797061624
  },
  "test_metrics": {
    "nmse": 5.6459730871897796e-06,
    "rmse": 0.0004854413630209382
  },
  "timing": {
    "train_states_s": 0.018517399999836925,
    "ridge_select_s": 0.012036699998134281,
    "total_s": 0.05538249999881373
  },
  "timestamp": "2026-04-16T18:23:34.828469+00:00"
}