{
  "sweep_name": "region_selection_multitask_v1_mackey_glass",
  "config_id": "de8458ccd58c",
  "seed": 1024,
  "config_point": {
    "spectral_radius": 1.1,
    "input_scaling": 0.3,
    "leak_rate": 1.0
  },
  "best_ridge": 1e-08,
  "val_curve": {
    "1e-10": 1.896512178433948e-05,
    "1e-08": 1.5560552464453623e-05,
    "1e-06": 2.8131376012470538e-05,
    "0.0001": 4.661795570935663e-05,
    "0.01": 0.00015112292508437903,
    "1.0": 0.0017415156585512208
  },
  "val_metrics": {
    "nmse": 1.5560552464453623e-05,
    "rmse": 0.0008889673305208901
  },
  "test_metrics": {
    "nmse": 5.038069391882304e-07,
    "rmse": 0.00014501049972163592
  },
  "timing": {
    "train_states_s": 0.01887140000326326,
    "ridge_select_s": 0.011715900000126567,
    "total_s": 0.052520500001264736
  },
  "timestamp": "2026-04-16T18:23:34.957248+00:00"
}