{
  "sweep_name": "region_selection_multitask_v1_mackey_glass",
  "config_id": "de99317441ca",
  "seed": 789,
  "config_point": {
    "spectral_radius": 0.8,
    "input_scaling": 0.15,
    "leak_rate": 0.6
  },
  "best_ridge": 1e-10,
  "val_curve": {
    "1e-10": 9.323965296254198e-12,
    "1e-08": 3.2033555020566986e-10,
    "1e-06": 8.810485174127736e-09,
    "0.0001": 3.8601933774450833e-07,
    "0.01": 1.7056129405645566e-05,
    "1.0": 0.0011227565334206012
  },
  "val_metrics": {
    "nmse": 9.323965296254198e-12,
    "rmse": 6.881349549084075e-07
  },
  "test_metrics": {
    "nmse": 8.463564838985056e-12,
    "rmse": 5.943524257209464e-07
  },
  "timing": {
    "train_states_s": 0.018594100001791958,
    "ridge_select_s": 0.011806599999545142,
    "total_s": 0.053471999999601394
  },
  "timestamp": "2026-04-16T18:22:52.553136+00:00"
}