{
  "sweep_name": "region_selection_multitask_v1_mackey_glass",
  "config_id": "de99317441ca",
  "seed": 456,
  "config_point": {
    "spectral_radius": 0.8,
    "input_scaling": 0.15,
    "leak_rate": 0.6
  },
  "best_ridge": 1e-10,
  "val_curve": {
    "1e-10": 6.5735554283864325e-12,
    "1e-08": 2.799917514078198e-10,
    "1e-06": 1.108044903728071e-08,
    "0.0001": 2.689772575318721e-07,
    "0.01": 1.1091209890945933e-05,
    "1.0": 0.0013866716025589282
  },
  "val_metrics": {
    "nmse": 6.5735554283864325e-12,
    "rmse": 5.77794574523955e-07
  },
  "test_metrics": {
    "nmse": 5.9378245934774035e-12,
    "rmse": 4.97829993647608e-07
  },
  "timing": {
    "train_states_s": 0.01767200000176672,
    "ridge_select_s": 0.012581599999975879,
    "total_s": 0.05345600000146078
  },
  "timestamp": "2026-04-16T18:22:52.484192+00:00"
}