{
  "sweep_name": "region_selection_multitask_v1_mackey_glass",
  "config_id": "de99317441ca",
  "seed": 123,
  "config_point": {
    "spectral_radius": 0.8,
    "input_scaling": 0.15,
    "leak_rate": 0.6
  },
  "best_ridge": 1e-10,
  "val_curve": {
    "1e-10": 1.1285855457065322e-11,
    "1e-08": 2.9124872746640093e-10,
    "1e-06": 1.2174654765012388e-08,
    "0.0001": 3.8354276600506354e-07,
    "0.01": 1.8379566298623017e-05,
    "1.0": 0.001652357179116488
  },
  "val_metrics": {
    "nmse": 1.1285855457065322e-11,
    "rmse": 7.570778441552483e-07
  },
  "test_metrics": {
    "nmse": 1.1468299173932893e-11,
    "rmse": 6.918578670618433e-07
  },
  "timing": {
    "train_states_s": 0.018554199999925913,
    "ridge_select_s": 0.011657800001557916,
    "total_s": 0.05357459999868297
  },
  "timestamp": "2026-04-16T18:22:52.419626+00:00"
}