{
  "sweep_name": "region_selection_multitask_v1_mackey_glass",
  "config_id": "e02c3daaea07",
  "seed": 789,
  "config_point": {
    "spectral_radius": 1.0,
    "input_scaling": 0.2,
    "leak_rate": 0.8
  },
  "best_ridge": 1e-10,
  "val_curve": {
    "1e-10": 1.7431281071005983e-12,
    "1e-08": 6.209349771302899e-11,
    "1e-06": 3.735228206320825e-09,
    "0.0001": 2.2082829549691824e-07,
    "0.01": 6.383438524214771e-06,
    "1.0": 0.0005080015635238273
  },
  "val_metrics": {
    "nmse": 1.7431281071005983e-12,
    "rmse": 2.975349227340917e-07
  },
  "test_metrics": {
    "nmse": 1.471270185768329e-12,
    "rmse": 2.478070135904931e-07
  },
  "timing": {
    "train_states_s": 0.01904899999863119,
    "ridge_select_s": 0.012715999997453764,
    "total_s": 0.05489250000027823
  },
  "timestamp": "2026-04-16T18:23:19.836713+00:00"
}