{
  "sweep_name": "region_selection_multitask_v1_mackey_glass",
  "config_id": "e02c3daaea07",
  "seed": 123,
  "config_point": {
    "spectral_radius": 1.0,
    "input_scaling": 0.2,
    "leak_rate": 0.8
  },
  "best_ridge": 1e-10,
  "val_curve": {
    "1e-10": 1.99979059810688e-12,
    "1e-08": 7.026037712812274e-11,
    "1e-06": 3.9207502569196725e-09,
    "0.0001": 1.7376725039084226e-07,
    "0.01": 1.0756597659265645e-05,
    "1.0": 0.0004578321440435954
  },
  "val_metrics": {
    "nmse": 1.99979059810688e-12,
    "rmse": 3.186878864869097e-07
  },
  "test_metrics": {
    "nmse": 2.1587557406948352e-12,
    "rmse": 3.001712746587163e-07
  },
  "timing": {
    "train_states_s": 0.018910200000391342,
    "ridge_select_s": 0.012134499997046078,
    "total_s": 0.05456100000083097
  },
  "timestamp": "2026-04-16T18:23:19.703149+00:00"
}