{
  "sweep_name": "region_selection_multitask_v1_mackey_glass",
  "config_id": "e02c3daaea07",
  "seed": 42,
  "config_point": {
    "spectral_radius": 1.0,
    "input_scaling": 0.2,
    "leak_rate": 0.8
  },
  "best_ridge": 1e-10,
  "val_curve": {
    "1e-10": 3.2400438437632502e-12,
    "1e-08": 1.2983076460353218e-10,
    "1e-06": 7.58005985899394e-09,
    "0.0001": 2.2674632941064145e-07,
    "0.01": 1.4235427099276627e-05,
    "1.0": 0.00044674234405470256
  },
  "val_metrics": {
    "nmse": 3.2400438437632502e-12,
    "rmse": 4.056474389459647e-07
  },
  "test_metrics": {
    "nmse": 2.9173491665311934e-12,
    "rmse": 3.4894869809818515e-07
  },
  "timing": {
    "train_states_s": 0.017726599999150494,
    "ridge_select_s": 0.013347200001589954,
    "total_s": 0.0813799999996263
  },
  "timestamp": "2026-04-16T18:23:19.637660+00:00"
}