{
  "sweep_name": "region_selection_multitask_v1_mackey_glass",
  "config_id": "e02c3daaea07",
  "seed": 1024,
  "config_point": {
    "spectral_radius": 1.0,
    "input_scaling": 0.2,
    "leak_rate": 0.8
  },
  "best_ridge": 1e-10,
  "val_curve": {
    "1e-10": 1.361164214164671e-12,
    "1e-08": 6.968112410887561e-11,
    "1e-06": 6.0980059093115015e-09,
    "0.0001": 3.996501930006774e-07,
    "0.01": 7.30581259133124e-06,
    "1.0": 0.0008022027167119954
  },
  "val_metrics": {
    "nmse": 1.361164214164671e-12,
    "rmse": 2.6292298620709993e-07
  },
  "test_metrics": {
    "nmse": 1.3784340043350481e-12,
    "rmse": 2.3986140085264616e-07
  },
  "timing": {
    "train_states_s": 0.01866420000078506,
    "ridge_select_s": 0.012718599999061553,
    "total_s": 0.053723500001069624
  },
  "timestamp": "2026-04-16T18:23:19.901783+00:00"
}