{
  "sweep_name": "region_selection_multitask_v1_mackey_glass",
  "config_id": "e265f3cf582e",
  "seed": 123,
  "config_point": {
    "spectral_radius": 0.8,
    "input_scaling": 0.1,
    "leak_rate": 0.5
  },
  "best_ridge": 1e-10,
  "val_curve": {
    "1e-10": 2.7616077416302432e-11,
    "1e-08": 7.823547511276704e-10,
    "1e-06": 2.5985112059271438e-08,
    "0.0001": 7.781342182555453e-07,
    "0.01": 4.41436653506537e-05,
    "1.0": 0.0026844832194842976
  },
  "val_metrics": {
    "nmse": 2.7616077416302432e-11,
    "rmse": 1.1842797153320162e-06
  },
  "test_metrics": {
    "nmse": 2.555189333333835e-11,
    "rmse": 1.0327112773636406e-06
  },
  "timing": {
    "train_states_s": 0.01781219999975292,
    "ridge_select_s": 0.011970700001256773,
    "total_s": 0.05193230000077165
  },
  "timestamp": "2026-04-16T18:22:50.088650+00:00"
}