{
  "sweep_name": "region_selection_multitask_v1_mackey_glass",
  "config_id": "e265f3cf582e",
  "seed": 456,
  "config_point": {
    "spectral_radius": 0.8,
    "input_scaling": 0.1,
    "leak_rate": 0.5
  },
  "best_ridge": 1e-10,
  "val_curve": {
    "1e-10": 1.4560314157226316e-11,
    "1e-08": 6.484058854651116e-10,
    "1e-06": 1.8454474161346217e-08,
    "0.0001": 6.319648463815281e-07,
    "0.01": 2.172978014659342e-05,
    "1.0": 0.0029232967372856853
  },
  "val_metrics": {
    "nmse": 1.4560314157226316e-11,
    "rmse": 8.599212232059565e-07
  },
  "test_metrics": {
    "nmse": 1.2950418231552349e-11,
    "rmse": 7.352063912024722e-07
  },
  "timing": {
    "train_states_s": 0.018849600000976352,
    "ridge_select_s": 0.012141700000938727,
    "total_s": 0.056752500000584405
  },
  "timestamp": "2026-04-16T18:22:50.156774+00:00"
}