{
  "sweep_name": "region_selection_multitask_v1_mackey_glass",
  "config_id": "e265f3cf582e",
  "seed": 1024,
  "config_point": {
    "spectral_radius": 0.8,
    "input_scaling": 0.1,
    "leak_rate": 0.5
  },
  "best_ridge": 1e-10,
  "val_curve": {
    "1e-10": 2.178552315292309e-11,
    "1e-08": 6.646366851228285e-10,
    "1e-06": 3.271748831804901e-08,
    "0.0001": 1.7137622631150038e-06,
    "0.01": 4.305730552488363e-05,
    "1.0": 0.0033325681822943963
  },
  "val_metrics": {
    "nmse": 2.178552315292309e-11,
    "rmse": 1.0518584292830663e-06
  },
  "test_metrics": {
    "nmse": 1.9942750743104875e-11,
    "rmse": 9.123467037169934e-07
  },
  "timing": {
    "train_states_s": 0.01856759999645874,
    "ridge_select_s": 0.01219169999967562,
    "total_s": 0.052946700001484714
  },
  "timestamp": "2026-04-16T18:22:50.283601+00:00"
}