{
  "sweep_name": "region_selection_multitask_v1_mackey_glass",
  "config_id": "e3f517fda7c3",
  "seed": 42,
  "config_point": {
    "spectral_radius": 0.9,
    "input_scaling": 0.4,
    "leak_rate": 1.0
  },
  "best_ridge": 1e-10,
  "val_curve": {
    "1e-10": 1.5626348836389535e-12,
    "1e-08": 3.571456651818439e-11,
    "1e-06": 3.788956676590257e-09,
    "0.0001": 1.029131651708581e-07,
    "0.01": 5.949975773154159e-06,
    "1.0": 0.0003817950867390284
  },
  "val_metrics": {
    "nmse": 1.5626348836389535e-12,
    "rmse": 2.8170986300457544e-07
  },
  "test_metrics": {
    "nmse": 1.8133071277509903e-12,
    "rmse": 2.751078995319372e-07
  },
  "timing": {
    "train_states_s": 0.01778790000025765,
    "ridge_select_s": 0.013068899999780115,
    "total_s": 0.06308690000150818
  },
  "timestamp": "2026-04-16T18:23:12.141184+00:00"
}