{
  "sweep_name": "region_selection_multitask_v1_mackey_glass",
  "config_id": "e3f517fda7c3",
  "seed": 123,
  "config_point": {
    "spectral_radius": 0.9,
    "input_scaling": 0.4,
    "leak_rate": 1.0
  },
  "best_ridge": 1e-10,
  "val_curve": {
    "1e-10": 9.296988305003503e-13,
    "1e-08": 5.182361384395001e-11,
    "1e-06": 3.0126152366791715e-09,
    "0.0001": 1.0469581102733419e-07,
    "0.01": 5.746207707794463e-06,
    "1.0": 0.0003837436172754131
  },
  "val_metrics": {
    "nmse": 9.296988305003503e-13,
    "rmse": 2.1729235019797104e-07
  },
  "test_metrics": {
    "nmse": 9.848618549959568e-13,
    "rmse": 2.0274727936008216e-07
  },
  "timing": {
    "train_states_s": 0.01847030000135419,
    "ridge_select_s": 0.012169500001618871,
    "total_s": 0.05349429999841959
  },
  "timestamp": "2026-04-16T18:23:12.205580+00:00"
}