{
  "sweep_name": "region_selection_multitask_v1_mackey_glass",
  "config_id": "e3f517fda7c3",
  "seed": 1024,
  "config_point": {
    "spectral_radius": 0.9,
    "input_scaling": 0.4,
    "leak_rate": 1.0
  },
  "best_ridge": 1e-10,
  "val_curve": {
    "1e-10": 1.081223888915744e-12,
    "1e-08": 4.487520155453651e-11,
    "1e-06": 1.3710464495727892e-09,
    "0.0001": 1.7316272272329903e-07,
    "0.01": 7.272060931912519e-06,
    "1.0": 0.000445001147179343
  },
  "val_metrics": {
    "nmse": 1.081223888915744e-12,
    "rmse": 2.3433173667304635e-07
  },
  "test_metrics": {
    "nmse": 1.0512735479828028e-12,
    "rmse": 2.0947164589700532e-07
  },
  "timing": {
    "train_states_s": 0.01843629999711993,
    "ridge_select_s": 0.01187479999862262,
    "total_s": 0.051422500000626314
  },
  "timestamp": "2026-04-16T18:23:12.398583+00:00"
}