{
  "sweep_name": "region_selection_multitask_v1_mackey_glass",
  "config_id": "e5d26cba92a0",
  "seed": 789,
  "config_point": {
    "spectral_radius": 0.6,
    "input_scaling": 0.3,
    "leak_rate": 0.5
  },
  "best_ridge": 1e-10,
  "val_curve": {
    "1e-10": 1.4508180278928323e-11,
    "1e-08": 5.13235938172105e-10,
    "1e-06": 1.803900774061351e-08,
    "0.0001": 5.559121550118994e-07,
    "0.01": 1.3699050937322178e-05,
    "1.0": 0.0006673524885660043
  },
  "val_metrics": {
    "nmse": 1.4508180278928323e-11,
    "rmse": 8.583803488192751e-07
  },
  "test_metrics": {
    "nmse": 1.285232599849755e-11,
    "rmse": 7.324167083302973e-07
  },
  "timing": {
    "train_states_s": 0.017692800000077114,
    "ridge_select_s": 0.011851600000227336,
    "total_s": 0.0517385999992257
  },
  "timestamp": "2026-04-16T18:22:32.121012+00:00"
}