{
  "sweep_name": "region_selection_multitask_v1_mackey_glass",
  "config_id": "e5d26cba92a0",
  "seed": 456,
  "config_point": {
    "spectral_radius": 0.6,
    "input_scaling": 0.3,
    "leak_rate": 0.5
  },
  "best_ridge": 1e-10,
  "val_curve": {
    "1e-10": 1.330840728278791e-11,
    "1e-08": 4.1524319938070646e-10,
    "1e-06": 1.4602259488276264e-08,
    "0.0001": 4.007404726640537e-07,
    "0.01": 8.682737519215669e-06,
    "1.0": 0.0007274981097289403
  },
  "val_metrics": {
    "nmse": 1.330840728278791e-11,
    "rmse": 8.221221257701858e-07
  },
  "test_metrics": {
    "nmse": 1.3168743349243928e-11,
    "rmse": 7.413777423580141e-07
  },
  "timing": {
    "train_states_s": 0.018476500001270324,
    "ridge_select_s": 0.012156600001617335,
    "total_s": 0.056545700001152
  },
  "timestamp": "2026-04-16T18:22:32.052301+00:00"
}