{
  "sweep_name": "region_selection_multitask_v1_mackey_glass",
  "config_id": "e5d26cba92a0",
  "seed": 1024,
  "config_point": {
    "spectral_radius": 0.6,
    "input_scaling": 0.3,
    "leak_rate": 0.5
  },
  "best_ridge": 1e-10,
  "val_curve": {
    "1e-10": 2.0124780261570582e-11,
    "1e-08": 5.586417054047119e-10,
    "1e-06": 1.4457159649982057e-08,
    "0.0001": 8.164503268274681e-07,
    "0.01": 1.5088403238185684e-05,
    "1.0": 0.0011504773606241126
  },
  "val_metrics": {
    "nmse": 2.0124780261570582e-11,
    "rmse": 1.0109713969465785e-06
  },
  "test_metrics": {
    "nmse": 1.8651196133064064e-11,
    "rmse": 8.823090243009696e-07
  },
  "timing": {
    "train_states_s": 0.019183100001100684,
    "ridge_select_s": 0.012628600001335144,
    "total_s": 0.05412789999900269
  },
  "timestamp": "2026-04-16T18:22:32.186238+00:00"
}