{
  "sweep_name": "region_selection_multitask_v1_mackey_glass",
  "config_id": "e74399494040",
  "seed": 42,
  "config_point": {
    "spectral_radius": 0.9,
    "input_scaling": 0.3,
    "leak_rate": 1.0
  },
  "best_ridge": 1e-10,
  "val_curve": {
    "1e-10": 2.2851021443718486e-12,
    "1e-08": 5.362763976612766e-11,
    "1e-06": 3.1848938573224478e-09,
    "0.0001": 1.4319066319627122e-07,
    "0.01": 9.04988321356164e-06,
    "1.0": 0.0005871222997067793
  },
  "val_metrics": {
    "nmse": 2.2851021443718486e-12,
    "rmse": 3.406638919951466e-07
  },
  "test_metrics": {
    "nmse": 2.0004545945690926e-12,
    "rmse": 2.889560060753435e-07
  },
  "timing": {
    "train_states_s": 0.017743700002029072,
    "ridge_select_s": 0.012838599999668077,
    "total_s": 0.05226870000115014
  },
  "timestamp": "2026-04-16T18:23:10.133220+00:00"
}