{
  "sweep_name": "region_selection_multitask_v1_mackey_glass",
  "config_id": "e74399494040",
  "seed": 123,
  "config_point": {
    "spectral_radius": 0.9,
    "input_scaling": 0.3,
    "leak_rate": 1.0
  },
  "best_ridge": 1e-10,
  "val_curve": {
    "1e-10": 1.205488644650427e-12,
    "1e-08": 4.275042671614456e-11,
    "1e-06": 3.1760167552599838e-09,
    "0.0001": 1.1478988728733141e-07,
    "0.01": 5.395988143971494e-06,
    "1.0": 0.0003403279710031645
  },
  "val_metrics": {
    "nmse": 1.205488644650427e-12,
    "rmse": 2.4743142526531874e-07
  },
  "test_metrics": {
    "nmse": 1.2258395783384663e-12,
    "rmse": 2.2619562270509545e-07
  },
  "timing": {
    "train_states_s": 0.01868069999909494,
    "ridge_select_s": 0.013057400003162911,
    "total_s": 0.055109999997512205
  },
  "timestamp": "2026-04-16T18:23:10.199921+00:00"
}