{
  "sweep_name": "region_selection_multitask_v1_mackey_glass",
  "config_id": "e74399494040",
  "seed": 789,
  "config_point": {
    "spectral_radius": 0.9,
    "input_scaling": 0.3,
    "leak_rate": 1.0
  },
  "best_ridge": 1e-10,
  "val_curve": {
    "1e-10": 1.1498397502344226e-12,
    "1e-08": 4.159477236755136e-11,
    "1e-06": 1.2017078880923282e-09,
    "0.0001": 1.2914924573596687e-07,
    "0.01": 5.916814193762343e-06,
    "1.0": 0.0002866735452439321
  },
  "val_metrics": {
    "nmse": 1.1498397502344226e-12,
    "rmse": 2.416528680943996e-07
  },
  "test_metrics": {
    "nmse": 9.903590165757035e-13,
    "rmse": 2.0331232492288112e-07
  },
  "timing": {
    "train_states_s": 0.0187125999982527,
    "ridge_select_s": 0.01325600000200211,
    "total_s": 0.055891699998028344
  },
  "timestamp": "2026-04-16T18:23:10.333928+00:00"
}