{
  "sweep_name": "region_selection_multitask_v1_mackey_glass",
  "config_id": "e7e25c68091c",
  "seed": 789,
  "config_point": {
    "spectral_radius": 0.8,
    "input_scaling": 0.1,
    "leak_rate": 0.6
  },
  "best_ridge": 1e-10,
  "val_curve": {
    "1e-10": 1.7591865055766382e-11,
    "1e-08": 6.493366026450477e-10,
    "1e-06": 2.019181715929561e-08,
    "0.0001": 6.277653858062257e-07,
    "0.01": 2.9883378855585357e-05,
    "1.0": 0.0024967912022136078
  },
  "val_metrics": {
    "nmse": 1.7591865055766382e-11,
    "rmse": 9.452120234050393e-07
  },
  "test_metrics": {
    "nmse": 1.6912024800418972e-11,
    "rmse": 8.401661502430712e-07
  },
  "timing": {
    "train_states_s": 0.01856490000136546,
    "ridge_select_s": 0.011874699997861171,
    "total_s": 0.05330840000169701
  },
  "timestamp": "2026-04-16T18:22:50.548314+00:00"
}