{
  "sweep_name": "region_selection_multitask_v1_mackey_glass",
  "config_id": "e7e25c68091c",
  "seed": 42,
  "config_point": {
    "spectral_radius": 0.8,
    "input_scaling": 0.1,
    "leak_rate": 0.6
  },
  "best_ridge": 1e-10,
  "val_curve": {
    "1e-10": 2.0156907144636588e-11,
    "1e-08": 7.772491871591236e-10,
    "1e-06": 1.838980541412839e-08,
    "0.0001": 6.342238315274817e-07,
    "0.01": 5.888972956036654e-05,
    "1.0": 0.002302263909103244
  },
  "val_metrics": {
    "nmse": 2.0156907144636588e-11,
    "rmse": 1.0117780245813154e-06
  },
  "test_metrics": {
    "nmse": 1.9545368500731297e-11,
    "rmse": 9.032111871800223e-07
  },
  "timing": {
    "train_states_s": 0.017742300002282718,
    "ridge_select_s": 0.012026399999740534,
    "total_s": 0.058269599998311605
  },
  "timestamp": "2026-04-16T18:22:50.353017+00:00"
}