{
  "sweep_name": "region_selection_multitask_v1_mackey_glass",
  "config_id": "e7e25c68091c",
  "seed": 456,
  "config_point": {
    "spectral_radius": 0.8,
    "input_scaling": 0.1,
    "leak_rate": 0.6
  },
  "best_ridge": 1e-10,
  "val_curve": {
    "1e-10": 1.2606389156823048e-11,
    "1e-08": 5.458073462819865e-10,
    "1e-06": 2.17577464900396e-08,
    "0.0001": 5.824728206562425e-07,
    "0.01": 1.7193564602677084e-05,
    "1.0": 0.002478992651868595
  },
  "val_metrics": {
    "nmse": 1.2606389156823048e-11,
    "rmse": 8.001449151353694e-07
  },
  "test_metrics": {
    "nmse": 1.1677759589969774e-11,
    "rmse": 6.98147427009269e-07
  },
  "timing": {
    "train_states_s": 0.018549299998994684,
    "ridge_select_s": 0.012023300001601456,
    "total_s": 0.05407779999950435
  },
  "timestamp": "2026-04-16T18:22:50.483839+00:00"
}