{
  "sweep_name": "region_selection_multitask_v1_mackey_glass",
  "config_id": "e8362232f904",
  "seed": 789,
  "config_point": {
    "spectral_radius": 0.6,
    "input_scaling": 0.2,
    "leak_rate": 1.0
  },
  "best_ridge": 1e-10,
  "val_curve": {
    "1e-10": 3.888906001108293e-12,
    "1e-08": 3.179503454155044e-10,
    "1e-06": 7.405933552181126e-09,
    "0.0001": 5.618966003592513e-07,
    "0.01": 1.1882905760404585e-05,
    "1.0": 0.0007569690301672352
  },
  "val_metrics": {
    "nmse": 3.888906001108293e-12,
    "rmse": 4.4441326951247796e-07
  },
  "test_metrics": {
    "nmse": 3.690371387596247e-12,
    "rmse": 3.92466338758461e-07
  },
  "timing": {
    "train_states_s": 0.01852860000144574,
    "ridge_select_s": 0.013339099998120219,
    "total_s": 0.05519389999972191
  },
  "timestamp": "2026-04-16T18:22:31.783690+00:00"
}