{
  "sweep_name": "region_selection_multitask_v1_mackey_glass",
  "config_id": "e8362232f904",
  "seed": 1024,
  "config_point": {
    "spectral_radius": 0.6,
    "input_scaling": 0.2,
    "leak_rate": 1.0
  },
  "best_ridge": 1e-10,
  "val_curve": {
    "1e-10": 4.482209899157711e-12,
    "1e-08": 2.6871987261461795e-10,
    "1e-06": 1.4655323686426253e-08,
    "0.0001": 4.5552413176065607e-07,
    "0.01": 3.5627071218904935e-05,
    "1.0": 0.0009356743575521739
  },
  "val_metrics": {
    "nmse": 4.482209899157711e-12,
    "rmse": 4.771109566821187e-07
  },
  "test_metrics": {
    "nmse": 4.360663823992311e-12,
    "rmse": 4.2662242518379524e-07
  },
  "timing": {
    "train_states_s": 0.018051200000627432,
    "ridge_select_s": 0.012026000000332715,
    "total_s": 0.051199599998653866
  },
  "timestamp": "2026-04-16T18:22:31.845989+00:00"
}