{
  "sweep_name": "region_selection_multitask_v1_mackey_glass",
  "config_id": "e8362232f904",
  "seed": 456,
  "config_point": {
    "spectral_radius": 0.6,
    "input_scaling": 0.2,
    "leak_rate": 1.0
  },
  "best_ridge": 1e-10,
  "val_curve": {
    "1e-10": 4.66619386725625e-12,
    "1e-08": 2.6723801910031563e-10,
    "1e-06": 4.505761462282439e-09,
    "0.0001": 3.174766554097354e-07,
    "0.01": 1.7110092426212758e-05,
    "1.0": 0.0008707297629318633
  },
  "val_metrics": {
    "nmse": 4.66619386725625e-12,
    "rmse": 4.86804612066622e-07
  },
  "test_metrics": {
    "nmse": 4.249263938772417e-12,
    "rmse": 4.2113780627185984e-07
  },
  "timing": {
    "train_states_s": 0.01805890000105137,
    "ridge_select_s": 0.012350100001640385,
    "total_s": 0.05449439999938477
  },
  "timestamp": "2026-04-16T18:22:31.717186+00:00"
}