{
  "sweep_name": "region_selection_multitask_v1_mackey_glass",
  "config_id": "e8362232f904",
  "seed": 42,
  "config_point": {
    "spectral_radius": 0.6,
    "input_scaling": 0.2,
    "leak_rate": 1.0
  },
  "best_ridge": 1e-10,
  "val_curve": {
    "1e-10": 4.511216006488158e-12,
    "1e-08": 4.809441913521827e-10,
    "1e-06": 7.829846128122159e-09,
    "0.0001": 5.081404937751609e-07,
    "0.01": 2.6364971999721342e-05,
    "1.0": 0.0012129687489349354
  },
  "val_metrics": {
    "nmse": 4.511216006488158e-12,
    "rmse": 4.786522515450046e-07
  },
  "test_metrics": {
    "nmse": 4.099410274254814e-12,
    "rmse": 4.136452764235328e-07
  },
  "timing": {
    "train_states_s": 0.017788799999834737,
    "ridge_select_s": 0.012093299999833107,
    "total_s": 0.06368049999946379
  },
  "timestamp": "2026-04-16T18:22:31.587717+00:00"
}