{
  "sweep_name": "region_selection_multitask_v1_mackey_glass",
  "config_id": "e9eae8b2ca4e",
  "seed": 789,
  "config_point": {
    "spectral_radius": 0.6,
    "input_scaling": 0.2,
    "leak_rate": 0.8
  },
  "best_ridge": 1e-10,
  "val_curve": {
    "1e-10": 1.1570092949992627e-11,
    "1e-08": 3.285652349267123e-10,
    "1e-06": 7.225380951623362e-09,
    "0.0001": 7.816478986439714e-07,
    "0.01": 1.115928559046472e-05,
    "1.0": 0.0008658305640175592
  },
  "val_metrics": {
    "nmse": 1.1570092949992627e-11,
    "rmse": 7.665521725424266e-07
  },
  "test_metrics": {
    "nmse": 1.076833200071954e-11,
    "rmse": 6.704117156976749e-07
  },
  "timing": {
    "train_states_s": 0.01869490000171936,
    "ridge_select_s": 0.012856199999077944,
    "total_s": 0.05430060000071535
  },
  "timestamp": "2026-04-16T18:22:31.123387+00:00"
}