{
  "sweep_name": "region_selection_multitask_v1_mackey_glass",
  "config_id": "e9eae8b2ca4e",
  "seed": 456,
  "config_point": {
    "spectral_radius": 0.6,
    "input_scaling": 0.2,
    "leak_rate": 0.8
  },
  "best_ridge": 1e-10,
  "val_curve": {
    "1e-10": 9.130447275011211e-12,
    "1e-08": 2.652285302759746e-10,
    "1e-06": 5.3970805212174436e-09,
    "0.0001": 4.798584438627511e-07,
    "0.01": 1.4308958051072924e-05,
    "1.0": 0.0009938606098241589
  },
  "val_metrics": {
    "nmse": 9.130447275011211e-12,
    "rmse": 6.809564240996216e-07
  },
  "test_metrics": {
    "nmse": 8.268066404027148e-12,
    "rmse": 5.874478987000048e-07
  },
  "timing": {
    "train_states_s": 0.018303800003195647,
    "ridge_select_s": 0.012082099998224294,
    "total_s": 0.055854700000054436
  },
  "timestamp": "2026-04-16T18:22:31.058064+00:00"
}