{
  "sweep_name": "region_selection_multitask_v1_mackey_glass",
  "config_id": "e9eae8b2ca4e",
  "seed": 42,
  "config_point": {
    "spectral_radius": 0.6,
    "input_scaling": 0.2,
    "leak_rate": 0.8
  },
  "best_ridge": 1e-10,
  "val_curve": {
    "1e-10": 1.1489649828194796e-11,
    "1e-08": 4.5481314663747273e-10,
    "1e-06": 1.1078526255159163e-08,
    "0.0001": 7.243826230383475e-07,
    "0.01": 2.322486887399922e-05,
    "1.0": 0.0014008461838861074
  },
  "val_metrics": {
    "nmse": 1.1489649828194796e-11,
    "rmse": 7.638827295877778e-07
  },
  "test_metrics": {
    "nmse": 1.0363136536213402e-11,
    "rmse": 6.576775036455359e-07
  },
  "timing": {
    "train_states_s": 0.01821120000022347,
    "ridge_select_s": 0.0124190999995335,
    "total_s": 0.05564120000053663
  },
  "timestamp": "2026-04-16T18:22:30.926076+00:00"
}