{
  "sweep_name": "region_selection_multitask_v1_mackey_glass",
  "config_id": "e9eae8b2ca4e",
  "seed": 1024,
  "config_point": {
    "spectral_radius": 0.6,
    "input_scaling": 0.2,
    "leak_rate": 0.8
  },
  "best_ridge": 1e-10,
  "val_curve": {
    "1e-10": 1.130578221117714e-11,
    "1e-08": 3.974077298188427e-10,
    "1e-06": 1.1465942577699823e-08,
    "0.0001": 7.012413365479736e-07,
    "0.01": 3.334770150743436e-05,
    "1.0": 0.0011071580789816268
  },
  "val_metrics": {
    "nmse": 1.130578221117714e-11,
    "rmse": 7.577459127308989e-07
  },
  "test_metrics": {
    "nmse": 1.0144461014476284e-11,
    "rmse": 6.507015862386109e-07
  },
  "timing": {
    "train_states_s": 0.01798629999757395,
    "ridge_select_s": 0.01216019999992568,
    "total_s": 0.05177639999965322
  },
  "timestamp": "2026-04-16T18:22:31.185946+00:00"
}