{
  "sweep_name": "region_selection_multitask_v1_mackey_glass",
  "config_id": "e9eae8b2ca4e",
  "seed": 123,
  "config_point": {
    "spectral_radius": 0.6,
    "input_scaling": 0.2,
    "leak_rate": 0.8
  },
  "best_ridge": 1e-10,
  "val_curve": {
    "1e-10": 1.2327827040784717e-11,
    "1e-08": 4.555217244078339e-10,
    "1e-06": 1.0341861336126334e-08,
    "0.0001": 6.802833096485808e-07,
    "0.01": 1.8777870961145226e-05,
    "1.0": 0.0011210384385770666
  },
  "val_metrics": {
    "nmse": 1.2327827040784717e-11,
    "rmse": 7.912551709165285e-07
  },
  "test_metrics": {
    "nmse": 1.1832151341913446e-11,
    "rmse": 7.027473792599921e-07
  },
  "timing": {
    "train_states_s": 0.01840539999830071,
    "ridge_select_s": 0.01228120000087074,
    "total_s": 0.05364920000283746
  },
  "timestamp": "2026-04-16T18:22:30.990946+00:00"
}