{
  "sweep_name": "region_selection_multitask_v1_mackey_glass",
  "config_id": "ea93ddc121f9",
  "seed": 42,
  "config_point": {
    "spectral_radius": 0.8,
    "input_scaling": 0.05,
    "leak_rate": 1.0
  },
  "best_ridge": 1e-10,
  "val_curve": {
    "1e-10": 2.6585175760869833e-11,
    "1e-08": 4.730412679493085e-10,
    "1e-06": 2.0961813850514814e-08,
    "0.0001": 2.8276231686520057e-06,
    "0.01": 8.940381172601812e-05,
    "1.0": 0.0017687237833211625
  },
  "val_metrics": {
    "nmse": 2.6585175760869833e-11,
    "rmse": 1.161965043138198e-06
  },
  "test_metrics": {
    "nmse": 2.4275151052659043e-11,
    "rmse": 1.0065801162431977e-06
  },
  "timing": {
    "train_states_s": 0.017718999999488005,
    "ridge_select_s": 0.012072399997123284,
    "total_s": 0.06192220000230009
  },
  "timestamp": "2026-04-16T18:22:49.689860+00:00"
}