{
  "sweep_name": "region_selection_multitask_v1_mackey_glass",
  "config_id": "ea93ddc121f9",
  "seed": 456,
  "config_point": {
    "spectral_radius": 0.8,
    "input_scaling": 0.05,
    "leak_rate": 1.0
  },
  "best_ridge": 1e-10,
  "val_curve": {
    "1e-10": 1.4769945710374643e-11,
    "1e-08": 7.063318891368329e-10,
    "1e-06": 1.3213068922471472e-08,
    "0.0001": 8.695293827731789e-07,
    "0.01": 0.00014012424345692868,
    "1.0": 0.0012342269750336636
  },
  "val_metrics": {
    "nmse": 1.4769945710374643e-11,
    "rmse": 8.660894419514809e-07
  },
  "test_metrics": {
    "nmse": 1.40111969645079e-11,
    "rmse": 7.647244852618896e-07
  },
  "timing": {
    "train_states_s": 0.017850100000941893,
    "ridge_select_s": 0.012585599997692043,
    "total_s": 0.055010200001561316
  },
  "timestamp": "2026-04-16T18:22:49.821474+00:00"
}