{
  "sweep_name": "region_selection_multitask_v1_mackey_glass",
  "config_id": "ea93ddc121f9",
  "seed": 789,
  "config_point": {
    "spectral_radius": 0.8,
    "input_scaling": 0.05,
    "leak_rate": 1.0
  },
  "best_ridge": 1e-10,
  "val_curve": {
    "1e-10": 2.186302665005867e-11,
    "1e-08": 5.340313409171841e-10,
    "1e-06": 1.9824248395988984e-08,
    "0.0001": 1.5771972928191383e-06,
    "0.01": 7.96249570053034e-05,
    "1.0": 0.001983545525927481
  },
  "val_metrics": {
    "nmse": 2.186302665005867e-11,
    "rmse": 1.0537277975148022e-06
  },
  "test_metrics": {
    "nmse": 2.1142556615181624e-11,
    "rmse": 9.393904219649042e-07
  },
  "timing": {
    "train_states_s": 0.018389200002275174,
    "ridge_select_s": 0.0124361999987741,
    "total_s": 0.053621899998688605
  },
  "timestamp": "2026-04-16T18:22:49.886132+00:00"
}