{
  "sweep_name": "region_selection_multitask_v1_mackey_glass",
  "config_id": "eca525dfdc66",
  "seed": 42,
  "config_point": {
    "spectral_radius": 0.6,
    "input_scaling": 0.05,
    "leak_rate": 0.8
  },
  "best_ridge": 1e-10,
  "val_curve": {
    "1e-10": 3.5634550950375135e-11,
    "1e-08": 4.74353649847571e-09,
    "1e-06": 1.1292982652560537e-07,
    "0.0001": 1.7156982969391676e-06,
    "0.01": 0.0004503795040095856,
    "1.0": 0.0009488407056576458
  },
  "val_metrics": {
    "nmse": 3.5634550950375135e-11,
    "rmse": 1.345268397603212e-06
  },
  "test_metrics": {
    "nmse": 3.994618222823664e-11,
    "rmse": 1.2912341873434721e-06
  },
  "timing": {
    "train_states_s": 0.017821099998400314,
    "ridge_select_s": 0.012355700000625802,
    "total_s": 0.06650129999979981
  },
  "timestamp": "2026-04-16T18:22:24.851849+00:00"
}