{
  "sweep_name": "region_selection_multitask_v1_mackey_glass",
  "config_id": "eca525dfdc66",
  "seed": 456,
  "config_point": {
    "spectral_radius": 0.6,
    "input_scaling": 0.05,
    "leak_rate": 0.8
  },
  "best_ridge": 1e-10,
  "val_curve": {
    "1e-10": 2.4225125745237465e-11,
    "1e-08": 2.5748926964567876e-09,
    "1e-06": 8.927754888365741e-08,
    "0.0001": 1.4461511668377157e-06,
    "0.01": 0.0003243778043491074,
    "1.0": 0.0009335354647199511
  },
  "val_metrics": {
    "nmse": 2.4225125745237465e-11,
    "rmse": 1.1091909434139266e-06
  },
  "test_metrics": {
    "nmse": 2.4556930699637394e-11,
    "rmse": 1.0124053208953018e-06
  },
  "timing": {
    "train_states_s": 0.017769000001862878,
    "ridge_select_s": 0.012449599998944905,
    "total_s": 0.054841599998326274
  },
  "timestamp": "2026-04-16T18:22:24.987962+00:00"
}