{
  "sweep_name": "region_selection_multitask_v1_mackey_glass",
  "config_id": "eca525dfdc66",
  "seed": 123,
  "config_point": {
    "spectral_radius": 0.6,
    "input_scaling": 0.05,
    "leak_rate": 0.8
  },
  "best_ridge": 1e-10,
  "val_curve": {
    "1e-10": 3.636544816377665e-11,
    "1e-08": 3.310145747099538e-09,
    "1e-06": 1.5446400727466046e-07,
    "0.0001": 1.6734328420413728e-06,
    "0.01": 0.0003818023352399826,
    "1.0": 0.0009021648317213294
  },
  "val_metrics": {
    "nmse": 3.636544816377665e-11,
    "rmse": 1.3589947123172046e-06
  },
  "test_metrics": {
    "nmse": 4.1493161847649965e-11,
    "rmse": 1.3159992498411244e-06
  },
  "timing": {
    "train_states_s": 0.018867599999794038,
    "ridge_select_s": 0.011734299998352071,
    "total_s": 0.05345799999849987
  },
  "timestamp": "2026-04-16T18:22:24.916294+00:00"
}