{
  "sweep_name": "region_selection_multitask_v1_mackey_glass",
  "config_id": "eca525dfdc66",
  "seed": 789,
  "config_point": {
    "spectral_radius": 0.6,
    "input_scaling": 0.05,
    "leak_rate": 0.8
  },
  "best_ridge": 1e-10,
  "val_curve": {
    "1e-10": 2.8865165394838597e-11,
    "1e-08": 2.5810279404992714e-09,
    "1e-06": 1.4662745319426238e-07,
    "0.0001": 1.543184534704255e-06,
    "0.01": 0.0002486613459565487,
    "1.0": 0.0007456433969528379
  },
  "val_metrics": {
    "nmse": 2.8865165394838597e-11,
    "rmse": 1.2107662876409252e-06
  },
  "test_metrics": {
    "nmse": 3.324780158232379e-11,
    "rmse": 1.1780096381260919e-06
  },
  "timing": {
    "train_states_s": 0.018764100001135375,
    "ridge_select_s": 0.012030799996864516,
    "total_s": 0.05457179999939399
  },
  "timestamp": "2026-04-16T18:22:25.053830+00:00"
}