{
  "sweep_name": "region_selection_multitask_v1_mackey_glass",
  "config_id": "eca525dfdc66",
  "seed": 1024,
  "config_point": {
    "spectral_radius": 0.6,
    "input_scaling": 0.05,
    "leak_rate": 0.8
  },
  "best_ridge": 1e-10,
  "val_curve": {
    "1e-10": 3.1388662875487454e-11,
    "1e-08": 2.102428547006782e-09,
    "1e-06": 2.1850958334159794e-07,
    "0.0001": 2.5860283227622288e-06,
    "0.01": 0.0004220443106688778,
    "1.0": 0.0009161263183769795
  },
  "val_metrics": {
    "nmse": 3.1388662875487454e-11,
    "rmse": 1.262582317359855e-06
  },
  "test_metrics": {
    "nmse": 3.7785992653696856e-11,
    "rmse": 1.255835612907815e-06
  },
  "timing": {
    "train_states_s": 0.01764560000083293,
    "ridge_select_s": 0.013139599999703933,
    "total_s": 0.05615570000009029
  },
  "timestamp": "2026-04-16T18:22:25.121384+00:00"
}