{
  "sweep_name": "region_selection_multitask_v1_mackey_glass",
  "config_id": "ed9cbcae5f86",
  "seed": 42,
  "config_point": {
    "spectral_radius": 0.9,
    "input_scaling": 0.2,
    "leak_rate": 0.8
  },
  "best_ridge": 1e-10,
  "val_curve": {
    "1e-10": 3.767527005558441e-12,
    "1e-08": 1.0743842712220515e-10,
    "1e-06": 6.529499073162955e-09,
    "0.0001": 2.1468391072154587e-07,
    "0.01": 2.0526242221391046e-05,
    "1.0": 0.0005502847926468217
  },
  "val_metrics": {
    "nmse": 3.767527005558441e-12,
    "rmse": 4.374228661261576e-07
  },
  "test_metrics": {
    "nmse": 3.873054329325047e-12,
    "rmse": 4.020630577836267e-07
  },
  "timing": {
    "train_states_s": 0.017772700000932673,
    "ridge_select_s": 0.01240949999919394,
    "total_s": 0.06329449999975623
  },
  "timestamp": "2026-04-16T18:23:07.402720+00:00"
}