{
  "sweep_name": "region_selection_multitask_v1_mackey_glass",
  "config_id": "ed9cbcae5f86",
  "seed": 1024,
  "config_point": {
    "spectral_radius": 0.9,
    "input_scaling": 0.2,
    "leak_rate": 0.8
  },
  "best_ridge": 1e-10,
  "val_curve": {
    "1e-10": 2.2469881350298016e-12,
    "1e-08": 8.205875585212429e-11,
    "1e-06": 4.9674049769192315e-09,
    "0.0001": 2.80672760587128e-07,
    "0.01": 1.3048910591174191e-05,
    "1.0": 0.0008298984540348861
  },
  "val_metrics": {
    "nmse": 2.2469881350298016e-12,
    "rmse": 3.3781092008005884e-07
  },
  "test_metrics": {
    "nmse": 1.936448530251037e-12,
    "rmse": 2.8429574240660894e-07
  },
  "timing": {
    "train_states_s": 0.017965499999263557,
    "ridge_select_s": 0.011712300001818221,
    "total_s": 0.050974600002518855
  },
  "timestamp": "2026-04-16T18:23:07.660828+00:00"
}