{
  "sweep_name": "region_selection_multitask_v1_mackey_glass",
  "config_id": "ed9cbcae5f86",
  "seed": 456,
  "config_point": {
    "spectral_radius": 0.9,
    "input_scaling": 0.2,
    "leak_rate": 0.8
  },
  "best_ridge": 1e-10,
  "val_curve": {
    "1e-10": 1.948112077955194e-12,
    "1e-08": 9.476926055661823e-11,
    "1e-06": 3.3926870750701434e-09,
    "0.0001": 1.506033839467959e-07,
    "0.01": 9.270278093102068e-06,
    "1.0": 0.0006341270778199607
  },
  "val_metrics": {
    "nmse": 1.948112077955194e-12,
    "rmse": 3.145431736166639e-07
  },
  "test_metrics": {
    "nmse": 1.6213871070798229e-12,
    "rmse": 2.6014215544501733e-07
  },
  "timing": {
    "train_states_s": 0.0176766000004136,
    "ridge_select_s": 0.012769799999659881,
    "total_s": 0.05446790000132751
  },
  "timestamp": "2026-04-16T18:23:07.534343+00:00"
}