{
  "sweep_name": "region_selection_multitask_v1_mackey_glass",
  "config_id": "ed9cbcae5f86",
  "seed": 789,
  "config_point": {
    "spectral_radius": 0.9,
    "input_scaling": 0.2,
    "leak_rate": 0.8
  },
  "best_ridge": 1e-10,
  "val_curve": {
    "1e-10": 2.625352083283599e-12,
    "1e-08": 7.340979731999759e-11,
    "1e-06": 3.1389188737452793e-09,
    "0.0001": 1.9697252569066336e-07,
    "0.01": 7.476639276297046e-06,
    "1.0": 0.0004559256049957767
  },
  "val_metrics": {
    "nmse": 2.625352083283599e-12,
    "rmse": 3.651464410593574e-07
  },
  "test_metrics": {
    "nmse": 2.0635955875278795e-12,
    "rmse": 2.934807849516378e-07
  },
  "timing": {
    "train_states_s": 0.018628000001626788,
    "ridge_select_s": 0.011861200000566896,
    "total_s": 0.05314459999863175
  },
  "timestamp": "2026-04-16T18:23:07.598822+00:00"
}