{
  "sweep_name": "region_selection_multitask_v1_mackey_glass",
  "config_id": "ed9cbcae5f86",
  "seed": 123,
  "config_point": {
    "spectral_radius": 0.9,
    "input_scaling": 0.2,
    "leak_rate": 0.8
  },
  "best_ridge": 1e-10,
  "val_curve": {
    "1e-10": 2.53763208518315e-12,
    "1e-08": 7.770080852390856e-11,
    "1e-06": 4.872674496778982e-09,
    "0.0001": 2.2150041750490164e-07,
    "0.01": 9.073959827461722e-06,
    "1.0": 0.0004500560060918339
  },
  "val_metrics": {
    "nmse": 2.53763208518315e-12,
    "rmse": 3.5899435805412693e-07
  },
  "test_metrics": {
    "nmse": 2.8302976769831894e-12,
    "rmse": 3.4370308806072217e-07
  },
  "timing": {
    "train_states_s": 0.0188549000013154,
    "ridge_select_s": 0.012724800002615666,
    "total_s": 0.055214199997863034
  },
  "timestamp": "2026-04-16T18:23:07.468912+00:00"
}