{
  "sweep_name": "region_selection_multitask_v1_mackey_glass",
  "config_id": "f1c1d748b2e2",
  "seed": 456,
  "config_point": {
    "spectral_radius": 1.1,
    "input_scaling": 0.4,
    "leak_rate": 0.9
  },
  "best_ridge": 1e-10,
  "val_curve": {
    "1e-10": 0.004741506444765521,
    "1e-08": 0.005846669605838298,
    "1e-06": 0.04132400545487489,
    "0.0001": 0.1558116789177604,
    "0.01": 0.07132905820249515,
    "1.0": 0.025980106807113306
  },
  "val_metrics": {
    "nmse": 0.004741506444765521,
    "rmse": 0.015517847067985141
  },
  "test_metrics": {
    "nmse": 1.9701999870625233e-10,
    "rmse": 2.8676261536496334e-06
  },
  "timing": {
    "train_states_s": 0.018928800000139745,
    "ridge_select_s": 0.012127500001952285,
    "total_s": 0.057369599999219645
  },
  "timestamp": "2026-04-16T18:23:36.495675+00:00"
}