{
  "sweep_name": "region_selection_multitask_v1_mackey_glass",
  "config_id": "f1c1d748b2e2",
  "seed": 1024,
  "config_point": {
    "spectral_radius": 1.1,
    "input_scaling": 0.4,
    "leak_rate": 0.9
  },
  "best_ridge": 1e-10,
  "val_curve": {
    "1e-10": 1.2626619549760218e-12,
    "1e-08": 3.0185081667327997e-11,
    "1e-06": 1.1641518304106528e-09,
    "0.0001": 1.6018302693659468e-07,
    "0.01": 7.240258881403994e-06,
    "1.0": 0.0002950660389946007
  },
  "val_metrics": {
    "nmse": 1.2626619549760218e-12,
    "rmse": 2.532309838980325e-07
  },
  "test_metrics": {
    "nmse": 1.2587909281168491e-12,
    "rmse": 2.2921560384105188e-07
  },
  "timing": {
    "train_states_s": 0.01901189999989583,
    "ridge_select_s": 0.011820700001408113,
    "total_s": 0.05266049999772804
  },
  "timestamp": "2026-04-16T18:23:36.623896+00:00"
}