{
  "sweep_name": "region_selection_multitask_v1_mackey_glass",
  "config_id": "f1c1d748b2e2",
  "seed": 789,
  "config_point": {
    "spectral_radius": 1.1,
    "input_scaling": 0.4,
    "leak_rate": 0.9
  },
  "best_ridge": 1e-10,
  "val_curve": {
    "1e-10": 8.190702621463202e-13,
    "1e-08": 3.20490346984878e-11,
    "1e-06": 1.6303919875105106e-09,
    "0.0001": 5.390580770846533e-08,
    "0.01": 3.2821655143767706e-06,
    "1.0": 0.00014099341398819644
  },
  "val_metrics": {
    "nmse": 8.190702621463202e-13,
    "rmse": 2.0395477338521613e-07
  },
  "test_metrics": {
    "nmse": 7.509049199366637e-13,
    "rmse": 1.7703529199153856e-07
  },
  "timing": {
    "train_states_s": 0.01868549999926472,
    "ridge_select_s": 0.012014100000669714,
    "total_s": 0.05372709999937797
  },
  "timestamp": "2026-04-16T18:23:36.560154+00:00"
}