{
  "sweep_name": "region_selection_multitask_v1_mackey_glass",
  "config_id": "f669676d58af",
  "seed": 789,
  "config_point": {
    "spectral_radius": 0.9,
    "input_scaling": 0.3,
    "leak_rate": 0.7
  },
  "best_ridge": 1e-10,
  "val_curve": {
    "1e-10": 1.7330484528330056e-12,
    "1e-08": 5.685169283942146e-11,
    "1e-06": 3.0877929051207263e-09,
    "0.0001": 1.913297981766117e-07,
    "0.01": 7.55931406571957e-06,
    "1.0": 0.0003423000980576313
  },
  "val_metrics": {
    "nmse": 1.7330484528330056e-12,
    "rmse": 2.9667342631586744e-07
  },
  "test_metrics": {
    "nmse": 1.4500359013380592e-12,
    "rmse": 2.4601226200480433e-07
  },
  "timing": {
    "train_states_s": 0.0178529000004346,
    "ridge_select_s": 0.012101799999072682,
    "total_s": 0.0522540999991179
  },
  "timestamp": "2026-04-16T18:23:09.344469+00:00"
}