{
  "sweep_name": "region_selection_multitask_v1_mackey_glass",
  "config_id": "f669676d58af",
  "seed": 123,
  "config_point": {
    "spectral_radius": 0.9,
    "input_scaling": 0.3,
    "leak_rate": 0.7
  },
  "best_ridge": 1e-10,
  "val_curve": {
    "1e-10": 2.300716001996881e-12,
    "1e-08": 8.682601707700834e-11,
    "1e-06": 5.625553237346401e-09,
    "0.0001": 1.560069857762399e-07,
    "0.01": 7.079891968542601e-06,
    "1.0": 0.0004566162586521145
  },
  "val_metrics": {
    "nmse": 2.300716001996881e-12,
    "rmse": 3.418257705264347e-07
  },
  "test_metrics": {
    "nmse": 2.2042218545076286e-12,
    "rmse": 3.033157965153158e-07
  },
  "timing": {
    "train_states_s": 0.017670799999905284,
    "ridge_select_s": 0.012395800000376767,
    "total_s": 0.05220939999708207
  },
  "timestamp": "2026-04-16T18:23:09.214676+00:00"
}