{
  "sweep_name": "region_selection_multitask_v1_mackey_glass",
  "config_id": "f669676d58af",
  "seed": 42,
  "config_point": {
    "spectral_radius": 0.9,
    "input_scaling": 0.3,
    "leak_rate": 0.7
  },
  "best_ridge": 1e-10,
  "val_curve": {
    "1e-10": 3.7741522473401706e-12,
    "1e-08": 9.182864413466416e-11,
    "1e-06": 6.377847729016154e-09,
    "0.0001": 1.8520749594375614e-07,
    "0.01": 9.761896147513782e-06,
    "1.0": 0.0006627950321038609
  },
  "val_metrics": {
    "nmse": 3.7741522473401706e-12,
    "rmse": 4.3780730388963954e-07
  },
  "test_metrics": {
    "nmse": 3.5038417886112703e-12,
    "rmse": 3.824191401448661e-07
  },
  "timing": {
    "train_states_s": 0.018948500000988133,
    "ridge_select_s": 0.011820100000477396,
    "total_s": 0.08279359999869484
  },
  "timestamp": "2026-04-16T18:23:09.151558+00:00"
}