{
  "sweep_name": "region_selection_multitask_v1_mackey_glass",
  "config_id": "f8869541ea23",
  "seed": 42,
  "config_point": {
    "spectral_radius": 0.7,
    "input_scaling": 0.1,
    "leak_rate": 0.7
  },
  "best_ridge": 1e-10,
  "val_curve": {
    "1e-10": 1.34332175113565e-11,
    "1e-08": 5.086629892182445e-10,
    "1e-06": 3.483479972922149e-08,
    "0.0001": 1.3969285254192944e-06,
    "0.01": 5.3276012551964266e-05,
    "1.0": 0.0014681414957406092
  },
  "val_metrics": {
    "nmse": 1.34332175113565e-11,
    "rmse": 8.259681831799064e-07
  },
  "test_metrics": {
    "nmse": 1.2839682176130466e-11,
    "rmse": 7.32056352334851e-07
  },
  "timing": {
    "train_states_s": 0.018705900001805276,
    "ridge_select_s": 0.012349799999356037,
    "total_s": 0.056745400001091184
  },
  "timestamp": "2026-04-16T18:22:38.664148+00:00"
}