{
  "sweep_name": "region_selection_multitask_v1_mackey_glass",
  "config_id": "f8ac2775ac41",
  "seed": 456,
  "config_point": {
    "spectral_radius": 0.6,
    "input_scaling": 0.4,
    "leak_rate": 1.0
  },
  "best_ridge": 1e-10,
  "val_curve": {
    "1e-10": 1.8923343592918284e-12,
    "1e-08": 1.1448989594997596e-10,
    "1e-06": 3.6531384511217797e-09,
    "0.0001": 1.757062818334743e-07,
    "0.01": 5.047824423599224e-06,
    "1.0": 0.0002711142217969901
  },
  "val_metrics": {
    "nmse": 1.8923343592918284e-12,
    "rmse": 3.1000752250735835e-07
  },
  "test_metrics": {
    "nmse": 2.0501615937152472e-12,
    "rmse": 2.925239461576154e-07
  },
  "timing": {
    "train_states_s": 0.017919599999004276,
    "ridge_select_s": 0.012055500003043562,
    "total_s": 0.0540729000022111
  },
  "timestamp": "2026-04-16T18:22:35.765561+00:00"
}