{
  "sweep_name": "region_selection_multitask_v1_mackey_glass",
  "config_id": "f8ac2775ac41",
  "seed": 123,
  "config_point": {
    "spectral_radius": 0.6,
    "input_scaling": 0.4,
    "leak_rate": 1.0
  },
  "best_ridge": 1e-10,
  "val_curve": {
    "1e-10": 4.416895361643229e-12,
    "1e-08": 2.4547457116170405e-10,
    "1e-06": 6.68747674391939e-09,
    "0.0001": 3.4476314006026537e-07,
    "0.01": 9.50361164084967e-06,
    "1.0": 0.0003873107527773025
  },
  "val_metrics": {
    "nmse": 4.416895361643229e-12,
    "rmse": 4.736219812966622e-07
  },
  "test_metrics": {
    "nmse": 3.954070237234767e-12,
    "rmse": 4.0624643836081885e-07
  },
  "timing": {
    "train_states_s": 0.0187246999994386,
    "ridge_select_s": 0.011735800002497854,
    "total_s": 0.05296010000165552
  },
  "timestamp": "2026-04-16T18:22:35.699400+00:00"
}