{
  "sweep_name": "region_selection_multitask_v1_mackey_glass",
  "config_id": "f8ac2775ac41",
  "seed": 789,
  "config_point": {
    "spectral_radius": 0.6,
    "input_scaling": 0.4,
    "leak_rate": 1.0
  },
  "best_ridge": 1e-10,
  "val_curve": {
    "1e-10": 3.930104203593246e-12,
    "1e-08": 1.3238979762819513e-10,
    "1e-06": 5.0365794940364735e-09,
    "0.0001": 2.7209847804496437e-07,
    "0.01": 9.19694202976826e-06,
    "1.0": 0.00020462390919814624
  },
  "val_metrics": {
    "nmse": 3.930104203593246e-12,
    "rmse": 4.4676107537105146e-07
  },
  "test_metrics": {
    "nmse": 3.864122261030833e-12,
    "rmse": 4.0159916968380896e-07
  },
  "timing": {
    "train_states_s": 0.018587800001114374,
    "ridge_select_s": 0.01236109999808832,
    "total_s": 0.05322379999779514
  },
  "timestamp": "2026-04-16T18:22:35.829523+00:00"
}