{
  "sweep_name": "region_selection_multitask_v1_mackey_glass",
  "config_id": "f8ef031126a0",
  "seed": 1024,
  "config_point": {
    "spectral_radius": 1.1,
    "input_scaling": 0.4,
    "leak_rate": 0.7
  },
  "best_ridge": 1e-10,
  "val_curve": {
    "1e-10": 1.877153231758323e-12,
    "1e-08": 4.480434611625471e-11,
    "1e-06": 1.5110729013163516e-09,
    "0.0001": 1.813465710462409e-07,
    "0.01": 8.061744412578645e-06,
    "1.0": 0.0003526002062267284
  },
  "val_metrics": {
    "nmse": 1.877153231758323e-12,
    "rmse": 3.087615110169939e-07
  },
  "test_metrics": {
    "nmse": 1.6805524019403518e-12,
    "rmse": 2.6484599270060426e-07
  },
  "timing": {
    "train_states_s": 0.018933399998786626,
    "ridge_select_s": 0.012935000002471497,
    "total_s": 0.05445540000073379
  },
  "timestamp": "2026-04-16T18:23:35.952862+00:00"
}