{
  "sweep_name": "region_selection_multitask_v1_mackey_glass",
  "config_id": "f8ef031126a0",
  "seed": 42,
  "config_point": {
    "spectral_radius": 1.1,
    "input_scaling": 0.4,
    "leak_rate": 0.7
  },
  "best_ridge": 1e-10,
  "val_curve": {
    "1e-10": 4.95572684133739e-11,
    "1e-08": 1.0759195215485474e-10,
    "1e-06": 2.6032362314237802e-09,
    "0.0001": 1.764683999965385e-07,
    "0.01": 9.801611772514346e-06,
    "1.0": 0.0003919510063154501
  },
  "val_metrics": {
    "nmse": 4.95572684133739e-11,
    "rmse": 1.5864521403197734e-06
  },
  "test_metrics": {
    "nmse": 6.133402096562725e-12,
    "rmse": 5.059622268684687e-07
  },
  "timing": {
    "train_states_s": 0.019056699999055127,
    "ridge_select_s": 0.011926899998798035,
    "total_s": 0.05591160000039963
  },
  "timestamp": "2026-04-16T18:23:35.689853+00:00"
}