{
  "sweep_name": "region_selection_multitask_v1_mackey_glass",
  "config_id": "f8ef031126a0",
  "seed": 123,
  "config_point": {
    "spectral_radius": 1.1,
    "input_scaling": 0.4,
    "leak_rate": 0.7
  },
  "best_ridge": 1e-10,
  "val_curve": {
    "1e-10": 1.3263190621613105e-12,
    "1e-08": 4.5945296670161885e-11,
    "1e-06": 1.3034499171578082e-09,
    "0.0001": 9.506227568495015e-08,
    "0.01": 5.307861174832872e-06,
    "1.0": 0.00026130667014166974
  },
  "val_metrics": {
    "nmse": 1.3263190621613105e-12,
    "rmse": 2.595358169264666e-07
  },
  "test_metrics": {
    "nmse": 1.4719181534171182e-12,
    "rmse": 2.47861576394111e-07
  },
  "timing": {
    "train_states_s": 0.01905330000226968,
    "ridge_select_s": 0.011808100000052946,
    "total_s": 0.05440240000098129
  },
  "timestamp": "2026-04-16T18:23:35.755179+00:00"
}