{
  "sweep_name": "region_selection_multitask_v1_mackey_glass",
  "config_id": "f8ef031126a0",
  "seed": 789,
  "config_point": {
    "spectral_radius": 1.1,
    "input_scaling": 0.4,
    "leak_rate": 0.7
  },
  "best_ridge": 1e-10,
  "val_curve": {
    "1e-10": 1.3148602525108696e-12,
    "1e-08": 4.608911960319827e-11,
    "1e-06": 2.094654361674601e-09,
    "0.0001": 7.58260235043311e-08,
    "0.01": 4.4073673194449185e-06,
    "1.0": 0.0001565534107605425
  },
  "val_metrics": {
    "nmse": 1.3148602525108696e-12,
    "rmse": 2.584122475845583e-07
  },
  "test_metrics": {
    "nmse": 1.1958927419819467e-12,
    "rmse": 2.2341559860357153e-07
  },
  "timing": {
    "train_states_s": 0.01842699999906472,
    "ridge_select_s": 0.012618199998541968,
    "total_s": 0.054400400000304217
  },
  "timestamp": "2026-04-16T18:23:35.887191+00:00"
}