{
  "sweep_name": "region_selection_multitask_v1_mackey_glass",
  "config_id": "f9fb2fa2e9af",
  "seed": 456,
  "config_point": {
    "spectral_radius": 1.0,
    "input_scaling": 0.4,
    "leak_rate": 0.8
  },
  "best_ridge": 1e-10,
  "val_curve": {
    "1e-10": 7.290704069371376e-13,
    "1e-08": 3.9174451649388405e-11,
    "1e-06": 1.89809194706822e-09,
    "0.0001": 6.772708196031377e-08,
    "0.01": 4.793915624216497e-06,
    "1.0": 0.0002679864951260344
  },
  "val_metrics": {
    "nmse": 7.290704069371376e-13,
    "rmse": 1.9242346471168422e-07
  },
  "test_metrics": {
    "nmse": 5.80634417024644e-13,
    "rmse": 1.5567496049875127e-07
  },
  "timing": {
    "train_states_s": 0.018677500000194414,
    "ridge_select_s": 0.012563699998281663,
    "total_s": 0.05593659999794909
  },
  "timestamp": "2026-04-16T18:23:23.951530+00:00"
}