{
  "sweep_name": "region_selection_multitask_v1_mackey_glass",
  "config_id": "f9fb2fa2e9af",
  "seed": 1024,
  "config_point": {
    "spectral_radius": 1.0,
    "input_scaling": 0.4,
    "leak_rate": 0.8
  },
  "best_ridge": 1e-10,
  "val_curve": {
    "1e-10": 1.3706403827571056e-12,
    "1e-08": 5.336742373060806e-11,
    "1e-06": 1.405723348690147e-09,
    "0.0001": 1.453233676665403e-07,
    "0.01": 8.315079276498319e-06,
    "1.0": 0.0003835712188128212
  },
  "val_metrics": {
    "nmse": 1.3706403827571056e-12,
    "rmse": 2.6383660897375706e-07
  },
  "test_metrics": {
    "nmse": 1.1083540318136995e-12,
    "rmse": 2.1508326940320633e-07
  },
  "timing": {
    "train_states_s": 0.01873189999969327,
    "ridge_select_s": 0.011903399998118402,
    "total_s": 0.05271559999891906
  },
  "timestamp": "2026-04-16T18:23:24.080855+00:00"
}