{
  "sweep_name": "region_selection_multitask_v1_mackey_glass",
  "config_id": "f9fb2fa2e9af",
  "seed": 123,
  "config_point": {
    "spectral_radius": 1.0,
    "input_scaling": 0.4,
    "leak_rate": 0.8
  },
  "best_ridge": 1e-10,
  "val_curve": {
    "1e-10": 1.2721678372451139e-12,
    "1e-08": 4.077215827047367e-11,
    "1e-06": 2.122294844229603e-09,
    "0.0001": 8.500029258227166e-08,
    "0.01": 5.075233641475885e-06,
    "1.0": 0.00028895276133242476
  },
  "val_metrics": {
    "nmse": 1.2721678372451139e-12,
    "rmse": 2.5418241444370284e-07
  },
  "test_metrics": {
    "nmse": 1.3445321882959388e-12,
    "rmse": 2.3689340949054802e-07
  },
  "timing": {
    "train_states_s": 0.018752700001641642,
    "ridge_select_s": 0.012083599998732097,
    "total_s": 0.05373150000013993
  },
  "timestamp": "2026-04-16T18:23:23.884603+00:00"
}