{
  "sweep_name": "region_selection_multitask_v1_mackey_glass",
  "config_id": "fa7e97985af0",
  "seed": 456,
  "config_point": {
    "spectral_radius": 1.1,
    "input_scaling": 0.4,
    "leak_rate": 0.6
  },
  "best_ridge": 1e-10,
  "val_curve": {
    "1e-10": 1.22379320809868e-08,
    "1e-08": 1.2494901339980666e-07,
    "1e-06": 2.531073441346066e-07,
    "0.0001": 3.710482742056167e-07,
    "0.01": 4.741346460021991e-06,
    "1.0": 0.0002565530267132742
  },
  "val_metrics": {
    "nmse": 1.22379320809868e-08,
    "rmse": 2.4930289066458897e-05
  },
  "test_metrics": {
    "nmse": 3.7772811793121486e-11,
    "rmse": 1.2556165576872056e-06
  },
  "timing": {
    "train_states_s": 0.018822999998519663,
    "ridge_select_s": 0.01206850000016857,
    "total_s": 0.059936699999525445
  },
  "timestamp": "2026-04-16T18:23:35.495431+00:00"
}