{
  "sweep_name": "region_selection_multitask_v1_mackey_glass",
  "config_id": "fa7e97985af0",
  "seed": 123,
  "config_point": {
    "spectral_radius": 1.1,
    "input_scaling": 0.4,
    "leak_rate": 0.6
  },
  "best_ridge": 1e-10,
  "val_curve": {
    "1e-10": 1.7065971119562489e-12,
    "1e-08": 6.681045852146818e-11,
    "1e-06": 1.7933967929452601e-09,
    "0.0001": 1.1144220520161154e-07,
    "0.01": 5.522869409889514e-06,
    "1.0": 0.0002943580405219285
  },
  "val_metrics": {
    "nmse": 1.7065971119562489e-12,
    "rmse": 2.9440067272230654e-07
  },
  "test_metrics": {
    "nmse": 1.8483704355949954e-12,
    "rmse": 2.7775499858128275e-07
  },
  "timing": {
    "train_states_s": 0.018633300001965836,
    "ridge_select_s": 0.011992600000667153,
    "total_s": 0.05423320000045351
  },
  "timestamp": "2026-04-16T18:23:35.424614+00:00"
}