{
  "sweep_name": "region_selection_multitask_v1_mackey_glass",
  "config_id": "fa7e97985af0",
  "seed": 789,
  "config_point": {
    "spectral_radius": 1.1,
    "input_scaling": 0.4,
    "leak_rate": 0.6
  },
  "best_ridge": 1e-10,
  "val_curve": {
    "1e-10": 1.6526209015724683e-12,
    "1e-08": 6.506596808774583e-11,
    "1e-06": 2.4453413428381174e-09,
    "0.0001": 9.547690340050142e-08,
    "0.01": 5.1825766038427504e-06,
    "1.0": 0.00016410807231266402
  },
  "val_metrics": {
    "nmse": 1.6526209015724683e-12,
    "rmse": 2.897076180996344e-07
  },
  "test_metrics": {
    "nmse": 1.427958545597334e-12,
    "rmse": 2.441322628530689e-07
  },
  "timing": {
    "train_states_s": 0.018476999997801613,
    "ridge_select_s": 0.011694099997839658,
    "total_s": 0.052837499999441206
  },
  "timestamp": "2026-04-16T18:23:35.559042+00:00"
}