{
  "sweep_name": "region_selection_multitask_v1_mackey_glass",
  "config_id": "fc01cbd8804c",
  "seed": 123,
  "config_point": {
    "spectral_radius": 0.8,
    "input_scaling": 0.05,
    "leak_rate": 0.9
  },
  "best_ridge": 1e-10,
  "val_curve": {
    "1e-10": 1.9936917722272877e-11,
    "1e-08": 5.191763566260819e-10,
    "1e-06": 2.134476016968105e-08,
    "0.0001": 1.9931654035091356e-06,
    "0.01": 0.00015774026470088997,
    "1.0": 0.0012787192389800781
  },
  "val_metrics": {
    "nmse": 1.9936917722272877e-11,
    "rmse": 1.0062416816119084e-06
  },
  "test_metrics": {
    "nmse": 2.0674076776189082e-11,
    "rmse": 9.289245464224395e-07
  },
  "timing": {
    "train_states_s": 0.017951600002561463,
    "ridge_select_s": 0.01285709999865503,
    "total_s": 0.05322549999982584
  },
  "timestamp": "2026-04-16T18:22:49.424398+00:00"
}