{
  "sweep_name": "region_selection_multitask_v1_mackey_glass",
  "config_id": "fc01cbd8804c",
  "seed": 456,
  "config_point": {
    "spectral_radius": 0.8,
    "input_scaling": 0.05,
    "leak_rate": 0.9
  },
  "best_ridge": 1e-10,
  "val_curve": {
    "1e-10": 2.02199400922485e-11,
    "1e-08": 5.589808539650444e-10,
    "1e-06": 1.609286391223562e-08,
    "0.0001": 1.1666942865614475e-06,
    "0.01": 0.00013300520773801,
    "1.0": 0.001476277048823825
  },
  "val_metrics": {
    "nmse": 2.02199400922485e-11,
    "rmse": 1.0133587623990245e-06
  },
  "test_metrics": {
    "nmse": 1.8969829397101306e-11,
    "rmse": 8.898137024335473e-07
  },
  "timing": {
    "train_states_s": 0.018515399999159854,
    "ridge_select_s": 0.012233199999172939,
    "total_s": 0.05534829999669455
  },
  "timestamp": "2026-04-16T18:22:49.490525+00:00"
}