{
  "sweep_name": "region_selection_multitask_v1_mackey_glass",
  "config_id": "fc01cbd8804c",
  "seed": 789,
  "config_point": {
    "spectral_radius": 0.8,
    "input_scaling": 0.05,
    "leak_rate": 0.9
  },
  "best_ridge": 1e-10,
  "val_curve": {
    "1e-10": 2.273827258282579e-11,
    "1e-08": 4.268582406674813e-10,
    "1e-06": 2.8951251596767722e-08,
    "0.0001": 1.911407506785247e-06,
    "0.01": 7.499395950428961e-05,
    "1.0": 0.0023524806085224504
  },
  "val_metrics": {
    "nmse": 2.273827258282579e-11,
    "rmse": 1.0746128490800505e-06
  },
  "test_metrics": {
    "nmse": 2.2253398268314004e-11,
    "rmse": 9.637525651020418e-07
  },
  "timing": {
    "train_states_s": 0.017716899998049485,
    "ridge_select_s": 0.011912900001334492,
    "total_s": 0.051715400000830414
  },
  "timestamp": "2026-04-16T18:22:49.553185+00:00"
}