{
  "sweep_name": "region_selection_multitask_v1_mackey_glass",
  "config_id": "fc01cbd8804c",
  "seed": 1024,
  "config_point": {
    "spectral_radius": 0.8,
    "input_scaling": 0.05,
    "leak_rate": 0.9
  },
  "best_ridge": 1e-10,
  "val_curve": {
    "1e-10": 1.7800879413546213e-11,
    "1e-08": 1.1438233684770453e-09,
    "1e-06": 4.0753841515575516e-08,
    "0.0001": 1.7129747685042371e-06,
    "0.01": 0.00026414504497799027,
    "1.0": 0.0014135206100375855
  },
  "val_metrics": {
    "nmse": 1.7800879413546213e-11,
    "rmse": 9.50810620186244e-07
  },
  "test_metrics": {
    "nmse": 1.7078478305400747e-11,
    "rmse": 8.442906172017169e-07
  },
  "timing": {
    "train_states_s": 0.018473899999662535,
    "ridge_select_s": 0.011702299998432864,
    "total_s": 0.05242309999812278
  },
  "timestamp": "2026-04-16T18:22:49.616348+00:00"
}