{
  "sweep_name": "region_selection_multitask_v1_mackey_glass",
  "config_id": "fc01cbd8804c",
  "seed": 42,
  "config_point": {
    "spectral_radius": 0.8,
    "input_scaling": 0.05,
    "leak_rate": 0.9
  },
  "best_ridge": 1e-10,
  "val_curve": {
    "1e-10": 2.443196599464305e-11,
    "1e-08": 5.817727968129582e-10,
    "1e-06": 3.077282180966139e-08,
    "0.0001": 3.11538291126374e-06,
    "0.01": 9.065894055564963e-05,
    "1.0": 0.00210885948789181
  },
  "val_metrics": {
    "nmse": 2.443196599464305e-11,
    "rmse": 1.1139161549671428e-06
  },
  "test_metrics": {
    "nmse": 2.2239618346985553e-11,
    "rmse": 9.634541277373937e-07
  },
  "timing": {
    "train_states_s": 0.01878949999809265,
    "ridge_select_s": 0.012099699997634161,
    "total_s": 0.06889039999805391
  },
  "timestamp": "2026-04-16T18:22:49.360320+00:00"
}