{
  "sweep_name": "region_selection_multitask_v1_mackey_glass",
  "config_id": "fc504b853d09",
  "seed": 123,
  "config_point": {
    "spectral_radius": 0.7,
    "input_scaling": 0.3,
    "leak_rate": 0.8
  },
  "best_ridge": 1e-10,
  "val_curve": {
    "1e-10": 3.907871305244988e-12,
    "1e-08": 2.020344145378823e-10,
    "1e-06": 6.203900878989165e-09,
    "0.0001": 2.9484377790268434e-07,
    "0.01": 8.300808755832658e-06,
    "1.0": 0.0006304562011173343
  },
  "val_metrics": {
    "nmse": 3.907871305244988e-12,
    "rmse": 4.454956024246758e-07
  },
  "test_metrics": {
    "nmse": 4.196876627034274e-12,
    "rmse": 4.185337436247569e-07
  },
  "timing": {
    "train_states_s": 0.01877279999825987,
    "ridge_select_s": 0.01155049999943003,
    "total_s": 0.053544000002148096
  },
  "timestamp": "2026-04-16T18:22:45.002791+00:00"
}