{
  "sweep_name": "region_selection_multitask_v1_mackey_glass",
  "config_id": "fc504b853d09",
  "seed": 1024,
  "config_point": {
    "spectral_radius": 0.7,
    "input_scaling": 0.3,
    "leak_rate": 0.8
  },
  "best_ridge": 1e-10,
  "val_curve": {
    "1e-10": 3.31155428809212e-12,
    "1e-08": 1.291905868628583e-10,
    "1e-06": 4.5161091190286015e-09,
    "0.0001": 3.9369205173605845e-07,
    "0.01": 1.0395171851019509e-05,
    "1.0": 0.0005972417314088742
  },
  "val_metrics": {
    "nmse": 3.31155428809212e-12,
    "rmse": 4.1009949492288895e-07
  },
  "test_metrics": {
    "nmse": 3.0787896353585605e-12,
    "rmse": 3.5847377111789537e-07
  },
  "timing": {
    "train_states_s": 0.017953200000192737,
    "ridge_select_s": 0.01175879999937024,
    "total_s": 0.050872899999376386
  },
  "timestamp": "2026-04-16T18:22:45.193428+00:00"
}