{
  "sweep_name": "region_selection_multitask_v1_mackey_glass",
  "config_id": "fc504b853d09",
  "seed": 42,
  "config_point": {
    "spectral_radius": 0.7,
    "input_scaling": 0.3,
    "leak_rate": 0.8
  },
  "best_ridge": 1e-10,
  "val_curve": {
    "1e-10": 2.730581804200223e-12,
    "1e-08": 1.6214335617800205e-10,
    "1e-06": 9.288791963474418e-09,
    "0.0001": 3.364682351993694e-07,
    "0.01": 1.0903954658316765e-05,
    "1.0": 0.0008549429129368772
  },
  "val_metrics": {
    "nmse": 2.730581804200223e-12,
    "rmse": 3.7239247010452294e-07
  },
  "test_metrics": {
    "nmse": 2.426877646291797e-12,
    "rmse": 3.1826678524140025e-07
  },
  "timing": {
    "train_states_s": 0.017892700001539197,
    "ridge_select_s": 0.012367600000288803,
    "total_s": 0.05446699999811244
  },
  "timestamp": "2026-04-16T18:22:44.938508+00:00"
}