{
  "sweep_name": "region_selection_multitask_v1_mackey_glass",
  "config_id": "fc504b853d09",
  "seed": 456,
  "config_point": {
    "spectral_radius": 0.7,
    "input_scaling": 0.3,
    "leak_rate": 0.8
  },
  "best_ridge": 1e-10,
  "val_curve": {
    "1e-10": 2.2987731139915945e-12,
    "1e-08": 9.729232309513934e-11,
    "1e-06": 4.667414596197348e-09,
    "0.0001": 1.9755405876531552e-07,
    "0.01": 4.738127615964975e-06,
    "1.0": 0.0004305839761772181
  },
  "val_metrics": {
    "nmse": 2.2987731139915945e-12,
    "rmse": 3.4168140906296536e-07
  },
  "test_metrics": {
    "nmse": 2.0656225388898893e-12,
    "rmse": 2.9362488423036897e-07
  },
  "timing": {
    "train_states_s": 0.01783649999924819,
    "ridge_select_s": 0.0116572000006272,
    "total_s": 0.054326000001310604
  },
  "timestamp": "2026-04-16T18:22:45.068043+00:00"
}