{
  "sweep_name": "region_selection_multitask_v1_mackey_glass",
  "config_id": "fc87902cb709",
  "seed": 123,
  "config_point": {
    "spectral_radius": 1.1,
    "input_scaling": 0.05,
    "leak_rate": 0.9
  },
  "best_ridge": 1e-10,
  "val_curve": {
    "1e-10": 1.664540190660809e-07,
    "1e-08": 3.8620527831880476e-07,
    "1e-06": 6.543480985660476e-06,
    "0.0001": 8.819595766150959e-05,
    "0.01": 0.00010546676512056637,
    "1.0": 0.00467845697011043
  },
  "val_metrics": {
    "nmse": 1.664540190660809e-07,
    "rmse": 9.194337420319494e-05
  },
  "test_metrics": {
    "nmse": 6.654164725870896e-10,
    "rmse": 5.270042900427152e-06
  },
  "timing": {
    "train_states_s": 0.01850449999983539,
    "ridge_select_s": 0.011760800000047311,
    "total_s": 0.053222599999571685
  },
  "timestamp": "2026-04-16T18:23:26.304189+00:00"
}