{
  "sweep_name": "region_selection_multitask_v1_mackey_glass",
  "config_id": "fc87902cb709",
  "seed": 42,
  "config_point": {
    "spectral_radius": 1.1,
    "input_scaling": 0.05,
    "leak_rate": 0.9
  },
  "best_ridge": 1e-10,
  "val_curve": {
    "1e-10": 2.081688253160303e-09,
    "1e-08": 3.123710164041449e-08,
    "1e-06": 5.288982362480316e-07,
    "0.0001": 7.936024301642189e-06,
    "0.01": 0.00035840330208853597,
    "1.0": 0.0061845827963707585
  },
  "val_metrics": {
    "nmse": 2.081688253160303e-09,
    "rmse": 1.0282083836729445e-05
  },
  "test_metrics": {
    "nmse": 1.2746672475748395e-10,
    "rmse": 2.306565490599108e-06
  },
  "timing": {
    "train_states_s": 0.018423200002871454,
    "ridge_select_s": 0.012047899999743095,
    "total_s": 0.06423160000122152
  },
  "timestamp": "2026-04-16T18:23:26.240078+00:00"
}