{
  "sweep_name": "region_selection_multitask_v1_mackey_glass",
  "config_id": "fc87902cb709",
  "seed": 456,
  "config_point": {
    "spectral_radius": 1.1,
    "input_scaling": 0.05,
    "leak_rate": 0.9
  },
  "best_ridge": 1e-10,
  "val_curve": {
    "1e-10": 2.307441712343806e-08,
    "1e-08": 3.264003582189127e-08,
    "1e-06": 1.7329638957658666e-07,
    "0.0001": 2.6942246831105546e-06,
    "0.01": 0.00015007105103808177,
    "1.0": 0.0024101294174977876
  },
  "val_metrics": {
    "nmse": 2.307441712343806e-08,
    "rmse": 3.423250375768096e-05
  },
  "test_metrics": {
    "nmse": 2.21768203762231e-08,
    "rmse": 3.0424049298682258e-05
  },
  "timing": {
    "train_states_s": 0.018868600000132574,
    "ridge_select_s": 0.012163100000179838,
    "total_s": 0.055811199999880046
  },
  "timestamp": "2026-04-16T18:23:26.371854+00:00"
}