{
  "sweep_name": "region_selection_multitask_v1_mackey_glass",
  "config_id": "fc87902cb709",
  "seed": 1024,
  "config_point": {
    "spectral_radius": 1.1,
    "input_scaling": 0.05,
    "leak_rate": 0.9
  },
  "best_ridge": 1e-10,
  "val_curve": {
    "1e-10": 1.2672920826556079e-11,
    "1e-08": 2.0746418571886805e-09,
    "1e-06": 3.70291383507551e-08,
    "0.0001": 2.8631329038482524e-06,
    "0.01": 5.525152558917094e-05,
    "1.0": 0.002345056088523812
  },
  "val_metrics": {
    "nmse": 1.2672920826556079e-11,
    "rmse": 8.022535650777787e-07
  },
  "test_metrics": {
    "nmse": 8.511390263621406e-12,
    "rmse": 5.960293263490852e-07
  },
  "timing": {
    "train_states_s": 0.01884490000156802,
    "ridge_select_s": 0.011892800001078285,
    "total_s": 0.05338889999984531
  },
  "timestamp": "2026-04-16T18:23:26.502986+00:00"
}