{
  "sweep_name": "region_selection_multitask_v1_mackey_glass",
  "config_id": "fdf1c43a4fc3",
  "seed": 789,
  "config_point": {
    "spectral_radius": 1.0,
    "input_scaling": 0.1,
    "leak_rate": 0.7
  },
  "best_ridge": 1e-10,
  "val_curve": {
    "1e-10": 5.7321961890675945e-12,
    "1e-08": 1.8304365620468237e-10,
    "1e-06": 1.3106592025461356e-08,
    "0.0001": 4.340104292340871e-07,
    "0.01": 2.0954056224016233e-05,
    "1.0": 0.0012738450099535983
  },
  "val_metrics": {
    "nmse": 5.7321961890675945e-12,
    "rmse": 5.395526350965514e-07
  },
  "test_metrics": {
    "nmse": 4.753391167021684e-12,
    "rmse": 4.4541942618370393e-07
  },
  "timing": {
    "train_states_s": 0.018454900000506314,
    "ridge_select_s": 0.012335600000369595,
    "total_s": 0.053505799998674775
  },
  "timestamp": "2026-04-16T18:23:15.382904+00:00"
}