{
  "sweep_name": "region_selection_multitask_v1_mackey_glass",
  "config_id": "fdf1c43a4fc3",
  "seed": 1024,
  "config_point": {
    "spectral_radius": 1.0,
    "input_scaling": 0.1,
    "leak_rate": 0.7
  },
  "best_ridge": 1e-10,
  "val_curve": {
    "1e-10": 4.4415471456951875e-12,
    "1e-08": 1.7080287521993803e-10,
    "1e-06": 2.3047004177019347e-08,
    "0.0001": 8.296897627703615e-07,
    "0.01": 3.435634740238246e-05,
    "1.0": 0.0020185693722350705
  },
  "val_metrics": {
    "nmse": 4.4415471456951875e-12,
    "rmse": 4.749418428754073e-07
  },
  "test_metrics": {
    "nmse": 3.908828738645556e-12,
    "rmse": 4.039156662632591e-07
  },
  "timing": {
    "train_states_s": 0.018625400000019,
    "ridge_select_s": 0.011711799998010974,
    "total_s": 0.05328379999991739
  },
  "timestamp": "2026-04-16T18:23:15.447066+00:00"
}