{
  "sweep_name": "region_selection_multitask_v1_mackey_glass",
  "config_id": "fdf1c43a4fc3",
  "seed": 123,
  "config_point": {
    "spectral_radius": 1.0,
    "input_scaling": 0.1,
    "leak_rate": 0.7
  },
  "best_ridge": 1e-10,
  "val_curve": {
    "1e-10": 7.0437963506816944e-12,
    "1e-08": 2.006535302501075e-10,
    "1e-06": 1.0067094172533362e-08,
    "0.0001": 6.9064986419418e-07,
    "0.01": 1.5010512329285675e-05,
    "1.0": 0.0011249626447101771
  },
  "val_metrics": {
    "nmse": 7.0437963506816944e-12,
    "rmse": 5.981039773993534e-07
  },
  "test_metrics": {
    "nmse": 6.940992015925967e-12,
    "rmse": 5.38242700948186e-07
  },
  "timing": {
    "train_states_s": 0.01809030000003986,
    "ridge_select_s": 0.012754799998219823,
    "total_s": 0.05329580000034184
  },
  "timestamp": "2026-04-16T18:23:15.250905+00:00"
}