{
  "sweep_name": "region_selection_multitask_v1_mackey_glass",
  "config_id": "fdf1c43a4fc3",
  "seed": 42,
  "config_point": {
    "spectral_radius": 1.0,
    "input_scaling": 0.1,
    "leak_rate": 0.7
  },
  "best_ridge": 1e-10,
  "val_curve": {
    "1e-10": 1.1141957863479978e-11,
    "1e-08": 3.912770693510268e-10,
    "1e-06": 1.3573956961266192e-08,
    "0.0001": 8.89284703458954e-07,
    "0.01": 3.3851781667618536e-05,
    "1.0": 0.0010200152155902802
  },
  "val_metrics": {
    "nmse": 1.1141957863479978e-11,
    "rmse": 7.522358908510526e-07
  },
  "test_metrics": {
    "nmse": 9.881115518335802e-12,
    "rmse": 6.422000942737968e-07
  },
  "timing": {
    "train_states_s": 0.018519499997637467,
    "ridge_select_s": 0.012244099998497404,
    "total_s": 0.06965910000144504
  },
  "timestamp": "2026-04-16T18:23:15.186604+00:00"
}