{
  "sweep_name": "region_selection_multitask_v1_mackey_glass",
  "config_id": "feb072eefef2",
  "seed": 123,
  "config_point": {
    "spectral_radius": 1.1,
    "input_scaling": 0.15,
    "leak_rate": 0.9
  },
  "best_ridge": 1e-10,
  "val_curve": {
    "1e-10": 1.4413873376461e-11,
    "1e-08": 1.1478513505975225e-10,
    "1e-06": 5.063476379329108e-09,
    "0.0001": 2.670121962960359e-07,
    "0.01": 7.238092681867906e-06,
    "1.0": 0.0005491375599166168
  },
  "val_metrics": {
    "nmse": 1.4413873376461e-11,
    "rmse": 8.555859538479529e-07
  },
  "test_metrics": {
    "nmse": 3.667818650842299e-12,
    "rmse": 3.912652734045009e-07
  },
  "timing": {
    "train_states_s": 0.018650099998922087,
    "ridge_select_s": 0.01211909999983618,
    "total_s": 0.05397060000177589
  },
  "timestamp": "2026-04-16T18:23:30.365876+00:00"
}