{
  "sweep_name": "region_selection_multitask_v1_mackey_glass",
  "config_id": "feb072eefef2",
  "seed": 42,
  "config_point": {
    "spectral_radius": 1.1,
    "input_scaling": 0.15,
    "leak_rate": 0.9
  },
  "best_ridge": 1e-10,
  "val_curve": {
    "1e-10": 2.384915889496318e-10,
    "1e-08": 1.6430085522476642e-09,
    "1e-06": 5.746627047203552e-08,
    "0.0001": 4.040847214568275e-06,
    "0.01": 2.1633122253056888e-05,
    "1.0": 0.00123796737120386
  },
  "val_metrics": {
    "nmse": 2.384915889496318e-10,
    "rmse": 3.480245081887335e-06
  },
  "test_metrics": {
    "nmse": 1.540330760800342e-11,
    "rmse": 8.018153588217901e-07
  },
  "timing": {
    "train_states_s": 0.018599999999423744,
    "ridge_select_s": 0.012654300000576768,
    "total_s": 0.0555607999995118
  },
  "timestamp": "2026-04-16T18:23:30.301036+00:00"
}