{
  "sweep_name": "region_selection_multitask_v1_mackey_glass",
  "config_id": "feb072eefef2",
  "seed": 456,
  "config_point": {
    "spectral_radius": 1.1,
    "input_scaling": 0.15,
    "leak_rate": 0.9
  },
  "best_ridge": 1e-10,
  "val_curve": {
    "1e-10": 1.1276172838003852e-07,
    "1e-08": 1.1294616032353772e-07,
    "1e-06": 1.932375446489136e-07,
    "0.0001": 1.2910547139258576e-06,
    "0.01": 2.1071516653447013e-05,
    "1.0": 0.0016202414429441823
  },
  "val_metrics": {
    "nmse": 1.1276172838003852e-07,
    "rmse": 7.567530097040938e-05
  },
  "test_metrics": {
    "nmse": 9.545020956634305e-08,
    "rmse": 6.311837652651335e-05
  },
  "timing": {
    "train_states_s": 0.01883299999826704,
    "ridge_select_s": 0.012556000001495704,
    "total_s": 0.05810840000049211
  },
  "timestamp": "2026-04-16T18:23:30.435477+00:00"
}