{
  "sweep_name": "cycle_comparison_cycle_jump_j3_mackey_glass",
  "n_configs": 6,
  "n_seeds": 5,
  "task_name": "mackey_glass",
  "configs": [
    {
      "config_id": "65189332b1c4",
      "config_point": {
        "spectral_radius": 0.9,
        "input_scaling": 0.1,
        "leak_rate": 0.9
      },
      "n_seeds": 5,
      "val_mean": {
        "nmse": 3.88231833731031e-12,
        "rmse": 4.430923406667632e-07
      },
      "val_std": {
        "nmse": 5.172027660073401e-13,
        "rmse": 2.8944233950009455e-08
      },
      "test_mean": {
        "nmse": 3.538870606808432e-12,
        "rmse": 3.836432659978652e-07
      },
      "test_std": {
        "nmse": 4.3345218599594037e-13,
        "rmse": 2.2897303693376542e-08
      },
      "best_ridge_mode": 1e-10
    },
    {
      "config_id": "129fe242d561",
      "config_point": {
        "spectral_radius": 0.9,
        "input_scaling": 0.1,
        "leak_rate": 1.0
      },
      "n_seeds": 5,
      "val_mean": {
        "nmse": 2.760129027277902e-12,
        "rmse": 3.7206096165271634e-07
      },
      "val_std": {
        "nmse": 6.577638547042642e-13,
        "rmse": 4.18017558873509e-08
      },
      "test_mean": {
        "nmse": 2.561975964327701e-12,
        "rmse": 3.252240835000609e-07
      },
      "test_std": {
        "nmse": 5.674307419022153e-13,
        "rmse": 3.408542488321912e-08
      },
      "best_ridge_mode": 1e-10
    },
    {
      "config_id": "b5cf1e3871f2",
      "config_point": {
        "spectral_radius": 0.9,
        "input_scaling": 0.15,
        "leak_rate": 0.9
      },
      "n_seeds": 5,
      "val_mean": {
        "nmse": 2.3581852519304426e-12,
        "rmse": 3.4391707703070755e-07
      },
      "val_std": {
        "nmse": 5.18972890377249e-13,
        "rmse": 3.8529887075482245e-08
      },
      "test_mean": {
        "nmse": 2.1435705630449673e-12,
        "rmse": 2.9805828038291947e-07
      },
      "test_std": {
        "nmse": 3.5986898277913205e-13,
        "rmse": 2.5104822830360035e-08
      },
      "best_ridge_mode": 1e-10
    },
    {
      "config_id": "92815a841b21",
      "config_point": {
        "spectral_radius": 0.9,
        "input_scaling": 0.15,
        "leak_rate": 1.0
      },
      "n_seeds": 5,
      "val_mean": {
        "nmse": 1.8773177356939083e-12,
        "rmse": 3.0609764028895834e-07
      },
      "val_std": {
        "nmse": 4.911998941227665e-13,
        "rmse": 4.0574127736283436e-08
      },
      "test_mean": {
        "nmse": 1.6902086767255106e-12,
        "rmse": 2.641832784788279e-07
      },
      "test_std": {
        "nmse": 3.4889167687686983e-13,
        "rmse": 2.7452353504225895e-08
      },
      "best_ridge_mode": 1e-10
    },
    {
      "config_id": "0292ac89d7b8",
      "config_point": {
        "spectral_radius": 0.9,
        "input_scaling": 0.2,
        "leak_rate": 0.9
      },
      "n_seeds": 5,
      "val_mean": {
        "nmse": 1.6425529884947784e-12,
        "rmse": 2.869475369298085e-07
      },
      "val_std": {
        "nmse": 3.9252995458730065e-13,
        "rmse": 3.286796254879478e-08
      },
      "test_mean": {
        "nmse": 1.4784972168245487e-12,
        "rmse": 2.475228908569804e-07
      },
      "test_std": {
        "nmse": 2.5282607530950363e-13,
        "rmse": 2.103279521989336e-08
      },
      "best_ridge_mode": 1e-10
    },
    {
      "config_id": "5033ae01f908",
      "config_point": {
        "spectral_radius": 0.9,
        "input_scaling": 0.2,
        "leak_rate": 1.0
      },
      "n_seeds": 5,
      "val_mean": {
        "nmse": 1.4524198866361857e-12,
        "rmse": 2.6964733702185965e-07
      },
      "val_std": {
        "nmse": 3.5127212393435554e-13,
        "rmse": 3.2455329957092045e-08
      },
      "test_mean": {
        "nmse": 1.2920596325746617e-12,
        "rmse": 2.3103122338271743e-07
      },
      "test_std": {
        "nmse": 2.604202990962726e-13,
        "rmse": 2.3514804368803875e-08
      },
      "best_ridge_mode": 1e-10
    }
  ],
  "best_config_id": "5033ae01f908",
  "timestamp": "2026-05-12T10:15:27.871584+00:00"
}