{
  "sweep_name": "cycle_comparison_random_sparse_baseline_narma10",
  "config_id": "0292ac89d7b8",
  "seed": 123,
  "config_point": {
    "spectral_radius": 0.9,
    "input_scaling": 0.2,
    "leak_rate": 0.9
  },
  "best_ridge": 1e-10,
  "val_curve": {
    "1e-10": 0.08450162870554705,
    "1e-08": 0.08537214462335804,
    "1e-06": 0.11411968801695863,
    "0.0001": 0.15997012951735673,
    "0.01": 0.20103576844098475,
    "1.0": 0.35643016075563244
  },
  "val_metrics": {
    "nmse": 0.08450162870554705,
    "rmse": 0.028421927563239618
  },
  "test_metrics": {
    "nmse": 0.08364049977543249,
    "rmse": 0.029859466826488518
  },
  "timing": {
    "train_states_s": 0.019028699985938147,
    "ridge_select_s": 0.011872400005813688,
    "total_s": 0.06466180001734756
  },
  "timestamp": "2026-05-12T10:15:04.724885+00:00",
  "reservoir_diagnostics": {
    "spectral_radius": 0.8999999999999992,
    "mean_abs_eigenvalue": 0.5343390251156265,
    "spectral_norm": 1.6646718646073793,
    "frobenius_norm": 8.313711215528238,
    "density": 0.1,
    "henrici_departure": 0.7272476371276462
  }
}