{
  "sweep_name": "cycle_comparison_random_sparse_baseline_narma10",
  "config_id": "0292ac89d7b8",
  "seed": 2024,
  "config_point": {
    "spectral_radius": 0.9,
    "input_scaling": 0.2,
    "leak_rate": 0.9
  },
  "best_ridge": 1e-08,
  "val_curve": {
    "1e-10": 0.09870421999005027,
    "1e-08": 0.09849787893086778,
    "1e-06": 0.11238425695292213,
    "0.0001": 0.16429563996005297,
    "0.01": 0.1904373897576578,
    "1.0": 0.3142923286800266
  },
  "val_metrics": {
    "nmse": 0.09849787893086778,
    "rmse": 0.032959690822873526
  },
  "test_metrics": {
    "nmse": 0.10807757007669533,
    "rmse": 0.03356241706123041
  },
  "timing": {
    "train_states_s": 0.01847290000296198,
    "ridge_select_s": 0.01240110001526773,
    "total_s": 0.06351370000629686
  },
  "timestamp": "2026-05-12T10:15:04.965654+00:00",
  "reservoir_diagnostics": {
    "spectral_radius": 0.8999999999999959,
    "mean_abs_eigenvalue": 0.5475518441238191,
    "spectral_norm": 1.798434603725125,
    "frobenius_norm": 8.471559371085915,
    "density": 0.1,
    "henrici_departure": 0.7232600911672631
  }
}