{
  "sweep_name": "cycle_comparison_random_sparse_baseline_narma10",
  "config_id": "0292ac89d7b8",
  "seed": 42,
  "config_point": {
    "spectral_radius": 0.9,
    "input_scaling": 0.2,
    "leak_rate": 0.9
  },
  "best_ridge": 1e-08,
  "val_curve": {
    "1e-10": 0.10270291426851126,
    "1e-08": 0.10268301719476815,
    "1e-06": 0.1126584167190945,
    "0.0001": 0.12930254817933312,
    "0.01": 0.22282970058186413,
    "1.0": 0.3892151781605356
  },
  "val_metrics": {
    "nmse": 0.10268301719476815,
    "rmse": 0.03953262107110408
  },
  "test_metrics": {
    "nmse": 0.0831620838009859,
    "rmse": 0.029300029257992837
  },
  "timing": {
    "train_states_s": 0.018449299997882918,
    "ridge_select_s": 0.011859599995659664,
    "total_s": 0.07394130001193844
  },
  "timestamp": "2026-05-12T10:15:04.645358+00:00",
  "reservoir_diagnostics": {
    "spectral_radius": 0.9002418552819682,
    "mean_abs_eigenvalue": 0.5418750575019463,
    "spectral_norm": 1.7603688612534076,
    "frobenius_norm": 8.57786951797045,
    "density": 0.1,
    "henrici_departure": 0.7324133701670523
  }
}