{
  "sweep_name": "cycle_comparison_random_sparse_baseline_narma10",
  "config_id": "5033ae01f908",
  "seed": 789,
  "config_point": {
    "spectral_radius": 0.9,
    "input_scaling": 0.2,
    "leak_rate": 1.0
  },
  "best_ridge": 1e-08,
  "val_curve": {
    "1e-10": 0.12870286747851736,
    "1e-08": 0.12869636253586866,
    "1e-06": 0.13365949305941363,
    "0.0001": 0.1622601920103932,
    "0.01": 0.19485793215704866,
    "1.0": 0.3751152638458498
  },
  "val_metrics": {
    "nmse": 0.12869636253586866,
    "rmse": 0.0396660146894469
  },
  "test_metrics": {
    "nmse": 0.09421674968316106,
    "rmse": 0.032647018820349163
  },
  "timing": {
    "train_states_s": 0.01832430000649765,
    "ridge_select_s": 0.012120500003220513,
    "total_s": 0.06376509999972768
  },
  "timestamp": "2026-05-12T10:15:05.306682+00:00",
  "reservoir_diagnostics": {
    "spectral_radius": 0.8999999999999919,
    "mean_abs_eigenvalue": 0.5422613889267585,
    "spectral_norm": 1.6944983256502588,
    "frobenius_norm": 8.368564165408083,
    "density": 0.1,
    "henrici_departure": 0.7210852221136431
  }
}