{
  "sweep_name": "cycle_comparison_random_sparse_baseline_narma10",
  "config_id": "65189332b1c4",
  "seed": 123,
  "config_point": {
    "spectral_radius": 0.9,
    "input_scaling": 0.1,
    "leak_rate": 0.9
  },
  "best_ridge": 1e-10,
  "val_curve": {
    "1e-10": 0.08646234182994642,
    "1e-08": 0.10827588681447907,
    "1e-06": 0.15565169415159114,
    "0.0001": 0.1857990042386536,
    "0.01": 0.21641594444838075,
    "1.0": 0.44978973828913626
  },
  "val_metrics": {
    "nmse": 0.08646234182994642,
    "rmse": 0.028749777337741055
  },
  "test_metrics": {
    "nmse": 0.08417863164473116,
    "rmse": 0.029955368741088385
  },
  "timing": {
    "train_states_s": 0.019682699989061803,
    "ridge_select_s": 0.013052299997070804,
    "total_s": 0.06695059998310171
  },
  "timestamp": "2026-05-12T10:15:03.074413+00:00",
  "reservoir_diagnostics": {
    "spectral_radius": 0.9000000000000019,
    "mean_abs_eigenvalue": 0.5343390251156293,
    "spectral_norm": 1.664671864607387,
    "frobenius_norm": 8.313711215528276,
    "density": 0.1,
    "henrici_departure": 0.7272476371276458
  }
}