{
  "sweep_name": "cycle_comparison_random_sparse_baseline_narma10",
  "config_id": "92815a841b21",
  "seed": 789,
  "config_point": {
    "spectral_radius": 0.9,
    "input_scaling": 0.15,
    "leak_rate": 1.0
  },
  "best_ridge": 1e-10,
  "val_curve": {
    "1e-10": 0.12529863900483557,
    "1e-08": 0.125361812187118,
    "1e-06": 0.14003270843951052,
    "0.0001": 0.16844723134640555,
    "0.01": 0.21732485724015102,
    "1.0": 0.3945980429328301
  },
  "val_metrics": {
    "nmse": 0.12529863900483557,
    "rmse": 0.03913889941339027
  },
  "test_metrics": {
    "nmse": 0.09293814887750783,
    "rmse": 0.03242473831214646
  },
  "timing": {
    "train_states_s": 0.018306300014955923,
    "ridge_select_s": 0.012324199982685968,
    "total_s": 0.06384529999922961
  },
  "timestamp": "2026-05-12T10:15:04.476263+00:00",
  "reservoir_diagnostics": {
    "spectral_radius": 0.8999999999999944,
    "mean_abs_eigenvalue": 0.5422613889267581,
    "spectral_norm": 1.6944983256502562,
    "frobenius_norm": 8.36856416540807,
    "density": 0.1,
    "henrici_departure": 0.7210852221136425
  }
}