{
  "sweep_name": "cycle_comparison_random_sparse_baseline_narma10",
  "config_id": "92815a841b21",
  "seed": 456,
  "config_point": {
    "spectral_radius": 0.9,
    "input_scaling": 0.15,
    "leak_rate": 1.0
  },
  "best_ridge": 1e-08,
  "val_curve": {
    "1e-10": 0.09776534973777327,
    "1e-08": 0.09772466258790438,
    "1e-06": 0.09807381709879671,
    "0.0001": 0.13888063917408233,
    "0.01": 0.19900517864423106,
    "1.0": 0.337971747132706
  },
  "val_metrics": {
    "nmse": 0.09772466258790438,
    "rmse": 0.03173593184073771
  },
  "test_metrics": {
    "nmse": 0.09354550444336565,
    "rmse": 0.03219837181503862
  },
  "timing": {
    "train_states_s": 0.01917350001167506,
    "ridge_select_s": 0.012501399993197992,
    "total_s": 0.06756660001701675
  },
  "timestamp": "2026-05-12T10:15:04.397292+00:00",
  "reservoir_diagnostics": {
    "spectral_radius": 0.8999999999999942,
    "mean_abs_eigenvalue": 0.556676853816814,
    "spectral_norm": 1.7850479237767245,
    "frobenius_norm": 8.742732557979515,
    "density": 0.1,
    "henrici_departure": 0.7295555427850735
  }
}