{
  "sweep_name": "cycle_comparison_random_sparse_baseline_narma10",
  "config_id": "92815a841b21",
  "seed": 123,
  "config_point": {
    "spectral_radius": 0.9,
    "input_scaling": 0.15,
    "leak_rate": 1.0
  },
  "best_ridge": 1e-08,
  "val_curve": {
    "1e-10": 0.10373754420592492,
    "1e-08": 0.10259574440886716,
    "1e-06": 0.11865047061591041,
    "0.0001": 0.17175607900788206,
    "0.01": 0.1912530288278117,
    "1.0": 0.32876706922105264
  },
  "val_metrics": {
    "nmse": 0.10259574440886716,
    "rmse": 0.03131739729770726
  },
  "test_metrics": {
    "nmse": 0.0973414275392907,
    "rmse": 0.03221236374666124
  },
  "timing": {
    "train_states_s": 0.0181379999849014,
    "ridge_select_s": 0.012156899989349768,
    "total_s": 0.06276319999597035
  },
  "timestamp": "2026-05-12T10:15:04.314738+00:00",
  "reservoir_diagnostics": {
    "spectral_radius": 0.9000000000000061,
    "mean_abs_eigenvalue": 0.5343390251156318,
    "spectral_norm": 1.664671864607395,
    "frobenius_norm": 8.313711215528318,
    "density": 0.1,
    "henrici_departure": 0.7272476371276461
  }
}