{
  "sweep_name": "cycle_comparison_random_sparse_baseline_narma10",
  "config_id": "92815a841b21",
  "seed": 2024,
  "config_point": {
    "spectral_radius": 0.9,
    "input_scaling": 0.15,
    "leak_rate": 1.0
  },
  "best_ridge": 1e-10,
  "val_curve": {
    "1e-10": 0.12099879503328545,
    "1e-08": 0.12113189760379356,
    "1e-06": 0.13838809718017558,
    "0.0001": 0.17723818933594163,
    "0.01": 0.18673154959585145,
    "1.0": 0.3046758475077366
  },
  "val_metrics": {
    "nmse": 0.12099879503328545,
    "rmse": 0.036530886603490915
  },
  "test_metrics": {
    "nmse": 0.12450443303671287,
    "rmse": 0.036022831894164685
  },
  "timing": {
    "train_states_s": 0.018818299984559417,
    "ridge_select_s": 0.012336599989794195,
    "total_s": 0.0652109999791719
  },
  "timestamp": "2026-05-12T10:15:04.556368+00:00",
  "reservoir_diagnostics": {
    "spectral_radius": 0.899999999999995,
    "mean_abs_eigenvalue": 0.5475518441238201,
    "spectral_norm": 1.7984346037251275,
    "frobenius_norm": 8.471559371085922,
    "density": 0.1,
    "henrici_departure": 0.7232600911672625
  }
}