{
  "sweep_name": "cycle_comparison_random_sparse_baseline_narma10",
  "config_id": "92815a841b21",
  "seed": 42,
  "config_point": {
    "spectral_radius": 0.9,
    "input_scaling": 0.15,
    "leak_rate": 1.0
  },
  "best_ridge": 1e-10,
  "val_curve": {
    "1e-10": 0.09335536340767685,
    "1e-08": 0.09396070276291295,
    "1e-06": 0.11230015846568293,
    "0.0001": 0.14054121913318388,
    "0.01": 0.24654720575225875,
    "1.0": 0.3556194078326884
  },
  "val_metrics": {
    "nmse": 0.09335536340767685,
    "rmse": 0.03769432198199967
  },
  "test_metrics": {
    "nmse": 0.08209332985526023,
    "rmse": 0.029111146407302637
  },
  "timing": {
    "train_states_s": 0.019571300013922155,
    "ridge_select_s": 0.013262399996165186,
    "total_s": 0.07804890000261366
  },
  "timestamp": "2026-05-12T10:15:04.237017+00:00",
  "reservoir_diagnostics": {
    "spectral_radius": 0.9002418552819617,
    "mean_abs_eigenvalue": 0.541875057501946,
    "spectral_norm": 1.7603688612534059,
    "frobenius_norm": 8.57786951797044,
    "density": 0.1,
    "henrici_departure": 0.732413370167052
  }
}