{
  "sweep_name": "cycle_comparison_random_sparse_baseline_narma10",
  "config_id": "b5cf1e3871f2",
  "seed": 2024,
  "config_point": {
    "spectral_radius": 0.9,
    "input_scaling": 0.15,
    "leak_rate": 0.9
  },
  "best_ridge": 1e-10,
  "val_curve": {
    "1e-10": 0.09945525660931402,
    "1e-08": 0.0994913680586324,
    "1e-06": 0.13036259895037647,
    "0.0001": 0.17300353423531326,
    "0.01": 0.19702903265698204,
    "1.0": 0.35085787472318863
  },
  "val_metrics": {
    "nmse": 0.09945525660931402,
    "rmse": 0.03311948393930442
  },
  "test_metrics": {
    "nmse": 0.10882090786131952,
    "rmse": 0.03367763737152974
  },
  "timing": {
    "train_states_s": 0.018710100004682317,
    "ridge_select_s": 0.01278029999230057,
    "total_s": 0.0635517000046093
  },
  "timestamp": "2026-05-12T10:15:04.143500+00:00",
  "reservoir_diagnostics": {
    "spectral_radius": 0.900000000000007,
    "mean_abs_eigenvalue": 0.5475518441238236,
    "spectral_norm": 1.7984346037251382,
    "frobenius_norm": 8.471559371085974,
    "density": 0.1,
    "henrici_departure": 0.7232600911672622
  }
}