{
  "sweep_name": "cycle_comparison_cycle_jump_j7",
  "config_id": "5033ae01f908",
  "seed": 2024,
  "config_point": {
    "spectral_radius": 0.9,
    "input_scaling": 0.2,
    "leak_rate": 1.0
  },
  "mc_total": 32.40145845276967,
  "kmax": 200,
  "timing": {
    "mc_s": 0.29956540002604015
  },
  "timestamp": "2026-05-12T10:15:39.918884+00:00",
  "reservoir_diagnostics": {
    "spectral_radius": 0.8999999999999965,
    "mean_abs_eigenvalue": 0.7079742795605912,
    "spectral_norm": 0.8999999999999961,
    "frobenius_norm": 7.227904506168811,
    "density": 0.02,
    "henrici_departure": 2.019962575251881e-08
  }
}