{
  "sweep_name": "cycle_comparison_cycle_jump_j7_mackey_glass",
  "n_configs": 6,
  "n_seeds": 5,
  "task_name": "mackey_glass",
  "configs": [
    {
      "config_id": "65189332b1c4",
      "config_point": {
        "spectral_radius": 0.9,
        "input_scaling": 0.1,
        "leak_rate": 0.9
      },
      "n_seeds": 5,
      "val_mean": {
        "nmse": 4.182794559525741e-12,
        "rmse": 4.5935318179053357e-07
      },
      "val_std": {
        "nmse": 6.707692700371253e-13,
        "rmse": 3.772693390397225e-08
      },
      "test_mean": {
        "nmse": 3.773008644919703e-12,
        "rmse": 3.9503073186035727e-07
      },
      "test_std": {
        "nmse": 7.17446429871233e-13,
        "rmse": 3.7811196207681245e-08
      },
      "best_ridge_mode": 1e-10
    },
    {
      "config_id": "129fe242d561",
      "config_point": {
        "spectral_radius": 0.9,
        "input_scaling": 0.1,
        "leak_rate": 1.0
      },
      "n_seeds": 5,
      "val_mean": {
        "nmse": 3.1595776219043493e-12,
        "rmse": 3.986073992767998e-07
      },
      "val_std": {
        "nmse": 6.264201295633544e-13,
        "rmse": 3.9691360917600066e-08
      },
      "test_mean": {
        "nmse": 2.8449033480698185e-12,
        "rmse": 3.4292637261007287e-07
      },
      "test_std": {
        "nmse": 5.494147959464308e-13,
        "rmse": 3.380727123591531e-08
      },
      "best_ridge_mode": 1e-10
    },
    {
      "config_id": "b5cf1e3871f2",
      "config_point": {
        "spectral_radius": 0.9,
        "input_scaling": 0.15,
        "leak_rate": 0.9
      },
      "n_seeds": 5,
      "val_mean": {
        "nmse": 2.4531471945893247e-12,
        "rmse": 3.479651520568666e-07
      },
      "val_std": {
        "nmse": 9.048148965478665e-13,
        "rmse": 5.9215934608276155e-08
      },
      "test_mean": {
        "nmse": 2.178185094414249e-12,
        "rmse": 2.9753600817708486e-07
      },
      "test_std": {
        "nmse": 7.769229892384512e-13,
        "rmse": 4.884737615488225e-08
      },
      "best_ridge_mode": 1e-10
    },
    {
      "config_id": "92815a841b21",
      "config_point": {
        "spectral_radius": 0.9,
        "input_scaling": 0.15,
        "leak_rate": 1.0
      },
      "n_seeds": 5,
      "val_mean": {
        "nmse": 2.030724947027482e-12,
        "rmse": 3.199266178096392e-07
      },
      "val_std": {
        "nmse": 3.681281876679378e-13,
        "rmse": 2.792793212594628e-08
      },
      "test_mean": {
        "nmse": 1.8081920535266607e-12,
        "rmse": 2.7374070572665165e-07
      },
      "test_std": {
        "nmse": 3.19626665276512e-13,
        "rmse": 2.317084185085437e-08
      },
      "best_ridge_mode": 1e-10
    },
    {
      "config_id": "0292ac89d7b8",
      "config_point": {
        "spectral_radius": 0.9,
        "input_scaling": 0.2,
        "leak_rate": 0.9
      },
      "n_seeds": 5,
      "val_mean": {
        "nmse": 1.8523947222728678e-12,
        "rmse": 2.981440204789125e-07
      },
      "val_std": {
        "nmse": 9.67902481936663e-13,
        "rmse": 7.201680777132512e-08
      },
      "test_mean": {
        "nmse": 1.5606813737308515e-12,
        "rmse": 2.4870135635993606e-07
      },
      "test_std": {
        "nmse": 7.788581035950249e-13,
        "rmse": 5.733953514797477e-08
      },
      "best_ridge_mode": 1e-10
    },
    {
      "config_id": "5033ae01f908",
      "config_point": {
        "spectral_radius": 0.9,
        "input_scaling": 0.2,
        "leak_rate": 1.0
      },
      "n_seeds": 5,
      "val_mean": {
        "nmse": 1.521006381751107e-12,
        "rmse": 2.7365554127892414e-07
      },
      "val_std": {
        "nmse": 5.82127492431637e-13,
        "rmse": 4.8568858109880116e-08
      },
      "test_mean": {
        "nmse": 1.2815586956067568e-12,
        "rmse": 2.279952482406728e-07
      },
      "test_std": {
        "nmse": 4.735316599056739e-13,
        "rmse": 3.883616519909106e-08
      },
      "best_ridge_mode": 1e-10
    }
  ],
  "best_config_id": "5033ae01f908",
  "timestamp": "2026-05-12T10:15:35.363820+00:00"
}