{
  "sweep_name": "cycle_comparison_random_sparse_baseline_mackey_glass",
  "n_configs": 6,
  "n_seeds": 5,
  "task_name": "mackey_glass",
  "configs": [
    {
      "config_id": "65189332b1c4",
      "config_point": {
        "spectral_radius": 0.9,
        "input_scaling": 0.1,
        "leak_rate": 0.9
      },
      "n_seeds": 5,
      "val_mean": {
        "nmse": 4.498496394431072e-12,
        "rmse": 4.636392394236474e-07
      },
      "val_std": {
        "nmse": 2.1778876876695046e-12,
        "rmse": 1.1619230404013736e-07
      },
      "test_mean": {
        "nmse": 4.338011917382265e-12,
        "rmse": 4.1167351535309497e-07
      },
      "test_std": {
        "nmse": 2.187206179390853e-12,
        "rmse": 1.0763901875797011e-07
      },
      "best_ridge_mode": 1e-10
    },
    {
      "config_id": "129fe242d561",
      "config_point": {
        "spectral_radius": 0.9,
        "input_scaling": 0.1,
        "leak_rate": 1.0
      },
      "n_seeds": 5,
      "val_mean": {
        "nmse": 3.2824291510095716e-12,
        "rmse": 3.991381614755292e-07
      },
      "val_std": {
        "nmse": 1.4395698988733598e-12,
        "rmse": 8.59718895107315e-08
      },
      "test_mean": {
        "nmse": 3.1632159677928594e-12,
        "rmse": 3.5472993586850246e-07
      },
      "test_std": {
        "nmse": 1.428524481166523e-12,
        "rmse": 7.870151679432761e-08
      },
      "best_ridge_mode": 1e-10
    },
    {
      "config_id": "b5cf1e3871f2",
      "config_point": {
        "spectral_radius": 0.9,
        "input_scaling": 0.15,
        "leak_rate": 0.9
      },
      "n_seeds": 5,
      "val_mean": {
        "nmse": 2.6899088295998895e-12,
        "rmse": 3.63165115663467e-07
      },
      "val_std": {
        "nmse": 9.701051630207203e-13,
        "rmse": 6.871404943430318e-08
      },
      "test_mean": {
        "nmse": 2.5438947510866123e-12,
        "rmse": 3.185289505190279e-07
      },
      "test_std": {
        "nmse": 1.0848345023935964e-12,
        "rmse": 6.868150596477367e-08
      },
      "best_ridge_mode": 1e-10
    },
    {
      "config_id": "92815a841b21",
      "config_point": {
        "spectral_radius": 0.9,
        "input_scaling": 0.15,
        "leak_rate": 1.0
      },
      "n_seeds": 5,
      "val_mean": {
        "nmse": 1.9443126635471785e-12,
        "rmse": 3.082764308800489e-07
      },
      "val_std": {
        "nmse": 7.426433006040218e-13,
        "rmse": 6.091052475265753e-08
      },
      "test_mean": {
        "nmse": 1.834248523100348e-12,
        "rmse": 2.7010647402850265e-07
      },
      "test_std": {
        "nmse": 8.187058716515473e-13,
        "rmse": 6.000756042731945e-08
      },
      "best_ridge_mode": 1e-10
    },
    {
      "config_id": "0292ac89d7b8",
      "config_point": {
        "spectral_radius": 0.9,
        "input_scaling": 0.2,
        "leak_rate": 0.9
      },
      "n_seeds": 5,
      "val_mean": {
        "nmse": 1.9983555382962484e-12,
        "rmse": 3.150136938817677e-07
      },
      "val_std": {
        "nmse": 5.898879999820858e-13,
        "rmse": 4.749168642733412e-08
      },
      "test_mean": {
        "nmse": 1.907970486456748e-12,
        "rmse": 2.769738068806355e-07
      },
      "test_std": {
        "nmse": 7.28866884652368e-13,
        "rmse": 5.404585391323279e-08
      },
      "best_ridge_mode": 1e-10
    },
    {
      "config_id": "5033ae01f908",
      "config_point": {
        "spectral_radius": 0.9,
        "input_scaling": 0.2,
        "leak_rate": 1.0
      },
      "n_seeds": 5,
      "val_mean": {
        "nmse": 1.4783637336932564e-12,
        "rmse": 2.6984863765180935e-07
      },
      "val_std": {
        "nmse": 5.049513937194675e-13,
        "rmse": 4.756405797860703e-08
      },
      "test_mean": {
        "nmse": 1.4248952768911524e-12,
        "rmse": 2.3762722450574493e-07
      },
      "test_std": {
        "nmse": 6.478917626814298e-13,
        "rmse": 5.482707645015082e-08
      },
      "best_ridge_mode": 1e-10
    }
  ],
  "best_config_id": "5033ae01f908",
  "timestamp": "2026-05-12T10:15:07.787938+00:00"
}