{
  "sweep_name": "cycle_comparison_cycle_jump_j3_narma10",
  "n_configs": 6,
  "n_seeds": 5,
  "task_name": "narma10",
  "configs": [
    {
      "config_id": "65189332b1c4",
      "config_point": {
        "spectral_radius": 0.9,
        "input_scaling": 0.1,
        "leak_rate": 0.9
      },
      "n_seeds": 5,
      "val_mean": {
        "nmse": 0.12916373258217054,
        "rmse": 0.03857436622331083
      },
      "val_std": {
        "nmse": 0.019022501248701338,
        "rmse": 0.0040993077186211035
      },
      "test_mean": {
        "nmse": 0.11788854149728709,
        "rmse": 0.03558577668979433
      },
      "test_std": {
        "nmse": 0.0063913688019599235,
        "rmse": 0.000689600100328091
      },
      "best_ridge_mode": 1e-10
    },
    {
      "config_id": "129fe242d561",
      "config_point": {
        "spectral_radius": 0.9,
        "input_scaling": 0.1,
        "leak_rate": 1.0
      },
      "n_seeds": 5,
      "val_mean": {
        "nmse": 0.13439900291397644,
        "rmse": 0.039422573650614315
      },
      "val_std": {
        "nmse": 0.015365580501931065,
        "rmse": 0.004174458163738443
      },
      "test_mean": {
        "nmse": 0.12270488550211692,
        "rmse": 0.03631333252070253
      },
      "test_std": {
        "nmse": 0.005917591143184254,
        "rmse": 0.0008656382719643456
      },
      "best_ridge_mode": 1e-10
    },
    {
      "config_id": "b5cf1e3871f2",
      "config_point": {
        "spectral_radius": 0.9,
        "input_scaling": 0.15,
        "leak_rate": 0.9
      },
      "n_seeds": 5,
      "val_mean": {
        "nmse": 0.1277822919365461,
        "rmse": 0.038390034147064635
      },
      "val_std": {
        "nmse": 0.016895672415606803,
        "rmse": 0.003928487352961138
      },
      "test_mean": {
        "nmse": 0.11746593452508877,
        "rmse": 0.03551838956835865
      },
      "test_std": {
        "nmse": 0.007012155908948077,
        "rmse": 0.0007921354664810059
      },
      "best_ridge_mode": 1e-10
    },
    {
      "config_id": "92815a841b21",
      "config_point": {
        "spectral_radius": 0.9,
        "input_scaling": 0.15,
        "leak_rate": 1.0
      },
      "n_seeds": 5,
      "val_mean": {
        "nmse": 0.13307060900809323,
        "rmse": 0.03922587800274022
      },
      "val_std": {
        "nmse": 0.01330661653941772,
        "rmse": 0.0038429485908866817
      },
      "test_mean": {
        "nmse": 0.12127187891960298,
        "rmse": 0.036096867157322576
      },
      "test_std": {
        "nmse": 0.006942321108432098,
        "rmse": 0.0010526388546272614
      },
      "best_ridge_mode": 1e-10
    },
    {
      "config_id": "0292ac89d7b8",
      "config_point": {
        "spectral_radius": 0.9,
        "input_scaling": 0.2,
        "leak_rate": 0.9
      },
      "n_seeds": 5,
      "val_mean": {
        "nmse": 0.12686292245442368,
        "rmse": 0.03825961076432291
      },
      "val_std": {
        "nmse": 0.015744544575328163,
        "rmse": 0.003807702113507987
      },
      "test_mean": {
        "nmse": 0.1164381214800462,
        "rmse": 0.03536412698783358
      },
      "test_std": {
        "nmse": 0.0066960662998220505,
        "rmse": 0.0007608113990822328
      },
      "best_ridge_mode": 1e-08
    },
    {
      "config_id": "5033ae01f908",
      "config_point": {
        "spectral_radius": 0.9,
        "input_scaling": 0.2,
        "leak_rate": 1.0
      },
      "n_seeds": 5,
      "val_mean": {
        "nmse": 0.13284320206318162,
        "rmse": 0.03918883442753067
      },
      "val_std": {
        "nmse": 0.01228358676414429,
        "rmse": 0.003650650326111776
      },
      "test_mean": {
        "nmse": 0.12131713042170049,
        "rmse": 0.03610002748252896
      },
      "test_std": {
        "nmse": 0.007890753678209754,
        "rmse": 0.0012179046572834268
      },
      "best_ridge_mode": 1e-10
    }
  ],
  "best_config_id": "0292ac89d7b8",
  "timestamp": "2026-05-12T10:15:25.732483+00:00"
}