{
  "sweep_name": "cycle_comparison_cycle",
  "config_id": "129fe242d561",
  "seed": 789,
  "config_point": {
    "spectral_radius": 0.9,
    "input_scaling": 0.1,
    "leak_rate": 1.0
  },
  "mc_total": 48.72341343103822,
  "kmax": 200,
  "timing": {
    "mc_s": 0.06925760000012815
  },
  "timestamp": "2026-05-12T10:15:21.766818+00:00",
  "reservoir_diagnostics": {
    "spectral_radius": 0.8999999999999959,
    "mean_abs_eigenvalue": 0.899999999999992,
    "spectral_norm": 0.8999999999999932,
    "frobenius_norm": 8.999999999999932,
    "density": 0.01,
    "henrici_departure": 5.1299510349266345e-08
  }
}