{
  "sweep_name": "cycle_comparison_cycle",
  "config_id": "92815a841b21",
  "seed": 456,
  "config_point": {
    "spectral_radius": 0.9,
    "input_scaling": 0.15,
    "leak_rate": 1.0
  },
  "mc_total": 41.138923177957544,
  "kmax": 200,
  "timing": {
    "mc_s": 0.04732359998160973
  },
  "timestamp": "2026-05-12T10:15:22.478479+00:00",
  "reservoir_diagnostics": {
    "spectral_radius": 0.8999999999999959,
    "mean_abs_eigenvalue": 0.899999999999992,
    "spectral_norm": 0.8999999999999932,
    "frobenius_norm": 8.999999999999932,
    "density": 0.01,
    "henrici_departure": 5.1299510349266345e-08
  }
}